nid,ifid,raw_T,scbr,delta,flag
0,0, 297174900200000, 0.000000, 0.030000, 0
0,1, 297174900200000, 0.000000, 0.030000, 0
0,2, 297174900200000, 0.000000, 0.030000, 0
0,0, 297174900400000, 0.005840, 0.030000, 0
0,1, 297174900400000, 0.000000, 0.030000, 0
0,2, 297174900400000, 0.000000, 0.030000, 0
1,0, 297174900400000, 0.011680, 0.030000, 0
1,1, 297174900400000, 0.000000, 0.030000, 0
1,2, 297174900400000, 0.000000, 0.030000, 0
2,0, 297174900400000, 0.011680, 0.030000, 0
2,1, 297174900400000, 0.000000, 0.030000, 0
2,2, 297174900400000, 0.000000, 0.030000, 0
3,0, 297174900400000, 0.000000, 0.030000, 0
3,1, 297174900400000, 0.000000, 0.030000, 0
3,2, 297174900400000, 0.000000, 0.030000, 0
0,0, 297174900600000, 0.008240, 0.030000, 0
0,1, 297174900600000, 0.005840, 0.030000, 0
0,2, 297174900600000, 0.005840, 0.030000, 0
1,0, 297174900600000, 0.010900, 0.030000, 0
1,1, 297174900600000, 0.008760, 0.030000, 0
1,2, 297174900600000, 0.008760, 0.030000, 0
2,0, 297174900600000, 0.010900, 0.030000, 0
2,1, 297174900600000, 0.008760, 0.030000, 0
2,2, 297174900600000, 0.008760, 0.030000, 0
3,0, 297174900600000, 0.000000, 0.030000, 0
3,1, 297174900600000, 0.000000, 0.030000, 0
3,2, 297174900600000, 0.000000, 0.030000, 0
0,0, 297174900800000, 0.013560, 0.030000, 0
0,1, 297174900800000, 0.010220, 0.030000, 0
0,2, 297174900800000, 0.014600, 0.030000, 0
1,0, 297174900800000, 0.014890, 0.030000, 0
1,1, 297174900800000, 0.011680, 0.030000, 0
1,2, 297174900800000, 0.016060, 0.030000, 0
2,0, 297174900800000, 0.012230, 0.030000, 0
2,1, 297174900800000, 0.010220, 0.030000, 0
2,2, 297174900800000, 0.013140, 0.030000, 0
3,0, 297174900800000, 0.002660, 0.030000, 0
3,1, 297174900800000, 0.001460, 0.030000, 0
3,2, 297174900800000, 0.002920, 0.030000, 0
0,0, 297174901000000, 0.021540, 0.030000, 0
0,1, 297174901000000, 0.015330, 0.030000, 0
0,2, 297174901000000, 0.014600, 0.030000, 0
1,0, 297174901000000, 0.018085, 0.030000, 0
1,1, 297174901000000, 0.016060, 0.030000, 0
1,2, 297174901000000, 0.013870, 0.030000, 0
2,0, 297174901000000, 0.015555, 0.030000, 0
2,1, 297174901000000, 0.010950, 0.030000, 0
2,2, 297174901000000, 0.009490, 0.030000, 0
3,0, 297174901000000, 0.010770, 0.030000, 0
3,1, 297174901000000, 0.005110, 0.030000, 0
3,2, 297174901000000, 0.007300, 0.030000, 0
0,0, 297174901200000, 0.026730, 0.030000, 0
0,1, 297174901200000, 0.022265, 0.030000, 0
0,2, 297174901200000, 0.021900, 0.030000, 0
1,0, 297174901200000, 0.023543, 0.030000, 0
1,1, 297174901200000, 0.021170, 0.030000, 0
1,2, 297174901200000, 0.020075, 0.030000, 0
2,0, 297174901200000, 0.019357, 0.030000, 0
2,1, 297174901200000, 0.018615, 0.030000, 0
2,2, 297174901200000, 0.017885, 0.030000, 0
3,0, 297174901200000, 0.018425, 0.030000, 0
3,1, 297174901200000, 0.014235, 0.030000, 0
3,2, 297174901200000, 0.015330, 0.030000, 0
0,0, 297174901400000, 0.026405, 0.030000, 0
0,1, 297174901400000, 0.018433, 0.030000, 0
0,2, 297174901400000, 0.021170, 0.030000, 0
1,0, 297174901400000, 0.024811, 0.030000, 0
1,1, 297174901400000, 0.022265, 0.030000, 0
1,2, 297174901400000, 0.020257, 0.030000, 0
2,0, 297174901400000, 0.019799, 0.030000, 0
2,1, 297174901400000, 0.018068, 0.030000, 0
2,2, 297174901400000, 0.020622, 0.030000, 0
3,0, 297174901400000, 0.019333, 0.030000, 0
3,1, 297174901400000, 0.018797, 0.030000, 0
3,2, 297174901400000, 0.019345, 0.030000, 0
0,0, 297174901600000, 0.030622, 0.030000, 0
0,1, 297174901600000, 0.019436, 0.030000, 0
0,2, 297174901600000, 0.017885, 0.030000, 0
1,0, 297174901600000, 0.028366, 0.030000, 0
1,1, 297174901600000, 0.027192, 0.030000, 0
1,2, 297174901600000, 0.020349, 0.030000, 0
2,0, 297174901600000, 0.027319, 0.030000, 0
2,1, 297174901600000, 0.019254, 0.030000, 0
2,2, 297174901600000, 0.019071, 0.030000, 0
3,0, 297174901600000, 0.027086, 0.030000, 0
3,1, 297174901600000, 0.021079, 0.030000, 0
3,2, 297174901600000, 0.018433, 0.030000, 0
0,0, 297174901800000, 0.029811, 0.030000, 0
0,1, 297174901800000, 0.017018, 0.030000, 0
0,2, 297174901800000, 0.022082, 0.030000, 0
1,0, 297174901800000, 0.031603, 0.030000, 0
1,1, 297174901800000, 0.023816, 0.030000, 0
1,2, 297174901800000, 0.021854, 0.030000, 0
2,0, 297174901800000, 0.029620, 0.030000, 0
2,1, 297174901800000, 0.021307, 0.030000, 0
2,2, 297174901800000, 0.024136, 0.030000, 0
3,0, 297174901800000, 0.029503, 0.030000, 0
3,1, 297174901800000, 0.016379, 0.030000, 0
3,2, 297174901800000, 0.017976, 0.030000, 0
0,0, 297174902000000, 0.029406, 0.030000, 0
0,1, 297174902000000, 0.018729, 0.030000, 0
0,2, 297174902000000, 0.021261, 0.030000, 0
1,0, 297174902000000, 0.030301, 0.030000, 0
1,1, 297174902000000, 0.022128, 0.030000, 0
1,2, 297174902000000, 0.016767, 0.030000, 0
2,0, 297174902000000, 0.029310, 0.030000, 0
2,1, 297174902000000, 0.016493, 0.030000, 0
2,2, 297174902000000, 0.020828, 0.030000, 0
3,0, 297174902000000, 0.030712, 0.030000, 0
3,1, 297174902000000, 0.021330, 0.030000, 0
3,2, 297174902000000, 0.014828, 0.030000, 0
0,0, 297174902200000, 0.026323, 0.030000, 0
0,1, 297174902200000, 0.025425, 0.030000, 0
0,2, 297174902200000, 0.019391, 0.030000, 0
1,0, 297174902200000, 0.026731, 0.030000, 0
1,1, 297174902200000, 0.024204, 0.030000, 0
1,2, 297174902200000, 0.018604, 0.030000, 0
2,0, 297174902200000, 0.026275, 0.030000, 0
2,1, 297174902200000, 0.018467, 0.030000, 0
2,2, 297174902200000, 0.019174, 0.030000, 0
3,0, 297174902200000, 0.026996, 0.030000, 0
3,1, 297174902200000, 0.023805, 0.030000, 0
3,2, 297174902200000, 0.014714, 0.030000, 0
0,0, 297174902400000, 0.033501, 0.030000, 0
0,1, 297174902400000, 0.024392, 0.030000, 0
0,2, 297174902400000, 0.019915, 0.030000, 0
1,0, 297174902400000, 0.035165, 0.030000, 0
1,1, 297174902400000, 0.025242, 0.030000, 0
1,2, 297174902400000, 0.023902, 0.030000, 0
2,0, 297174902400000, 0.033477, 0.030000, 0
2,1, 297174902400000, 0.019453, 0.030000, 0
2,2, 297174902400000, 0.021267, 0.030000, 0
3,0, 297174902400000, 0.032378, 0.030000, 0
3,1, 297174902400000, 0.020662, 0.030000, 0
3,2, 297174902400000, 0.019037, 0.030000, 0
0,0, 297174902600000, 0.035631, 0.030000, 0
0,1, 297174902600000, 0.023876, 0.030000, 0
0,2, 297174902600000, 0.023098, 0.030000, 0
1,0, 297174902600000, 0.035003, 0.030000, 0
1,1, 297174902600000, 0.024301, 0.030000, 0
1,2, 297174902600000, 0.016331, 0.030000, 0
2,0, 297174902600000, 0.034159, 0.030000, 0
2,1, 297174902600000, 0.021407, 0.030000, 0
2,2, 297174902600000, 0.022313, 0.030000, 0
3,0, 297174902600000, 0.035069, 0.030000, 0
3,1, 297174902600000, 0.023471, 0.030000, 0
3,2, 297174902600000, 0.019739, 0.030000, 0
0,0, 297174902800000, 0.035235, 0.030000, 0
0,1, 297174902800000, 0.025078, 0.030000, 0
0,2, 297174902800000, 0.023229, 0.030000, 0
1,0, 297174902800000, 0.033461, 0.030000, 0
1,1, 297174902800000, 0.025291, 0.030000, 0
1,2, 297174902800000, 0.019845, 0.030000, 0
2,0, 297174902800000, 0.031579, 0.030000, 0
2,1, 297174902800000, 0.020923, 0.030000, 0
2,2, 297174902800000, 0.024297, 0.030000, 0
3,0, 297174902800000, 0.033494, 0.030000, 0
3,1, 297174902800000, 0.023416, 0.030000, 0
3,2, 297174902800000, 0.021549, 0.030000, 0
0,0, 297174903000000, 0.035098, 0.030000, 0
0,1, 297174903000000, 0.027139, 0.030000, 0
0,2, 297174903000000, 0.026214, 0.030000, 0
1,0, 297174903000000, 0.032731, 0.030000, 0
1,1, 297174903000000, 0.028705, 0.030000, 0
1,2, 297174903000000, 0.025983, 0.030000, 0
2,0, 297174903000000, 0.030290, 0.030000, 0
2,1, 297174903000000, 0.023602, 0.030000, 0
2,2, 297174903000000, 0.022368, 0.030000, 0
3,0, 297174903000000, 0.032747, 0.030000, 0
3,1, 297174903000000, 0.029228, 0.030000, 0
3,2, 297174903000000, 0.026835, 0.030000, 0
0,0, 297174903200000, 0.030589, 0.030000, 0
0,1, 297174903200000, 0.025250, 0.030000, 0
0,2, 297174903200000, 0.026247, 0.030000, 0
1,0, 297174903200000, 0.030865, 0.030000, 0
1,1, 297174903200000, 0.024573, 0.030000, 0
1,2, 297174903200000, 0.024671, 0.030000, 0
2,0, 297174903200000, 0.031105, 0.030000, 0
2,1, 297174903200000, 0.024941, 0.030000, 0
2,2, 297174903200000, 0.024324, 0.030000, 0
3,0, 297174903200000, 0.027954, 0.030000, 0
3,1, 297174903200000, 0.027754, 0.030000, 0
3,2, 297174903200000, 0.023637, 0.030000, 0
0,0, 297174903400000, 0.035634, 0.030000, 0
0,1, 297174903400000, 0.030145, 0.030000, 0
0,2, 297174903400000, 0.029184, 0.030000, 0
1,0, 297174903400000, 0.034313, 0.030000, 0
1,1, 297174903400000, 0.026886, 0.030000, 0
1,2, 297174903400000, 0.028396, 0.030000, 0
2,0, 297174903400000, 0.037352, 0.030000, 0
2,1, 297174903400000, 0.028530, 0.030000, 0
2,2, 297174903400000, 0.025302, 0.030000, 0
3,0, 297174903400000, 0.034317, 0.030000, 0
3,1, 297174903400000, 0.031397, 0.030000, 0
3,2, 297174903400000, 0.027879, 0.030000, 0
0,0, 297174903600000, 0.035237, 0.030000, 0
0,1, 297174903600000, 0.031132, 0.030000, 0
0,2, 297174903600000, 0.024812, 0.030000, 0
1,0, 297174903600000, 0.033116, 0.030000, 0
1,1, 297174903600000, 0.028043, 0.030000, 0
1,2, 297174903600000, 0.024418, 0.030000, 0
2,0, 297174903600000, 0.036096, 0.030000, 0
2,1, 297174903600000, 0.027405, 0.030000, 0
2,2, 297174903600000, 0.022871, 0.030000, 0
3,0, 297174903600000, 0.034578, 0.030000, 0
3,1, 297174903600000, 0.028838, 0.030000, 0
3,2, 297174903600000, 0.022699, 0.030000, 0
0,0, 297174903800000, 0.035039, 0.030000, 0
0,1, 297174903800000, 0.031626, 0.030000, 0
0,2, 297174903800000, 0.022626, 0.030000, 0
1,0, 297174903800000, 0.031058, 0.030000, 0
1,1, 297174903800000, 0.025702, 0.030000, 0
1,2, 297174903800000, 0.020969, 0.030000, 0
2,0, 297174903800000, 0.034008, 0.030000, 0
2,1, 297174903800000, 0.025383, 0.030000, 0
2,2, 297174903800000, 0.020196, 0.030000, 0
3,0, 297174903800000, 0.033249, 0.030000, 0
3,1, 297174903800000, 0.027559, 0.030000, 0
3,2, 297174903800000, 0.018650, 0.030000, 0
0,0, 297174904000000, 0.029099, 0.030000, 0
0,1, 297174904000000, 0.026033, 0.030000, 0
0,2, 297174904000000, 0.020073, 0.030000, 0
1,0, 297174904000000, 0.028569, 0.030000, 0
1,1, 297174904000000, 0.023071, 0.030000, 0
1,2, 297174904000000, 0.020704, 0.030000, 0
2,0, 297174904000000, 0.025664, 0.030000, 0
2,1, 297174904000000, 0.019991, 0.030000, 0
2,2, 297174904000000, 0.015938, 0.030000, 0
3,0, 297174904000000, 0.029665, 0.030000, 0
3,1, 297174904000000, 0.025460, 0.030000, 0
3,2, 297174904000000, 0.018085, 0.030000, 0
0,0, 297174904200000, 0.033430, 0.030000, 0
0,1, 297174904200000, 0.023237, 0.030000, 0
0,2, 297174904200000, 0.027176, 0.030000, 0
1,0, 297174904200000, 0.031705, 0.030000, 0
1,1, 297174904200000, 0.024675, 0.030000, 0
1,2, 297174904200000, 0.023492, 0.030000, 0
2,0, 297174904200000, 0.031712, 0.030000, 0
2,1, 297174904200000, 0.023136, 0.030000, 0
2,2, 297174904200000, 0.023649, 0.030000, 0
3,0, 297174904200000, 0.032252, 0.030000, 0
3,1, 297174904200000, 0.024410, 0.030000, 0
3,2, 297174904200000, 0.023262, 0.030000, 0
0,0, 297174904400000, 0.031215, 0.030000, 0
0,1, 297174904400000, 0.024758, 0.030000, 0
0,2, 297174904400000, 0.019828, 0.030000, 0
1,0, 297174904400000, 0.031812, 0.030000, 0
1,1, 297174904400000, 0.025478, 0.030000, 0
1,2, 297174904400000, 0.020506, 0.030000, 0
2,0, 297174904400000, 0.031816, 0.030000, 0
2,1, 297174904400000, 0.027628, 0.030000, 0
2,2, 297174904400000, 0.020984, 0.030000, 0
3,0, 297174904400000, 0.033546, 0.030000, 0
3,1, 297174904400000, 0.026805, 0.030000, 0
3,2, 297174904400000, 0.023731, 0.030000, 0
0,0, 297174904600000, 0.028647, 0.030000, 0
0,1, 297174904600000, 0.026979, 0.030000, 0
0,2, 297174904600000, 0.021594, 0.030000, 0
1,0, 297174904600000, 0.028946, 0.030000, 0
1,1, 297174904600000, 0.024419, 0.030000, 0
1,2, 297174904600000, 0.019013, 0.030000, 0
2,0, 297174904600000, 0.027488, 0.030000, 0
2,1, 297174904600000, 0.024034, 0.030000, 0
2,2, 297174904600000, 0.019252, 0.030000, 0
3,0, 297174904600000, 0.029813, 0.030000, 0
3,1, 297174904600000, 0.025082, 0.030000, 0
3,2, 297174904600000, 0.022086, 0.030000, 0
0,0, 297174904800000, 0.030284, 0.030000, 0
0,1, 297174904800000, 0.025170, 0.030000, 0
0,2, 297174904800000, 0.019557, 0.030000, 0
1,0, 297174904800000, 0.031893, 0.030000, 0
1,1, 297174904800000, 0.022429, 0.030000, 0
1,2, 297174904800000, 0.021187, 0.030000, 0
2,0, 297174904800000, 0.028244, 0.030000, 0
2,1, 297174904800000, 0.019317, 0.030000, 0
2,2, 297174904800000, 0.022766, 0.030000, 0
3,0, 297174904800000, 0.030867, 0.030000, 0
3,1, 297174904800000, 0.022761, 0.030000, 0
3,2, 297174904800000, 0.025643, 0.030000, 0
0,0, 297174905000000, 0.025262, 0.030000, 0
0,1, 297174905000000, 0.019885, 0.030000, 0
0,2, 297174905000000, 0.022919, 0.030000, 0
1,0, 297174905000000, 0.028987, 0.030000, 0
1,1, 297174905000000, 0.021435, 0.030000, 0
1,2, 297174905000000, 0.023733, 0.030000, 0
2,0, 297174905000000, 0.025702, 0.030000, 0
2,1, 297174905000000, 0.019878, 0.030000, 0
2,2, 297174905000000, 0.024523, 0.030000, 0
3,0, 297174905000000, 0.027013, 0.030000, 0
3,1, 297174905000000, 0.018681, 0.030000, 0
3,2, 297174905000000, 0.025961, 0.030000, 0
0,0, 297174905200000, 0.026371, 0.030000, 0
0,1, 297174905200000, 0.021622, 0.030000, 0
0,2, 297174905200000, 0.023139, 0.030000, 0
1,0, 297174905200000, 0.028233, 0.030000, 0
1,1, 297174905200000, 0.023857, 0.030000, 0
1,2, 297174905200000, 0.025007, 0.030000, 0
2,0, 297174905200000, 0.028051, 0.030000, 0
2,1, 297174905200000, 0.023079, 0.030000, 0
2,2, 297174905200000, 0.021022, 0.030000, 0
3,0, 297174905200000, 0.028007, 0.030000, 0
3,1, 297174905200000, 0.019560, 0.030000, 0
3,2, 297174905200000, 0.023201, 0.030000, 0
0,0, 297174905400000, 0.031425, 0.030000, 0
0,1, 297174905400000, 0.023951, 0.030000, 0
0,2, 297174905400000, 0.023950, 0.030000, 0
1,0, 297174905400000, 0.029437, 0.030000, 0
1,1, 297174905400000, 0.020689, 0.030000, 0
1,2, 297174905400000, 0.020503, 0.030000, 0
2,0, 297174905400000, 0.030826, 0.030000, 0
2,1, 297174905400000, 0.021760, 0.030000, 0
2,2, 297174905400000, 0.024351, 0.030000, 0
3,0, 297174905400000, 0.029963, 0.030000, 0
3,1, 297174905400000, 0.021460, 0.030000, 0
3,2, 297174905400000, 0.018900, 0.030000, 0
0,0, 297174905600000, 0.034633, 0.030000, 0
0,1, 297174905600000, 0.026576, 0.030000, 0
0,2, 297174905600000, 0.027375, 0.030000, 0
1,0, 297174905600000, 0.032138, 0.030000, 0
1,1, 297174905600000, 0.024944, 0.030000, 0
1,2, 297174905600000, 0.021252, 0.030000, 0
2,0, 297174905600000, 0.032893, 0.030000, 0
2,1, 297174905600000, 0.028400, 0.030000, 0
2,2, 297174905600000, 0.023175, 0.030000, 0
3,0, 297174905600000, 0.033902, 0.030000, 0
3,1, 297174905600000, 0.025330, 0.030000, 0
3,2, 297174905600000, 0.022590, 0.030000, 0
0,0, 297174905800000, 0.039116, 0.030000, 0
0,1, 297174905800000, 0.026428, 0.030000, 0
0,2, 297174905800000, 0.026827, 0.030000, 0
1,0, 297174905800000, 0.034949, 0.030000, 0
1,1, 297174905800000, 0.021232, 0.030000, 0
1,2, 297174905800000, 0.020846, 0.030000, 0
2,0, 297174905800000, 0.036786, 0.030000, 0
2,1, 297174905800000, 0.027340, 0.030000, 0
2,2, 297174905800000, 0.026188, 0.030000, 0
3,0, 297174905800000, 0.037291, 0.030000, 0
3,1, 297174905800000, 0.021425, 0.030000, 0
3,2, 297174905800000, 0.021515, 0.030000, 0
0,0, 297174906000000, 0.036978, 0.030000, 0
0,1, 297174906000000, 0.027814, 0.030000, 0
0,2, 297174906000000, 0.026554, 0.030000, 0
1,0, 297174906000000, 0.034895, 0.030000, 0
1,1, 297174906000000, 0.020836, 0.030000, 0
1,2, 297174906000000, 0.023563, 0.030000, 0
2,0, 297174906000000, 0.034353, 0.030000, 0
2,1, 297174906000000, 0.022430, 0.030000, 0
2,2, 297174906000000, 0.024774, 0.030000, 0
3,0, 297174906000000, 0.036065, 0.030000, 0
3,1, 297174906000000, 0.025313, 0.030000, 0
3,2, 297174906000000, 0.025358, 0.030000, 0
0,0, 297174906200000, 0.032989, 0.030000, 0
0,1, 297174906200000, 0.029967, 0.030000, 0
0,2, 297174906200000, 0.027877, 0.030000, 0
1,0, 297174906200000, 0.030487, 0.030000, 0
1,1, 297174906200000, 0.026478, 0.030000, 0
1,2, 297174906200000, 0.022001, 0.030000, 0
2,0, 297174906200000, 0.030217, 0.030000, 0
2,1, 297174906200000, 0.024355, 0.030000, 0
2,2, 297174906200000, 0.022607, 0.030000, 0
3,0, 297174906200000, 0.032533, 0.030000, 0
3,1, 297174906200000, 0.028716, 0.030000, 0
3,2, 297174906200000, 0.025819, 0.030000, 0
0,0, 297174906400000, 0.035375, 0.030000, 0
0,1, 297174906400000, 0.023743, 0.030000, 0
0,2, 297174906400000, 0.027078, 0.030000, 0
1,0, 297174906400000, 0.032664, 0.030000, 0
1,1, 297174906400000, 0.020539, 0.030000, 0
1,2, 297174906400000, 0.022681, 0.030000, 0
2,0, 297174906400000, 0.033988, 0.030000, 0
2,1, 297174906400000, 0.022397, 0.030000, 0
2,2, 297174906400000, 0.024443, 0.030000, 0
3,0, 297174906400000, 0.033686, 0.030000, 0
3,1, 297174906400000, 0.023118, 0.030000, 0
3,2, 297174906400000, 0.027509, 0.030000, 0
0,0, 297174906600000, 0.036567, 0.030000, 0
0,1, 297174906600000, 0.022092, 0.030000, 0
0,2, 297174906600000, 0.026679, 0.030000, 0
1,0, 297174906600000, 0.033752, 0.030000, 0
1,1, 297174906600000, 0.019030, 0.030000, 0
1,2, 297174906600000, 0.020100, 0.030000, 0
2,0, 297174906600000, 0.037334, 0.030000, 0
2,1, 297174906600000, 0.018499, 0.030000, 0
2,2, 297174906600000, 0.022442, 0.030000, 0
3,0, 297174906600000, 0.032803, 0.030000, 0
3,1, 297174906600000, 0.020319, 0.030000, 0
3,2, 297174906600000, 0.025435, 0.030000, 0
0,0, 297174906800000, 0.034244, 0.030000, 0
0,1, 297174906800000, 0.022726, 0.030000, 0
0,2, 297174906800000, 0.029440, 0.030000, 0
1,0, 297174906800000, 0.034296, 0.030000, 0
1,1, 297174906800000, 0.022655, 0.030000, 0
1,2, 297174906800000, 0.024650, 0.030000, 0
2,0, 297174906800000, 0.036087, 0.030000, 0
2,1, 297174906800000, 0.019469, 0.030000, 0
2,2, 297174906800000, 0.025861, 0.030000, 0
3,0, 297174906800000, 0.033822, 0.030000, 0
3,1, 297174906800000, 0.018920, 0.030000, 0
3,2, 297174906800000, 0.028817, 0.030000, 0
0,0, 297174907000000, 0.031622, 0.030000, 0
0,1, 297174907000000, 0.025963, 0.030000, 0
0,2, 297174907000000, 0.030780, 0.030000, 0
1,0, 297174907000000, 0.031648, 0.030000, 0
1,1, 297174907000000, 0.023007, 0.030000, 0
1,2, 297174907000000, 0.025465, 0.030000, 0
2,0, 297174907000000, 0.031084, 0.030000, 0
2,1, 297174907000000, 0.022875, 0.030000, 0
2,2, 297174907000000, 0.026070, 0.030000, 0
3,0, 297174907000000, 0.029951, 0.030000, 0
3,1, 297174907000000, 0.022600, 0.030000, 0
3,2, 297174907000000, 0.029009, 0.030000, 0
0,0, 297174907200000, 0.033231, 0.030000, 0
0,1, 297174907200000, 0.024661, 0.030000, 0
0,2, 297174907200000, 0.028530, 0.030000, 0
1,0, 297174907200000, 0.034704, 0.030000, 0
1,1, 297174907200000, 0.021724, 0.030000, 0
1,2, 297174907200000, 0.022953, 0.030000, 0
2,0, 297174907200000, 0.032962, 0.030000, 0
2,1, 297174907200000, 0.018737, 0.030000, 0
2,2, 297174907200000, 0.023255, 0.030000, 0
3,0, 297174907200000, 0.033855, 0.030000, 0
3,1, 297174907200000, 0.021520, 0.030000, 0
3,2, 297174907200000, 0.029104, 0.030000, 0
0,0, 297174907400000, 0.028195, 0.030000, 0
0,1, 297174907400000, 0.022551, 0.030000, 0
0,2, 297174907400000, 0.028865, 0.030000, 0
1,0, 297174907400000, 0.028932, 0.030000, 0
1,1, 297174907400000, 0.019622, 0.030000, 0
1,2, 297174907400000, 0.021696, 0.030000, 0
2,0, 297174907400000, 0.029521, 0.030000, 0
2,1, 297174907400000, 0.018129, 0.030000, 0
2,2, 297174907400000, 0.023308, 0.030000, 0
3,0, 297174907400000, 0.031428, 0.030000, 0
3,1, 297174907400000, 0.018060, 0.030000, 0
3,2, 297174907400000, 0.026232, 0.030000, 0
0,0, 297174907600000, 0.032978, 0.030000, 0
0,1, 297174907600000, 0.018575, 0.030000, 0
0,2, 297174907600000, 0.027572, 0.030000, 0
1,0, 297174907600000, 0.034806, 0.030000, 0
1,1, 297174907600000, 0.020031, 0.030000, 0
1,2, 297174907600000, 0.025448, 0.030000, 0
2,0, 297174907600000, 0.030720, 0.030000, 0
2,1, 297174907600000, 0.016364, 0.030000, 0
2,2, 297174907600000, 0.024794, 0.030000, 0
3,0, 297174907600000, 0.033134, 0.030000, 0
3,1, 297174907600000, 0.019250, 0.030000, 0
3,2, 297174907600000, 0.024796, 0.030000, 0
0,0, 297174907800000, 0.026609, 0.030000, 0
0,1, 297174907800000, 0.015128, 0.030000, 0
0,2, 297174907800000, 0.025466, 0.030000, 0
1,0, 297174907800000, 0.026063, 0.030000, 0
1,1, 297174907800000, 0.015855, 0.030000, 0
1,2, 297174907800000, 0.025864, 0.030000, 0
2,0, 297174907800000, 0.026940, 0.030000, 0
2,1, 297174907800000, 0.014022, 0.030000, 0
2,2, 297174907800000, 0.024077, 0.030000, 0
3,0, 297174907800000, 0.028147, 0.030000, 0
3,1, 297174907800000, 0.014005, 0.030000, 0
3,2, 297174907800000, 0.024078, 0.030000, 0
0,0, 297174908000000, 0.027804, 0.030000, 0
0,1, 297174908000000, 0.020704, 0.030000, 0
0,2, 297174908000000, 0.028413, 0.030000, 0
1,0, 297174908000000, 0.026071, 0.030000, 0
1,1, 297174908000000, 0.016688, 0.030000, 0
1,2, 297174908000000, 0.024612, 0.030000, 0
2,0, 297174908000000, 0.027970, 0.030000, 0
2,1, 297174908000000, 0.018691, 0.030000, 0
2,2, 297174908000000, 0.024798, 0.030000, 0
3,0, 297174908000000, 0.027113, 0.030000, 0
3,1, 297174908000000, 0.017222, 0.030000, 0
3,2, 297174908000000, 0.027719, 0.030000, 0
0,0, 297174908200000, 0.029862, 0.030000, 0
0,1, 297174908200000, 0.022032, 0.030000, 0
0,2, 297174908200000, 0.021467, 0.030000, 0
1,0, 297174908200000, 0.030456, 0.030000, 0
1,1, 297174908200000, 0.020024, 0.030000, 0
1,2, 297174908200000, 0.019166, 0.030000, 0
2,0, 297174908200000, 0.028485, 0.030000, 0
2,1, 297174908200000, 0.023946, 0.030000, 0
2,2, 297174908200000, 0.017179, 0.030000, 0
3,0, 297174908200000, 0.029517, 0.030000, 0
3,1, 297174908200000, 0.023211, 0.030000, 0
3,2, 297174908200000, 0.021120, 0.030000, 0
0,0, 297174908400000, 0.029431, 0.030000, 0
0,1, 297174908400000, 0.025616, 0.030000, 0
0,2, 297174908400000, 0.021413, 0.030000, 0
1,0, 297174908400000, 0.031188, 0.030000, 0
1,1, 297174908400000, 0.021692, 0.030000, 0
1,2, 297174908400000, 0.021743, 0.030000, 0
2,0, 297174908400000, 0.028743, 0.030000, 0
2,1, 297174908400000, 0.022193, 0.030000, 0
2,2, 297174908400000, 0.017350, 0.030000, 0
3,0, 297174908400000, 0.029258, 0.030000, 0
3,1, 297174908400000, 0.023286, 0.030000, 0
3,2, 297174908400000, 0.019780, 0.030000, 0
0,0, 297174908600000, 0.029216, 0.030000, 0
0,1, 297174908600000, 0.024488, 0.030000, 0
0,2, 297174908600000, 0.020927, 0.030000, 0
1,0, 297174908600000, 0.031554, 0.030000, 0
1,1, 297174908600000, 0.023986, 0.030000, 0
1,2, 297174908600000, 0.024012, 0.030000, 0
2,0, 297174908600000, 0.031791, 0.030000, 0
2,1, 297174908600000, 0.024236, 0.030000, 0
2,2, 297174908600000, 0.021815, 0.030000, 0
3,0, 297174908600000, 0.030589, 0.030000, 0
3,1, 297174908600000, 0.026243, 0.030000, 0
3,2, 297174908600000, 0.021570, 0.030000, 0
0,0, 297174908800000, 0.036408, 0.030000, 0
0,1, 297174908800000, 0.025384, 0.030000, 0
0,2, 297174908800000, 0.026523, 0.030000, 0
1,0, 297174908800000, 0.039037, 0.030000, 0
1,1, 297174908800000, 0.025133, 0.030000, 0
1,2, 297174908800000, 0.023686, 0.030000, 0
2,0, 297174908800000, 0.036236, 0.030000, 0
2,1, 297174908800000, 0.025258, 0.030000, 0
2,2, 297174908800000, 0.021127, 0.030000, 0
3,0, 297174908800000, 0.035635, 0.030000, 0
3,1, 297174908800000, 0.021881, 0.030000, 0
3,2, 297174908800000, 0.025385, 0.030000, 0
0,0, 297174909000000, 0.034164, 0.030000, 0
0,1, 297174909000000, 0.024372, 0.030000, 0
0,2, 297174909000000, 0.027862, 0.030000, 0
1,0, 297174909000000, 0.036938, 0.030000, 0
1,1, 297174909000000, 0.024246, 0.030000, 0
1,2, 297174909000000, 0.024983, 0.030000, 0
2,0, 297174909000000, 0.032618, 0.030000, 0
2,1, 297174909000000, 0.022849, 0.030000, 0
2,2, 297174909000000, 0.026624, 0.030000, 0
3,0, 297174909000000, 0.033777, 0.030000, 0
3,1, 297174909000000, 0.021161, 0.030000, 0
3,2, 297174909000000, 0.025832, 0.030000, 0
0,0, 297174909200000, 0.034502, 0.030000, 0
0,1, 297174909200000, 0.025326, 0.030000, 0
0,2, 297174909200000, 0.028531, 0.030000, 0
1,0, 297174909200000, 0.037349, 0.030000, 0
1,1, 297174909200000, 0.026723, 0.030000, 0
1,2, 297174909200000, 0.027091, 0.030000, 0
2,0, 297174909200000, 0.033729, 0.030000, 0
2,1, 297174909200000, 0.026025, 0.030000, 0
2,2, 297174909200000, 0.026452, 0.030000, 0
3,0, 297174909200000, 0.035769, 0.030000, 0
3,1, 297174909200000, 0.029560, 0.030000, 0
3,2, 297174909200000, 0.027516, 0.030000, 0
0,0, 297174909400000, 0.027371, 0.030000, 0
0,1, 297174909400000, 0.021423, 0.030000, 0
0,2, 297174909400000, 0.025945, 0.030000, 0
1,0, 297174909400000, 0.031715, 0.030000, 0
1,1, 297174909400000, 0.025042, 0.030000, 0
1,2, 297174909400000, 0.025226, 0.030000, 0
2,0, 297174909400000, 0.031364, 0.030000, 0
2,1, 297174909400000, 0.023232, 0.030000, 0
2,2, 297174909400000, 0.026366, 0.030000, 0
3,0, 297174909400000, 0.030924, 0.030000, 0
3,1, 297174909400000, 0.023540, 0.030000, 0
3,2, 297174909400000, 0.025438, 0.030000, 0
0,0, 297174909600000, 0.032565, 0.030000, 0
0,1, 297174909600000, 0.023851, 0.030000, 0
0,2, 297174909600000, 0.029033, 0.030000, 0
1,0, 297174909600000, 0.033277, 0.030000, 0
1,1, 297174909600000, 0.024201, 0.030000, 0
1,2, 297174909600000, 0.028673, 0.030000, 0
2,0, 297174909600000, 0.034562, 0.030000, 0
2,1, 297174909600000, 0.024756, 0.030000, 0
2,2, 297174909600000, 0.032163, 0.030000, 0
3,0, 297174909600000, 0.032882, 0.030000, 0
3,1, 297174909600000, 0.021990, 0.030000, 0
3,2, 297174909600000, 0.031699, 0.030000, 0
0,0, 297174909800000, 0.027863, 0.030000, 0
0,1, 297174909800000, 0.023606, 0.030000, 0
0,2, 297174909800000, 0.023276, 0.030000, 0
1,0, 297174909800000, 0.032599, 0.030000, 0
1,1, 297174909800000, 0.020860, 0.030000, 0
1,2, 297174909800000, 0.024556, 0.030000, 0
2,0, 297174909800000, 0.031781, 0.030000, 0
2,1, 297174909800000, 0.024058, 0.030000, 0
2,2, 297174909800000, 0.024841, 0.030000, 0
3,0, 297174909800000, 0.029481, 0.030000, 0
3,1, 297174909800000, 0.022675, 0.030000, 0
3,2, 297174909800000, 0.023150, 0.030000, 0
0,0, 297174910000000, 0.029891, 0.030000, 0
0,1, 297174910000000, 0.023483, 0.030000, 0
0,2, 297174910000000, 0.025798, 0.030000, 0
1,0, 297174910000000, 0.033719, 0.030000, 0
1,1, 297174910000000, 0.023570, 0.030000, 0
1,2, 297174910000000, 0.026438, 0.030000, 0
2,0, 297174910000000, 0.030391, 0.030000, 0
2,1, 297174910000000, 0.022249, 0.030000, 0
2,2, 297174910000000, 0.027021, 0.030000, 0
3,0, 297174910000000, 0.030701, 0.030000, 0
3,1, 297174910000000, 0.020098, 0.030000, 0
3,2, 297174910000000, 0.028655, 0.030000, 0
0,0, 297174910200000, 0.032366, 0.030000, 0
0,1, 297174910200000, 0.020501, 0.030000, 0
0,2, 297174910200000, 0.022099, 0.030000, 0
1,0, 297174910200000, 0.034280, 0.030000, 0
1,1, 297174910200000, 0.023465, 0.030000, 0
1,2, 297174910200000, 0.025379, 0.030000, 0
2,0, 297174910200000, 0.031155, 0.030000, 0
2,1, 297174910200000, 0.019885, 0.030000, 0
2,2, 297174910200000, 0.022270, 0.030000, 0
3,0, 297174910200000, 0.028390, 0.030000, 0
3,1, 297174910200000, 0.020269, 0.030000, 0
3,2, 297174910200000, 0.025027, 0.030000, 0
0,0, 297174910400000, 0.032143, 0.030000, 0
0,1, 297174910400000, 0.023391, 0.030000, 0
0,2, 297174910400000, 0.027110, 0.030000, 0
1,0, 297174910400000, 0.033100, 0.030000, 0
1,1, 297174910400000, 0.023413, 0.030000, 0
1,2, 297174910400000, 0.028750, 0.030000, 0
2,0, 297174910400000, 0.032998, 0.030000, 0
2,1, 297174910400000, 0.026002, 0.030000, 0
2,2, 297174910400000, 0.031575, 0.030000, 0
3,0, 297174910400000, 0.033075, 0.030000, 0
3,1, 297174910400000, 0.021814, 0.030000, 0
3,2, 297174910400000, 0.030034, 0.030000, 0
0,0, 297174910600000, 0.034951, 0.030000, 0
0,1, 297174910600000, 0.026295, 0.030000, 0
0,2, 297174910600000, 0.028155, 0.030000, 0
1,0, 297174910600000, 0.032510, 0.030000, 0
1,1, 297174910600000, 0.029226, 0.030000, 0
1,2, 297174910600000, 0.028975, 0.030000, 0
2,0, 297174910600000, 0.032459, 0.030000, 0
2,1, 297174910600000, 0.027601, 0.030000, 0
2,2, 297174910600000, 0.028928, 0.030000, 0
3,0, 297174910600000, 0.033958, 0.030000, 0
3,1, 297174910600000, 0.025507, 0.030000, 0
3,2, 297174910600000, 0.029617, 0.030000, 0
0,0, 297174910800000, 0.033436, 0.030000, 0
0,1, 297174910800000, 0.023368, 0.030000, 0
0,2, 297174910800000, 0.028677, 0.030000, 0
1,0, 297174910800000, 0.033675, 0.030000, 0
1,1, 297174910800000, 0.027753, 0.030000, 0
1,2, 297174910800000, 0.027627, 0.030000, 0
2,0, 297174910800000, 0.030729, 0.030000, 0
2,1, 297174910800000, 0.026941, 0.030000, 0
2,2, 297174910800000, 0.027604, 0.030000, 0
3,0, 297174910800000, 0.032939, 0.030000, 0
3,1, 297174910800000, 0.024434, 0.030000, 0
3,2, 297174910800000, 0.026488, 0.030000, 0
0,0, 297174911000000, 0.036618, 0.030000, 0
0,1, 297174911000000, 0.020444, 0.030000, 0
0,2, 297174911000000, 0.028939, 0.030000, 0
1,0, 297174911000000, 0.038197, 0.030000, 0
1,1, 297174911000000, 0.027017, 0.030000, 0
1,2, 297174911000000, 0.028414, 0.030000, 0
2,0, 297174911000000, 0.032785, 0.030000, 0
2,1, 297174911000000, 0.023690, 0.030000, 0
2,2, 297174911000000, 0.028402, 0.030000, 0
3,0, 297174911000000, 0.033449, 0.030000, 0
3,1, 297174911000000, 0.023897, 0.030000, 0
3,2, 297174911000000, 0.026384, 0.030000, 0
0,0, 297174911200000, 0.037709, 0.030000, 0
0,1, 297174911200000, 0.030662, 0.030000, 0
0,2, 297174911200000, 0.030529, 0.030000, 0
1,0, 297174911200000, 0.038499, 0.030000, 0
1,1, 297174911200000, 0.029568, 0.030000, 0
1,2, 297174911200000, 0.028807, 0.030000, 0
2,0, 297174911200000, 0.033812, 0.030000, 0
2,1, 297174911200000, 0.027905, 0.030000, 0
2,2, 297174911200000, 0.027341, 0.030000, 0
3,0, 297174911200000, 0.034645, 0.030000, 0
3,1, 297174911200000, 0.029468, 0.030000, 0
3,2, 297174911200000, 0.030712, 0.030000, 0
0,0, 297174911400000, 0.034814, 0.030000, 0
0,1, 297174911400000, 0.031391, 0.030000, 0
0,2, 297174911400000, 0.028405, 0.030000, 0
1,0, 297174911400000, 0.033749, 0.030000, 0
1,1, 297174911400000, 0.029384, 0.030000, 0
1,2, 297174911400000, 0.027543, 0.030000, 0
2,0, 297174911400000, 0.031406, 0.030000, 0
2,1, 297174911400000, 0.028553, 0.030000, 0
2,2, 297174911400000, 0.025350, 0.030000, 0
3,0, 297174911400000, 0.036202, 0.030000, 0
3,1, 297174911400000, 0.030794, 0.030000, 0
3,2, 297174911400000, 0.029956, 0.030000, 0
0,0, 297174911600000, 0.036287, 0.030000, 0
0,1, 297174911600000, 0.025915, 0.030000, 0
0,2, 297174911600000, 0.033182, 0.030000, 0
1,0, 297174911600000, 0.035755, 0.030000, 0
1,1, 297174911600000, 0.026372, 0.030000, 0
1,2, 297174911600000, 0.028372, 0.030000, 0
2,0, 297174911600000, 0.033123, 0.030000, 0
2,1, 297174911600000, 0.025956, 0.030000, 0
2,2, 297174911600000, 0.028735, 0.030000, 0
3,0, 297174911600000, 0.035521, 0.030000, 0
3,1, 297174911600000, 0.029997, 0.030000, 0
3,2, 297174911600000, 0.031038, 0.030000, 0
0,0, 297174911800000, 0.031224, 0.030000, 0
0,1, 297174911800000, 0.020258, 0.030000, 0
0,2, 297174911800000, 0.031191, 0.030000, 0
1,0, 297174911800000, 0.033897, 0.030000, 0
1,1, 297174911800000, 0.023406, 0.030000, 0
1,2, 297174911800000, 0.031706, 0.030000, 0
2,0, 297174911800000, 0.032522, 0.030000, 0
2,1, 297174911800000, 0.020278, 0.030000, 0
2,2, 297174911800000, 0.027508, 0.030000, 0
3,0, 297174911800000, 0.032341, 0.030000, 0
3,1, 297174911800000, 0.025219, 0.030000, 0
3,2, 297174911800000, 0.031579, 0.030000, 0
0,0, 297174912000000, 0.031572, 0.030000, 0
0,1, 297174912000000, 0.020349, 0.030000, 0
0,2, 297174912000000, 0.025816, 0.030000, 0
1,0, 297174912000000, 0.032909, 0.030000, 0
1,1, 297174912000000, 0.021923, 0.030000, 0
1,2, 297174912000000, 0.024613, 0.030000, 0
2,0, 297174912000000, 0.027841, 0.030000, 0
2,1, 297174912000000, 0.021819, 0.030000, 0
2,2, 297174912000000, 0.022514, 0.030000, 0
3,0, 297174912000000, 0.027750, 0.030000, 0
3,1, 297174912000000, 0.024289, 0.030000, 0
3,2, 297174912000000, 0.023090, 0.030000, 0
0,0, 297174912200000, 0.030286, 0.030000, 0
0,1, 297174912200000, 0.024774, 0.030000, 0
0,2, 297174912200000, 0.024588, 0.030000, 0
1,0, 297174912200000, 0.029494, 0.030000, 0
1,1, 297174912200000, 0.025562, 0.030000, 0
1,2, 297174912200000, 0.021066, 0.030000, 0
2,0, 297174912200000, 0.026960, 0.030000, 0
2,1, 297174912200000, 0.025510, 0.030000, 0
2,2, 297174912200000, 0.020017, 0.030000, 0
3,0, 297174912200000, 0.028375, 0.030000, 0
3,1, 297174912200000, 0.025285, 0.030000, 0
3,2, 297174912200000, 0.017385, 0.030000, 0
0,0, 297174912400000, 0.032563, 0.030000, 0
0,1, 297174912400000, 0.025527, 0.030000, 0
0,2, 297174912400000, 0.026894, 0.030000, 0
1,0, 297174912400000, 0.030707, 0.030000, 0
1,1, 297174912400000, 0.025921, 0.030000, 0
1,2, 297174912400000, 0.023673, 0.030000, 0
2,0, 297174912400000, 0.030900, 0.030000, 0
2,1, 297174912400000, 0.024435, 0.030000, 0
2,2, 297174912400000, 0.021688, 0.030000, 0
3,0, 297174912400000, 0.027228, 0.030000, 0
3,1, 297174912400000, 0.022862, 0.030000, 0
3,2, 297174912400000, 0.021832, 0.030000, 0
0,0, 297174912600000, 0.038081, 0.030000, 0
0,1, 297174912600000, 0.025904, 0.030000, 0
0,2, 297174912600000, 0.030967, 0.030000, 0
1,0, 297174912600000, 0.034234, 0.030000, 0
1,1, 297174912600000, 0.029020, 0.030000, 0
1,2, 297174912600000, 0.027897, 0.030000, 0
2,0, 297174912600000, 0.034330, 0.030000, 0
2,1, 297174912600000, 0.023897, 0.030000, 0
2,2, 297174912600000, 0.023984, 0.030000, 0
3,0, 297174912600000, 0.035414, 0.030000, 0
3,1, 297174912600000, 0.023111, 0.030000, 0
3,2, 297174912600000, 0.025516, 0.030000, 0
0,0, 297174912800000, 0.033541, 0.030000, 0
0,1, 297174912800000, 0.024632, 0.030000, 0
0,2, 297174912800000, 0.025703, 0.030000, 0
1,0, 297174912800000, 0.027237, 0.030000, 0
1,1, 297174912800000, 0.026190, 0.030000, 0
1,2, 297174912800000, 0.022708, 0.030000, 0
2,0, 297174912800000, 0.030205, 0.030000, 0
2,1, 297174912800000, 0.026549, 0.030000, 0
2,2, 297174912800000, 0.025132, 0.030000, 0
3,0, 297174912800000, 0.030747, 0.030000, 0
3,1, 297174912800000, 0.021776, 0.030000, 0
3,2, 297174912800000, 0.024438, 0.030000, 0
0,0, 297174913000000, 0.034190, 0.030000, 0
0,1, 297174913000000, 0.025016, 0.030000, 0
0,2, 297174913000000, 0.024532, 0.030000, 0
1,0, 297174913000000, 0.029578, 0.030000, 0
1,1, 297174913000000, 0.021415, 0.030000, 0
1,2, 297174913000000, 0.023034, 0.030000, 0
2,0, 297174913000000, 0.033983, 0.030000, 0
2,1, 297174913000000, 0.027874, 0.030000, 0
2,2, 297174913000000, 0.025706, 0.030000, 0
3,0, 297174913000000, 0.031333, 0.030000, 0
3,1, 297174913000000, 0.022128, 0.030000, 0
3,2, 297174913000000, 0.023899, 0.030000, 0
0,0, 297174913200000, 0.033055, 0.030000, 0
0,1, 297174913200000, 0.026128, 0.030000, 0
0,2, 297174913200000, 0.022486, 0.030000, 0
1,0, 297174913200000, 0.033669, 0.030000, 0
1,1, 297174913200000, 0.025788, 0.030000, 0
1,2, 297174913200000, 0.024657, 0.030000, 0
2,0, 297174913200000, 0.034411, 0.030000, 0
2,1, 297174913200000, 0.029997, 0.030000, 0
2,2, 297174913200000, 0.023073, 0.030000, 0
3,0, 297174913200000, 0.031627, 0.030000, 0
3,1, 297174913200000, 0.024684, 0.030000, 0
3,2, 297174913200000, 0.022170, 0.030000, 0
0,0, 297174913400000, 0.030588, 0.030000, 0
0,1, 297174913400000, 0.023284, 0.030000, 0
0,2, 297174913400000, 0.021463, 0.030000, 0
1,0, 297174913400000, 0.030895, 0.030000, 0
1,1, 297174913400000, 0.023114, 0.030000, 0
1,2, 297174913400000, 0.022549, 0.030000, 0
2,0, 297174913400000, 0.028786, 0.030000, 0
2,1, 297174913400000, 0.026679, 0.030000, 0
2,2, 297174913400000, 0.021757, 0.030000, 0
3,0, 297174913400000, 0.029873, 0.030000, 0
3,1, 297174913400000, 0.024022, 0.030000, 0
3,2, 297174913400000, 0.019845, 0.030000, 0
0,0, 297174913600000, 0.027374, 0.030000, 0
0,1, 297174913600000, 0.029162, 0.030000, 0
0,2, 297174913600000, 0.023871, 0.030000, 0
1,0, 297174913600000, 0.027527, 0.030000, 0
1,1, 297174913600000, 0.027617, 0.030000, 0
1,2, 297174913600000, 0.027334, 0.030000, 0
2,0, 297174913600000, 0.027433, 0.030000, 0
2,1, 297174913600000, 0.032319, 0.030000, 0
2,2, 297174913600000, 0.026938, 0.030000, 0
3,0, 297174913600000, 0.029977, 0.030000, 0
3,1, 297174913600000, 0.029531, 0.030000, 0
3,2, 297174913600000, 0.025982, 0.030000, 0
0,0, 297174913800000, 0.023807, 0.030000, 0
0,1, 297174913800000, 0.023341, 0.030000, 0
0,2, 297174913800000, 0.026536, 0.030000, 0
1,0, 297174913800000, 0.026804, 0.030000, 0
1,1, 297174913800000, 0.022568, 0.030000, 0
1,2, 297174913800000, 0.026807, 0.030000, 0
2,0, 297174913800000, 0.028216, 0.030000, 0
2,1, 297174913800000, 0.027840, 0.030000, 0
2,2, 297174913800000, 0.026609, 0.030000, 0
3,0, 297174913800000, 0.028028, 0.030000, 0
3,1, 297174913800000, 0.024985, 0.030000, 0
3,2, 297174913800000, 0.024671, 0.030000, 0
0,0, 297174914000000, 0.029323, 0.030000, 0
0,1, 297174914000000, 0.024810, 0.030000, 0
0,2, 297174914000000, 0.026408, 0.030000, 0
1,0, 297174914000000, 0.027902, 0.030000, 0
1,1, 297174914000000, 0.024424, 0.030000, 0
1,2, 297174914000000, 0.026544, 0.030000, 0
2,0, 297174914000000, 0.028608, 0.030000, 0
2,1, 297174914000000, 0.025600, 0.030000, 0
2,2, 297174914000000, 0.024985, 0.030000, 0
3,0, 297174914000000, 0.027054, 0.030000, 0
3,1, 297174914000000, 0.027093, 0.030000, 0
3,2, 297174914000000, 0.022556, 0.030000, 0
0,0, 297174914200000, 0.036462, 0.030000, 0
0,1, 297174914200000, 0.027705, 0.030000, 0
0,2, 297174914200000, 0.024884, 0.030000, 0
1,0, 297174914200000, 0.031371, 0.030000, 0
1,1, 297174914200000, 0.027512, 0.030000, 0
1,2, 297174914200000, 0.023492, 0.030000, 0
2,0, 297174914200000, 0.033184, 0.030000, 0
2,1, 297174914200000, 0.025180, 0.030000, 0
2,2, 297174914200000, 0.019792, 0.030000, 0
3,0, 297174914200000, 0.032407, 0.030000, 0
3,1, 297174914200000, 0.025226, 0.030000, 0
3,2, 297174914200000, 0.021498, 0.030000, 0
0,0, 297174914400000, 0.032731, 0.030000, 0
0,1, 297174914400000, 0.023393, 0.030000, 0
0,2, 297174914400000, 0.027042, 0.030000, 0
1,0, 297174914400000, 0.033105, 0.030000, 0
1,1, 297174914400000, 0.026216, 0.030000, 0
1,2, 297174914400000, 0.026346, 0.030000, 0
2,0, 297174914400000, 0.031092, 0.030000, 0
2,1, 297174914400000, 0.019210, 0.030000, 0
2,2, 297174914400000, 0.020116, 0.030000, 0
3,0, 297174914400000, 0.033624, 0.030000, 0
3,1, 297174914400000, 0.021373, 0.030000, 0
3,2, 297174914400000, 0.023889, 0.030000, 0
0,0, 297174914600000, 0.029405, 0.030000, 0
0,1, 297174914600000, 0.017536, 0.030000, 0
0,2, 297174914600000, 0.025201, 0.030000, 0
1,0, 297174914600000, 0.031053, 0.030000, 0
1,1, 297174914600000, 0.021868, 0.030000, 0
1,2, 297174914600000, 0.024853, 0.030000, 0
2,0, 297174914600000, 0.027126, 0.030000, 0
2,1, 297174914600000, 0.018365, 0.030000, 0
2,2, 297174914600000, 0.021738, 0.030000, 0
3,0, 297174914600000, 0.028392, 0.030000, 0
3,1, 297174914600000, 0.017987, 0.030000, 0
3,2, 297174914600000, 0.020704, 0.030000, 0
0,0, 297174914800000, 0.036503, 0.030000, 0
0,1, 297174914800000, 0.023368, 0.030000, 0
0,2, 297174914800000, 0.025740, 0.030000, 0
1,0, 297174914800000, 0.034406, 0.030000, 0
1,1, 297174914800000, 0.021154, 0.030000, 0
1,2, 297174914800000, 0.022646, 0.030000, 0
2,0, 297174914800000, 0.032443, 0.030000, 0
2,1, 297174914800000, 0.022322, 0.030000, 0
2,2, 297174914800000, 0.024009, 0.030000, 0
3,0, 297174914800000, 0.035996, 0.030000, 0
3,1, 297174914800000, 0.023593, 0.030000, 0
3,2, 297174914800000, 0.022032, 0.030000, 0
0,0, 297174915000000, 0.034211, 0.030000, 0
0,1, 297174915000000, 0.023364, 0.030000, 0
0,2, 297174915000000, 0.018710, 0.030000, 0
1,0, 297174915000000, 0.031703, 0.030000, 0
1,1, 297174915000000, 0.023717, 0.030000, 0
1,2, 297174915000000, 0.020083, 0.030000, 0
2,0, 297174915000000, 0.035102, 0.030000, 0
2,1, 297174915000000, 0.022841, 0.030000, 0
2,2, 297174915000000, 0.022225, 0.030000, 0
3,0, 297174915000000, 0.036878, 0.030000, 0
3,1, 297174915000000, 0.027857, 0.030000, 0
3,2, 297174915000000, 0.021236, 0.030000, 0
0,0, 297174915200000, 0.037446, 0.030000, 0
0,1, 297174915200000, 0.021902, 0.030000, 0
0,2, 297174915200000, 0.022495, 0.030000, 0
1,0, 297174915200000, 0.034732, 0.030000, 0
1,1, 297174915200000, 0.026459, 0.030000, 0
1,2, 297174915200000, 0.024642, 0.030000, 0
2,0, 297174915200000, 0.039351, 0.030000, 0
2,1, 297174915200000, 0.027481, 0.030000, 0
2,2, 297174915200000, 0.025712, 0.030000, 0
3,0, 297174915200000, 0.038779, 0.030000, 0
3,1, 297174915200000, 0.025608, 0.030000, 0
3,2, 297174915200000, 0.025218, 0.030000, 0
0,0, 297174915400000, 0.034683, 0.030000, 0
0,1, 297174915400000, 0.018251, 0.030000, 0
0,2, 297174915400000, 0.022928, 0.030000, 0
1,0, 297174915400000, 0.034786, 0.030000, 0
1,1, 297174915400000, 0.023449, 0.030000, 0
1,2, 297174915400000, 0.025461, 0.030000, 0
2,0, 297174915400000, 0.038555, 0.030000, 0
2,1, 297174915400000, 0.022500, 0.030000, 0
2,2, 297174915400000, 0.024536, 0.030000, 0
3,0, 297174915400000, 0.039729, 0.030000, 0
3,1, 297174915400000, 0.021564, 0.030000, 0
3,2, 297174915400000, 0.024289, 0.030000, 0
0,0, 297174915600000, 0.034761, 0.030000, 0
0,1, 297174915600000, 0.024426, 0.030000, 0
0,2, 297174915600000, 0.024604, 0.030000, 0
1,0, 297174915600000, 0.034813, 0.030000, 0
1,1, 297174915600000, 0.025565, 0.030000, 0
1,2, 297174915600000, 0.027330, 0.030000, 0
2,0, 297174915600000, 0.039618, 0.030000, 0
2,1, 297174915600000, 0.023630, 0.030000, 0
2,2, 297174915600000, 0.023948, 0.030000, 0
3,0, 297174915600000, 0.037285, 0.030000, 0
3,1, 297174915600000, 0.023922, 0.030000, 0
3,2, 297174915600000, 0.025285, 0.030000, 0
0,0, 297174915800000, 0.033341, 0.030000, 0
0,1, 297174915800000, 0.030533, 0.030000, 0
0,2, 297174915800000, 0.025442, 0.030000, 0
1,0, 297174915800000, 0.031906, 0.030000, 0
1,1, 297174915800000, 0.031122, 0.030000, 0
1,2, 297174915800000, 0.025345, 0.030000, 0
2,0, 297174915800000, 0.035769, 0.030000, 0
2,1, 297174915800000, 0.028695, 0.030000, 0
2,2, 297174915800000, 0.026574, 0.030000, 0
3,0, 297174915800000, 0.036062, 0.030000, 0
3,1, 297174915800000, 0.030941, 0.030000, 0
3,2, 297174915800000, 0.025782, 0.030000, 0
0,0, 297174916000000, 0.031170, 0.030000, 0
0,1, 297174916000000, 0.029866, 0.030000, 0
0,2, 297174916000000, 0.022941, 0.030000, 0
1,0, 297174916000000, 0.028993, 0.030000, 0
1,1, 297174916000000, 0.028701, 0.030000, 0
1,2, 297174916000000, 0.025813, 0.030000, 0
2,0, 297174916000000, 0.032384, 0.030000, 0
2,1, 297174916000000, 0.026028, 0.030000, 0
2,2, 297174916000000, 0.024967, 0.030000, 0
3,0, 297174916000000, 0.031071, 0.030000, 0
3,1, 297174916000000, 0.028611, 0.030000, 0
3,2, 297174916000000, 0.026031, 0.030000, 0
0,0, 297174916200000, 0.034465, 0.030000, 0
0,1, 297174916200000, 0.029533, 0.030000, 0
0,2, 297174916200000, 0.026070, 0.030000, 0
1,0, 297174916200000, 0.031917, 0.030000, 0
1,1, 297174916200000, 0.027491, 0.030000, 0
1,2, 297174916200000, 0.026046, 0.030000, 0
2,0, 297174916200000, 0.035072, 0.030000, 0
2,1, 297174916200000, 0.023234, 0.030000, 0
2,2, 297174916200000, 0.025624, 0.030000, 0
3,0, 297174916200000, 0.032956, 0.030000, 0
3,1, 297174916200000, 0.028905, 0.030000, 0
3,2, 297174916200000, 0.029076, 0.030000, 0
0,0, 297174916400000, 0.037573, 0.030000, 0
0,1, 297174916400000, 0.023527, 0.030000, 0
0,2, 297174916400000, 0.020335, 0.030000, 0
1,0, 297174916400000, 0.037758, 0.030000, 0
1,1, 297174916400000, 0.025425, 0.030000, 0
1,2, 297174916400000, 0.023243, 0.030000, 0
2,0, 297174916400000, 0.036416, 0.030000, 0
2,1, 297174916400000, 0.024757, 0.030000, 0
2,2, 297174916400000, 0.023032, 0.030000, 0
3,0, 297174916400000, 0.036818, 0.030000, 0
3,1, 297174916400000, 0.024673, 0.030000, 0
3,2, 297174916400000, 0.021838, 0.030000, 0
0,0, 297174916600000, 0.034746, 0.030000, 0
0,1, 297174916600000, 0.023663, 0.030000, 0
0,2, 297174916600000, 0.017468, 0.030000, 0
1,0, 297174916600000, 0.039219, 0.030000, 0
1,1, 297174916600000, 0.024393, 0.030000, 0
1,2, 297174916600000, 0.018922, 0.030000, 0
2,0, 297174916600000, 0.035628, 0.030000, 0
2,1, 297174916600000, 0.025738, 0.030000, 0
2,2, 297174916600000, 0.014436, 0.030000, 0
3,0, 297174916600000, 0.037289, 0.030000, 0
3,1, 297174916600000, 0.024236, 0.030000, 0
3,2, 297174916600000, 0.019679, 0.030000, 0
0,0, 297174916800000, 0.037713, 0.030000, 0
0,1, 297174916800000, 0.026272, 0.030000, 0
0,2, 297174916800000, 0.026254, 0.030000, 0
1,0, 297174916800000, 0.038490, 0.030000, 0
1,1, 297174916800000, 0.023876, 0.030000, 0
1,2, 297174916800000, 0.026981, 0.030000, 0
2,0, 297174916800000, 0.036694, 0.030000, 0
2,1, 297174916800000, 0.024369, 0.030000, 0
2,2, 297174916800000, 0.021818, 0.030000, 0
3,0, 297174916800000, 0.037524, 0.030000, 0
3,1, 297174916800000, 0.026578, 0.030000, 0
3,2, 297174916800000, 0.030279, 0.030000, 0
0,0, 297174917000000, 0.035517, 0.030000, 0
0,1, 297174917000000, 0.029196, 0.030000, 0
0,2, 297174917000000, 0.030647, 0.030000, 0
1,0, 297174917000000, 0.032985, 0.030000, 0
1,1, 297174917000000, 0.027998, 0.030000, 0
1,2, 297174917000000, 0.028090, 0.030000, 0
2,0, 297174917000000, 0.035007, 0.030000, 0
2,1, 297174917000000, 0.025325, 0.030000, 0
2,2, 297174917000000, 0.024049, 0.030000, 0
3,0, 297174917000000, 0.033262, 0.030000, 0
3,1, 297174917000000, 0.029349, 0.030000, 0
3,2, 297174917000000, 0.031200, 0.030000, 0
0,0, 297174917200000, 0.037458, 0.030000, 0
0,1, 297174917200000, 0.029198, 0.030000, 0
0,2, 297174917200000, 0.031383, 0.030000, 0
1,0, 297174917200000, 0.036232, 0.030000, 0
1,1, 297174917200000, 0.030059, 0.030000, 0
1,2, 297174917200000, 0.031565, 0.030000, 0
2,0, 297174917200000, 0.038684, 0.030000, 0
2,1, 297174917200000, 0.025802, 0.030000, 0
2,2, 297174917200000, 0.028084, 0.030000, 0
3,0, 297174917200000, 0.035511, 0.030000, 0
3,1, 297174917200000, 0.027815, 0.030000, 0
3,2, 297174917200000, 0.031660, 0.030000, 0
0,0, 297174917400000, 0.033229, 0.030000, 0
0,1, 297174917400000, 0.021899, 0.030000, 0
0,2, 297174917400000, 0.022992, 0.030000, 0
1,0, 297174917400000, 0.032616, 0.030000, 0
1,1, 297174917400000, 0.028170, 0.030000, 0
1,2, 297174917400000, 0.028923, 0.030000, 0
2,0, 297174917400000, 0.033842, 0.030000, 0
2,1, 297174917400000, 0.021661, 0.030000, 0
2,2, 297174917400000, 0.022802, 0.030000, 0
3,0, 297174917400000, 0.033716, 0.030000, 0
3,1, 297174917400000, 0.024127, 0.030000, 0
3,2, 297174917400000, 0.026050, 0.030000, 0
0,0, 297174917600000, 0.032575, 0.030000, 0
0,1, 297174917600000, 0.027009, 0.030000, 0
0,2, 297174917600000, 0.021716, 0.030000, 0
1,0, 297174917600000, 0.032268, 0.030000, 0
1,1, 297174917600000, 0.024305, 0.030000, 0
1,2, 297174917600000, 0.021761, 0.030000, 0
2,0, 297174917600000, 0.028501, 0.030000, 0
2,1, 297174917600000, 0.025431, 0.030000, 0
2,2, 297174917600000, 0.021621, 0.030000, 0
3,0, 297174917600000, 0.032818, 0.030000, 0
3,1, 297174917600000, 0.028124, 0.030000, 0
3,2, 297174917600000, 0.024705, 0.030000, 0
0,0, 297174917800000, 0.029327, 0.030000, 0
0,1, 297174917800000, 0.028105, 0.030000, 0
0,2, 297174917800000, 0.016698, 0.030000, 0
1,0, 297174917800000, 0.029174, 0.030000, 0
1,1, 297174917800000, 0.023832, 0.030000, 0
1,2, 297174917800000, 0.018181, 0.030000, 0
2,0, 297174917800000, 0.030210, 0.030000, 0
2,1, 297174917800000, 0.030235, 0.030000, 0
2,2, 297174917800000, 0.021031, 0.030000, 0
3,0, 297174917800000, 0.029449, 0.030000, 0
3,1, 297174917800000, 0.027202, 0.030000, 0
3,2, 297174917800000, 0.019652, 0.030000, 0
0,0, 297174918000000, 0.030624, 0.030000, 0
0,1, 297174918000000, 0.033032, 0.030000, 0
0,2, 297174918000000, 0.024409, 0.030000, 0
1,0, 297174918000000, 0.030547, 0.030000, 0
1,1, 297174918000000, 0.030896, 0.030000, 0
1,2, 297174918000000, 0.026610, 0.030000, 0
2,0, 297174918000000, 0.029605, 0.030000, 0
2,1, 297174918000000, 0.032638, 0.030000, 0
2,2, 297174918000000, 0.028035, 0.030000, 0
3,0, 297174918000000, 0.027764, 0.030000, 0
3,1, 297174918000000, 0.032581, 0.030000, 0
3,2, 297174918000000, 0.028806, 0.030000, 0
0,0, 297174918200000, 0.031272, 0.030000, 0
0,1, 297174918200000, 0.026776, 0.030000, 0
0,2, 297174918200000, 0.018044, 0.030000, 0
1,0, 297174918200000, 0.034154, 0.030000, 0
1,1, 297174918200000, 0.025668, 0.030000, 0
1,2, 297174918200000, 0.019145, 0.030000, 0
2,0, 297174918200000, 0.032223, 0.030000, 0
2,1, 297174918200000, 0.025099, 0.030000, 0
2,2, 297174918200000, 0.018398, 0.030000, 0
3,0, 297174918200000, 0.029842, 0.030000, 0
3,1, 297174918200000, 0.026570, 0.030000, 0
3,2, 297174918200000, 0.020243, 0.030000, 0
0,0, 297174918400000, 0.025756, 0.030000, 0
0,1, 297174918400000, 0.025068, 0.030000, 0
0,2, 297174918400000, 0.019242, 0.030000, 0
1,0, 297174918400000, 0.028657, 0.030000, 0
1,1, 297174918400000, 0.028894, 0.030000, 0
1,2, 297174918400000, 0.019793, 0.030000, 0
2,0, 297174918400000, 0.027691, 0.030000, 0
2,1, 297174918400000, 0.022769, 0.030000, 0
2,2, 297174918400000, 0.017959, 0.030000, 0
3,0, 297174918400000, 0.027961, 0.030000, 0
3,1, 297174918400000, 0.023505, 0.030000, 0
3,2, 297174918400000, 0.020342, 0.030000, 0
0,0, 297174918600000, 0.027378, 0.030000, 0
0,1, 297174918600000, 0.025674, 0.030000, 0
0,2, 297174918600000, 0.021301, 0.030000, 0
1,0, 297174918600000, 0.030288, 0.030000, 0
1,1, 297174918600000, 0.029047, 0.030000, 0
1,2, 297174918600000, 0.020116, 0.030000, 0
2,0, 297174918600000, 0.028346, 0.030000, 0
2,1, 297174918600000, 0.024525, 0.030000, 0
2,2, 297174918600000, 0.016279, 0.030000, 0
3,0, 297174918600000, 0.028481, 0.030000, 0
3,1, 297174918600000, 0.023433, 0.030000, 0
3,2, 297174918600000, 0.024771, 0.030000, 0
0,0, 297174918800000, 0.031169, 0.030000, 0
0,1, 297174918800000, 0.025977, 0.030000, 0
0,2, 297174918800000, 0.026711, 0.030000, 0
1,0, 297174918800000, 0.032624, 0.030000, 0
1,1, 297174918800000, 0.032044, 0.030000, 0
1,2, 297174918800000, 0.029038, 0.030000, 0
2,0, 297174918800000, 0.031593, 0.030000, 0
2,1, 297174918800000, 0.028322, 0.030000, 0
2,2, 297174918800000, 0.027120, 0.030000, 0
3,0, 297174918800000, 0.034680, 0.030000, 0
3,1, 297174918800000, 0.030696, 0.030000, 0
3,2, 297174918800000, 0.032825, 0.030000, 0
0,0, 297174919000000, 0.031544, 0.030000, 0
0,1, 297174919000000, 0.026129, 0.030000, 0
0,2, 297174919000000, 0.025035, 0.030000, 0
1,0, 297174919000000, 0.030812, 0.030000, 0
1,1, 297174919000000, 0.032082, 0.030000, 0
1,2, 297174919000000, 0.027659, 0.030000, 0
2,0, 297174919000000, 0.030296, 0.030000, 0
2,1, 297174919000000, 0.028761, 0.030000, 0
2,2, 297174919000000, 0.023780, 0.030000, 0
3,0, 297174919000000, 0.031840, 0.030000, 0
3,1, 297174919000000, 0.024108, 0.030000, 0
3,2, 297174919000000, 0.025173, 0.030000, 0
0,0, 297174919200000, 0.031732, 0.030000, 0
0,1, 297174919200000, 0.027664, 0.030000, 0
0,2, 297174919200000, 0.022738, 0.030000, 0
1,0, 297174919200000, 0.029906, 0.030000, 0
1,1, 297174919200000, 0.030641, 0.030000, 0
1,2, 297174919200000, 0.026970, 0.030000, 0
2,0, 297174919200000, 0.026728, 0.030000, 0
2,1, 297174919200000, 0.033361, 0.030000, 0
2,2, 297174919200000, 0.026490, 0.030000, 0
3,0, 297174919200000, 0.028960, 0.030000, 0
3,1, 297174919200000, 0.025194, 0.030000, 0
3,2, 297174919200000, 0.022806, 0.030000, 0
0,0, 297174919400000, 0.034746, 0.030000, 0
0,1, 297174919400000, 0.026972, 0.030000, 0
0,2, 297174919400000, 0.023049, 0.030000, 0
1,0, 297174919400000, 0.032373, 0.030000, 0
1,1, 297174919400000, 0.024080, 0.030000, 0
1,2, 297174919400000, 0.022245, 0.030000, 0
2,0, 297174919400000, 0.029324, 0.030000, 0
2,1, 297174919400000, 0.028360, 0.030000, 0
2,2, 297174919400000, 0.019085, 0.030000, 0
3,0, 297174919400000, 0.030440, 0.030000, 0
3,1, 297174919400000, 0.027197, 0.030000, 0
3,2, 297174919400000, 0.020163, 0.030000, 0
0,0, 297174919600000, 0.027493, 0.030000, 0
0,1, 297174919600000, 0.022246, 0.030000, 0
0,2, 297174919600000, 0.017364, 0.030000, 0
1,0, 297174919600000, 0.027767, 0.030000, 0
1,1, 297174919600000, 0.020800, 0.030000, 0
1,2, 297174919600000, 0.015502, 0.030000, 0
2,0, 297174919600000, 0.026242, 0.030000, 0
2,1, 297174919600000, 0.024400, 0.030000, 0
2,2, 297174919600000, 0.015382, 0.030000, 0
3,0, 297174919600000, 0.028260, 0.030000, 0
3,1, 297174919600000, 0.025279, 0.030000, 0
3,2, 297174919600000, 0.015922, 0.030000, 0
0,0, 297174919800000, 0.029707, 0.030000, 0
0,1, 297174919800000, 0.022803, 0.030000, 0
0,2, 297174919800000, 0.021822, 0.030000, 0
1,0, 297174919800000, 0.028383, 0.030000, 0
1,1, 297174919800000, 0.023540, 0.030000, 0
1,2, 297174919800000, 0.020891, 0.030000, 0
2,0, 297174919800000, 0.024701, 0.030000, 0
2,1, 297174919800000, 0.020960, 0.030000, 0
2,2, 297174919800000, 0.017911, 0.030000, 0
3,0, 297174919800000, 0.027170, 0.030000, 0
3,1, 297174919800000, 0.022859, 0.030000, 0
3,2, 297174919800000, 0.019641, 0.030000, 0
0,0, 297174920000000, 0.029353, 0.030000, 0
0,1, 297174920000000, 0.024542, 0.030000, 0
0,2, 297174920000000, 0.026971, 0.030000, 0
1,0, 297174920000000, 0.030152, 0.030000, 0
1,1, 297174920000000, 0.023450, 0.030000, 0
1,2, 297174920000000, 0.025046, 0.030000, 0
2,0, 297174920000000, 0.026851, 0.030000, 0
2,1, 297174920000000, 0.022160, 0.030000, 0
2,2, 297174920000000, 0.023556, 0.030000, 0
3,0, 297174920000000, 0.028085, 0.030000, 0
3,1, 297174920000000, 0.023110, 0.030000, 0
3,2, 297174920000000, 0.025880, 0.030000, 0
0,0, 297174920200000, 0.035017, 0.030000, 0
0,1, 297174920200000, 0.026871, 0.030000, 0
0,2, 297174920200000, 0.026626, 0.030000, 0
1,0, 297174920200000, 0.031036, 0.030000, 0
1,1, 297174920200000, 0.023405, 0.030000, 0
1,2, 297174920200000, 0.022743, 0.030000, 0
2,0, 297174920200000, 0.029385, 0.030000, 0
2,1, 297174920200000, 0.022760, 0.030000, 0
2,2, 297174920200000, 0.024918, 0.030000, 0
3,0, 297174920200000, 0.030003, 0.030000, 0
3,1, 297174920200000, 0.026155, 0.030000, 0
3,2, 297174920200000, 0.029000, 0.030000, 0
0,0, 297174920400000, 0.031248, 0.030000, 0
0,1, 297174920400000, 0.025115, 0.030000, 0
0,2, 297174920400000, 0.020613, 0.030000, 0
1,0, 297174920400000, 0.030718, 0.030000, 0
1,1, 297174920400000, 0.024843, 0.030000, 0
1,2, 297174920400000, 0.024511, 0.030000, 0
2,0, 297174920400000, 0.032813, 0.030000, 0
2,1, 297174920400000, 0.027440, 0.030000, 0
2,2, 297174920400000, 0.025599, 0.030000, 0
3,0, 297174920400000, 0.029501, 0.030000, 0
3,1, 297174920400000, 0.024757, 0.030000, 0
3,2, 297174920400000, 0.024720, 0.030000, 0
0,0, 297174920600000, 0.033844, 0.030000, 0
0,1, 297174920600000, 0.025698, 0.030000, 0
0,2, 297174920600000, 0.024906, 0.030000, 0
1,0, 297174920600000, 0.032139, 0.030000, 0
1,1, 297174920600000, 0.021181, 0.030000, 0
1,2, 297174920600000, 0.026856, 0.030000, 0
2,0, 297174920600000, 0.033186, 0.030000, 0
2,1, 297174920600000, 0.023940, 0.030000, 0
2,2, 297174920600000, 0.025939, 0.030000, 0
3,0, 297174920600000, 0.029251, 0.030000, 0
3,1, 297174920600000, 0.024059, 0.030000, 0
3,2, 297174920600000, 0.022580, 0.030000, 0
0,0, 297174920800000, 0.032882, 0.030000, 0
0,1, 297174920800000, 0.028909, 0.030000, 0
0,2, 297174920800000, 0.025213, 0.030000, 0
1,0, 297174920800000, 0.030569, 0.030000, 0
1,1, 297174920800000, 0.023731, 0.030000, 0
1,2, 297174920800000, 0.026568, 0.030000, 0
2,0, 297174920800000, 0.032553, 0.030000, 0
2,1, 297174920800000, 0.028030, 0.030000, 0
2,2, 297174920800000, 0.028650, 0.030000, 0
3,0, 297174920800000, 0.032045, 0.030000, 0
3,1, 297174920800000, 0.032469, 0.030000, 0
3,2, 297174920800000, 0.025510, 0.030000, 0
0,0, 297174921000000, 0.032401, 0.030000, 0
0,1, 297174921000000, 0.029054, 0.030000, 0
0,2, 297174921000000, 0.026187, 0.030000, 0
1,0, 297174921000000, 0.029785, 0.030000, 0
1,1, 297174921000000, 0.025005, 0.030000, 0
1,2, 297174921000000, 0.027884, 0.030000, 0
2,0, 297174921000000, 0.032237, 0.030000, 0
2,1, 297174921000000, 0.027155, 0.030000, 0
2,2, 297174921000000, 0.027885, 0.030000, 0
3,0, 297174921000000, 0.029063, 0.030000, 0
3,1, 297174921000000, 0.027915, 0.030000, 0
3,2, 297174921000000, 0.024875, 0.030000, 0
0,0, 297174921200000, 0.039461, 0.030000, 0
0,1, 297174921200000, 0.029127, 0.030000, 0
0,2, 297174921200000, 0.027693, 0.030000, 0
1,0, 297174921200000, 0.035232, 0.030000, 0
1,1, 297174921200000, 0.024183, 0.030000, 0
1,2, 297174921200000, 0.030002, 0.030000, 0
2,0, 297174921200000, 0.034998, 0.030000, 0
2,1, 297174921200000, 0.022338, 0.030000, 0
2,2, 297174921200000, 0.028542, 0.030000, 0
3,0, 297174921200000, 0.033411, 0.030000, 0
3,1, 297174921200000, 0.022717, 0.030000, 0
3,2, 297174921200000, 0.028498, 0.030000, 0
0,0, 297174921400000, 0.035690, 0.030000, 0
0,1, 297174921400000, 0.026244, 0.030000, 0
0,2, 297174921400000, 0.028487, 0.030000, 0
1,0, 297174921400000, 0.033576, 0.030000, 0
1,1, 297174921400000, 0.025231, 0.030000, 0
1,2, 297174921400000, 0.031121, 0.030000, 0
2,0, 297174921400000, 0.033459, 0.030000, 0
2,1, 297174921400000, 0.022849, 0.030000, 0
2,2, 297174921400000, 0.025971, 0.030000, 0
3,0, 297174921400000, 0.032666, 0.030000, 0
3,1, 297174921400000, 0.023039, 0.030000, 0
3,2, 297174921400000, 0.028849, 0.030000, 0
0,0, 297174921600000, 0.035265, 0.030000, 0
0,1, 297174921600000, 0.027722, 0.030000, 0
0,2, 297174921600000, 0.030303, 0.030000, 0
1,0, 297174921600000, 0.037128, 0.030000, 0
1,1, 297174921600000, 0.030136, 0.030000, 0
1,2, 297174921600000, 0.030160, 0.030000, 0
2,0, 297174921600000, 0.035610, 0.030000, 0
2,1, 297174921600000, 0.030404, 0.030000, 0
2,2, 297174921600000, 0.027586, 0.030000, 0
3,0, 297174921600000, 0.036673, 0.030000, 0
3,1, 297174921600000, 0.030499, 0.030000, 0
3,2, 297174921600000, 0.026104, 0.030000, 0
0,0, 297174921800000, 0.033593, 0.030000, 0
0,1, 297174921800000, 0.024081, 0.030000, 0
0,2, 297174921800000, 0.028292, 0.030000, 0
1,0, 297174921800000, 0.034524, 0.030000, 0
1,1, 297174921800000, 0.026748, 0.030000, 0
1,2, 297174921800000, 0.025300, 0.030000, 0
2,0, 297174921800000, 0.032305, 0.030000, 0
2,1, 297174921800000, 0.026882, 0.030000, 0
2,2, 297174921800000, 0.026933, 0.030000, 0
3,0, 297174921800000, 0.035756, 0.030000, 0
3,1, 297174921800000, 0.025470, 0.030000, 0
3,2, 297174921800000, 0.029112, 0.030000, 0
0,0, 297174922000000, 0.031296, 0.030000, 0
0,1, 297174922000000, 0.019340, 0.030000, 0
0,2, 297174922000000, 0.021446, 0.030000, 0
1,0, 297174922000000, 0.031762, 0.030000, 0
1,1, 297174922000000, 0.020674, 0.030000, 0
1,2, 297174922000000, 0.022870, 0.030000, 0
2,0, 297174922000000, 0.033572, 0.030000, 0
2,1, 297174922000000, 0.020741, 0.030000, 0
2,2, 297174922000000, 0.022226, 0.030000, 0
3,0, 297174922000000, 0.035298, 0.030000, 0
3,1, 297174922000000, 0.021495, 0.030000, 0
3,2, 297174922000000, 0.023316, 0.030000, 0
0,0, 297174922200000, 0.035988, 0.030000, 0
0,1, 297174922200000, 0.028650, 0.030000, 0
0,2, 297174922200000, 0.029703, 0.030000, 0
1,0, 297174922200000, 0.033301, 0.030000, 0
1,1, 297174922200000, 0.029317, 0.030000, 0
1,2, 297174922200000, 0.028955, 0.030000, 0
2,0, 297174922200000, 0.035666, 0.030000, 0
2,1, 297174922200000, 0.029351, 0.030000, 0
2,2, 297174922200000, 0.028633, 0.030000, 0
3,0, 297174922200000, 0.037989, 0.030000, 0
3,1, 297174922200000, 0.032647, 0.030000, 0
3,2, 297174922200000, 0.032098, 0.030000, 0
0,0, 297174922400000, 0.036874, 0.030000, 0
0,1, 297174922400000, 0.026005, 0.030000, 0
0,2, 297174922400000, 0.026531, 0.030000, 0
1,0, 297174922400000, 0.035531, 0.030000, 0
1,1, 297174922400000, 0.029258, 0.030000, 0
1,2, 297174922400000, 0.027618, 0.030000, 0
2,0, 297174922400000, 0.033793, 0.030000, 0
2,1, 297174922400000, 0.027815, 0.030000, 0
2,2, 297174922400000, 0.023077, 0.030000, 0
3,0, 297174922400000, 0.037875, 0.030000, 0
3,1, 297174922400000, 0.029464, 0.030000, 0
3,2, 297174922400000, 0.026269, 0.030000, 0
0,0, 297174922600000, 0.037317, 0.030000, 0
0,1, 297174922600000, 0.027603, 0.030000, 0
0,2, 297174922600000, 0.029366, 0.030000, 0
1,0, 297174922600000, 0.033725, 0.030000, 0
1,1, 297174922600000, 0.029229, 0.030000, 0
1,2, 297174922600000, 0.025529, 0.030000, 0
2,0, 297174922600000, 0.034317, 0.030000, 0
2,1, 297174922600000, 0.025588, 0.030000, 0
2,2, 297174922600000, 0.023218, 0.030000, 0
3,0, 297174922600000, 0.034897, 0.030000, 0
3,1, 297174922600000, 0.026412, 0.030000, 0
3,2, 297174922600000, 0.026295, 0.030000, 0
0,0, 297174922800000, 0.034619, 0.030000, 0
0,1, 297174922800000, 0.026941, 0.030000, 0
0,2, 297174922800000, 0.033663, 0.030000, 0
1,0, 297174922800000, 0.034283, 0.030000, 0
1,1, 297174922800000, 0.024835, 0.030000, 0
1,2, 297174922800000, 0.033204, 0.030000, 0
2,0, 297174922800000, 0.034578, 0.030000, 0
2,1, 297174922800000, 0.027394, 0.030000, 0
2,2, 297174922800000, 0.033509, 0.030000, 0
3,0, 297174922800000, 0.034869, 0.030000, 0
3,1, 297174922800000, 0.023426, 0.030000, 0
3,2, 297174922800000, 0.030667, 0.030000, 0
0,0, 297174923000000, 0.031809, 0.030000, 0
0,1, 297174923000000, 0.029531, 0.030000, 0
0,2, 297174923000000, 0.032891, 0.030000, 0
1,0, 297174923000000, 0.034561, 0.030000, 0
1,1, 297174923000000, 0.027017, 0.030000, 0
1,2, 297174923000000, 0.032662, 0.030000, 0
2,0, 297174923000000, 0.033249, 0.030000, 0
2,1, 297174923000000, 0.026837, 0.030000, 0
2,2, 297174923000000, 0.031355, 0.030000, 0
3,0, 297174923000000, 0.033394, 0.030000, 0
3,1, 297174923000000, 0.024853, 0.030000, 0
3,2, 297174923000000, 0.029934, 0.030000, 0
0,0, 297174923200000, 0.033325, 0.030000, 0
0,1, 297174923200000, 0.028605, 0.030000, 0
0,2, 297174923200000, 0.032506, 0.030000, 0
1,0, 297174923200000, 0.034701, 0.030000, 0
1,1, 297174923200000, 0.028809, 0.030000, 0
1,2, 297174923200000, 0.032391, 0.030000, 0
2,0, 297174923200000, 0.032585, 0.030000, 0
2,1, 297174923200000, 0.024338, 0.030000, 0
2,2, 297174923200000, 0.028817, 0.030000, 0
3,0, 297174923200000, 0.034117, 0.030000, 0
3,1, 297174923200000, 0.022646, 0.030000, 0
3,2, 297174923200000, 0.031027, 0.030000, 0
0,0, 297174923400000, 0.037002, 0.030000, 0
0,1, 297174923400000, 0.026783, 0.030000, 0
0,2, 297174923400000, 0.029393, 0.030000, 0
1,0, 297174923400000, 0.036230, 0.030000, 0
1,1, 297174923400000, 0.028344, 0.030000, 0
1,2, 297174923400000, 0.029336, 0.030000, 0
2,0, 297174923400000, 0.035172, 0.030000, 0
2,1, 297174923400000, 0.026109, 0.030000, 0
2,2, 297174923400000, 0.029009, 0.030000, 0
3,0, 297174923400000, 0.035939, 0.030000, 0
3,1, 297174923400000, 0.025923, 0.030000, 0
3,2, 297174923400000, 0.031573, 0.030000, 0
0,0, 297174923600000, 0.037381, 0.030000, 0
0,1, 297174923600000, 0.029451, 0.030000, 0
0,2, 297174923600000, 0.026396, 0.030000, 0
1,0, 297174923600000, 0.034075, 0.030000, 0
1,1, 297174923600000, 0.027312, 0.030000, 0
1,2, 297174923600000, 0.026348, 0.030000, 0
2,0, 297174923600000, 0.032086, 0.030000, 0
2,1, 297174923600000, 0.024735, 0.030000, 0
2,2, 297174923600000, 0.026204, 0.030000, 0
3,0, 297174923600000, 0.036849, 0.030000, 0
3,1, 297174923600000, 0.029022, 0.030000, 0
3,2, 297174923600000, 0.028947, 0.030000, 0
0,0, 297174923800000, 0.034651, 0.030000, 0
0,1, 297174923800000, 0.026406, 0.030000, 0
0,2, 297174923800000, 0.021958, 0.030000, 0
1,0, 297174923800000, 0.034458, 0.030000, 0
1,1, 297174923800000, 0.026796, 0.030000, 0
1,2, 297174923800000, 0.020474, 0.030000, 0
2,0, 297174923800000, 0.033463, 0.030000, 0
2,1, 297174923800000, 0.028427, 0.030000, 0
2,2, 297174923800000, 0.026242, 0.030000, 0
3,0, 297174923800000, 0.035845, 0.030000, 0
3,1, 297174923800000, 0.026191, 0.030000, 0
3,2, 297174923800000, 0.024693, 0.030000, 0
0,0, 297174924000000, 0.037665, 0.030000, 0
0,1, 297174924000000, 0.020503, 0.030000, 0
0,2, 297174924000000, 0.025579, 0.030000, 0
1,0, 297174924000000, 0.037569, 0.030000, 0
1,1, 297174924000000, 0.019238, 0.030000, 0
1,2, 297174924000000, 0.024837, 0.030000, 0
2,0, 297174924000000, 0.037072, 0.030000, 0
2,1, 297174924000000, 0.024434, 0.030000, 0
2,2, 297174924000000, 0.026261, 0.030000, 0
3,0, 297174924000000, 0.038262, 0.030000, 0
3,1, 297174924000000, 0.024775, 0.030000, 0
3,2, 297174924000000, 0.026947, 0.030000, 0
0,0, 297174924200000, 0.033333, 0.030000, 0
0,1, 297174924200000, 0.023391, 0.030000, 0
0,2, 297174924200000, 0.025930, 0.030000, 0
1,0, 297174924200000, 0.034744, 0.030000, 0
1,1, 297174924200000, 0.027139, 0.030000, 0
1,2, 297174924200000, 0.029938, 0.030000, 0
2,0, 297174924200000, 0.034496, 0.030000, 0
2,1, 297174924200000, 0.028277, 0.030000, 0
2,2, 297174924200000, 0.032111, 0.030000, 0
3,0, 297174924200000, 0.032171, 0.030000, 0
3,1, 297174924200000, 0.026988, 0.030000, 0
3,2, 297174924200000, 0.029533, 0.030000, 0
0,0, 297174924400000, 0.031166, 0.030000, 0
0,1, 297174924400000, 0.024836, 0.030000, 0
0,2, 297174924400000, 0.023185, 0.030000, 0
1,0, 297174924400000, 0.034792, 0.030000, 0
1,1, 297174924400000, 0.023790, 0.030000, 0
1,2, 297174924400000, 0.025189, 0.030000, 0
2,0, 297174924400000, 0.036128, 0.030000, 0
2,1, 297174924400000, 0.030198, 0.030000, 0
2,2, 297174924400000, 0.024815, 0.030000, 0
3,0, 297174924400000, 0.033506, 0.030000, 0
3,1, 297174924400000, 0.026634, 0.030000, 0
3,2, 297174924400000, 0.024987, 0.030000, 0
0,0, 297174924600000, 0.030083, 0.030000, 0
0,1, 297174924600000, 0.021178, 0.030000, 0
0,2, 297174924600000, 0.023272, 0.030000, 0
1,0, 297174924600000, 0.030436, 0.030000, 0
1,1, 297174924600000, 0.022115, 0.030000, 0
1,2, 297174924600000, 0.024275, 0.030000, 0
2,0, 297174924600000, 0.031104, 0.030000, 0
2,1, 297174924600000, 0.023859, 0.030000, 0
2,2, 297174924600000, 0.024088, 0.030000, 0
3,0, 297174924600000, 0.031253, 0.030000, 0
3,1, 297174924600000, 0.024997, 0.030000, 0
3,2, 297174924600000, 0.025633, 0.030000, 0
0,0, 297174924800000, 0.032462, 0.030000, 0
0,1, 297174924800000, 0.023729, 0.030000, 0
0,2, 297174924800000, 0.029156, 0.030000, 0
1,0, 297174924800000, 0.032638, 0.030000, 0
1,1, 297174924800000, 0.028577, 0.030000, 0
1,2, 297174924800000, 0.026737, 0.030000, 0
2,0, 297174924800000, 0.030052, 0.030000, 0
2,1, 297174924800000, 0.025070, 0.030000, 0
2,2, 297174924800000, 0.025184, 0.030000, 0
3,0, 297174924800000, 0.034506, 0.030000, 0
3,1, 297174924800000, 0.030018, 0.030000, 0
3,2, 297174924800000, 0.028877, 0.030000, 0
0,0, 297174925000000, 0.030731, 0.030000, 0
0,1, 297174925000000, 0.027484, 0.030000, 0
0,2, 297174925000000, 0.021878, 0.030000, 0
1,0, 297174925000000, 0.030819, 0.030000, 0
1,1, 297174925000000, 0.026989, 0.030000, 0
1,2, 297174925000000, 0.023589, 0.030000, 0
2,0, 297174925000000, 0.028066, 0.030000, 0
2,1, 297174925000000, 0.022755, 0.030000, 0
2,2, 297174925000000, 0.015512, 0.030000, 0
3,0, 297174925000000, 0.030293, 0.030000, 0
3,1, 297174925000000, 0.027709, 0.030000, 0
3,2, 297174925000000, 0.024658, 0.030000, 0
0,0, 297174925200000, 0.035705, 0.030000, 0
0,1, 297174925200000, 0.033222, 0.030000, 0
0,2, 297174925200000, 0.029919, 0.030000, 0
1,0, 297174925200000, 0.032830, 0.030000, 0
1,1, 297174925200000, 0.032954, 0.030000, 0
1,2, 297174925200000, 0.029314, 0.030000, 0
2,0, 297174925200000, 0.035833, 0.030000, 0
2,1, 297174925200000, 0.030357, 0.030000, 0
2,2, 297174925200000, 0.028196, 0.030000, 0
3,0, 297174925200000, 0.036947, 0.030000, 0
3,1, 297174925200000, 0.036295, 0.030000, 0
3,2, 297174925200000, 0.029849, 0.030000, 0
0,0, 297174925400000, 0.035273, 0.030000, 0
0,1, 297174925400000, 0.028291, 0.030000, 0
0,2, 297174925400000, 0.023720, 0.030000, 0
1,0, 297174925400000, 0.033835, 0.030000, 0
1,1, 297174925400000, 0.028157, 0.030000, 0
1,2, 297174925400000, 0.023417, 0.030000, 0
2,0, 297174925400000, 0.035336, 0.030000, 0
2,1, 297174925400000, 0.025399, 0.030000, 0
2,2, 297174925400000, 0.025778, 0.030000, 0
3,0, 297174925400000, 0.034433, 0.030000, 0
3,1, 297174925400000, 0.028367, 0.030000, 0
3,2, 297174925400000, 0.025145, 0.030000, 0
0,0, 297174925600000, 0.039436, 0.030000, 0
0,1, 297174925600000, 0.024366, 0.030000, 0
0,2, 297174925600000, 0.027920, 0.030000, 0
1,0, 297174925600000, 0.035797, 0.030000, 0
1,1, 297174925600000, 0.028679, 0.030000, 0
1,2, 297174925600000, 0.026309, 0.030000, 0
2,0, 297174925600000, 0.039468, 0.030000, 0
2,1, 297174925600000, 0.022919, 0.030000, 0
2,2, 297174925600000, 0.027489, 0.030000, 0
3,0, 297174925600000, 0.036097, 0.030000, 0
3,1, 297174925600000, 0.022944, 0.030000, 0
3,2, 297174925600000, 0.024252, 0.030000, 0
0,0, 297174925800000, 0.037138, 0.030000, 0
0,1, 297174925800000, 0.022403, 0.030000, 0
0,2, 297174925800000, 0.027100, 0.030000, 0
1,0, 297174925800000, 0.033859, 0.030000, 0
1,1, 297174925800000, 0.021639, 0.030000, 0
1,2, 297174925800000, 0.024834, 0.030000, 0
2,0, 297174925800000, 0.038614, 0.030000, 0
2,1, 297174925800000, 0.020220, 0.030000, 0
2,2, 297174925800000, 0.026884, 0.030000, 0
3,0, 297174925800000, 0.034008, 0.030000, 0
3,1, 297174925800000, 0.020232, 0.030000, 0
3,2, 297174925800000, 0.022346, 0.030000, 0
0,0, 297174926000000, 0.035989, 0.030000, 0
0,1, 297174926000000, 0.024341, 0.030000, 0
0,2, 297174926000000, 0.029610, 0.030000, 0
1,0, 297174926000000, 0.035809, 0.030000, 0
1,1, 297174926000000, 0.021040, 0.030000, 0
1,2, 297174926000000, 0.028477, 0.030000, 0
2,0, 297174926000000, 0.038187, 0.030000, 0
2,1, 297174926000000, 0.024710, 0.030000, 0
2,2, 297174926000000, 0.032422, 0.030000, 0
3,0, 297174926000000, 0.034424, 0.030000, 0
3,1, 297174926000000, 0.020336, 0.030000, 0
3,2, 297174926000000, 0.030153, 0.030000, 0
0,0, 297174926200000, 0.028115, 0.030000, 0
0,1, 297174926200000, 0.020931, 0.030000, 0
0,2, 297174926200000, 0.027945, 0.030000, 0
1,0, 297174926200000, 0.029485, 0.030000, 0
1,1, 297174926200000, 0.022200, 0.030000, 0
1,2, 297174926200000, 0.030299, 0.030000, 0
2,0, 297174926200000, 0.033594, 0.030000, 0
2,1, 297174926200000, 0.026955, 0.030000, 0
2,2, 297174926200000, 0.035191, 0.030000, 0
3,0, 297174926200000, 0.031712, 0.030000, 0
3,1, 297174926200000, 0.023308, 0.030000, 0
3,2, 297174926200000, 0.032597, 0.030000, 0
0,0, 297174926400000, 0.032937, 0.030000, 0
0,1, 297174926400000, 0.029445, 0.030000, 0
0,2, 297174926400000, 0.032952, 0.030000, 0
1,0, 297174926400000, 0.032162, 0.030000, 0
1,1, 297174926400000, 0.028620, 0.030000, 0
1,2, 297174926400000, 0.031209, 0.030000, 0
2,0, 297174926400000, 0.032757, 0.030000, 0
2,1, 297174926400000, 0.028077, 0.030000, 0
2,2, 297174926400000, 0.035116, 0.030000, 0
3,0, 297174926400000, 0.031816, 0.030000, 0
3,1, 297174926400000, 0.030634, 0.030000, 0
3,2, 297174926400000, 0.033818, 0.030000, 0
0,0, 297174926600000, 0.035349, 0.030000, 0
0,1, 297174926600000, 0.027863, 0.030000, 0
0,2, 297174926600000, 0.032536, 0.030000, 0
1,0, 297174926600000, 0.037881, 0.030000, 0
1,1, 297174926600000, 0.027450, 0.030000, 0
1,2, 297174926600000, 0.033125, 0.030000, 0
2,0, 297174926600000, 0.033798, 0.030000, 0
2,1, 297174926600000, 0.024259, 0.030000, 0
2,2, 297174926600000, 0.032158, 0.030000, 0
3,0, 297174926600000, 0.039168, 0.030000, 0
3,1, 297174926600000, 0.031377, 0.030000, 0
3,2, 297174926600000, 0.034429, 0.030000, 0
0,0, 297174926800000, 0.030714, 0.030000, 0
0,1, 297174926800000, 0.022691, 0.030000, 0
0,2, 297174926800000, 0.027948, 0.030000, 0
1,0, 297174926800000, 0.034901, 0.030000, 0
1,1, 297174926800000, 0.022485, 0.030000, 0
1,2, 297174926800000, 0.031162, 0.030000, 0
2,0, 297174926800000, 0.032859, 0.030000, 0
2,1, 297174926800000, 0.022349, 0.030000, 0
2,2, 297174926800000, 0.030679, 0.030000, 0
3,0, 297174926800000, 0.034084, 0.030000, 0
3,1, 297174926800000, 0.022988, 0.030000, 0
3,2, 297174926800000, 0.033275, 0.030000, 0
0,0, 297174927000000, 0.029857, 0.030000, 0
0,1, 297174927000000, 0.020106, 0.030000, 0
0,2, 297174927000000, 0.025654, 0.030000, 0
1,0, 297174927000000, 0.033410, 0.030000, 0
1,1, 297174927000000, 0.024382, 0.030000, 0
1,2, 297174927000000, 0.027261, 0.030000, 0
2,0, 297174927000000, 0.033850, 0.030000, 0
2,1, 297174927000000, 0.025775, 0.030000, 0
2,2, 297174927000000, 0.028479, 0.030000, 0
3,0, 297174927000000, 0.033002, 0.030000, 0
3,1, 297174927000000, 0.023174, 0.030000, 0
3,2, 297174927000000, 0.028317, 0.030000, 0
0,0, 297174927200000, 0.026509, 0.030000, 0
0,1, 297174927200000, 0.021733, 0.030000, 0
0,2, 297174927200000, 0.023047, 0.030000, 0
1,0, 297174927200000, 0.032665, 0.030000, 0
1,1, 297174927200000, 0.022411, 0.030000, 0
1,2, 297174927200000, 0.026771, 0.030000, 0
2,0, 297174927200000, 0.031425, 0.030000, 0
2,1, 297174927200000, 0.023107, 0.030000, 0
2,2, 297174927200000, 0.027380, 0.030000, 0
3,0, 297174927200000, 0.029541, 0.030000, 0
3,1, 297174927200000, 0.023267, 0.030000, 0
3,2, 297174927200000, 0.025839, 0.030000, 0
0,0, 297174927400000, 0.032134, 0.030000, 0
0,1, 297174927400000, 0.019626, 0.030000, 0
0,2, 297174927400000, 0.026124, 0.030000, 0
1,0, 297174927400000, 0.032293, 0.030000, 0
1,1, 297174927400000, 0.017046, 0.030000, 0
1,2, 297174927400000, 0.025065, 0.030000, 0
2,0, 297174927400000, 0.036052, 0.030000, 0
2,1, 297174927400000, 0.021774, 0.030000, 0
2,2, 297174927400000, 0.031210, 0.030000, 0
3,0, 297174927400000, 0.032191, 0.030000, 0
3,1, 297174927400000, 0.021854, 0.030000, 0
3,2, 297174927400000, 0.026059, 0.030000, 0
0,0, 297174927600000, 0.032027, 0.030000, 0
0,1, 297174927600000, 0.024413, 0.030000, 0
0,2, 297174927600000, 0.029122, 0.030000, 0
1,0, 297174927600000, 0.032106, 0.030000, 0
1,1, 297174927600000, 0.021663, 0.030000, 0
1,2, 297174927600000, 0.031513, 0.030000, 0
2,0, 297174927600000, 0.033986, 0.030000, 0
2,1, 297174927600000, 0.026947, 0.030000, 0
2,2, 297174927600000, 0.030205, 0.030000, 0
3,0, 297174927600000, 0.032055, 0.030000, 0
3,1, 297174927600000, 0.028447, 0.030000, 0
3,2, 297174927600000, 0.029090, 0.030000, 0
0,0, 297174927800000, 0.033434, 0.030000, 0
0,1, 297174927800000, 0.029727, 0.030000, 0
0,2, 297174927800000, 0.032121, 0.030000, 0
1,0, 297174927800000, 0.037853, 0.030000, 0
1,1, 297174927800000, 0.028351, 0.030000, 0
1,2, 297174927800000, 0.030376, 0.030000, 0
2,0, 297174927800000, 0.034413, 0.030000, 0
2,1, 297174927800000, 0.028073, 0.030000, 0
2,2, 297174927800000, 0.026782, 0.030000, 0
3,0, 297174927800000, 0.036368, 0.030000, 0
3,1, 297174927800000, 0.030283, 0.030000, 0
3,2, 297174927800000, 0.027705, 0.030000, 0
0,0, 297174928000000, 0.035597, 0.030000, 0
0,1, 297174928000000, 0.019243, 0.030000, 0
0,2, 297174928000000, 0.027740, 0.030000, 0
1,0, 297174928000000, 0.040727, 0.030000, 0
1,1, 297174928000000, 0.021476, 0.030000, 0
1,2, 297174928000000, 0.029788, 0.030000, 0
2,0, 297174928000000, 0.037547, 0.030000, 0
2,1, 297174928000000, 0.022797, 0.030000, 0
2,2, 297174928000000, 0.026531, 0.030000, 0
3,0, 297174928000000, 0.038524, 0.030000, 0
3,1, 297174928000000, 0.025362, 0.030000, 0
3,2, 297174928000000, 0.031372, 0.030000, 0
0,0, 297174928200000, 0.035218, 0.030000, 0
0,1, 297174928200000, 0.027142, 0.030000, 0
0,2, 297174928200000, 0.025550, 0.030000, 0
1,0, 297174928200000, 0.039243, 0.030000, 0
1,1, 297174928200000, 0.031178, 0.030000, 0
1,2, 297174928200000, 0.026574, 0.030000, 0
2,0, 297174928200000, 0.039113, 0.030000, 0
2,1, 297174928200000, 0.031838, 0.030000, 0
2,2, 297174928200000, 0.026406, 0.030000, 0
3,0, 297174928200000, 0.035222, 0.030000, 0
3,1, 297174928200000, 0.028741, 0.030000, 0
3,2, 297174928200000, 0.027366, 0.030000, 0
0,0, 297174928400000, 0.039409, 0.030000, 0
0,1, 297174928400000, 0.029631, 0.030000, 0
0,2, 297174928400000, 0.028835, 0.030000, 0
1,0, 297174928400000, 0.039962, 0.030000, 0
1,1, 297174928400000, 0.030189, 0.030000, 0
1,2, 297174928400000, 0.026427, 0.030000, 0
2,0, 297174928400000, 0.039897, 0.030000, 0
2,1, 297174928400000, 0.031979, 0.030000, 0
2,2, 297174928400000, 0.027803, 0.030000, 0
3,0, 297174928400000, 0.036491, 0.030000, 0
3,1, 297174928400000, 0.028970, 0.030000, 0
3,2, 297174928400000, 0.026823, 0.030000, 0
0,0, 297174928600000, 0.029825, 0.030000, 0
0,1, 297174928600000, 0.026495, 0.030000, 0
0,2, 297174928600000, 0.026098, 0.030000, 0
1,0, 297174928600000, 0.033021, 0.030000, 0
1,1, 297174928600000, 0.028234, 0.030000, 0
1,2, 297174928600000, 0.029274, 0.030000, 0
2,0, 297174928600000, 0.031528, 0.030000, 0
2,1, 297174928600000, 0.029130, 0.030000, 0
2,2, 297174928600000, 0.024121, 0.030000, 0
3,0, 297174928600000, 0.029825, 0.030000, 0
3,1, 297174928600000, 0.024705, 0.030000, 0
3,2, 297174928600000, 0.023632, 0.030000, 0
0,0, 297174928800000, 0.027952, 0.030000, 0
0,1, 297174928800000, 0.023468, 0.030000, 0
0,2, 297174928800000, 0.026189, 0.030000, 0
1,0, 297174928800000, 0.032470, 0.030000, 0
1,1, 297174928800000, 0.025797, 0.030000, 0
1,2, 297174928800000, 0.029237, 0.030000, 0
2,0, 297174928800000, 0.030264, 0.030000, 0
2,1, 297174928800000, 0.024785, 0.030000, 0
2,2, 297174928800000, 0.025201, 0.030000, 0
3,0, 297174928800000, 0.030873, 0.030000, 0
3,1, 297174928800000, 0.024033, 0.030000, 0
3,2, 297174928800000, 0.023496, 0.030000, 0
0,0, 297174929000000, 0.029936, 0.030000, 0
0,1, 297174929000000, 0.026334, 0.030000, 0
0,2, 297174929000000, 0.021854, 0.030000, 0
1,0, 297174929000000, 0.033655, 0.030000, 0
1,1, 297174929000000, 0.028959, 0.030000, 0
1,2, 297174929000000, 0.020458, 0.030000, 0
2,0, 297174929000000, 0.032552, 0.030000, 0
2,1, 297174929000000, 0.026992, 0.030000, 0
2,2, 297174929000000, 0.019900, 0.030000, 0
3,0, 297174929000000, 0.032856, 0.030000, 0
3,1, 297174929000000, 0.023696, 0.030000, 0
3,2, 297174929000000, 0.016128, 0.030000, 0
0,0, 297174929200000, 0.032388, 0.030000, 0
0,1, 297174929200000, 0.026307, 0.030000, 0
0,2, 297174929200000, 0.023627, 0.030000, 0
1,0, 297174929200000, 0.035708, 0.030000, 0
1,1, 297174929200000, 0.024699, 0.030000, 0
1,2, 297174929200000, 0.021469, 0.030000, 0
2,0, 297174929200000, 0.030776, 0.030000, 0
2,1, 297174929200000, 0.025176, 0.030000, 0
2,2, 297174929200000, 0.020170, 0.030000, 0
3,0, 297174929200000, 0.033848, 0.030000, 0
3,1, 297174929200000, 0.024988, 0.030000, 0
3,2, 297174929200000, 0.020764, 0.030000, 0
0,0, 297174929400000, 0.032154, 0.030000, 0
0,1, 297174929400000, 0.029213, 0.030000, 0
0,2, 297174929400000, 0.031294, 0.030000, 0
1,0, 297174929400000, 0.032354, 0.030000, 0
1,1, 297174929400000, 0.026950, 0.030000, 0
1,2, 297174929400000, 0.030215, 0.030000, 0
2,0, 297174929400000, 0.031348, 0.030000, 0
2,1, 297174929400000, 0.028648, 0.030000, 0
2,2, 297174929400000, 0.029065, 0.030000, 0
3,0, 297174929400000, 0.029964, 0.030000, 0
3,1, 297174929400000, 0.027094, 0.030000, 0
3,2, 297174929400000, 0.028402, 0.030000, 0
0,0, 297174929600000, 0.032037, 0.030000, 0
0,1, 297174929600000, 0.026327, 0.030000, 0
0,2, 297174929600000, 0.032727, 0.030000, 0
1,0, 297174929600000, 0.033597, 0.030000, 0
1,1, 297174929600000, 0.025155, 0.030000, 0
1,2, 297174929600000, 0.033647, 0.030000, 0
2,0, 297174929600000, 0.031634, 0.030000, 0
2,1, 297174929600000, 0.021644, 0.030000, 0
2,2, 297174929600000, 0.030593, 0.030000, 0
3,0, 297174929600000, 0.033862, 0.030000, 0
3,1, 297174929600000, 0.026767, 0.030000, 0
3,2, 297174929600000, 0.031281, 0.030000, 0
0,0, 297174929800000, 0.031979, 0.030000, 0
0,1, 297174929800000, 0.026303, 0.030000, 0
0,2, 297174929800000, 0.028523, 0.030000, 0
1,0, 297174929800000, 0.029838, 0.030000, 0
1,1, 297174929800000, 0.025717, 0.030000, 0
1,2, 297174929800000, 0.029004, 0.030000, 0
2,0, 297174929800000, 0.030317, 0.030000, 0
2,1, 297174929800000, 0.021042, 0.030000, 0
2,2, 297174929800000, 0.024056, 0.030000, 0
3,0, 297174929800000, 0.032891, 0.030000, 0
3,1, 297174929800000, 0.025064, 0.030000, 0
3,2, 297174929800000, 0.027780, 0.030000, 0
0,0, 297174930000000, 0.033409, 0.030000, 0
0,1, 297174930000000, 0.030672, 0.030000, 0
0,2, 297174930000000, 0.026642, 0.030000, 0
1,0, 297174930000000, 0.030879, 0.030000, 0
1,1, 297174930000000, 0.031839, 0.030000, 0
1,2, 297174930000000, 0.026882, 0.030000, 0
2,0, 297174930000000, 0.031119, 0.030000, 0
2,1, 297174930000000, 0.025121, 0.030000, 0
2,2, 297174930000000, 0.021488, 0.030000, 0
3,0, 297174930000000, 0.030946, 0.030000, 0
3,1, 297174930000000, 0.027132, 0.030000, 0
3,2, 297174930000000, 0.025570, 0.030000, 0
0,0, 297174930200000, 0.031205, 0.030000, 0
0,1, 297174930200000, 0.025556, 0.030000, 0
0,2, 297174930200000, 0.028721, 0.030000, 0
1,0, 297174930200000, 0.027020, 0.030000, 0
1,1, 297174930200000, 0.026139, 0.030000, 0
1,2, 297174930200000, 0.025941, 0.030000, 0
2,0, 297174930200000, 0.028599, 0.030000, 0
2,1, 297174930200000, 0.021321, 0.030000, 0
2,2, 297174930200000, 0.023224, 0.030000, 0
3,0, 297174930200000, 0.031433, 0.030000, 0
3,1, 297174930200000, 0.023786, 0.030000, 0
3,2, 297174930200000, 0.027385, 0.030000, 0
0,0, 297174930400000, 0.037402, 0.030000, 0
0,1, 297174930400000, 0.029538, 0.030000, 0
0,2, 297174930400000, 0.030420, 0.030000, 0
1,0, 297174930400000, 0.035310, 0.030000, 0
1,1, 297174930400000, 0.029830, 0.030000, 0
1,2, 297174930400000, 0.030490, 0.030000, 0
2,0, 297174930400000, 0.036100, 0.030000, 0
2,1, 297174930400000, 0.025960, 0.030000, 0
2,2, 297174930400000, 0.026212, 0.030000, 0
3,0, 297174930400000, 0.036056, 0.030000, 0
3,1, 297174930400000, 0.026493, 0.030000, 0
3,2, 297174930400000, 0.026833, 0.030000, 0
0,0, 297174930600000, 0.028821, 0.030000, 0
0,1, 297174930600000, 0.025749, 0.030000, 0
0,2, 297174930600000, 0.023970, 0.030000, 0
1,0, 297174930600000, 0.029235, 0.030000, 0
1,1, 297174930600000, 0.028855, 0.030000, 0
1,2, 297174930600000, 0.028385, 0.030000, 0
2,0, 297174930600000, 0.028170, 0.030000, 0
2,1, 297174930600000, 0.023960, 0.030000, 0
2,2, 297174930600000, 0.020406, 0.030000, 0
3,0, 297174930600000, 0.028148, 0.030000, 0
3,1, 297174930600000, 0.027846, 0.030000, 0
3,2, 297174930600000, 0.023636, 0.030000, 0
0,0, 297174930800000, 0.028911, 0.030000, 0
0,1, 297174930800000, 0.018714, 0.030000, 0
0,2, 297174930800000, 0.022205, 0.030000, 0
1,0, 297174930800000, 0.030577, 0.030000, 0
1,1, 297174930800000, 0.024647, 0.030000, 0
1,2, 297174930800000, 0.028793, 0.030000, 0
2,0, 297174930800000, 0.031505, 0.030000, 0
2,1, 297174930800000, 0.022200, 0.030000, 0
2,2, 297174930800000, 0.024803, 0.030000, 0
3,0, 297174930800000, 0.030034, 0.030000, 0
3,1, 297174930800000, 0.022683, 0.030000, 0
3,2, 297174930800000, 0.020578, 0.030000, 0
0,0, 297174931000000, 0.036315, 0.030000, 0
0,1, 297174931000000, 0.025417, 0.030000, 0
0,2, 297174931000000, 0.022783, 0.030000, 0
1,0, 297174931000000, 0.034249, 0.030000, 0
1,1, 297174931000000, 0.022544, 0.030000, 0
1,2, 297174931000000, 0.026076, 0.030000, 0
2,0, 297174931000000, 0.034632, 0.030000, 0
2,1, 297174931000000, 0.024240, 0.030000, 0
2,2, 297174931000000, 0.027002, 0.030000, 0
3,0, 297174931000000, 0.036897, 0.030000, 0
3,1, 297174931000000, 0.024482, 0.030000, 0
3,2, 297174931000000, 0.024889, 0.030000, 0
0,0, 297174931200000, 0.035578, 0.030000, 0
0,1, 297174931200000, 0.024389, 0.030000, 0
0,2, 297174931200000, 0.027451, 0.030000, 0
1,0, 297174931200000, 0.030164, 0.030000, 0
1,1, 297174931200000, 0.021492, 0.030000, 0
1,2, 297174931200000, 0.023258, 0.030000, 0
2,0, 297174931200000, 0.030356, 0.030000, 0
2,1, 297174931200000, 0.022340, 0.030000, 0
2,2, 297174931200000, 0.028101, 0.030000, 0
3,0, 297174931200000, 0.034409, 0.030000, 0
3,1, 297174931200000, 0.023921, 0.030000, 0
3,2, 297174931200000, 0.024125, 0.030000, 0
0,0, 297174931400000, 0.036669, 0.030000, 0
0,1, 297174931400000, 0.026794, 0.030000, 0
0,2, 297174931400000, 0.029786, 0.030000, 0
1,0, 297174931400000, 0.031042, 0.030000, 0
1,1, 297174931400000, 0.020966, 0.030000, 0
1,2, 297174931400000, 0.027689, 0.030000, 0
2,0, 297174931400000, 0.032598, 0.030000, 0
2,1, 297174931400000, 0.024310, 0.030000, 0
2,2, 297174931400000, 0.028650, 0.030000, 0
3,0, 297174931400000, 0.033164, 0.030000, 0
3,1, 297174931400000, 0.022180, 0.030000, 0
3,2, 297174931400000, 0.026662, 0.030000, 0
0,0, 297174931600000, 0.028454, 0.030000, 0
0,1, 297174931600000, 0.025077, 0.030000, 0
0,2, 297174931600000, 0.025113, 0.030000, 0
1,0, 297174931600000, 0.028561, 0.030000, 0
1,1, 297174931600000, 0.023623, 0.030000, 0
1,2, 297174931600000, 0.025525, 0.030000, 0
2,0, 297174931600000, 0.027879, 0.030000, 0
2,1, 297174931600000, 0.025295, 0.030000, 0
2,2, 297174931600000, 0.023085, 0.030000, 0
3,0, 297174931600000, 0.028162, 0.030000, 0
3,1, 297174931600000, 0.021310, 0.030000, 0
3,2, 297174931600000, 0.022091, 0.030000, 0
0,0, 297174931800000, 0.033207, 0.030000, 0
0,1, 297174931800000, 0.023839, 0.030000, 0
0,2, 297174931800000, 0.031536, 0.030000, 0
1,0, 297174931800000, 0.031701, 0.030000, 0
1,1, 297174931800000, 0.020571, 0.030000, 0
1,2, 297174931800000, 0.028822, 0.030000, 0
2,0, 297174931800000, 0.034360, 0.030000, 0
2,1, 297174931800000, 0.025408, 0.030000, 0
2,2, 297174931800000, 0.029063, 0.030000, 0
3,0, 297174931800000, 0.030101, 0.030000, 0
3,1, 297174931800000, 0.020495, 0.030000, 0
3,2, 297174931800000, 0.024186, 0.030000, 0
0,0, 297174932000000, 0.032564, 0.030000, 0
0,1, 297174932000000, 0.028419, 0.030000, 0
0,2, 297174932000000, 0.028908, 0.030000, 0
1,0, 297174932000000, 0.028890, 0.030000, 0
1,1, 297174932000000, 0.024886, 0.030000, 0
1,2, 297174932000000, 0.031931, 0.030000, 0
2,0, 297174932000000, 0.030220, 0.030000, 0
2,1, 297174932000000, 0.027744, 0.030000, 0
2,2, 297174932000000, 0.026211, 0.030000, 0
3,0, 297174932000000, 0.028091, 0.030000, 0
3,1, 297174932000000, 0.022348, 0.030000, 0
3,2, 297174932000000, 0.026693, 0.030000, 0
0,0, 297174932200000, 0.033762, 0.030000, 0
0,1, 297174932200000, 0.025890, 0.030000, 0
0,2, 297174932200000, 0.026134, 0.030000, 0
1,0, 297174932200000, 0.034865, 0.030000, 0
1,1, 297174932200000, 0.022663, 0.030000, 0
1,2, 297174932200000, 0.027646, 0.030000, 0
2,0, 297174932200000, 0.035450, 0.030000, 0
2,1, 297174932200000, 0.025552, 0.030000, 0
2,2, 297174932200000, 0.027706, 0.030000, 0
3,0, 297174932200000, 0.033005, 0.030000, 0
3,1, 297174932200000, 0.021394, 0.030000, 0
3,2, 297174932200000, 0.023566, 0.030000, 0
0,0, 297174932400000, 0.032841, 0.030000, 0
0,1, 297174932400000, 0.026085, 0.030000, 0
0,2, 297174932400000, 0.024747, 0.030000, 0
1,0, 297174932400000, 0.031933, 0.030000, 0
1,1, 297174932400000, 0.025931, 0.030000, 0
1,2, 297174932400000, 0.025503, 0.030000, 0
2,0, 297174932400000, 0.029305, 0.030000, 0
2,1, 297174932400000, 0.022996, 0.030000, 0
2,2, 297174932400000, 0.025533, 0.030000, 0
3,0, 297174932400000, 0.029543, 0.030000, 0
3,1, 297174932400000, 0.020917, 0.030000, 0
3,2, 297174932400000, 0.020543, 0.030000, 0
0,0, 297174932600000, 0.032380, 0.030000, 0
0,1, 297174932600000, 0.021802, 0.030000, 0
0,2, 297174932600000, 0.021134, 0.030000, 0
1,0, 297174932600000, 0.034846, 0.030000, 0
1,1, 297174932600000, 0.021726, 0.030000, 0
1,2, 297174932600000, 0.021511, 0.030000, 0
2,0, 297174932600000, 0.029152, 0.030000, 0
2,1, 297174932600000, 0.018798, 0.030000, 0
2,2, 297174932600000, 0.020066, 0.030000, 0
3,0, 297174932600000, 0.033651, 0.030000, 0
3,1, 297174932600000, 0.020678, 0.030000, 0
3,2, 297174932600000, 0.020492, 0.030000, 0
0,0, 297174932800000, 0.032150, 0.030000, 0
0,1, 297174932800000, 0.026961, 0.030000, 0
0,2, 297174932800000, 0.025167, 0.030000, 0
1,0, 297174932800000, 0.034843, 0.030000, 0
1,1, 297174932800000, 0.024003, 0.030000, 0
1,2, 297174932800000, 0.023896, 0.030000, 0
2,0, 297174932800000, 0.030536, 0.030000, 0
2,1, 297174932800000, 0.022539, 0.030000, 0
2,2, 297174932800000, 0.021713, 0.030000, 0
3,0, 297174932800000, 0.035706, 0.030000, 0
3,1, 297174932800000, 0.024939, 0.030000, 0
3,2, 297174932800000, 0.023386, 0.030000, 0
0,0, 297174933000000, 0.033495, 0.030000, 0
0,1, 297174933000000, 0.023701, 0.030000, 0
0,2, 297174933000000, 0.024263, 0.030000, 0
1,0, 297174933000000, 0.034842, 0.030000, 0
1,1, 297174933000000, 0.022221, 0.030000, 0
1,2, 297174933000000, 0.028008, 0.030000, 0
2,0, 297174933000000, 0.032688, 0.030000, 0
2,1, 297174933000000, 0.024409, 0.030000, 0
2,2, 297174933000000, 0.028377, 0.030000, 0
3,0, 297174933000000, 0.033813, 0.030000, 0
3,1, 297174933000000, 0.022690, 0.030000, 0
3,2, 297174933000000, 0.023373, 0.030000, 0
0,0, 297174933200000, 0.035628, 0.030000, 0
0,1, 297174933200000, 0.024990, 0.030000, 0
0,2, 297174933200000, 0.029652, 0.030000, 0
1,0, 297174933200000, 0.036301, 0.030000, 0
1,1, 297174933200000, 0.025711, 0.030000, 0
1,2, 297174933200000, 0.032984, 0.030000, 0
2,0, 297174933200000, 0.032304, 0.030000, 0
2,1, 297174933200000, 0.028265, 0.030000, 0
2,2, 297174933200000, 0.033168, 0.030000, 0
3,0, 297174933200000, 0.035786, 0.030000, 0
3,1, 297174933200000, 0.024485, 0.030000, 0
3,2, 297174933200000, 0.026286, 0.030000, 0
0,0, 297174933400000, 0.035234, 0.030000, 0
0,1, 297174933400000, 0.027095, 0.030000, 0
0,2, 297174933400000, 0.029426, 0.030000, 0
1,0, 297174933400000, 0.037030, 0.030000, 0
1,1, 297174933400000, 0.030375, 0.030000, 0
1,2, 297174933400000, 0.029632, 0.030000, 0
2,0, 297174933400000, 0.036492, 0.030000, 0
2,1, 297174933400000, 0.028732, 0.030000, 0
2,2, 297174933400000, 0.031184, 0.030000, 0
3,0, 297174933400000, 0.033853, 0.030000, 0
3,1, 297174933400000, 0.026842, 0.030000, 0
3,2, 297174933400000, 0.027743, 0.030000, 0
0,0, 297174933600000, 0.039417, 0.030000, 0
0,1, 297174933600000, 0.028148, 0.030000, 0
0,2, 297174933600000, 0.032233, 0.030000, 0
1,0, 297174933600000, 0.041775, 0.030000, 0
1,1, 297174933600000, 0.031248, 0.030000, 0
1,2, 297174933600000, 0.032336, 0.030000, 0
2,0, 297174933600000, 0.040046, 0.030000, 0
2,1, 297174933600000, 0.033346, 0.030000, 0
2,2, 297174933600000, 0.034572, 0.030000, 0
3,0, 297174933600000, 0.035807, 0.030000, 0
3,1, 297174933600000, 0.025101, 0.030000, 0
3,2, 297174933600000, 0.029932, 0.030000, 0
0,0, 297174933800000, 0.037128, 0.030000, 0
0,1, 297174933800000, 0.027214, 0.030000, 0
0,2, 297174933800000, 0.032176, 0.030000, 0
1,0, 297174933800000, 0.038308, 0.030000, 0
1,1, 297174933800000, 0.027304, 0.030000, 0
1,2, 297174933800000, 0.033688, 0.030000, 0
2,0, 297174933800000, 0.037443, 0.030000, 0
2,1, 297174933800000, 0.028353, 0.030000, 0
2,2, 297174933800000, 0.034806, 0.030000, 0
3,0, 297174933800000, 0.033863, 0.030000, 0
3,1, 297174933800000, 0.024231, 0.030000, 0
3,2, 297174933800000, 0.029566, 0.030000, 0
0,0, 297174934000000, 0.033064, 0.030000, 0
0,1, 297174934000000, 0.026787, 0.030000, 0
0,2, 297174934000000, 0.026308, 0.030000, 0
1,0, 297174934000000, 0.033654, 0.030000, 0
1,1, 297174934000000, 0.025352, 0.030000, 0
1,2, 297174934000000, 0.027064, 0.030000, 0
2,0, 297174934000000, 0.033222, 0.030000, 0
2,1, 297174934000000, 0.028837, 0.030000, 0
2,2, 297174934000000, 0.029083, 0.030000, 0
3,0, 297174934000000, 0.032892, 0.030000, 0
3,1, 297174934000000, 0.025255, 0.030000, 0
3,2, 297174934000000, 0.026463, 0.030000, 0
0,0, 297174934200000, 0.032492, 0.030000, 0
0,1, 297174934200000, 0.023613, 0.030000, 0
0,2, 297174934200000, 0.026294, 0.030000, 0
1,0, 297174934200000, 0.034247, 0.030000, 0
1,1, 297174934200000, 0.024356, 0.030000, 0
1,2, 297174934200000, 0.025212, 0.030000, 0
2,0, 297174934200000, 0.032571, 0.030000, 0
2,1, 297174934200000, 0.027558, 0.030000, 0
2,2, 297174934200000, 0.029142, 0.030000, 0
3,0, 297174934200000, 0.030946, 0.030000, 0
3,1, 297174934200000, 0.021388, 0.030000, 0
3,2, 297174934200000, 0.026371, 0.030000, 0
0,0, 297174934400000, 0.035126, 0.030000, 0
0,1, 297174934400000, 0.026407, 0.030000, 0
0,2, 297174934400000, 0.023367, 0.030000, 0
1,0, 297174934400000, 0.038923, 0.030000, 0
1,1, 297174934400000, 0.025318, 0.030000, 0
1,2, 297174934400000, 0.024286, 0.030000, 0
2,0, 297174934400000, 0.035165, 0.030000, 0
2,1, 297174934400000, 0.026919, 0.030000, 0
2,2, 297174934400000, 0.024791, 0.030000, 0
3,0, 297174934400000, 0.037273, 0.030000, 0
3,1, 297174934400000, 0.026754, 0.030000, 0
3,2, 297174934400000, 0.024866, 0.030000, 0
0,0, 297174934600000, 0.030603, 0.030000, 0
0,1, 297174934600000, 0.027803, 0.030000, 0
0,2, 297174934600000, 0.021904, 0.030000, 0
1,0, 297174934600000, 0.032502, 0.030000, 0
1,1, 297174934600000, 0.027259, 0.030000, 0
1,2, 297174934600000, 0.022363, 0.030000, 0
2,0, 297174934600000, 0.030623, 0.030000, 0
2,1, 297174934600000, 0.028060, 0.030000, 0
2,2, 297174934600000, 0.022615, 0.030000, 0
3,0, 297174934600000, 0.030216, 0.030000, 0
3,1, 297174934600000, 0.026517, 0.030000, 0
3,2, 297174934600000, 0.021193, 0.030000, 0
0,0, 297174934800000, 0.031262, 0.030000, 0
0,1, 297174934800000, 0.024122, 0.030000, 0
0,2, 297174934800000, 0.022632, 0.030000, 0
1,0, 297174934800000, 0.033671, 0.030000, 0
1,1, 297174934800000, 0.025309, 0.030000, 0
1,2, 297174934800000, 0.021401, 0.030000, 0
2,0, 297174934800000, 0.029811, 0.030000, 0
2,1, 297174934800000, 0.024250, 0.030000, 0
2,2, 297174934800000, 0.022988, 0.030000, 0
3,0, 297174934800000, 0.031068, 0.030000, 0
3,1, 297174934800000, 0.024938, 0.030000, 0
3,2, 297174934800000, 0.020816, 0.030000, 0
0,0, 297174935000000, 0.036011, 0.030000, 0
0,1, 297174935000000, 0.031041, 0.030000, 0
0,2, 297174935000000, 0.030296, 0.030000, 0
1,0, 297174935000000, 0.035775, 0.030000, 0
1,1, 297174935000000, 0.027255, 0.030000, 0
1,2, 297174935000000, 0.028221, 0.030000, 0
2,0, 297174935000000, 0.032366, 0.030000, 0
2,1, 297174935000000, 0.025265, 0.030000, 0
2,2, 297174935000000, 0.027554, 0.030000, 0
3,0, 297174935000000, 0.031494, 0.030000, 0
3,1, 297174935000000, 0.027069, 0.030000, 0
3,2, 297174935000000, 0.027928, 0.030000, 0
0,0, 297174935200000, 0.041265, 0.030000, 0
0,1, 297174935200000, 0.028660, 0.030000, 0
0,2, 297174935200000, 0.029748, 0.030000, 0
1,0, 297174935200000, 0.039688, 0.030000, 0
1,1, 297174935200000, 0.031147, 0.030000, 0
1,2, 297174935200000, 0.031630, 0.030000, 0
2,0, 297174935200000, 0.035063, 0.030000, 0
2,1, 297174935200000, 0.025772, 0.030000, 0
2,2, 297174935200000, 0.029837, 0.030000, 0
3,0, 297174935200000, 0.037547, 0.030000, 0
3,1, 297174935200000, 0.026675, 0.030000, 0
3,2, 297174935200000, 0.031484, 0.030000, 0
0,0, 297174935400000, 0.039573, 0.030000, 0
0,1, 297174935400000, 0.031850, 0.030000, 0
0,2, 297174935400000, 0.029474, 0.030000, 0
1,0, 297174935400000, 0.038804, 0.030000, 0
1,1, 297174935400000, 0.030174, 0.030000, 0
1,2, 297174935400000, 0.028955, 0.030000, 0
2,0, 297174935400000, 0.036411, 0.030000, 0
2,1, 297174935400000, 0.028946, 0.030000, 0
2,2, 297174935400000, 0.026598, 0.030000, 0
3,0, 297174935400000, 0.039154, 0.030000, 0
3,1, 297174935400000, 0.030857, 0.030000, 0
3,2, 297174935400000, 0.028882, 0.030000, 0
0,0, 297174935600000, 0.041586, 0.030000, 0
0,1, 297174935600000, 0.027605, 0.030000, 0
0,2, 297174935600000, 0.032257, 0.030000, 0
1,0, 297174935600000, 0.039742, 0.030000, 0
1,1, 297174935600000, 0.022387, 0.030000, 0
1,2, 297174935600000, 0.027618, 0.030000, 0
2,0, 297174935600000, 0.041466, 0.030000, 0
2,1, 297174935600000, 0.023233, 0.030000, 0
2,2, 297174935600000, 0.026439, 0.030000, 0
3,0, 297174935600000, 0.039917, 0.030000, 0
3,1, 297174935600000, 0.022729, 0.030000, 0
3,2, 297174935600000, 0.027581, 0.030000, 0
0,0, 297174935800000, 0.042593, 0.030000, 0
0,1, 297174935800000, 0.028403, 0.030000, 0
0,2, 297174935800000, 0.030728, 0.030000, 0
1,0, 297174935800000, 0.041671, 0.030000, 0
1,1, 297174935800000, 0.024333, 0.030000, 0
1,2, 297174935800000, 0.025489, 0.030000, 0
2,0, 297174935800000, 0.043993, 0.030000, 0
2,1, 297174935800000, 0.029137, 0.030000, 0
2,2, 297174935800000, 0.027820, 0.030000, 0
3,0, 297174935800000, 0.038838, 0.030000, 0
3,1, 297174935800000, 0.027424, 0.030000, 0
3,2, 297174935800000, 0.025471, 0.030000, 0
0,0, 297174936000000, 0.038717, 0.030000, 0
0,1, 297174936000000, 0.024421, 0.030000, 0
0,2, 297174936000000, 0.028504, 0.030000, 0
1,0, 297174936000000, 0.036795, 0.030000, 0
1,1, 297174936000000, 0.022387, 0.030000, 0
1,2, 297174936000000, 0.024424, 0.030000, 0
2,0, 297174936000000, 0.035036, 0.030000, 0
2,1, 297174936000000, 0.020408, 0.030000, 0
2,2, 297174936000000, 0.024130, 0.030000, 0
3,0, 297174936000000, 0.036839, 0.030000, 0
3,1, 297174936000000, 0.026852, 0.030000, 0
3,2, 297174936000000, 0.025875, 0.030000, 0
0,0, 297174936200000, 0.039698, 0.030000, 0
0,1, 297174936200000, 0.031191, 0.030000, 0
0,2, 297174936200000, 0.027392, 0.030000, 0
1,0, 297174936200000, 0.037278, 0.030000, 0
1,1, 297174936200000, 0.027253, 0.030000, 0
1,2, 297174936200000, 0.025352, 0.030000, 0
2,0, 297174936200000, 0.036398, 0.030000, 0
2,1, 297174936200000, 0.024804, 0.030000, 0
2,2, 297174936200000, 0.026665, 0.030000, 0
3,0, 297174936200000, 0.037300, 0.030000, 0
3,1, 297174936200000, 0.029486, 0.030000, 0
3,2, 297174936200000, 0.024618, 0.030000, 0
0,0, 297174936400000, 0.037269, 0.030000, 0
0,1, 297174936400000, 0.031655, 0.030000, 0
0,2, 297174936400000, 0.025376, 0.030000, 0
1,0, 297174936400000, 0.033139, 0.030000, 0
1,1, 297174936400000, 0.026767, 0.030000, 0
1,2, 297174936400000, 0.021436, 0.030000, 0
2,0, 297174936400000, 0.032699, 0.030000, 0
2,1, 297174936400000, 0.025542, 0.030000, 0
2,2, 297174936400000, 0.022092, 0.030000, 0
3,0, 297174936400000, 0.031690, 0.030000, 0
3,1, 297174936400000, 0.029343, 0.030000, 0
3,2, 297174936400000, 0.022529, 0.030000, 0
0,0, 297174936600000, 0.038975, 0.030000, 0
0,1, 297174936600000, 0.031888, 0.030000, 0
0,2, 297174936600000, 0.024368, 0.030000, 0
1,0, 297174936600000, 0.036909, 0.030000, 0
1,1, 297174936600000, 0.026523, 0.030000, 0
1,2, 297174936600000, 0.020938, 0.030000, 0
2,0, 297174936600000, 0.036690, 0.030000, 0
2,1, 297174936600000, 0.025911, 0.030000, 0
2,2, 297174936600000, 0.021266, 0.030000, 0
3,0, 297174936600000, 0.036185, 0.030000, 0
3,1, 297174936600000, 0.029272, 0.030000, 0
3,2, 297174936600000, 0.022944, 0.030000, 0
0,0, 297174936800000, 0.036907, 0.030000, 0
0,1, 297174936800000, 0.032004, 0.030000, 0
0,2, 297174936800000, 0.025324, 0.030000, 0
1,0, 297174936800000, 0.032955, 0.030000, 0
1,1, 297174936800000, 0.022022, 0.030000, 0
1,2, 297174936800000, 0.023609, 0.030000, 0
2,0, 297174936800000, 0.034305, 0.030000, 0
2,1, 297174936800000, 0.030476, 0.030000, 0
2,2, 297174936800000, 0.023773, 0.030000, 0
3,0, 297174936800000, 0.034052, 0.030000, 0
3,1, 297174936800000, 0.029236, 0.030000, 0
3,2, 297174936800000, 0.024612, 0.030000, 0
0,0, 297174937000000, 0.038794, 0.030000, 0
0,1, 297174937000000, 0.030602, 0.030000, 0
0,2, 297174937000000, 0.028722, 0.030000, 0
1,0, 297174937000000, 0.033897, 0.030000, 0
1,1, 297174937000000, 0.022691, 0.030000, 0
1,2, 297174937000000, 0.023485, 0.030000, 0
2,0, 297174937000000, 0.036032, 0.030000, 0
2,1, 297174937000000, 0.028378, 0.030000, 0
2,2, 297174937000000, 0.022107, 0.030000, 0
3,0, 297174937000000, 0.032986, 0.030000, 0
3,1, 297174937000000, 0.027758, 0.030000, 0
3,2, 297174937000000, 0.022526, 0.030000, 0
0,0, 297174937200000, 0.038277, 0.030000, 0
0,1, 297174937200000, 0.024061, 0.030000, 0
0,2, 297174937200000, 0.028961, 0.030000, 0
1,0, 297174937200000, 0.034369, 0.030000, 0
1,1, 297174937200000, 0.021565, 0.030000, 0
1,2, 297174937200000, 0.027802, 0.030000, 0
2,0, 297174937200000, 0.035436, 0.030000, 0
2,1, 297174937200000, 0.025869, 0.030000, 0
2,2, 297174937200000, 0.025653, 0.030000, 0
3,0, 297174937200000, 0.035373, 0.030000, 0
3,1, 297174937200000, 0.022639, 0.030000, 0
3,2, 297174937200000, 0.022943, 0.030000, 0
0,0, 297174937400000, 0.033638, 0.030000, 0
0,1, 297174937400000, 0.022250, 0.030000, 0
0,2, 297174937400000, 0.026161, 0.030000, 0
1,0, 297174937400000, 0.034604, 0.030000, 0
1,1, 297174937400000, 0.022463, 0.030000, 0
1,2, 297174937400000, 0.024121, 0.030000, 0
2,0, 297174937400000, 0.033678, 0.030000, 0
2,1, 297174937400000, 0.024614, 0.030000, 0
2,2, 297174937400000, 0.024507, 0.030000, 0
3,0, 297174937400000, 0.033647, 0.030000, 0
3,1, 297174937400000, 0.025919, 0.030000, 0
3,2, 297174937400000, 0.021692, 0.030000, 0
0,0, 297174937600000, 0.034239, 0.030000, 0
0,1, 297174937600000, 0.025725, 0.030000, 0
0,2, 297174937600000, 0.026220, 0.030000, 0
1,0, 297174937600000, 0.033262, 0.030000, 0
1,1, 297174937600000, 0.024371, 0.030000, 0
1,2, 297174937600000, 0.020821, 0.030000, 0
2,0, 297174937600000, 0.032799, 0.030000, 0
2,1, 297174937600000, 0.026907, 0.030000, 0
2,2, 297174937600000, 0.025393, 0.030000, 0
3,0, 297174937600000, 0.031323, 0.030000, 0
3,1, 297174937600000, 0.027560, 0.030000, 0
3,2, 297174937600000, 0.023986, 0.030000, 0
0,0, 297174937800000, 0.033080, 0.030000, 0
0,1, 297174937800000, 0.028923, 0.030000, 0
0,2, 297174937800000, 0.027710, 0.030000, 0
1,0, 297174937800000, 0.032591, 0.030000, 0
1,1, 297174937800000, 0.029706, 0.030000, 0
1,2, 297174937800000, 0.026470, 0.030000, 0
2,0, 297174937800000, 0.027980, 0.030000, 0
2,1, 297174937800000, 0.028054, 0.030000, 0
2,2, 297174937800000, 0.027297, 0.030000, 0
3,0, 297174937800000, 0.031622, 0.030000, 0
3,1, 297174937800000, 0.026920, 0.030000, 0
3,2, 297174937800000, 0.028053, 0.030000, 0
0,0, 297174938000000, 0.033960, 0.030000, 0
0,1, 297174938000000, 0.031981, 0.030000, 0
0,2, 297174938000000, 0.026995, 0.030000, 0
1,0, 297174938000000, 0.030796, 0.030000, 0
1,1, 297174938000000, 0.032373, 0.030000, 0
1,2, 297174938000000, 0.023455, 0.030000, 0
2,0, 297174938000000, 0.028490, 0.030000, 0
2,1, 297174938000000, 0.031547, 0.030000, 0
2,2, 297174938000000, 0.023868, 0.030000, 0
3,0, 297174938000000, 0.028851, 0.030000, 0
3,1, 297174938000000, 0.026600, 0.030000, 0
3,2, 297174938000000, 0.019866, 0.030000, 0
0,0, 297174938200000, 0.037320, 0.030000, 0
0,1, 297174938200000, 0.032051, 0.030000, 0
0,2, 297174938200000, 0.028098, 0.030000, 0
1,0, 297174938200000, 0.040118, 0.030000, 0
1,1, 297174938200000, 0.032246, 0.030000, 0
1,2, 297174938200000, 0.027788, 0.030000, 0
2,0, 297174938200000, 0.037505, 0.030000, 0
2,1, 297174938200000, 0.033293, 0.030000, 0
2,2, 297174938200000, 0.026534, 0.030000, 0
3,0, 297174938200000, 0.036225, 0.030000, 0
3,1, 297174938200000, 0.029360, 0.030000, 0
3,2, 297174938200000, 0.025993, 0.030000, 0
0,0, 297174938400000, 0.036080, 0.030000, 0
0,1, 297174938400000, 0.030625, 0.030000, 0
0,2, 297174938400000, 0.030109, 0.030000, 0
1,0, 297174938400000, 0.034559, 0.030000, 0
1,1, 297174938400000, 0.032183, 0.030000, 0
1,2, 297174938400000, 0.029954, 0.030000, 0
2,0, 297174938400000, 0.034712, 0.030000, 0
2,1, 297174938400000, 0.028327, 0.030000, 0
2,2, 297174938400000, 0.026407, 0.030000, 0
3,0, 297174938400000, 0.034073, 0.030000, 0
3,1, 297174938400000, 0.029280, 0.030000, 0
3,2, 297174938400000, 0.029057, 0.030000, 0
0,0, 297174938600000, 0.038380, 0.030000, 0
0,1, 297174938600000, 0.035753, 0.030000, 0
0,2, 297174938600000, 0.031114, 0.030000, 0
1,0, 297174938600000, 0.031779, 0.030000, 0
1,1, 297174938600000, 0.030692, 0.030000, 0
1,2, 297174938600000, 0.028117, 0.030000, 0
2,0, 297174938600000, 0.033316, 0.030000, 0
2,1, 297174938600000, 0.030223, 0.030000, 0
2,2, 297174938600000, 0.026344, 0.030000, 0
3,0, 297174938600000, 0.034456, 0.030000, 0
3,1, 297174938600000, 0.033620, 0.030000, 0
3,2, 297174938600000, 0.024748, 0.030000, 0
0,0, 297174938800000, 0.032230, 0.030000, 0
0,1, 297174938800000, 0.026636, 0.030000, 0
0,2, 297174938800000, 0.027237, 0.030000, 0
1,0, 297174938800000, 0.028930, 0.030000, 0
1,1, 297174938800000, 0.022646, 0.030000, 0
1,2, 297174938800000, 0.024278, 0.030000, 0
2,0, 297174938800000, 0.031158, 0.030000, 0
2,1, 297174938800000, 0.023872, 0.030000, 0
2,2, 297174938800000, 0.023392, 0.030000, 0
3,0, 297174938800000, 0.031728, 0.030000, 0
3,1, 297174938800000, 0.027030, 0.030000, 0
3,2, 297174938800000, 0.024054, 0.030000, 0
0,0, 297174939000000, 0.034995, 0.030000, 0
0,1, 297174939000000, 0.026458, 0.030000, 0
0,2, 297174939000000, 0.023099, 0.030000, 0
1,0, 297174939000000, 0.033345, 0.030000, 0
1,1, 297174939000000, 0.021543, 0.030000, 0
1,2, 297174939000000, 0.018719, 0.030000, 0
2,0, 297174939000000, 0.038839, 0.030000, 0
2,1, 297174939000000, 0.025076, 0.030000, 0
2,2, 297174939000000, 0.019696, 0.030000, 0
3,0, 297174939000000, 0.036204, 0.030000, 0
3,1, 297174939000000, 0.025195, 0.030000, 0
3,2, 297174939000000, 0.020807, 0.030000, 0
0,0, 297174939200000, 0.034917, 0.030000, 0
0,1, 297174939200000, 0.023449, 0.030000, 0
0,2, 297174939200000, 0.018149, 0.030000, 0
1,0, 297174939200000, 0.035552, 0.030000, 0
1,1, 297174939200000, 0.023911, 0.030000, 0
1,2, 297174939200000, 0.017440, 0.030000, 0
2,0, 297174939200000, 0.044140, 0.030000, 0
2,1, 297174939200000, 0.027138, 0.030000, 0
2,2, 297174939200000, 0.023788, 0.030000, 0
3,0, 297174939200000, 0.038442, 0.030000, 0
3,1, 297174939200000, 0.027197, 0.030000, 0
3,2, 297174939200000, 0.023544, 0.030000, 0
0,0, 297174939400000, 0.033419, 0.030000, 0
0,1, 297174939400000, 0.017185, 0.030000, 0
0,2, 297174939400000, 0.021775, 0.030000, 0
1,0, 297174939400000, 0.030816, 0.030000, 0
1,1, 297174939400000, 0.020716, 0.030000, 0
1,2, 297174939400000, 0.022880, 0.030000, 0
2,0, 297174939400000, 0.035110, 0.030000, 0
2,1, 297174939400000, 0.020489, 0.030000, 0
2,2, 297174939400000, 0.026494, 0.030000, 0
3,0, 297174939400000, 0.036641, 0.030000, 0
3,1, 297174939400000, 0.021979, 0.030000, 0
3,2, 297174939400000, 0.025932, 0.030000, 0
0,0, 297174939600000, 0.031209, 0.030000, 0
0,1, 297174939600000, 0.017752, 0.030000, 0
0,2, 297174939600000, 0.023067, 0.030000, 0
1,0, 297174939600000, 0.028448, 0.030000, 0
1,1, 297174939600000, 0.022038, 0.030000, 0
1,2, 297174939600000, 0.023620, 0.030000, 0
2,0, 297174939600000, 0.030595, 0.030000, 0
2,1, 297174939600000, 0.019404, 0.030000, 0
2,2, 297174939600000, 0.026387, 0.030000, 0
3,0, 297174939600000, 0.028441, 0.030000, 0
3,1, 297174939600000, 0.021629, 0.030000, 0
3,2, 297174939600000, 0.025126, 0.030000, 0
0,0, 297174939800000, 0.031565, 0.030000, 0
0,1, 297174939800000, 0.023476, 0.030000, 0
0,2, 297174939800000, 0.023214, 0.030000, 0
1,0, 297174939800000, 0.030184, 0.030000, 0
1,1, 297174939800000, 0.024159, 0.030000, 0
1,2, 297174939800000, 0.026410, 0.030000, 0
2,0, 297174939800000, 0.032717, 0.030000, 0
2,1, 297174939800000, 0.024302, 0.030000, 0
2,2, 297174939800000, 0.027793, 0.030000, 0
3,0, 297174939800000, 0.028720, 0.030000, 0
3,1, 297174939800000, 0.025415, 0.030000, 0
3,2, 297174939800000, 0.024243, 0.030000, 0
0,0, 297174940000000, 0.033202, 0.030000, 0
0,1, 297174940000000, 0.030718, 0.030000, 0
0,2, 297174940000000, 0.027667, 0.030000, 0
1,0, 297174940000000, 0.032512, 0.030000, 0
1,1, 297174940000000, 0.028139, 0.030000, 0
1,2, 297174940000000, 0.026345, 0.030000, 0
2,0, 297174940000000, 0.035239, 0.030000, 0
2,1, 297174940000000, 0.029671, 0.030000, 0
2,2, 297174940000000, 0.029957, 0.030000, 0
3,0, 297174940000000, 0.033240, 0.030000, 0
3,1, 297174940000000, 0.030227, 0.030000, 0
3,2, 297174940000000, 0.028181, 0.030000, 0
0,0, 297174940200000, 0.036941, 0.030000, 0
0,1, 297174940200000, 0.028499, 0.030000, 0
0,2, 297174940200000, 0.022593, 0.030000, 0
1,0, 297174940200000, 0.033676, 0.030000, 0
1,1, 297174940200000, 0.025750, 0.030000, 0
1,2, 297174940200000, 0.021932, 0.030000, 0
2,0, 297174940200000, 0.035039, 0.030000, 0
2,1, 297174940200000, 0.026516, 0.030000, 0
2,2, 297174940200000, 0.023738, 0.030000, 0
3,0, 297174940200000, 0.034040, 0.030000, 0
3,1, 297174940200000, 0.026794, 0.030000, 0
3,2, 297174940200000, 0.022851, 0.030000, 0
0,0, 297174940400000, 0.038811, 0.030000, 0
0,1, 297174940400000, 0.024470, 0.030000, 0
0,2, 297174940400000, 0.024437, 0.030000, 0
1,0, 297174940400000, 0.032798, 0.030000, 0
1,1, 297174940400000, 0.026015, 0.030000, 0
1,2, 297174940400000, 0.024106, 0.030000, 0
2,0, 297174940400000, 0.032020, 0.030000, 0
2,1, 297174940400000, 0.022018, 0.030000, 0
2,2, 297174940400000, 0.023549, 0.030000, 0
3,0, 297174940400000, 0.034440, 0.030000, 0
3,1, 297174940400000, 0.025077, 0.030000, 0
3,2, 297174940400000, 0.030405, 0.030000, 0
0,0, 297174940600000, 0.036065, 0.030000, 0
0,1, 297174940600000, 0.023915, 0.030000, 0
0,2, 297174940600000, 0.029738, 0.030000, 0
1,0, 297174940600000, 0.034519, 0.030000, 0
1,1, 297174940600000, 0.024687, 0.030000, 0
1,2, 297174940600000, 0.028113, 0.030000, 0
2,0, 297174940600000, 0.031210, 0.030000, 0
2,1, 297174940600000, 0.024149, 0.030000, 0
2,2, 297174940600000, 0.027835, 0.030000, 0
3,0, 297174940600000, 0.033180, 0.030000, 0
3,1, 297174940600000, 0.024218, 0.030000, 0
3,2, 297174940600000, 0.031263, 0.030000, 0
0,0, 297174940800000, 0.039193, 0.030000, 0
0,1, 297174940800000, 0.029477, 0.030000, 0
0,2, 297174940800000, 0.029469, 0.030000, 0
1,0, 297174940800000, 0.037000, 0.030000, 0
1,1, 297174940800000, 0.028404, 0.030000, 0
1,2, 297174940800000, 0.027197, 0.030000, 0
2,0, 297174940800000, 0.032385, 0.030000, 0
2,1, 297174940800000, 0.026674, 0.030000, 0
2,2, 297174940800000, 0.027057, 0.030000, 0
3,0, 297174940800000, 0.034010, 0.030000, 0
3,1, 297174940800000, 0.029629, 0.030000, 0
3,2, 297174940800000, 0.027311, 0.030000, 0
0,0, 297174941000000, 0.040016, 0.030000, 0
0,1, 297174941000000, 0.033719, 0.030000, 0
0,2, 297174941000000, 0.032255, 0.030000, 0
1,0, 297174941000000, 0.035920, 0.030000, 0
1,1, 297174941000000, 0.030262, 0.030000, 0
1,2, 297174941000000, 0.026738, 0.030000, 0
2,0, 297174941000000, 0.038072, 0.030000, 0
2,1, 297174941000000, 0.029397, 0.030000, 0
2,2, 297174941000000, 0.028129, 0.030000, 0
3,0, 297174941000000, 0.038865, 0.030000, 0
3,1, 297174941000000, 0.033795, 0.030000, 0
3,2, 297174941000000, 0.029716, 0.030000, 0
0,0, 297174941200000, 0.038888, 0.030000, 0
0,1, 297174941200000, 0.028539, 0.030000, 0
0,2, 297174941200000, 0.027807, 0.030000, 0
1,0, 297174941200000, 0.033920, 0.030000, 0
1,1, 297174941200000, 0.026811, 0.030000, 0
1,2, 297174941200000, 0.025049, 0.030000, 0
2,0, 297174941200000, 0.034996, 0.030000, 0
2,1, 297174941200000, 0.027839, 0.030000, 0
2,2, 297174941200000, 0.024284, 0.030000, 0
3,0, 297174941200000, 0.036853, 0.030000, 0
3,1, 297174941200000, 0.028577, 0.030000, 0
3,2, 297174941200000, 0.025078, 0.030000, 0
0,0, 297174941400000, 0.035404, 0.030000, 0
0,1, 297174941400000, 0.027410, 0.030000, 0
0,2, 297174941400000, 0.024124, 0.030000, 0
1,0, 297174941400000, 0.030000, 0.030000, 0
1,1, 297174941400000, 0.025085, 0.030000, 0
1,2, 297174941400000, 0.025665, 0.030000, 0
2,0, 297174941400000, 0.033458, 0.030000, 0
2,1, 297174941400000, 0.025599, 0.030000, 0
2,2, 297174941400000, 0.025282, 0.030000, 0
3,0, 297174941400000, 0.032926, 0.030000, 0
3,1, 297174941400000, 0.025969, 0.030000, 0
3,2, 297174941400000, 0.024219, 0.030000, 0
0,0, 297174941600000, 0.033662, 0.030000, 0
0,1, 297174941600000, 0.023925, 0.030000, 0
0,2, 297174941600000, 0.023742, 0.030000, 0
1,0, 297174941600000, 0.030960, 0.030000, 0
1,1, 297174941600000, 0.021303, 0.030000, 0
1,2, 297174941600000, 0.023052, 0.030000, 0
2,0, 297174941600000, 0.032689, 0.030000, 0
2,1, 297174941600000, 0.023020, 0.030000, 0
2,2, 297174941600000, 0.025781, 0.030000, 0
3,0, 297174941600000, 0.032423, 0.030000, 0
3,1, 297174941600000, 0.027584, 0.030000, 0
3,2, 297174941600000, 0.025249, 0.030000, 0
0,0, 297174941800000, 0.034251, 0.030000, 0
0,1, 297174941800000, 0.028022, 0.030000, 0
0,2, 297174941800000, 0.030471, 0.030000, 0
1,0, 297174941800000, 0.034360, 0.030000, 0
1,1, 297174941800000, 0.028171, 0.030000, 0
1,2, 297174941800000, 0.031966, 0.030000, 0
2,0, 297174941800000, 0.033765, 0.030000, 0
2,1, 297174941800000, 0.027570, 0.030000, 0
2,2, 297174941800000, 0.031491, 0.030000, 0
3,0, 297174941800000, 0.035092, 0.030000, 0
3,1, 297174941800000, 0.029852, 0.030000, 0
3,2, 297174941800000, 0.032685, 0.030000, 0
0,0, 297174942000000, 0.033086, 0.030000, 0
0,1, 297174942000000, 0.027151, 0.030000, 0
0,2, 297174942000000, 0.025855, 0.030000, 0
1,0, 297174942000000, 0.033140, 0.030000, 0
1,1, 297174942000000, 0.027226, 0.030000, 0
1,2, 297174942000000, 0.027663, 0.030000, 0
2,0, 297174942000000, 0.034302, 0.030000, 0
2,1, 297174942000000, 0.031305, 0.030000, 0
2,2, 297174942000000, 0.027865, 0.030000, 0
3,0, 297174942000000, 0.036426, 0.030000, 0
3,1, 297174942000000, 0.028066, 0.030000, 0
3,2, 297174942000000, 0.026982, 0.030000, 0
0,0, 297174942200000, 0.033963, 0.030000, 0
0,1, 297174942200000, 0.028176, 0.030000, 0
0,2, 297174942200000, 0.028988, 0.030000, 0
1,0, 297174942200000, 0.035450, 0.030000, 0
1,1, 297174942200000, 0.025293, 0.030000, 0
1,2, 297174942200000, 0.026972, 0.030000, 0
2,0, 297174942200000, 0.037491, 0.030000, 0
2,1, 297174942200000, 0.027332, 0.030000, 0
2,2, 297174942200000, 0.028533, 0.030000, 0
3,0, 297174942200000, 0.034173, 0.030000, 0
3,1, 297174942200000, 0.024253, 0.030000, 0
3,2, 297174942200000, 0.026631, 0.030000, 0
0,0, 297174942400000, 0.032941, 0.030000, 0
0,1, 297174942400000, 0.028688, 0.030000, 0
0,2, 297174942400000, 0.029094, 0.030000, 0
1,0, 297174942400000, 0.035145, 0.030000, 0
1,1, 297174942400000, 0.027246, 0.030000, 0
1,2, 297174942400000, 0.029546, 0.030000, 0
2,0, 297174942400000, 0.037626, 0.030000, 0
2,1, 297174942400000, 0.026806, 0.030000, 0
2,2, 297174942400000, 0.027406, 0.030000, 0
3,0, 297174942400000, 0.033046, 0.030000, 0
3,1, 297174942400000, 0.026727, 0.030000, 0
3,2, 297174942400000, 0.030836, 0.030000, 0
0,0, 297174942600000, 0.028051, 0.030000, 0
0,1, 297174942600000, 0.028944, 0.030000, 0
0,2, 297174942600000, 0.023307, 0.030000, 0
1,0, 297174942600000, 0.033532, 0.030000, 0
1,1, 297174942600000, 0.028223, 0.030000, 0
1,2, 297174942600000, 0.026453, 0.030000, 0
2,0, 297174942600000, 0.033313, 0.030000, 0
2,1, 297174942600000, 0.028003, 0.030000, 0
2,2, 297174942600000, 0.022463, 0.030000, 0
3,0, 297174942600000, 0.033943, 0.030000, 0
3,1, 297174942600000, 0.030883, 0.030000, 0
3,2, 297174942600000, 0.030018, 0.030000, 0
0,0, 297174942800000, 0.029985, 0.030000, 0
0,1, 297174942800000, 0.027612, 0.030000, 0
0,2, 297174942800000, 0.026253, 0.030000, 0
1,0, 297174942800000, 0.029806, 0.030000, 0
1,1, 297174942800000, 0.025792, 0.030000, 0
1,2, 297174942800000, 0.026366, 0.030000, 0
2,0, 297174942800000, 0.031156, 0.030000, 0
2,1, 297174942800000, 0.027142, 0.030000, 0
2,2, 297174942800000, 0.025832, 0.030000, 0
3,0, 297174942800000, 0.032932, 0.030000, 0
3,1, 297174942800000, 0.030042, 0.030000, 0
3,2, 297174942800000, 0.029609, 0.030000, 0
0,0, 297174943000000, 0.032413, 0.030000, 0
0,1, 297174943000000, 0.029866, 0.030000, 0
0,2, 297174943000000, 0.024047, 0.030000, 0
1,0, 297174943000000, 0.033783, 0.030000, 0
1,1, 297174943000000, 0.028956, 0.030000, 0
1,2, 297174943000000, 0.024103, 0.030000, 0
2,0, 297174943000000, 0.031538, 0.030000, 0
2,1, 297174943000000, 0.028171, 0.030000, 0
2,2, 297174943000000, 0.023836, 0.030000, 0
3,0, 297174943000000, 0.032426, 0.030000, 0
3,1, 297174943000000, 0.029621, 0.030000, 0
3,2, 297174943000000, 0.027944, 0.030000, 0
0,0, 297174943200000, 0.029246, 0.030000, 0
0,1, 297174943200000, 0.032453, 0.030000, 0
0,2, 297174943200000, 0.027423, 0.030000, 0
1,0, 297174943200000, 0.032852, 0.030000, 0
1,1, 297174943200000, 0.030538, 0.030000, 0
1,2, 297174943200000, 0.030372, 0.030000, 0
2,0, 297174943200000, 0.031729, 0.030000, 0
2,1, 297174943200000, 0.034525, 0.030000, 0
2,2, 297174943200000, 0.028798, 0.030000, 0
3,0, 297174943200000, 0.030713, 0.030000, 0
3,1, 297174943200000, 0.030870, 0.030000, 0
3,2, 297174943200000, 0.027112, 0.030000, 0
0,0, 297174943400000, 0.032083, 0.030000, 0
0,1, 297174943400000, 0.026446, 0.030000, 0
0,2, 297174943400000, 0.026472, 0.030000, 0
1,0, 297174943400000, 0.032386, 0.030000, 0
1,1, 297174943400000, 0.022569, 0.030000, 0
1,2, 297174943400000, 0.025406, 0.030000, 0
2,0, 297174943400000, 0.033345, 0.030000, 0
2,1, 297174943400000, 0.024563, 0.030000, 0
2,2, 297174943400000, 0.028619, 0.030000, 0
3,0, 297174943400000, 0.037216, 0.030000, 0
3,1, 297174943400000, 0.025655, 0.030000, 0
3,2, 297174943400000, 0.027776, 0.030000, 0
0,0, 297174943600000, 0.027622, 0.030000, 0
0,1, 297174943600000, 0.020523, 0.030000, 0
0,2, 297174943600000, 0.022396, 0.030000, 0
1,0, 297174943600000, 0.026313, 0.030000, 0
1,1, 297174943600000, 0.018584, 0.030000, 0
1,2, 297174943600000, 0.020003, 0.030000, 0
2,0, 297174943600000, 0.029712, 0.030000, 0
2,1, 297174943600000, 0.025421, 0.030000, 0
2,2, 297174943600000, 0.026409, 0.030000, 0
3,0, 297174943600000, 0.030188, 0.030000, 0
3,1, 297174943600000, 0.024508, 0.030000, 0
3,2, 297174943600000, 0.021588, 0.030000, 0
0,0, 297174943800000, 0.034151, 0.030000, 0
0,1, 297174943800000, 0.023402, 0.030000, 0
0,2, 297174943800000, 0.025798, 0.030000, 0
1,0, 297174943800000, 0.032036, 0.030000, 0
1,1, 297174943800000, 0.020972, 0.030000, 0
1,2, 297174943800000, 0.026061, 0.030000, 0
2,0, 297174943800000, 0.033736, 0.030000, 0
2,1, 297174943800000, 0.027311, 0.030000, 0
2,2, 297174943800000, 0.027805, 0.030000, 0
3,0, 297174943800000, 0.033974, 0.030000, 0
3,1, 297174943800000, 0.021014, 0.030000, 0
3,2, 297174943800000, 0.026854, 0.030000, 0
0,0, 297174944000000, 0.034495, 0.030000, 0
0,1, 297174944000000, 0.023381, 0.030000, 0
0,2, 297174944000000, 0.021659, 0.030000, 0
1,0, 297174944000000, 0.031978, 0.030000, 0
1,1, 297174944000000, 0.025086, 0.030000, 0
1,2, 297174944000000, 0.023251, 0.030000, 0
2,0, 297174944000000, 0.032828, 0.030000, 0
2,1, 297174944000000, 0.028255, 0.030000, 0
2,2, 297174944000000, 0.027042, 0.030000, 0
3,0, 297174944000000, 0.031487, 0.030000, 0
3,1, 297174944000000, 0.022187, 0.030000, 0
3,2, 297174944000000, 0.020727, 0.030000, 0
0,0, 297174944200000, 0.031748, 0.030000, 0
0,1, 297174944200000, 0.021910, 0.030000, 0
0,2, 297174944200000, 0.028349, 0.030000, 0
1,0, 297174944200000, 0.030489, 0.030000, 0
1,1, 297174944200000, 0.021303, 0.030000, 0
1,2, 297174944200000, 0.024765, 0.030000, 0
2,0, 297174944200000, 0.029454, 0.030000, 0
2,1, 297174944200000, 0.024348, 0.030000, 0
2,2, 297174944200000, 0.025201, 0.030000, 0
3,0, 297174944200000, 0.033164, 0.030000, 0
3,1, 297174944200000, 0.025693, 0.030000, 0
3,2, 297174944200000, 0.024964, 0.030000, 0
0,0, 297174944400000, 0.031834, 0.030000, 0
0,1, 297174944400000, 0.019715, 0.030000, 0
0,2, 297174944400000, 0.027315, 0.030000, 0
1,0, 297174944400000, 0.032665, 0.030000, 0
1,1, 297174944400000, 0.020872, 0.030000, 0
1,2, 297174944400000, 0.031363, 0.030000, 0
2,0, 297174944400000, 0.029227, 0.030000, 0
2,1, 297174944400000, 0.023854, 0.030000, 0
2,2, 297174944400000, 0.027201, 0.030000, 0
3,0, 297174944400000, 0.032542, 0.030000, 0
3,1, 297174944400000, 0.025987, 0.030000, 0
3,2, 297174944400000, 0.031462, 0.030000, 0
0,0, 297174944600000, 0.030417, 0.030000, 0
0,1, 297174944600000, 0.024458, 0.030000, 0
0,2, 297174944600000, 0.028257, 0.030000, 0
1,0, 297174944600000, 0.032292, 0.030000, 0
1,1, 297174944600000, 0.022116, 0.030000, 0
1,2, 297174944600000, 0.030281, 0.030000, 0
2,0, 297174944600000, 0.032034, 0.030000, 0
2,1, 297174944600000, 0.023607, 0.030000, 0
2,2, 297174944600000, 0.025280, 0.030000, 0
3,0, 297174944600000, 0.032231, 0.030000, 0
3,1, 297174944600000, 0.027593, 0.030000, 0
3,2, 297174944600000, 0.027411, 0.030000, 0
0,0, 297174944800000, 0.031168, 0.030000, 0
0,1, 297174944800000, 0.026829, 0.030000, 0
0,2, 297174944800000, 0.025809, 0.030000, 0
1,0, 297174944800000, 0.033566, 0.030000, 0
1,1, 297174944800000, 0.027118, 0.030000, 0
1,2, 297174944800000, 0.029741, 0.030000, 0
2,0, 297174944800000, 0.030517, 0.030000, 0
2,1, 297174944800000, 0.023483, 0.030000, 0
2,2, 297174944800000, 0.024320, 0.030000, 0
3,0, 297174944800000, 0.032075, 0.030000, 0
3,1, 297174944800000, 0.024017, 0.030000, 0
3,2, 297174944800000, 0.023925, 0.030000, 0
0,0, 297174945000000, 0.030084, 0.030000, 0
0,1, 297174945000000, 0.023634, 0.030000, 0
0,2, 297174945000000, 0.024584, 0.030000, 0
1,0, 297174945000000, 0.031283, 0.030000, 0
1,1, 297174945000000, 0.020859, 0.030000, 0
1,2, 297174945000000, 0.023630, 0.030000, 0
2,0, 297174945000000, 0.026838, 0.030000, 0
2,1, 297174945000000, 0.021962, 0.030000, 0
2,2, 297174945000000, 0.022380, 0.030000, 0
3,0, 297174945000000, 0.030538, 0.030000, 0
3,1, 297174945000000, 0.023688, 0.030000, 0
3,2, 297174945000000, 0.025103, 0.030000, 0
0,0, 297174945200000, 0.026622, 0.030000, 0
0,1, 297174945200000, 0.019117, 0.030000, 0
0,2, 297174945200000, 0.022512, 0.030000, 0
1,0, 297174945200000, 0.030142, 0.030000, 0
1,1, 297174945200000, 0.025029, 0.030000, 0
1,2, 297174945200000, 0.022035, 0.030000, 0
2,0, 297174945200000, 0.027919, 0.030000, 0
2,1, 297174945200000, 0.024121, 0.030000, 0
2,2, 297174945200000, 0.021410, 0.030000, 0
3,0, 297174945200000, 0.029769, 0.030000, 0
3,1, 297174945200000, 0.024984, 0.030000, 0
3,2, 297174945200000, 0.021311, 0.030000, 0
0,0, 297174945400000, 0.030731, 0.030000, 0
0,1, 297174945400000, 0.025619, 0.030000, 0
0,2, 297174945400000, 0.029796, 0.030000, 0
1,0, 297174945400000, 0.035411, 0.030000, 0
1,1, 297174945400000, 0.030035, 0.030000, 0
1,2, 297174945400000, 0.031018, 0.030000, 0
2,0, 297174945400000, 0.031380, 0.030000, 0
2,1, 297174945400000, 0.028120, 0.030000, 0
2,2, 297174945400000, 0.031145, 0.030000, 0
3,0, 297174945400000, 0.032304, 0.030000, 0
3,1, 297174945400000, 0.028552, 0.030000, 0
3,2, 297174945400000, 0.029196, 0.030000, 0
0,0, 297174945600000, 0.028406, 0.030000, 0
0,1, 297174945600000, 0.025949, 0.030000, 0
0,2, 297174945600000, 0.025638, 0.030000, 0
1,0, 297174945600000, 0.027825, 0.030000, 0
1,1, 297174945600000, 0.023777, 0.030000, 0
1,2, 297174945600000, 0.024769, 0.030000, 0
2,0, 297174945600000, 0.028730, 0.030000, 0
2,1, 297174945600000, 0.027200, 0.030000, 0
2,2, 297174945600000, 0.025793, 0.030000, 0
3,0, 297174945600000, 0.026272, 0.030000, 0
3,1, 297174945600000, 0.023036, 0.030000, 0
3,2, 297174945600000, 0.025318, 0.030000, 0
0,0, 297174945800000, 0.033083, 0.030000, 0
0,1, 297174945800000, 0.024655, 0.030000, 0
0,2, 297174945800000, 0.023739, 0.030000, 0
1,0, 297174945800000, 0.034253, 0.030000, 0
1,1, 297174945800000, 0.025029, 0.030000, 0
1,2, 297174945800000, 0.024764, 0.030000, 0
2,0, 297174945800000, 0.031785, 0.030000, 0
2,1, 297174945800000, 0.023820, 0.030000, 0
2,2, 297174945800000, 0.025276, 0.030000, 0
3,0, 297174945800000, 0.033476, 0.030000, 0
3,1, 297174945800000, 0.029038, 0.030000, 0
3,2, 297174945800000, 0.027259, 0.030000, 0
0,0, 297174946000000, 0.035421, 0.030000, 0
0,1, 297174946000000, 0.018167, 0.030000, 0
0,2, 297174946000000, 0.018510, 0.030000, 0
1,0, 297174946000000, 0.037466, 0.030000, 0
1,1, 297174946000000, 0.019814, 0.030000, 0
1,2, 297174946000000, 0.021922, 0.030000, 0
2,0, 297174946000000, 0.034772, 0.030000, 0
2,1, 297174946000000, 0.020670, 0.030000, 0
2,2, 297174946000000, 0.026578, 0.030000, 0
3,0, 297174946000000, 0.035618, 0.030000, 0
3,1, 297174946000000, 0.023279, 0.030000, 0
3,2, 297174946000000, 0.025309, 0.030000, 0
0,0, 297174946200000, 0.032211, 0.030000, 0
0,1, 297174946200000, 0.017844, 0.030000, 0
0,2, 297174946200000, 0.019475, 0.030000, 0
1,0, 297174946200000, 0.031773, 0.030000, 0
1,1, 297174946200000, 0.018667, 0.030000, 0
1,2, 297174946200000, 0.024101, 0.030000, 0
2,0, 297174946200000, 0.031886, 0.030000, 0
2,1, 297174946200000, 0.023475, 0.030000, 0
2,2, 297174946200000, 0.024969, 0.030000, 0
3,0, 297174946200000, 0.030849, 0.030000, 0
3,1, 297174946200000, 0.024780, 0.030000, 0
3,2, 297174946200000, 0.025795, 0.030000, 0
0,0, 297174946400000, 0.034985, 0.030000, 0
0,1, 297174946400000, 0.025002, 0.030000, 0
0,2, 297174946400000, 0.018497, 0.030000, 0
1,0, 297174946400000, 0.034767, 0.030000, 0
1,1, 297174946400000, 0.023974, 0.030000, 0
1,2, 297174946400000, 0.025191, 0.030000, 0
2,0, 297174946400000, 0.034823, 0.030000, 0
2,1, 297174946400000, 0.024898, 0.030000, 0
2,2, 297174946400000, 0.019785, 0.030000, 0
3,0, 297174946400000, 0.031385, 0.030000, 0
3,1, 297174946400000, 0.025530, 0.030000, 0
3,2, 297174946400000, 0.023117, 0.030000, 0
0,0, 297174946600000, 0.030533, 0.030000, 0
0,1, 297174946600000, 0.021961, 0.030000, 0
0,2, 297174946600000, 0.020929, 0.030000, 0
1,0, 297174946600000, 0.033343, 0.030000, 0
1,1, 297174946600000, 0.024367, 0.030000, 0
1,2, 297174946600000, 0.025735, 0.030000, 0
2,0, 297174946600000, 0.028992, 0.030000, 0
2,1, 297174946600000, 0.023369, 0.030000, 0
2,2, 297174946600000, 0.021572, 0.030000, 0
3,0, 297174946600000, 0.030192, 0.030000, 0
3,1, 297174946600000, 0.021525, 0.030000, 0
3,2, 297174946600000, 0.018859, 0.030000, 0
0,0, 297174946800000, 0.031226, 0.030000, 0
0,1, 297174946800000, 0.024900, 0.030000, 0
0,2, 297174946800000, 0.032364, 0.030000, 0
1,0, 297174946800000, 0.035552, 0.030000, 0
1,1, 297174946800000, 0.024643, 0.030000, 0
1,2, 297174946800000, 0.031848, 0.030000, 0
2,0, 297174946800000, 0.036296, 0.030000, 0
2,1, 297174946800000, 0.028524, 0.030000, 0
2,2, 297174946800000, 0.032686, 0.030000, 0
3,0, 297174946800000, 0.031056, 0.030000, 0
3,1, 297174946800000, 0.022442, 0.030000, 0
3,2, 297174946800000, 0.029869, 0.030000, 0
0,0, 297174947000000, 0.031573, 0.030000, 0
0,1, 297174947000000, 0.025590, 0.030000, 0
0,2, 297174947000000, 0.026402, 0.030000, 0
1,0, 297174947000000, 0.030816, 0.030000, 0
1,1, 297174947000000, 0.024002, 0.030000, 0
1,2, 297174947000000, 0.027604, 0.030000, 0
2,0, 297174947000000, 0.032648, 0.030000, 0
2,1, 297174947000000, 0.027402, 0.030000, 0
2,2, 297174947000000, 0.029483, 0.030000, 0
3,0, 297174947000000, 0.031488, 0.030000, 0
3,1, 297174947000000, 0.025821, 0.030000, 0
3,2, 297174947000000, 0.028075, 0.030000, 0
0,0, 297174947200000, 0.031747, 0.030000, 0
0,1, 297174947200000, 0.023015, 0.030000, 0
0,2, 297174947200000, 0.029261, 0.030000, 0
1,0, 297174947200000, 0.026988, 0.030000, 0
1,1, 297174947200000, 0.025141, 0.030000, 0
1,2, 297174947200000, 0.026942, 0.030000, 0
2,0, 297174947200000, 0.032284, 0.030000, 0
2,1, 297174947200000, 0.026841, 0.030000, 0
2,2, 297174947200000, 0.030802, 0.030000, 0
3,0, 297174947200000, 0.027324, 0.030000, 0
3,1, 297174947200000, 0.024591, 0.030000, 0
3,2, 297174947200000, 0.030097, 0.030000, 0
0,0, 297174947400000, 0.036213, 0.030000, 0
0,1, 297174947400000, 0.030488, 0.030000, 0
0,2, 297174947400000, 0.027771, 0.030000, 0
1,0, 297174947400000, 0.030914, 0.030000, 0
1,1, 297174947400000, 0.030090, 0.030000, 0
1,2, 297174947400000, 0.026611, 0.030000, 0
2,0, 297174947400000, 0.035022, 0.030000, 0
2,1, 297174947400000, 0.035321, 0.030000, 0
2,2, 297174947400000, 0.027081, 0.030000, 0
3,0, 297174947400000, 0.029622, 0.030000, 0
3,1, 297174947400000, 0.032735, 0.030000, 0
3,2, 297174947400000, 0.029649, 0.030000, 0
0,0, 297174947600000, 0.029687, 0.030000, 0
0,1, 297174947600000, 0.026924, 0.030000, 0
0,2, 297174947600000, 0.031405, 0.030000, 0
1,0, 297174947600000, 0.027037, 0.030000, 0
1,1, 297174947600000, 0.026725, 0.030000, 0
1,2, 297174947600000, 0.026445, 0.030000, 0
2,0, 297174947600000, 0.032011, 0.030000, 0
2,1, 297174947600000, 0.029340, 0.030000, 0
2,2, 297174947600000, 0.031060, 0.030000, 0
3,0, 297174947600000, 0.027851, 0.030000, 0
3,1, 297174947600000, 0.025128, 0.030000, 0
3,2, 297174947600000, 0.027964, 0.030000, 0
0,0, 297174947800000, 0.036643, 0.030000, 0
0,1, 297174947800000, 0.026602, 0.030000, 0
0,2, 297174947800000, 0.030303, 0.030000, 0
1,0, 297174947800000, 0.032398, 0.030000, 0
1,1, 297174947800000, 0.025043, 0.030000, 0
1,2, 297174947800000, 0.021983, 0.030000, 0
2,0, 297174947800000, 0.034885, 0.030000, 0
2,1, 297174947800000, 0.023430, 0.030000, 0
2,2, 297174947800000, 0.028670, 0.030000, 0
3,0, 297174947800000, 0.031346, 0.030000, 0
3,1, 297174947800000, 0.022784, 0.030000, 0
3,2, 297174947800000, 0.021282, 0.030000, 0
0,0, 297174948000000, 0.034282, 0.030000, 0
0,1, 297174948000000, 0.027901, 0.030000, 0
0,2, 297174948000000, 0.026071, 0.030000, 0
1,0, 297174948000000, 0.035079, 0.030000, 0
1,1, 297174948000000, 0.027121, 0.030000, 0
1,2, 297174948000000, 0.023371, 0.030000, 0
2,0, 297174948000000, 0.034863, 0.030000, 0
2,1, 297174948000000, 0.026315, 0.030000, 0
2,2, 297174948000000, 0.026715, 0.030000, 0
3,0, 297174948000000, 0.031633, 0.030000, 0
3,1, 297174948000000, 0.024532, 0.030000, 0
3,2, 297174948000000, 0.020861, 0.030000, 0
0,0, 297174948200000, 0.037481, 0.030000, 0
0,1, 297174948200000, 0.035850, 0.030000, 0
0,2, 297174948200000, 0.028436, 0.030000, 0
1,0, 297174948200000, 0.034960, 0.030000, 0
1,1, 297174948200000, 0.032541, 0.030000, 0
1,2, 297174948200000, 0.025606, 0.030000, 0
2,0, 297174948200000, 0.037771, 0.030000, 0
2,1, 297174948200000, 0.033598, 0.030000, 0
2,2, 297174948200000, 0.028738, 0.030000, 0
3,0, 297174948200000, 0.034696, 0.030000, 0
3,1, 297174948200000, 0.029786, 0.030000, 0
3,2, 297174948200000, 0.025031, 0.030000, 0
0,0, 297174948400000, 0.034700, 0.030000, 0
0,1, 297174948400000, 0.025225, 0.030000, 0
0,2, 297174948400000, 0.024438, 0.030000, 0
1,0, 297174948400000, 0.033440, 0.030000, 0
1,1, 297174948400000, 0.025030, 0.030000, 0
1,2, 297174948400000, 0.024483, 0.030000, 0
2,0, 297174948400000, 0.034846, 0.030000, 0
2,1, 297174948400000, 0.024099, 0.030000, 0
2,2, 297174948400000, 0.023129, 0.030000, 0
3,0, 297174948400000, 0.033308, 0.030000, 0
3,1, 297174948400000, 0.022193, 0.030000, 0
3,2, 297174948400000, 0.025655, 0.030000, 0
0,0, 297174948600000, 0.031850, 0.030000, 0
0,1, 297174948600000, 0.024293, 0.030000, 0
0,2, 297174948600000, 0.026819, 0.030000, 0
1,0, 297174948600000, 0.031220, 0.030000, 0
1,1, 297174948600000, 0.024195, 0.030000, 0
1,2, 297174948600000, 0.032681, 0.030000, 0
2,0, 297174948600000, 0.036303, 0.030000, 0
2,1, 297174948600000, 0.028109, 0.030000, 0
2,2, 297174948600000, 0.029084, 0.030000, 0
3,0, 297174948600000, 0.032614, 0.030000, 0
3,1, 297174948600000, 0.024236, 0.030000, 0
3,2, 297174948600000, 0.030348, 0.030000, 0
0,0, 297174948800000, 0.036265, 0.030000, 0
0,1, 297174948800000, 0.028206, 0.030000, 0
0,2, 297174948800000, 0.026549, 0.030000, 0
1,0, 297174948800000, 0.035950, 0.030000, 0
1,1, 297174948800000, 0.028158, 0.030000, 0
1,2, 297174948800000, 0.028021, 0.030000, 0
2,0, 297174948800000, 0.035571, 0.030000, 0
2,1, 297174948800000, 0.028655, 0.030000, 0
2,2, 297174948800000, 0.030602, 0.030000, 0
3,0, 297174948800000, 0.035187, 0.030000, 0
3,1, 297174948800000, 0.026718, 0.030000, 0
3,2, 297174948800000, 0.026854, 0.030000, 0
0,0, 297174949000000, 0.029713, 0.030000, 0
0,1, 297174949000000, 0.022863, 0.030000, 0
0,2, 297174949000000, 0.020575, 0.030000, 0
1,0, 297174949000000, 0.029555, 0.030000, 0
1,1, 297174949000000, 0.024299, 0.030000, 0
1,2, 297174949000000, 0.025690, 0.030000, 0
2,0, 297174949000000, 0.032286, 0.030000, 0
2,1, 297174949000000, 0.027467, 0.030000, 0
2,2, 297174949000000, 0.028441, 0.030000, 0
3,0, 297174949000000, 0.030634, 0.030000, 0
3,1, 297174949000000, 0.020659, 0.030000, 0
3,2, 297174949000000, 0.025107, 0.030000, 0
0,0, 297174949200000, 0.027896, 0.030000, 0
0,1, 297174949200000, 0.024572, 0.030000, 0
0,2, 297174949200000, 0.024887, 0.030000, 0
1,0, 297174949200000, 0.027817, 0.030000, 0
1,1, 297174949200000, 0.026749, 0.030000, 0
1,2, 297174949200000, 0.028905, 0.030000, 0
2,0, 297174949200000, 0.030643, 0.030000, 0
2,1, 297174949200000, 0.029794, 0.030000, 0
2,2, 297174949200000, 0.028821, 0.030000, 0
3,0, 297174949200000, 0.029817, 0.030000, 0
3,1, 297174949200000, 0.027850, 0.030000, 0
3,2, 297174949200000, 0.028613, 0.030000, 0
0,0, 297174949400000, 0.029908, 0.030000, 0
0,1, 297174949400000, 0.026886, 0.030000, 0
0,2, 297174949400000, 0.022664, 0.030000, 0
1,0, 297174949400000, 0.026949, 0.030000, 0
1,1, 297174949400000, 0.029435, 0.030000, 0
1,2, 297174949400000, 0.029053, 0.030000, 0
2,0, 297174949400000, 0.031281, 0.030000, 0
2,1, 297174949400000, 0.030957, 0.030000, 0
2,2, 297174949400000, 0.030470, 0.030000, 0
3,0, 297174949400000, 0.033788, 0.030000, 0
3,1, 297174949400000, 0.032905, 0.030000, 0
3,2, 297174949400000, 0.025987, 0.030000, 0
0,0, 297174949600000, 0.033834, 0.030000, 0
0,1, 297174949600000, 0.026583, 0.030000, 0
0,2, 297174949600000, 0.023012, 0.030000, 0
1,0, 297174949600000, 0.032354, 0.030000, 0
1,1, 297174949600000, 0.026397, 0.030000, 0
1,2, 297174949600000, 0.023286, 0.030000, 0
2,0, 297174949600000, 0.033061, 0.030000, 0
2,1, 297174949600000, 0.025698, 0.030000, 0
2,2, 297174949600000, 0.022535, 0.030000, 0
3,0, 297174949600000, 0.034314, 0.030000, 0
3,1, 297174949600000, 0.025212, 0.030000, 0
3,2, 297174949600000, 0.020293, 0.030000, 0
0,0, 297174949800000, 0.031417, 0.030000, 0
0,1, 297174949800000, 0.023511, 0.030000, 0
0,2, 297174949800000, 0.023186, 0.030000, 0
1,0, 297174949800000, 0.035057, 0.030000, 0
1,1, 297174949800000, 0.026339, 0.030000, 0
1,2, 297174949800000, 0.023323, 0.030000, 0
2,0, 297174949800000, 0.033950, 0.030000, 0
2,1, 297174949800000, 0.024529, 0.030000, 0
2,2, 297174949800000, 0.020028, 0.030000, 0
3,0, 297174949800000, 0.034577, 0.030000, 0
3,1, 297174949800000, 0.025746, 0.030000, 0
3,2, 297174949800000, 0.021827, 0.030000, 0
0,0, 297174950000000, 0.028749, 0.030000, 0
0,1, 297174950000000, 0.024896, 0.030000, 0
0,2, 297174950000000, 0.018893, 0.030000, 0
1,0, 297174950000000, 0.032029, 0.030000, 0
1,1, 297174950000000, 0.030689, 0.030000, 0
1,2, 297174950000000, 0.024802, 0.030000, 0
2,0, 297174950000000, 0.032935, 0.030000, 0
2,1, 297174950000000, 0.025405, 0.030000, 0
2,2, 297174950000000, 0.020234, 0.030000, 0
3,0, 297174950000000, 0.033249, 0.030000, 0
3,1, 297174950000000, 0.030393, 0.030000, 0
3,2, 297174950000000, 0.024053, 0.030000, 0
0,0, 297174950200000, 0.027414, 0.030000, 0
0,1, 297174950200000, 0.018288, 0.030000, 0
0,2, 297174950200000, 0.016746, 0.030000, 0
1,0, 297174950200000, 0.029054, 0.030000, 0
1,1, 297174950200000, 0.024105, 0.030000, 0
1,2, 297174950200000, 0.021161, 0.030000, 0
2,0, 297174950200000, 0.028048, 0.030000, 0
2,1, 297174950200000, 0.020002, 0.030000, 0
2,2, 297174950200000, 0.015957, 0.030000, 0
3,0, 297174950200000, 0.029664, 0.030000, 0
3,1, 297174950200000, 0.023957, 0.030000, 0
3,2, 297174950200000, 0.020787, 0.030000, 0
0,0, 297174950400000, 0.026747, 0.030000, 0
0,1, 297174950400000, 0.022984, 0.030000, 0
0,2, 297174950400000, 0.021513, 0.030000, 0
1,0, 297174950400000, 0.030487, 0.030000, 0
1,1, 297174950400000, 0.025892, 0.030000, 0
1,2, 297174950400000, 0.022260, 0.030000, 0
2,0, 297174950400000, 0.029984, 0.030000, 0
2,1, 297174950400000, 0.025301, 0.030000, 0
2,2, 297174950400000, 0.022578, 0.030000, 0
3,0, 297174950400000, 0.029332, 0.030000, 0
3,1, 297174950400000, 0.028038, 0.030000, 0
3,2, 297174950400000, 0.023533, 0.030000, 0
0,0, 297174950600000, 0.029334, 0.030000, 0
0,1, 297174950600000, 0.023972, 0.030000, 0
0,2, 297174950600000, 0.028277, 0.030000, 0
1,0, 297174950600000, 0.028284, 0.030000, 0
1,1, 297174950600000, 0.026886, 0.030000, 0
1,2, 297174950600000, 0.024270, 0.030000, 0
2,0, 297174950600000, 0.030952, 0.030000, 0
2,1, 297174950600000, 0.028071, 0.030000, 0
2,2, 297174950600000, 0.025889, 0.030000, 0
3,0, 297174950600000, 0.029166, 0.030000, 0
3,1, 297174950600000, 0.027159, 0.030000, 0
3,2, 297174950600000, 0.027827, 0.030000, 0
0,0, 297174950800000, 0.030627, 0.030000, 0
0,1, 297174950800000, 0.020306, 0.030000, 0
0,2, 297174950800000, 0.019978, 0.030000, 0
1,0, 297174950800000, 0.030102, 0.030000, 0
1,1, 297174950800000, 0.023223, 0.030000, 0
1,2, 297174950800000, 0.022355, 0.030000, 0
2,0, 297174950800000, 0.032896, 0.030000, 0
2,1, 297174950800000, 0.021335, 0.030000, 0
2,2, 297174950800000, 0.021705, 0.030000, 0
3,0, 297174950800000, 0.033463, 0.030000, 0
3,1, 297174950800000, 0.026280, 0.030000, 0
3,2, 297174950800000, 0.024133, 0.030000, 0
0,0, 297174951000000, 0.032733, 0.030000, 0
0,1, 297174951000000, 0.023773, 0.030000, 0
0,2, 297174951000000, 0.015829, 0.030000, 0
1,0, 297174951000000, 0.032471, 0.030000, 0
1,1, 297174951000000, 0.026692, 0.030000, 0
1,2, 297174951000000, 0.021398, 0.030000, 0
2,0, 297174951000000, 0.032408, 0.030000, 0
2,1, 297174951000000, 0.026728, 0.030000, 0
2,2, 297174951000000, 0.022532, 0.030000, 0
3,0, 297174951000000, 0.034152, 0.030000, 0
3,1, 297174951000000, 0.026760, 0.030000, 0
3,2, 297174951000000, 0.023747, 0.030000, 0
0,0, 297174951200000, 0.029407, 0.030000, 0
0,1, 297174951200000, 0.026486, 0.030000, 0
0,2, 297174951200000, 0.018135, 0.030000, 0
1,0, 297174951200000, 0.032195, 0.030000, 0
1,1, 297174951200000, 0.029406, 0.030000, 0
1,2, 297174951200000, 0.022379, 0.030000, 0
2,0, 297174951200000, 0.033624, 0.030000, 0
2,1, 297174951200000, 0.029424, 0.030000, 0
2,2, 297174951200000, 0.025866, 0.030000, 0
3,0, 297174951200000, 0.034496, 0.030000, 0
3,1, 297174951200000, 0.027980, 0.030000, 0
3,2, 297174951200000, 0.027933, 0.030000, 0
0,0, 297174951400000, 0.027743, 0.030000, 0
0,1, 297174951400000, 0.024923, 0.030000, 0
0,2, 297174951400000, 0.022207, 0.030000, 0
1,0, 297174951400000, 0.033518, 0.030000, 0
1,1, 297174951400000, 0.026383, 0.030000, 0
1,2, 297174951400000, 0.027249, 0.030000, 0
2,0, 297174951400000, 0.031312, 0.030000, 0
2,1, 297174951400000, 0.024932, 0.030000, 0
2,2, 297174951400000, 0.027533, 0.030000, 0
3,0, 297174951400000, 0.036128, 0.030000, 0
3,1, 297174951400000, 0.024210, 0.030000, 0
3,2, 297174951400000, 0.027107, 0.030000, 0
0,0, 297174951600000, 0.034212, 0.030000, 0
0,1, 297174951600000, 0.029542, 0.030000, 0
0,2, 297174951600000, 0.024244, 0.030000, 0
1,0, 297174951600000, 0.038559, 0.030000, 0
1,1, 297174951600000, 0.028811, 0.030000, 0
1,2, 297174951600000, 0.026765, 0.030000, 0
2,0, 297174951600000, 0.033076, 0.030000, 0
2,1, 297174951600000, 0.025606, 0.030000, 0
2,2, 297174951600000, 0.025447, 0.030000, 0
3,0, 297174951600000, 0.035484, 0.030000, 0
3,1, 297174951600000, 0.030645, 0.030000, 0
3,2, 297174951600000, 0.023773, 0.030000, 0
0,0, 297174951800000, 0.031606, 0.030000, 0
0,1, 297174951800000, 0.024011, 0.030000, 0
0,2, 297174951800000, 0.019422, 0.030000, 0
1,0, 297174951800000, 0.035239, 0.030000, 0
1,1, 297174951800000, 0.025126, 0.030000, 0
1,2, 297174951800000, 0.020682, 0.030000, 0
2,0, 297174951800000, 0.031038, 0.030000, 0
2,1, 297174951800000, 0.024483, 0.030000, 0
2,2, 297174951800000, 0.022943, 0.030000, 0
3,0, 297174951800000, 0.032242, 0.030000, 0
3,1, 297174951800000, 0.024562, 0.030000, 0
3,2, 297174951800000, 0.022107, 0.030000, 0
0,0, 297174952000000, 0.031763, 0.030000, 0
0,1, 297174952000000, 0.025145, 0.030000, 0
0,2, 297174952000000, 0.019951, 0.030000, 0
1,0, 297174952000000, 0.032120, 0.030000, 0
1,1, 297174952000000, 0.024243, 0.030000, 0
1,2, 297174952000000, 0.022041, 0.030000, 0
2,0, 297174952000000, 0.030019, 0.030000, 0
2,1, 297174952000000, 0.023921, 0.030000, 0
2,2, 297174952000000, 0.021692, 0.030000, 0
3,0, 297174952000000, 0.035001, 0.030000, 0
3,1, 297174952000000, 0.023961, 0.030000, 0
3,2, 297174952000000, 0.018373, 0.030000, 0
0,0, 297174952200000, 0.034761, 0.030000, 0
0,1, 297174952200000, 0.030093, 0.030000, 0
0,2, 297174952200000, 0.021655, 0.030000, 0
1,0, 297174952200000, 0.040780, 0.030000, 0
1,1, 297174952200000, 0.032561, 0.030000, 0
1,2, 297174952200000, 0.024161, 0.030000, 0
2,0, 297174952200000, 0.033889, 0.030000, 0
2,1, 297174952200000, 0.030941, 0.030000, 0
2,2, 297174952200000, 0.019606, 0.030000, 0
3,0, 297174952200000, 0.036380, 0.030000, 0
3,1, 297174952200000, 0.029501, 0.030000, 0
3,2, 297174952200000, 0.019407, 0.030000, 0
0,0, 297174952400000, 0.034801, 0.030000, 0
0,1, 297174952400000, 0.028186, 0.030000, 0
0,2, 297174952400000, 0.022508, 0.030000, 0
1,0, 297174952400000, 0.036350, 0.030000, 0
1,1, 297174952400000, 0.027961, 0.030000, 0
1,2, 297174952400000, 0.022300, 0.030000, 0
2,0, 297174952400000, 0.035825, 0.030000, 0
2,1, 297174952400000, 0.028610, 0.030000, 0
2,2, 297174952400000, 0.022943, 0.030000, 0
3,0, 297174952400000, 0.034150, 0.030000, 0
3,1, 297174952400000, 0.029350, 0.030000, 0
3,2, 297174952400000, 0.022843, 0.030000, 0
0,0, 297174952600000, 0.039200, 0.030000, 0
0,1, 297174952600000, 0.025773, 0.030000, 0
0,2, 297174952600000, 0.028774, 0.030000, 0
1,0, 297174952600000, 0.038515, 0.030000, 0
1,1, 297174952600000, 0.027120, 0.030000, 0
1,2, 297174952600000, 0.027210, 0.030000, 0
2,0, 297174952600000, 0.039712, 0.030000, 0
2,1, 297174952600000, 0.024525, 0.030000, 0
2,2, 297174952600000, 0.027531, 0.030000, 0
3,0, 297174952600000, 0.038875, 0.030000, 0
3,1, 297174952600000, 0.027815, 0.030000, 0
3,2, 297174952600000, 0.027482, 0.030000, 0
0,0, 297174952800000, 0.035560, 0.030000, 0
0,1, 297174952800000, 0.023107, 0.030000, 0
0,2, 297174952800000, 0.023147, 0.030000, 0
1,0, 297174952800000, 0.038137, 0.030000, 0
1,1, 297174952800000, 0.026700, 0.030000, 0
1,2, 297174952800000, 0.023825, 0.030000, 0
2,0, 297174952800000, 0.034356, 0.030000, 0
2,1, 297174952800000, 0.025403, 0.030000, 0
2,2, 297174952800000, 0.019606, 0.030000, 0
3,0, 297174952800000, 0.038318, 0.030000, 0
3,1, 297174952800000, 0.025588, 0.030000, 0
3,2, 297174952800000, 0.023961, 0.030000, 0
0,0, 297174953000000, 0.036660, 0.030000, 0
0,1, 297174953000000, 0.024693, 0.030000, 0
0,2, 297174953000000, 0.024713, 0.030000, 0
1,0, 297174953000000, 0.037949, 0.030000, 0
1,1, 297174953000000, 0.023570, 0.030000, 0
1,2, 297174953000000, 0.026513, 0.030000, 0
2,0, 297174953000000, 0.036058, 0.030000, 0
2,1, 297174953000000, 0.024381, 0.030000, 0
2,2, 297174953000000, 0.021483, 0.030000, 0
3,0, 297174953000000, 0.035119, 0.030000, 0
3,1, 297174953000000, 0.025934, 0.030000, 0
3,2, 297174953000000, 0.025120, 0.030000, 0
0,0, 297174953200000, 0.034290, 0.030000, 0
0,1, 297174953200000, 0.029947, 0.030000, 0
0,2, 297174953200000, 0.024037, 0.030000, 0
1,0, 297174953200000, 0.037854, 0.030000, 0
1,1, 297174953200000, 0.030765, 0.030000, 0
1,2, 297174953200000, 0.030776, 0.030000, 0
2,0, 297174953200000, 0.033989, 0.030000, 0
2,1, 297174953200000, 0.028311, 0.030000, 0
2,2, 297174953200000, 0.025341, 0.030000, 0
3,0, 297174953200000, 0.034979, 0.030000, 0
3,1, 297174953200000, 0.030587, 0.030000, 0
3,2, 297174953200000, 0.025700, 0.030000, 0
0,0, 297174953400000, 0.036025, 0.030000, 0
0,1, 297174953400000, 0.025193, 0.030000, 0
0,2, 297174953400000, 0.017858, 0.030000, 0
1,0, 297174953400000, 0.037807, 0.030000, 0
1,1, 297174953400000, 0.025603, 0.030000, 0
1,2, 297174953400000, 0.024148, 0.030000, 0
2,0, 297174953400000, 0.031495, 0.030000, 0
2,1, 297174953400000, 0.019995, 0.030000, 0
2,2, 297174953400000, 0.018511, 0.030000, 0
3,0, 297174953400000, 0.033450, 0.030000, 0
3,1, 297174953400000, 0.024053, 0.030000, 0
3,2, 297174953400000, 0.023070, 0.030000, 0
0,0, 297174953600000, 0.032513, 0.030000, 0
0,1, 297174953600000, 0.027197, 0.030000, 0
0,2, 297174953600000, 0.023529, 0.030000, 0
1,0, 297174953600000, 0.033404, 0.030000, 0
1,1, 297174953600000, 0.025941, 0.030000, 0
1,2, 297174953600000, 0.025214, 0.030000, 0
2,0, 297174953600000, 0.033167, 0.030000, 0
2,1, 297174953600000, 0.026058, 0.030000, 0
2,2, 297174953600000, 0.022395, 0.030000, 0
3,0, 297174953600000, 0.029765, 0.030000, 0
3,1, 297174953600000, 0.029547, 0.030000, 0
3,2, 297174953600000, 0.023215, 0.030000, 0
0,0, 297174953800000, 0.029296, 0.030000, 0
0,1, 297174953800000, 0.023818, 0.030000, 0
0,2, 297174953800000, 0.027825, 0.030000, 0
1,0, 297174953800000, 0.032662, 0.030000, 0
1,1, 297174953800000, 0.027571, 0.030000, 0
1,2, 297174953800000, 0.027207, 0.030000, 0
2,0, 297174953800000, 0.028164, 0.030000, 0
2,1, 297174953800000, 0.023249, 0.030000, 0
2,2, 297174953800000, 0.025798, 0.030000, 0
3,0, 297174953800000, 0.029382, 0.030000, 0
3,1, 297174953800000, 0.023533, 0.030000, 0
3,2, 297174953800000, 0.023288, 0.030000, 0
0,0, 297174954000000, 0.032068, 0.030000, 0
0,1, 297174954000000, 0.026509, 0.030000, 0
0,2, 297174954000000, 0.022672, 0.030000, 0
1,0, 297174954000000, 0.030831, 0.030000, 0
1,1, 297174954000000, 0.025465, 0.030000, 0
1,2, 297174954000000, 0.022364, 0.030000, 0
2,0, 297174954000000, 0.031502, 0.030000, 0
2,1, 297174954000000, 0.026224, 0.030000, 0
2,2, 297174954000000, 0.021659, 0.030000, 0
3,0, 297174954000000, 0.029191, 0.030000, 0
3,1, 297174954000000, 0.023447, 0.030000, 0
3,2, 297174954000000, 0.020404, 0.030000, 0
0,0, 297174954200000, 0.031994, 0.030000, 0
0,1, 297174954200000, 0.027855, 0.030000, 0
0,2, 297174954200000, 0.024476, 0.030000, 0
1,0, 297174954200000, 0.032835, 0.030000, 0
1,1, 297174954200000, 0.027333, 0.030000, 0
1,2, 297174954200000, 0.025782, 0.030000, 0
2,0, 297174954200000, 0.030251, 0.030000, 0
2,1, 297174954200000, 0.029172, 0.030000, 0
2,2, 297174954200000, 0.023969, 0.030000, 0
3,0, 297174954200000, 0.030556, 0.030000, 0
3,1, 297174954200000, 0.027783, 0.030000, 0
3,2, 297174954200000, 0.026262, 0.030000, 0
0,0, 297174954400000, 0.027577, 0.030000, 0
0,1, 297174954400000, 0.025607, 0.030000, 0
0,2, 297174954400000, 0.026838, 0.030000, 0
1,0, 297174954400000, 0.026538, 0.030000, 0
1,1, 297174954400000, 0.026806, 0.030000, 0
1,2, 297174954400000, 0.024571, 0.030000, 0
2,0, 297174954400000, 0.029625, 0.030000, 0
2,1, 297174954400000, 0.026266, 0.030000, 0
2,2, 297174954400000, 0.028045, 0.030000, 0
3,0, 297174954400000, 0.029778, 0.030000, 0
3,1, 297174954400000, 0.025572, 0.030000, 0
3,2, 297174954400000, 0.027731, 0.030000, 0
0,0, 297174954600000, 0.029369, 0.030000, 0
0,1, 297174954600000, 0.025944, 0.030000, 0
0,2, 297174954600000, 0.026559, 0.030000, 0
1,0, 297174954600000, 0.029229, 0.030000, 0
1,1, 297174954600000, 0.028003, 0.030000, 0
1,2, 297174954600000, 0.023965, 0.030000, 0
2,0, 297174954600000, 0.033313, 0.030000, 0
2,1, 297174954600000, 0.030653, 0.030000, 0
2,2, 297174954600000, 0.027162, 0.030000, 0
3,0, 297174954600000, 0.031929, 0.030000, 0
3,1, 297174954600000, 0.028846, 0.030000, 0
3,2, 297174954600000, 0.028465, 0.030000, 0
0,0, 297174954800000, 0.031064, 0.030000, 0
0,1, 297174954800000, 0.023192, 0.030000, 0
0,2, 297174954800000, 0.023500, 0.030000, 0
1,0, 297174954800000, 0.032034, 0.030000, 0
1,1, 297174954800000, 0.021302, 0.030000, 0
1,2, 297174954800000, 0.017823, 0.030000, 0
2,0, 297174954800000, 0.030136, 0.030000, 0
2,1, 297174954800000, 0.025547, 0.030000, 0
2,2, 297174954800000, 0.020881, 0.030000, 0
3,0, 297174954800000, 0.033824, 0.030000, 0
3,1, 297174954800000, 0.026103, 0.030000, 0
3,2, 297174954800000, 0.021533, 0.030000, 0
0,0, 297174955000000, 0.031492, 0.030000, 0
0,1, 297174955000000, 0.023296, 0.030000, 0
0,2, 297174955000000, 0.021970, 0.030000, 0
1,0, 297174955000000, 0.029057, 0.030000, 0
1,1, 297174955000000, 0.019431, 0.030000, 0
1,2, 297174955000000, 0.019131, 0.030000, 0
2,0, 297174955000000, 0.032488, 0.030000, 0
2,1, 297174955000000, 0.024453, 0.030000, 0
2,2, 297174955000000, 0.019201, 0.030000, 0
3,0, 297174955000000, 0.029952, 0.030000, 0
3,1, 297174955000000, 0.020351, 0.030000, 0
3,2, 297174955000000, 0.020986, 0.030000, 0
0,0, 297174955200000, 0.034626, 0.030000, 0
0,1, 297174955200000, 0.024788, 0.030000, 0
0,2, 297174955200000, 0.024125, 0.030000, 0
1,0, 297174955200000, 0.031949, 0.030000, 0
1,1, 297174955200000, 0.022855, 0.030000, 0
1,2, 297174955200000, 0.024166, 0.030000, 0
2,0, 297174955200000, 0.032204, 0.030000, 0
2,1, 297174955200000, 0.023907, 0.030000, 0
2,2, 297174955200000, 0.021280, 0.030000, 0
3,0, 297174955200000, 0.030936, 0.030000, 0
3,1, 297174955200000, 0.020396, 0.030000, 0
3,2, 297174955200000, 0.023633, 0.030000, 0
0,0, 297174955400000, 0.034733, 0.030000, 0
0,1, 297174955400000, 0.025534, 0.030000, 0
0,2, 297174955400000, 0.023742, 0.030000, 0
1,0, 297174955400000, 0.034854, 0.030000, 0
1,1, 297174955400000, 0.031868, 0.030000, 0
1,2, 297174955400000, 0.029603, 0.030000, 0
2,0, 297174955400000, 0.036442, 0.030000, 0
2,1, 297174955400000, 0.026553, 0.030000, 0
2,2, 297174955400000, 0.023780, 0.030000, 0
3,0, 297174955400000, 0.035808, 0.030000, 0
3,1, 297174955400000, 0.027718, 0.030000, 0
3,2, 297174955400000, 0.026417, 0.030000, 0
0,0, 297174955600000, 0.031867, 0.030000, 0
0,1, 297174955600000, 0.024447, 0.030000, 0
0,2, 297174955600000, 0.022091, 0.030000, 0
1,0, 297174955600000, 0.030467, 0.030000, 0
1,1, 297174955600000, 0.024694, 0.030000, 0
1,2, 297174955600000, 0.025021, 0.030000, 0
2,0, 297174955600000, 0.032721, 0.030000, 0
2,1, 297174955600000, 0.020577, 0.030000, 0
2,2, 297174955600000, 0.020650, 0.030000, 0
3,0, 297174955600000, 0.030944, 0.030000, 0
3,1, 297174955600000, 0.021159, 0.030000, 0
3,2, 297174955600000, 0.019048, 0.030000, 0
0,0, 297174955800000, 0.038433, 0.030000, 0
0,1, 297174955800000, 0.029743, 0.030000, 0
0,2, 297174955800000, 0.027106, 0.030000, 0
1,0, 297174955800000, 0.036274, 0.030000, 0
1,1, 297174955800000, 0.028407, 0.030000, 0
1,2, 297174955800000, 0.030031, 0.030000, 0
2,0, 297174955800000, 0.035941, 0.030000, 0
2,1, 297174955800000, 0.023428, 0.030000, 0
2,2, 297174955800000, 0.022005, 0.030000, 0
3,0, 297174955800000, 0.035812, 0.030000, 0
3,1, 297174955800000, 0.025179, 0.030000, 0
3,2, 297174955800000, 0.025584, 0.030000, 0
0,0, 297174956000000, 0.034557, 0.030000, 0
0,1, 297174956000000, 0.026112, 0.030000, 0
0,2, 297174956000000, 0.026693, 0.030000, 0
1,0, 297174956000000, 0.033437, 0.030000, 0
1,1, 297174956000000, 0.026903, 0.030000, 0
1,2, 297174956000000, 0.028155, 0.030000, 0
2,0, 297174956000000, 0.034770, 0.030000, 0
2,1, 297174956000000, 0.024854, 0.030000, 0
2,2, 297174956000000, 0.027063, 0.030000, 0
3,0, 297174956000000, 0.032406, 0.030000, 0
3,1, 297174956000000, 0.026750, 0.030000, 0
3,2, 297174956000000, 0.031772, 0.030000, 0
0,0, 297174956200000, 0.031778, 0.030000, 0
0,1, 297174956200000, 0.023756, 0.030000, 0
0,2, 297174956200000, 0.022106, 0.030000, 0
1,0, 297174956200000, 0.032678, 0.030000, 0
1,1, 297174956200000, 0.027092, 0.030000, 0
1,2, 297174956200000, 0.024298, 0.030000, 0
2,0, 297174956200000, 0.033345, 0.030000, 0
2,1, 297174956200000, 0.028487, 0.030000, 0
2,2, 297174956200000, 0.022291, 0.030000, 0
3,0, 297174956200000, 0.033623, 0.030000, 0
3,1, 297174956200000, 0.027015, 0.030000, 0
3,2, 297174956200000, 0.027566, 0.030000, 0
0,0, 297174956400000, 0.031849, 0.030000, 0
0,1, 297174956400000, 0.020638, 0.030000, 0
0,2, 297174956400000, 0.025653, 0.030000, 0
1,0, 297174956400000, 0.033759, 0.030000, 0
1,1, 297174956400000, 0.020846, 0.030000, 0
1,2, 297174956400000, 0.026749, 0.030000, 0
2,0, 297174956400000, 0.032633, 0.030000, 0
2,1, 297174956400000, 0.024464, 0.030000, 0
2,2, 297174956400000, 0.024286, 0.030000, 0
3,0, 297174956400000, 0.035692, 0.030000, 0
3,1, 297174956400000, 0.022267, 0.030000, 0
3,2, 297174956400000, 0.028383, 0.030000, 0
0,0, 297174956600000, 0.031885, 0.030000, 0
0,1, 297174956600000, 0.019079, 0.030000, 0
0,2, 297174956600000, 0.024507, 0.030000, 0
1,0, 297174956600000, 0.034300, 0.030000, 0
1,1, 297174956600000, 0.023563, 0.030000, 0
1,2, 297174956600000, 0.026514, 0.030000, 0
2,0, 297174956600000, 0.029356, 0.030000, 0
2,1, 297174956600000, 0.020992, 0.030000, 0
2,2, 297174956600000, 0.023823, 0.030000, 0
3,0, 297174956600000, 0.030886, 0.030000, 0
3,1, 297174956600000, 0.019894, 0.030000, 0
3,2, 297174956600000, 0.021492, 0.030000, 0
0,0, 297174956800000, 0.030482, 0.030000, 0
0,1, 297174956800000, 0.022679, 0.030000, 0
0,2, 297174956800000, 0.022473, 0.030000, 0
1,0, 297174956800000, 0.031710, 0.030000, 0
1,1, 297174956800000, 0.023461, 0.030000, 0
1,2, 297174956800000, 0.024937, 0.030000, 0
2,0, 297174956800000, 0.030678, 0.030000, 0
2,1, 297174956800000, 0.019256, 0.030000, 0
2,2, 297174956800000, 0.022131, 0.030000, 0
3,0, 297174956800000, 0.029943, 0.030000, 0
3,1, 297174956800000, 0.020167, 0.030000, 0
3,2, 297174956800000, 0.022426, 0.030000, 0
0,0, 297174957000000, 0.035581, 0.030000, 0
0,1, 297174957000000, 0.023020, 0.030000, 0
0,2, 297174957000000, 0.022977, 0.030000, 0
1,0, 297174957000000, 0.033275, 0.030000, 0
1,1, 297174957000000, 0.021951, 0.030000, 0
1,2, 297174957000000, 0.025609, 0.030000, 0
2,0, 297174957000000, 0.037139, 0.030000, 0
2,1, 297174957000000, 0.021308, 0.030000, 0
2,2, 297174957000000, 0.024246, 0.030000, 0
3,0, 297174957000000, 0.032391, 0.030000, 0
3,1, 297174957000000, 0.020303, 0.030000, 0
3,2, 297174957000000, 0.025893, 0.030000, 0
0,0, 297174957200000, 0.033751, 0.030000, 0
0,1, 297174957200000, 0.024650, 0.030000, 0
0,2, 297174957200000, 0.023168, 0.030000, 0
1,0, 297174957200000, 0.034057, 0.030000, 0
1,1, 297174957200000, 0.024115, 0.030000, 0
1,2, 297174957200000, 0.027404, 0.030000, 0
2,0, 297174957200000, 0.035990, 0.030000, 0
2,1, 297174957200000, 0.026714, 0.030000, 0
2,2, 297174957200000, 0.026723, 0.030000, 0
3,0, 297174957200000, 0.029236, 0.030000, 0
3,1, 297174957200000, 0.020372, 0.030000, 0
3,2, 297174957200000, 0.024626, 0.030000, 0
0,0, 297174957400000, 0.038675, 0.030000, 0
0,1, 297174957400000, 0.025465, 0.030000, 0
0,2, 297174957400000, 0.021804, 0.030000, 0
1,0, 297174957400000, 0.037369, 0.030000, 0
1,1, 297174957400000, 0.026658, 0.030000, 0
1,2, 297174957400000, 0.026842, 0.030000, 0
2,0, 297174957400000, 0.038335, 0.030000, 0
2,1, 297174957400000, 0.027957, 0.030000, 0
2,2, 297174957400000, 0.022121, 0.030000, 0
3,0, 297174957400000, 0.037878, 0.030000, 0
3,1, 297174957400000, 0.024786, 0.030000, 0
3,2, 297174957400000, 0.023993, 0.030000, 0
0,0, 297174957600000, 0.033838, 0.030000, 0
0,1, 297174957600000, 0.021492, 0.030000, 0
0,2, 297174957600000, 0.015982, 0.030000, 0
1,0, 297174957600000, 0.034644, 0.030000, 0
1,1, 297174957600000, 0.025009, 0.030000, 0
1,2, 297174957600000, 0.021421, 0.030000, 0
2,0, 297174957600000, 0.032207, 0.030000, 0
2,1, 297174957600000, 0.024198, 0.030000, 0
2,2, 297174957600000, 0.016141, 0.030000, 0
3,0, 297174957600000, 0.034899, 0.030000, 0
3,1, 297174957600000, 0.021153, 0.030000, 0
3,2, 297174957600000, 0.017837, 0.030000, 0
0,0, 297174957800000, 0.034339, 0.030000, 0
0,1, 297174957800000, 0.025346, 0.030000, 0
0,2, 297174957800000, 0.027771, 0.030000, 0
1,0, 297174957800000, 0.030362, 0.030000, 0
1,1, 297174957800000, 0.025644, 0.030000, 0
1,2, 297174957800000, 0.029051, 0.030000, 0
2,0, 297174957800000, 0.032064, 0.030000, 0
2,1, 297174957800000, 0.025239, 0.030000, 0
2,2, 297174957800000, 0.027850, 0.030000, 0
3,0, 297174957800000, 0.034869, 0.030000, 0
3,1, 297174957800000, 0.022256, 0.030000, 0
3,2, 297174957800000, 0.027898, 0.030000, 0
0,0, 297174958000000, 0.031669, 0.030000, 0
0,1, 297174958000000, 0.025813, 0.030000, 0
0,2, 297174958000000, 0.027026, 0.030000, 0
1,0, 297174958000000, 0.034061, 0.030000, 0
1,1, 297174958000000, 0.028882, 0.030000, 0
1,2, 297174958000000, 0.032045, 0.030000, 0
2,0, 297174958000000, 0.033452, 0.030000, 0
2,1, 297174958000000, 0.028680, 0.030000, 0
2,2, 297174958000000, 0.027065, 0.030000, 0
3,0, 297174958000000, 0.034855, 0.030000, 0
3,1, 297174958000000, 0.027188, 0.030000, 0
3,2, 297174958000000, 0.031469, 0.030000, 0
0,0, 297174958200000, 0.028875, 0.030000, 0
0,1, 297174958200000, 0.023127, 0.030000, 0
0,2, 297174958200000, 0.026653, 0.030000, 0
1,0, 297174958200000, 0.032991, 0.030000, 0
1,1, 297174958200000, 0.026121, 0.030000, 0
1,2, 297174958200000, 0.026243, 0.030000, 0
2,0, 297174958200000, 0.032686, 0.030000, 0
2,1, 297174958200000, 0.024560, 0.030000, 0
2,2, 297174958200000, 0.023753, 0.030000, 0
3,0, 297174958200000, 0.031927, 0.030000, 0
3,1, 297174958200000, 0.020894, 0.030000, 0
3,2, 297174958200000, 0.030335, 0.030000, 0
0,0, 297174958400000, 0.026017, 0.030000, 0
0,1, 297174958400000, 0.026163, 0.030000, 0
0,2, 297174958400000, 0.027926, 0.030000, 0
1,0, 297174958400000, 0.030995, 0.030000, 0
1,1, 297174958400000, 0.026201, 0.030000, 0
1,2, 297174958400000, 0.029181, 0.030000, 0
2,0, 297174958400000, 0.029383, 0.030000, 0
2,1, 297174958400000, 0.025420, 0.030000, 0
2,2, 297174958400000, 0.026476, 0.030000, 0
3,0, 297174958400000, 0.027544, 0.030000, 0
3,1, 297174958400000, 0.022127, 0.030000, 0
3,2, 297174958400000, 0.031227, 0.030000, 0
0,0, 297174958600000, 0.027509, 0.030000, 0
0,1, 297174958600000, 0.020382, 0.030000, 0
0,2, 297174958600000, 0.028583, 0.030000, 0
1,0, 297174958600000, 0.032918, 0.030000, 0
1,1, 297174958600000, 0.024780, 0.030000, 0
1,2, 297174958600000, 0.029231, 0.030000, 0
2,0, 297174958600000, 0.030651, 0.030000, 0
2,1, 297174958600000, 0.028770, 0.030000, 0
2,2, 297174958600000, 0.030818, 0.030000, 0
3,0, 297174958600000, 0.029732, 0.030000, 0
3,1, 297174958600000, 0.024204, 0.030000, 0
3,2, 297174958600000, 0.030214, 0.030000, 0
0,0, 297174958800000, 0.028254, 0.030000, 0
0,1, 297174958800000, 0.020411, 0.030000, 0
0,2, 297174958800000, 0.025972, 0.030000, 0
1,0, 297174958800000, 0.029499, 0.030000, 0
1,1, 297174958800000, 0.027010, 0.030000, 0
1,2, 297174958800000, 0.027755, 0.030000, 0
2,0, 297174958800000, 0.028366, 0.030000, 0
2,1, 297174958800000, 0.027525, 0.030000, 0
2,2, 297174958800000, 0.030009, 0.030000, 0
3,0, 297174958800000, 0.029366, 0.030000, 0
3,1, 297174958800000, 0.022342, 0.030000, 0
3,2, 297174958800000, 0.028247, 0.030000, 0
0,0, 297174959000000, 0.034467, 0.030000, 0
0,1, 297174959000000, 0.032105, 0.030000, 0
0,2, 297174959000000, 0.029046, 0.030000, 0
1,0, 297174959000000, 0.030709, 0.030000, 0
1,1, 297174959000000, 0.026645, 0.030000, 0
1,2, 297174959000000, 0.028478, 0.030000, 0
2,0, 297174959000000, 0.033063, 0.030000, 0
2,1, 297174959000000, 0.032742, 0.030000, 0
2,2, 297174959000000, 0.029605, 0.030000, 0
3,0, 297174959000000, 0.032103, 0.030000, 0
3,1, 297174959000000, 0.027231, 0.030000, 0
3,2, 297174959000000, 0.030183, 0.030000, 0
0,0, 297174959200000, 0.034654, 0.030000, 0
0,1, 297174959200000, 0.026273, 0.030000, 0
0,2, 297174959200000, 0.026203, 0.030000, 0
1,0, 297174959200000, 0.032775, 0.030000, 0
1,1, 297174959200000, 0.027923, 0.030000, 0
1,2, 297174959200000, 0.025919, 0.030000, 0
2,0, 297174959200000, 0.035411, 0.030000, 0
2,1, 297174959200000, 0.026591, 0.030000, 0
2,2, 297174959200000, 0.022102, 0.030000, 0
3,0, 297174959200000, 0.030551, 0.030000, 0
3,1, 297174959200000, 0.026755, 0.030000, 0
3,2, 297174959200000, 0.023852, 0.030000, 0
0,0, 297174959400000, 0.034747, 0.030000, 0
0,1, 297174959400000, 0.030656, 0.030000, 0
0,2, 297174959400000, 0.026241, 0.030000, 0
1,0, 297174959400000, 0.035267, 0.030000, 0
1,1, 297174959400000, 0.031481, 0.030000, 0
1,2, 297174959400000, 0.029019, 0.030000, 0
2,0, 297174959400000, 0.036586, 0.030000, 0
2,1, 297174959400000, 0.027896, 0.030000, 0
2,2, 297174959400000, 0.022731, 0.030000, 0
3,0, 297174959400000, 0.032696, 0.030000, 0
3,1, 297174959400000, 0.025058, 0.030000, 0
3,2, 297174959400000, 0.023606, 0.030000, 0
0,0, 297174959600000, 0.033333, 0.030000, 0
0,1, 297174959600000, 0.024088, 0.030000, 0
0,2, 297174959600000, 0.026261, 0.030000, 0
1,0, 297174959600000, 0.035054, 0.030000, 0
1,1, 297174959600000, 0.025961, 0.030000, 0
1,2, 297174959600000, 0.024730, 0.030000, 0
2,0, 297174959600000, 0.034253, 0.030000, 0
2,1, 297174959600000, 0.024168, 0.030000, 0
2,2, 297174959600000, 0.021586, 0.030000, 0
3,0, 297174959600000, 0.035228, 0.030000, 0
3,1, 297174959600000, 0.022749, 0.030000, 0
3,2, 297174959600000, 0.026403, 0.030000, 0
0,0, 297174959800000, 0.034087, 0.030000, 0
0,1, 297174959800000, 0.020804, 0.030000, 0
0,2, 297174959800000, 0.020450, 0.030000, 0
1,0, 297174959800000, 0.033487, 0.030000, 0
1,1, 297174959800000, 0.021740, 0.030000, 0
1,2, 297174959800000, 0.022625, 0.030000, 0
2,0, 297174959800000, 0.034546, 0.030000, 0
2,1, 297174959800000, 0.020844, 0.030000, 0
2,2, 297174959800000, 0.019573, 0.030000, 0
3,0, 297174959800000, 0.035034, 0.030000, 0
3,1, 297174959800000, 0.020134, 0.030000, 0
3,2, 297174959800000, 0.021961, 0.030000, 0
0,0, 297174960000000, 0.033003, 0.030000, 0
0,1, 297174960000000, 0.017702, 0.030000, 0
0,2, 297174960000000, 0.018985, 0.030000, 0
1,0, 297174960000000, 0.031243, 0.030000, 0
1,1, 297174960000000, 0.022550, 0.030000, 0
1,2, 297174960000000, 0.021532, 0.030000, 0
2,0, 297174960000000, 0.030313, 0.030000, 0
2,1, 297174960000000, 0.020642, 0.030000, 0
2,2, 297174960000000, 0.018546, 0.030000, 0
3,0, 297174960000000, 0.033477, 0.030000, 0
3,1, 297174960000000, 0.024667, 0.030000, 0
3,2, 297174960000000, 0.022661, 0.030000, 0
