nodeName, RxStationID, timestamp, TxStationID, messageID, distance
node[2], 2774094101, 0.401193, 1277901399, 4, 32.021200
node[1], 2588848963, 0.401193, 1277901399, 4, 64.153296
node[0], 2357136044, 0.401193, 1277901399, 4, 96.174464
node[2], 2774094101, 0.514192, 1277901399, 5, 32.021200
node[1], 2588848963, 0.514192, 1277901399, 5, 64.153296
node[0], 2357136044, 0.514192, 1277901399, 5, 96.174464
node[2], 2774094101, 0.601193, 1277901399, 6, 32.021200
node[1], 2588848963, 0.601193, 1277901399, 6, 64.153296
node[0], 2357136044, 0.601193, 1277901399, 6, 96.174464
node[1], 2588848963, 0.639067, 2774094101, 7, 32.132191
node[3], 1277901399, 0.639067, 2774094101, 7, 32.021200
node[0], 2357136044, 0.639067, 2774094101, 7, 64.153296
node[2], 2774094101, 0.701193, 1277901399, 8, 32.021200
node[1], 2588848963, 0.701193, 1277901399, 8, 64.153296
node[0], 2357136044, 0.701193, 1277901399, 8, 96.174464
node[1], 2588848963, 0.739067, 2774094101, 9, 32.132191
node[3], 1277901399, 0.739067, 2774094101, 9, 32.021200
node[0], 2357136044, 0.739067, 2774094101, 9, 64.153296
node[2], 2774094101, 0.808192, 1277901399, 10, 32.021200
node[1], 2588848963, 0.808192, 1277901399, 10, 64.153296
node[0], 2357136044, 0.808192, 1277901399, 10, 96.174464
node[1], 2588848963, 0.839067, 2774094101, 12, 32.132191
node[3], 1277901399, 0.839067, 2774094101, 12, 32.021200
node[0], 2357136044, 0.839067, 2774094101, 12, 64.153296
node[0], 2357136044, 0.850043, 2588848963, 11, 32.021200
node[2], 2774094101, 0.850043, 2588848963, 11, 32.132191
node[3], 1277901399, 0.850043, 2588848963, 11, 64.153296
node[2], 2774094101, 0.915192, 1277901399, 13, 32.021200
node[1], 2588848963, 0.915192, 1277901399, 13, 64.153296
node[0], 2357136044, 0.915192, 1277901399, 13, 96.174464
node[0], 2357136044, 0.925044, 2588848963, 14, 32.021200
node[2], 2774094101, 0.925044, 2588848963, 14, 32.132191
node[3], 1277901399, 0.925044, 2588848963, 14, 64.153296
node[1], 2588848963, 0.939067, 2774094101, 15, 32.132191
node[3], 1277901399, 0.939067, 2774094101, 15, 32.021200
node[0], 2357136044, 0.939067, 2774094101, 15, 64.153296
node[1], 2588848963, 0.945746, 2357136044, 16, 32.021200
node[2], 2774094101, 0.945746, 2357136044, 16, 64.153296
node[3], 1277901399, 0.945746, 2357136044, 16, 96.174464
node[2], 2774094101, 1.001193, 1277901399, 17, 32.021200
node[1], 2588848963, 1.001193, 1277901399, 17, 64.153296
node[0], 2357136044, 1.001193, 1277901399, 17, 96.174464
node[0], 2357136044, 1.025044, 2588848963, 18, 32.021200
node[2], 2774094101, 1.025044, 2588848963, 18, 32.132191
node[3], 1277901399, 1.025044, 2588848963, 18, 64.153296
node[1], 2588848963, 1.039067, 2774094101, 19, 32.132191
node[3], 1277901399, 1.039067, 2774094101, 19, 32.021200
node[0], 2357136044, 1.039067, 2774094101, 19, 64.153296
node[1], 2588848963, 1.046030, 2357136044, 20, 32.021200
node[2], 2774094101, 1.046031, 2357136044, 20, 64.153296
node[3], 1277901399, 1.046031, 2357136044, 20, 96.174464
node[2], 2774094101, 1.117192, 1277901399, 21, 32.021200
node[1], 2588848963, 1.117192, 1277901399, 21, 64.153296
node[0], 2357136044, 1.117192, 1277901399, 21, 96.174464
node[0], 2357136044, 1.125044, 2588848963, 22, 32.021200
node[2], 2774094101, 1.125044, 2588848963, 22, 32.132191
node[3], 1277901399, 1.125044, 2588848963, 22, 64.153296
node[3], 1277901399, 1.139067, 2774094101, 23, 32.021200
node[1], 2588848963, 1.139067, 2774094101, 23, 32.132191
node[0], 2357136044, 1.139067, 2774094101, 23, 64.153296
node[1], 2588848963, 1.145746, 2357136044, 24, 32.021200
node[2], 2774094101, 1.145746, 2357136044, 24, 64.153296
node[3], 1277901399, 1.145746, 2357136044, 24, 96.174464
node[2], 2774094101, 1.201193, 1277901399, 25, 32.021200
node[1], 2588848963, 1.201193, 1277901399, 25, 64.153296
node[0], 2357136044, 1.201193, 1277901399, 25, 96.174464
node[0], 2357136044, 1.225044, 2588848963, 26, 32.021200
node[2], 2774094101, 1.225044, 2588848963, 26, 32.132191
node[3], 1277901399, 1.225044, 2588848963, 26, 64.153296
node[1], 2588848963, 1.245746, 2357136044, 28, 32.021200
node[2], 2774094101, 1.245746, 2357136044, 28, 64.153296
node[3], 1277901399, 1.245746, 2357136044, 28, 96.174464
node[3], 1277901399, 1.259067, 2774094101, 27, 32.021200
node[1], 2588848963, 1.259067, 2774094101, 27, 32.132191
node[0], 2357136044, 1.259067, 2774094101, 27, 64.153296
node[2], 2774094101, 1.301193, 1277901399, 29, 32.021200
node[1], 2588848963, 1.301193, 1277901399, 29, 64.153296
node[0], 2357136044, 1.301193, 1277901399, 29, 96.174464
node[0], 2357136044, 1.325044, 2588848963, 30, 32.021200
node[2], 2774094101, 1.325044, 2588848963, 30, 32.132191
node[3], 1277901399, 1.325044, 2588848963, 30, 64.153296
node[3], 1277901399, 1.339067, 2774094101, 31, 32.021200
node[1], 2588848963, 1.339067, 2774094101, 31, 32.132191
node[0], 2357136044, 1.339067, 2774094101, 31, 64.153296
node[1], 2588848963, 1.345746, 2357136044, 32, 32.021200
node[2], 2774094101, 1.345746, 2357136044, 32, 64.153296
node[3], 1277901399, 1.345746, 2357136044, 32, 96.174464
node[2], 2774094101, 1.401193, 1277901399, 33, 32.021200
node[1], 2588848963, 1.401193, 1277901399, 33, 64.153296
node[0], 2357136044, 1.401193, 1277901399, 33, 96.174464
node[0], 2357136044, 1.425044, 2588848963, 34, 32.021200
node[2], 2774094101, 1.425044, 2588848963, 34, 32.132191
node[3], 1277901399, 1.425044, 2588848963, 34, 64.153296
node[1], 2588848963, 1.443067, 2774094101, 35, 32.132191
node[3], 1277901399, 1.443067, 2774094101, 35, 32.021200
node[0], 2357136044, 1.443067, 2774094101, 35, 64.153296
node[1], 2588848963, 1.445746, 2357136044, 36, 32.021200
node[2], 2774094101, 1.445746, 2357136044, 36, 64.153296
node[3], 1277901399, 1.445746, 2357136044, 36, 96.174464
node[2], 2774094101, 1.504192, 1277901399, 37, 32.021200
node[1], 2588848963, 1.504192, 1277901399, 37, 64.153296
node[0], 2357136044, 1.504192, 1277901399, 37, 96.174464
node[0], 2357136044, 1.525044, 2588848963, 38, 32.021200
node[2], 2774094101, 1.525044, 2588848963, 38, 32.132191
node[3], 1277901399, 1.525044, 2588848963, 38, 64.153296
node[1], 2588848963, 1.545746, 2357136044, 40, 32.021200
node[2], 2774094101, 1.545746, 2357136044, 40, 64.153296
node[3], 1277901399, 1.545746, 2357136044, 40, 96.174464
node[1], 2588848963, 1.551067, 2774094101, 39, 32.132191
node[3], 1277901399, 1.551067, 2774094101, 39, 32.021200
node[0], 2357136044, 1.551067, 2774094101, 39, 64.153296
node[2], 2774094101, 1.601193, 1277901399, 41, 32.021200
node[1], 2588848963, 1.601193, 1277901399, 41, 64.153296
node[0], 2357136044, 1.601193, 1277901399, 41, 96.174464
node[0], 2357136044, 1.625044, 2588848963, 42, 32.021200
node[2], 2774094101, 1.625044, 2588848963, 42, 32.132191
node[3], 1277901399, 1.625044, 2588848963, 42, 64.153296
node[3], 1277901399, 1.639067, 2774094101, 43, 32.021200
node[1], 2588848963, 1.639067, 2774094101, 43, 32.132191
node[0], 2357136044, 1.639067, 2774094101, 43, 64.153296
node[1], 2588848963, 1.645746, 2357136044, 44, 32.021200
node[2], 2774094101, 1.645746, 2357136044, 44, 64.153296
node[3], 1277901399, 1.645746, 2357136044, 44, 96.174464
node[2], 2774094101, 1.701193, 1277901399, 45, 32.021200
node[1], 2588848963, 1.701193, 1277901399, 45, 64.153296
node[0], 2357136044, 1.701193, 1277901399, 45, 96.174464
node[0], 2357136044, 1.725044, 2588848963, 46, 32.021200
node[2], 2774094101, 1.725044, 2588848963, 46, 32.132191
node[3], 1277901399, 1.725044, 2588848963, 46, 64.153296
node[1], 2588848963, 1.756745, 2357136044, 48, 32.021200
node[2], 2774094101, 1.756745, 2357136044, 48, 64.153296
node[3], 1277901399, 1.756745, 2357136044, 48, 96.174464
node[1], 2588848963, 1.760067, 2774094101, 47, 32.132191
node[3], 1277901399, 1.760067, 2774094101, 47, 32.021200
node[0], 2357136044, 1.760067, 2774094101, 47, 64.153296
node[2], 2774094101, 1.801193, 1277901399, 49, 32.021200
node[1], 2588848963, 1.801193, 1277901399, 49, 64.153296
node[0], 2357136044, 1.801193, 1277901399, 49, 96.174464
node[1], 2588848963, 1.839067, 2774094101, 51, 32.132191
node[3], 1277901399, 1.839067, 2774094101, 51, 32.021200
node[0], 2357136044, 1.839067, 2774094101, 51, 64.153296
node[0], 2357136044, 1.849043, 2588848963, 50, 32.021200
node[2], 2774094101, 1.849043, 2588848963, 50, 32.132191
node[3], 1277901399, 1.849043, 2588848963, 50, 64.153296
node[1], 2588848963, 1.862745, 2357136044, 52, 32.021200
node[2], 2774094101, 1.862745, 2357136044, 52, 64.153296
node[3], 1277901399, 1.862745, 2357136044, 52, 96.174464
node[2], 2774094101, 1.901193, 1277901399, 53, 32.021200
node[1], 2588848963, 1.901193, 1277901399, 53, 64.153296
node[0], 2357136044, 1.901193, 1277901399, 53, 96.174464
node[0], 2357136044, 1.925044, 2588848963, 54, 32.021200
node[2], 2774094101, 1.925044, 2588848963, 54, 32.132191
node[3], 1277901399, 1.925044, 2588848963, 54, 64.153296
node[1], 2588848963, 1.940067, 2774094101, 55, 32.132191
node[3], 1277901399, 1.940067, 2774094101, 55, 32.021200
node[0], 2357136044, 1.940067, 2774094101, 55, 64.153296
node[1], 2588848963, 1.945746, 2357136044, 56, 32.021200
node[2], 2774094101, 1.945746, 2357136044, 56, 64.153296
node[3], 1277901399, 1.945746, 2357136044, 56, 96.174464
node[2], 2774094101, 2.018192, 1277901399, 57, 32.021200
node[1], 2588848963, 2.018192, 1277901399, 57, 64.153296
node[0], 2357136044, 2.018192, 1277901399, 57, 96.174464
node[0], 2357136044, 2.025044, 2588848963, 58, 32.021200
node[2], 2774094101, 2.025044, 2588848963, 58, 32.132191
node[3], 1277901399, 2.025044, 2588848963, 58, 64.153296
node[1], 2588848963, 2.039067, 2774094101, 59, 32.132191
node[3], 1277901399, 2.039067, 2774094101, 59, 32.021200
node[0], 2357136044, 2.039067, 2774094101, 59, 64.153296
node[1], 2588848963, 2.047745, 2357136044, 60, 32.021200
node[2], 2774094101, 2.047745, 2357136044, 60, 64.153296
node[3], 1277901399, 2.047745, 2357136044, 60, 96.174464
node[2], 2774094101, 2.101193, 1277901399, 61, 32.021200
node[1], 2588848963, 2.101193, 1277901399, 61, 64.153296
node[0], 2357136044, 2.101193, 1277901399, 61, 96.174464
node[0], 2357136044, 2.127043, 2588848963, 62, 32.021200
node[2], 2774094101, 2.127043, 2588848963, 62, 32.132191
node[3], 1277901399, 2.127043, 2588848963, 62, 64.153296
node[1], 2588848963, 2.139067, 2774094101, 63, 32.132191
node[3], 1277901399, 2.139067, 2774094101, 63, 32.021200
node[0], 2357136044, 2.139067, 2774094101, 63, 64.153296
node[1], 2588848963, 2.145746, 2357136044, 64, 32.021200
node[2], 2774094101, 2.145746, 2357136044, 64, 64.153296
node[3], 1277901399, 2.145746, 2357136044, 64, 96.174464
node[2], 2774094101, 2.219192, 1277901399, 65, 32.021200
node[1], 2588848963, 2.219192, 1277901399, 65, 64.153296
node[0], 2357136044, 2.219192, 1277901399, 65, 96.174464
node[0], 2357136044, 2.225044, 2588848963, 66, 32.021200
node[2], 2774094101, 2.225044, 2588848963, 66, 32.132191
node[3], 1277901399, 2.225044, 2588848963, 66, 64.153296
node[1], 2588848963, 2.256745, 2357136044, 68, 32.021200
node[2], 2774094101, 2.256745, 2357136044, 68, 64.153296
node[3], 1277901399, 2.256745, 2357136044, 68, 96.174464
node[1], 2588848963, 2.264067, 2774094101, 67, 32.132191
node[3], 1277901399, 2.264067, 2774094101, 67, 32.021200
node[0], 2357136044, 2.264067, 2774094101, 67, 64.153296
node[2], 2774094101, 2.324192, 1277901399, 69, 32.021200
node[1], 2588848963, 2.324192, 1277901399, 69, 64.153296
node[0], 2357136044, 2.324192, 1277901399, 69, 96.174464
node[0], 2357136044, 2.325044, 2588848963, 70, 32.021200
node[2], 2774094101, 2.325044, 2588848963, 70, 32.132191
node[3], 1277901399, 2.325044, 2588848963, 70, 64.153296
node[1], 2588848963, 2.340067, 2774094101, 71, 32.132191
node[3], 1277901399, 2.340067, 2774094101, 71, 32.021200
node[0], 2357136044, 2.340067, 2774094101, 71, 64.153296
node[1], 2588848963, 2.345746, 2357136044, 72, 32.021200
node[2], 2774094101, 2.345746, 2357136044, 72, 64.153296
node[3], 1277901399, 2.345746, 2357136044, 72, 96.174464
node[0], 2357136044, 2.425044, 2588848963, 74, 32.021200
node[2], 2774094101, 2.425044, 2588848963, 74, 32.132191
node[3], 1277901399, 2.425044, 2588848963, 74, 64.153296
node[2], 2774094101, 2.426192, 1277901399, 73, 32.021200
node[1], 2588848963, 2.426192, 1277901399, 73, 64.153296
node[0], 2357136044, 2.426192, 1277901399, 73, 96.174464
node[1], 2588848963, 2.439067, 2774094101, 75, 32.132191
node[3], 1277901399, 2.439067, 2774094101, 75, 32.021200
node[0], 2357136044, 2.439067, 2774094101, 75, 64.153296
node[1], 2588848963, 2.454745, 2357136044, 76, 32.021200
node[2], 2774094101, 2.454745, 2357136044, 76, 64.153296
node[3], 1277901399, 2.454745, 2357136044, 76, 96.174464
node[2], 2774094101, 2.501193, 1277901399, 77, 32.021200
node[1], 2588848963, 2.501193, 1277901399, 77, 64.153296
node[0], 2357136044, 2.501193, 1277901399, 77, 96.174464
node[0], 2357136044, 2.536043, 2588848963, 78, 32.021200
node[2], 2774094101, 2.536043, 2588848963, 78, 32.132191
node[3], 1277901399, 2.536043, 2588848963, 78, 64.153296
node[1], 2588848963, 2.539067, 2774094101, 79, 32.132191
node[3], 1277901399, 2.539067, 2774094101, 79, 32.021200
node[0], 2357136044, 2.539067, 2774094101, 79, 64.153296
node[1], 2588848963, 2.545746, 2357136044, 80, 32.021200
node[2], 2774094101, 2.545746, 2357136044, 80, 64.153296
node[3], 1277901399, 2.545746, 2357136044, 80, 96.174464
node[2], 2774094101, 2.605192, 1277901399, 81, 32.021200
node[1], 2588848963, 2.605192, 1277901399, 81, 64.153296
node[0], 2357136044, 2.605192, 1277901399, 81, 96.174464
node[0], 2357136044, 2.625044, 2588848963, 82, 32.021200
node[2], 2774094101, 2.625044, 2588848963, 82, 32.132191
node[3], 1277901399, 2.625044, 2588848963, 82, 64.153296
node[1], 2588848963, 2.645746, 2357136044, 84, 32.021200
node[2], 2774094101, 2.645746, 2357136044, 84, 64.153296
node[3], 1277901399, 2.645746, 2357136044, 84, 96.174464
node[1], 2588848963, 2.658067, 2774094101, 83, 32.132191
node[3], 1277901399, 2.658067, 2774094101, 83, 32.021200
node[0], 2357136044, 2.658067, 2774094101, 83, 64.153296
node[2], 2774094101, 2.701193, 1277901399, 85, 32.021200
node[1], 2588848963, 2.701193, 1277901399, 85, 64.153296
node[0], 2357136044, 2.701193, 1277901399, 85, 96.174464
node[0], 2357136044, 2.725044, 2588848963, 86, 32.021200
node[2], 2774094101, 2.725044, 2588848963, 86, 32.132191
node[3], 1277901399, 2.725044, 2588848963, 86, 64.153296
node[1], 2588848963, 2.760067, 2774094101, 87, 32.132191
node[3], 1277901399, 2.760067, 2774094101, 87, 32.021200
node[0], 2357136044, 2.760067, 2774094101, 87, 64.153296
node[1], 2588848963, 2.768745, 2357136044, 88, 32.021200
node[2], 2774094101, 2.768745, 2357136044, 88, 64.153296
node[3], 1277901399, 2.768745, 2357136044, 88, 96.174464
node[2], 2774094101, 2.801193, 1277901399, 89, 32.021200
node[1], 2588848963, 2.801193, 1277901399, 89, 64.153296
node[0], 2357136044, 2.801193, 1277901399, 89, 96.174464
node[0], 2357136044, 2.825044, 2588848963, 90, 32.021200
node[2], 2774094101, 2.825044, 2588848963, 90, 32.132191
node[3], 1277901399, 2.825044, 2588848963, 90, 64.153296
node[1], 2588848963, 2.839067, 2774094101, 91, 32.132191
node[3], 1277901399, 2.839067, 2774094101, 91, 32.021200
node[0], 2357136044, 2.839067, 2774094101, 91, 64.153296
node[1], 2588848963, 2.845746, 2357136044, 92, 32.021200
node[2], 2774094101, 2.845746, 2357136044, 92, 64.153296
node[3], 1277901399, 2.845746, 2357136044, 92, 96.174464
node[2], 2774094101, 2.901193, 1277901399, 93, 32.021200
node[1], 2588848963, 2.901193, 1277901399, 93, 64.153296
node[0], 2357136044, 2.901193, 1277901399, 93, 96.174464
node[0], 2357136044, 2.925044, 2588848963, 94, 32.021200
node[2], 2774094101, 2.925044, 2588848963, 94, 32.132191
node[3], 1277901399, 2.925044, 2588848963, 94, 64.153296
node[1], 2588848963, 2.939067, 2774094101, 95, 32.132191
node[3], 1277901399, 2.939067, 2774094101, 95, 32.021200
node[0], 2357136044, 2.939067, 2774094101, 95, 64.153296
node[1], 2588848963, 2.945746, 2357136044, 96, 32.021200
node[2], 2774094101, 2.945746, 2357136044, 96, 64.153296
node[3], 1277901399, 2.945746, 2357136044, 96, 96.174464
node[2], 2774094101, 3.016192, 1277901399, 97, 32.021200
node[1], 2588848963, 3.016192, 1277901399, 97, 64.153296
node[0], 2357136044, 3.016192, 1277901399, 97, 96.174464
node[0], 2357136044, 3.025044, 2588848963, 98, 32.021200
node[2], 2774094101, 3.025044, 2588848963, 98, 32.132191
node[3], 1277901399, 3.025044, 2588848963, 98, 64.153296
node[1], 2588848963, 3.039067, 2774094101, 99, 32.132191
node[3], 1277901399, 3.039067, 2774094101, 99, 32.021200
node[0], 2357136044, 3.039067, 2774094101, 99, 64.153296
node[1], 2588848963, 3.045746, 2357136044, 100, 32.021200
node[2], 2774094101, 3.045746, 2357136044, 100, 64.153296
node[3], 1277901399, 3.045746, 2357136044, 100, 96.174464
node[2], 2774094101, 3.101193, 1277901399, 101, 32.021200
node[1], 2588848963, 3.101193, 1277901399, 101, 64.153296
node[0], 2357136044, 3.101193, 1277901399, 101, 96.174464
node[1], 2588848963, 3.139067, 2774094101, 103, 32.132191
node[3], 1277901399, 3.139067, 2774094101, 103, 32.021200
node[0], 2357136044, 3.139067, 2774094101, 103, 64.153296
node[0], 2357136044, 3.145043, 2588848963, 102, 32.021200
node[2], 2774094101, 3.145043, 2588848963, 102, 32.132191
node[3], 1277901399, 3.145043, 2588848963, 102, 64.153296
node[1], 2588848963, 3.145746, 2357136044, 104, 32.021200
node[2], 2774094101, 3.145746, 2357136044, 104, 64.153296
node[3], 1277901399, 3.145746, 2357136044, 104, 96.174464
node[2], 2774094101, 3.206192, 1277901399, 105, 32.021200
node[1], 2588848963, 3.206192, 1277901399, 105, 64.153296
node[0], 2357136044, 3.206192, 1277901399, 105, 96.174464
node[0], 2357136044, 3.225044, 2588848963, 106, 32.021200
node[2], 2774094101, 3.225044, 2588848963, 106, 32.132191
node[3], 1277901399, 3.225044, 2588848963, 106, 64.153296
node[1], 2588848963, 3.239067, 2774094101, 107, 32.132191
node[3], 1277901399, 3.239067, 2774094101, 107, 32.021200
node[0], 2357136044, 3.239067, 2774094101, 107, 64.153296
node[1], 2588848963, 3.245746, 2357136044, 108, 32.021200
node[2], 2774094101, 3.245746, 2357136044, 108, 64.153296
node[3], 1277901399, 3.245746, 2357136044, 108, 96.174464
node[2], 2774094101, 3.301193, 1277901399, 109, 32.021200
node[1], 2588848963, 3.301193, 1277901399, 109, 64.153296
node[0], 2357136044, 3.301193, 1277901399, 109, 96.174464
node[0], 2357136044, 3.338043, 2588848963, 110, 32.021200
node[2], 2774094101, 3.338043, 2588848963, 110, 32.132191
node[3], 1277901399, 3.338043, 2588848963, 110, 64.153296
node[1], 2588848963, 3.345746, 2357136044, 112, 32.021200
node[2], 2774094101, 3.345746, 2357136044, 112, 64.153296
node[3], 1277901399, 3.345746, 2357136044, 112, 96.174464
node[3], 1277901399, 3.354067, 2774094101, 111, 32.021200
node[1], 2588848963, 3.354067, 2774094101, 111, 32.132191
node[0], 2357136044, 3.354067, 2774094101, 111, 64.153296
node[2], 2774094101, 3.401193, 1277901399, 113, 32.021200
node[1], 2588848963, 3.401193, 1277901399, 113, 64.153296
node[0], 2357136044, 3.401193, 1277901399, 113, 96.174464
node[0], 2357136044, 3.425044, 2588848963, 114, 32.021200
node[2], 2774094101, 3.425044, 2588848963, 114, 32.132191
node[3], 1277901399, 3.425044, 2588848963, 114, 64.153296
node[1], 2588848963, 3.439067, 2774094101, 115, 32.132191
node[3], 1277901399, 3.439067, 2774094101, 115, 32.021200
node[0], 2357136044, 3.439067, 2774094101, 115, 64.153296
node[1], 2588848963, 3.445746, 2357136044, 116, 32.021200
node[2], 2774094101, 3.445746, 2357136044, 116, 64.153296
node[3], 1277901399, 3.445746, 2357136044, 116, 96.174464
node[2], 2774094101, 3.501193, 1277901399, 117, 32.021200
node[1], 2588848963, 3.501193, 1277901399, 117, 64.153296
node[0], 2357136044, 3.501193, 1277901399, 117, 96.174464
node[0], 2357136044, 3.525044, 2588848963, 118, 32.021200
node[2], 2774094101, 3.525044, 2588848963, 118, 32.132191
node[3], 1277901399, 3.525044, 2588848963, 118, 64.153296
node[1], 2588848963, 3.539067, 2774094101, 119, 32.132191
node[3], 1277901399, 3.539067, 2774094101, 119, 32.021200
node[0], 2357136044, 3.539067, 2774094101, 119, 64.153296
node[1], 2588848963, 3.545746, 2357136044, 120, 32.021200
node[2], 2774094101, 3.545746, 2357136044, 120, 64.153296
node[3], 1277901399, 3.545746, 2357136044, 120, 96.174464
node[2], 2774094101, 3.601193, 1277901399, 121, 32.021200
node[1], 2588848963, 3.601193, 1277901399, 121, 64.153296
node[0], 2357136044, 3.601193, 1277901399, 121, 96.174464
node[1], 2588848963, 3.639067, 2774094101, 123, 32.132191
node[3], 1277901399, 3.639067, 2774094101, 123, 32.021200
node[0], 2357136044, 3.639067, 2774094101, 123, 64.153296
node[0], 2357136044, 3.644043, 2588848963, 122, 32.021200
node[2], 2774094101, 3.644043, 2588848963, 122, 32.132191
node[3], 1277901399, 3.644043, 2588848963, 122, 64.153296
node[1], 2588848963, 3.645746, 2357136044, 124, 32.021200
node[2], 2774094101, 3.645746, 2357136044, 124, 64.153296
node[3], 1277901399, 3.645746, 2357136044, 124, 96.174464
node[2], 2774094101, 3.722192, 1277901399, 125, 32.021200
node[1], 2588848963, 3.722192, 1277901399, 125, 64.153296
node[0], 2357136044, 3.722192, 1277901399, 125, 96.174464
node[0], 2357136044, 3.725044, 2588848963, 126, 32.021200
node[2], 2774094101, 3.725044, 2588848963, 126, 32.132191
node[3], 1277901399, 3.725044, 2588848963, 126, 64.153296
node[1], 2588848963, 3.745746, 2357136044, 128, 32.021200
node[2], 2774094101, 3.745746, 2357136044, 128, 64.153296
node[3], 1277901399, 3.745746, 2357136044, 128, 96.174464
node[1], 2588848963, 3.754067, 2774094101, 127, 32.132191
node[3], 1277901399, 3.754067, 2774094101, 127, 32.021200
node[0], 2357136044, 3.754067, 2774094101, 127, 64.153296
node[2], 2774094101, 3.801193, 1277901399, 129, 32.021200
node[1], 2588848963, 3.801193, 1277901399, 129, 64.153296
node[0], 2357136044, 3.801193, 1277901399, 129, 96.174464
node[0], 2357136044, 3.825044, 2588848963, 130, 32.021200
node[2], 2774094101, 3.825044, 2588848963, 130, 32.132191
node[3], 1277901399, 3.825044, 2588848963, 130, 64.153296
node[1], 2588848963, 3.845746, 2357136044, 132, 32.021200
node[2], 2774094101, 3.845746, 2357136044, 132, 64.153296
node[3], 1277901399, 3.845746, 2357136044, 132, 96.174464
node[3], 1277901399, 3.854067, 2774094101, 131, 32.021200
node[1], 2588848963, 3.854067, 2774094101, 131, 32.132191
node[0], 2357136044, 3.854067, 2774094101, 131, 64.153296
node[2], 2774094101, 3.901193, 1277901399, 133, 32.021200
node[1], 2588848963, 3.901193, 1277901399, 133, 64.153296
node[0], 2357136044, 3.901193, 1277901399, 133, 96.174464
node[0], 2357136044, 3.925044, 2588848963, 134, 32.021200
node[2], 2774094101, 3.925044, 2588848963, 134, 32.132191
node[3], 1277901399, 3.925044, 2588848963, 134, 64.153296
node[1], 2588848963, 3.945746, 2357136044, 136, 32.021200
node[2], 2774094101, 3.945746, 2357136044, 136, 64.153296
node[3], 1277901399, 3.945746, 2357136044, 136, 96.174464
node[1], 2588848963, 3.956067, 2774094101, 135, 32.132191
node[3], 1277901399, 3.956067, 2774094101, 135, 32.021200
node[0], 2357136044, 3.956067, 2774094101, 135, 64.153296
node[2], 2774094101, 4.020192, 1277901399, 137, 32.021200
node[1], 2588848963, 4.020192, 1277901399, 137, 64.153296
node[0], 2357136044, 4.020192, 1277901399, 137, 96.174464
node[0], 2357136044, 4.025044, 2588848963, 138, 32.021200
node[2], 2774094101, 4.025044, 2588848963, 138, 32.132191
node[3], 1277901399, 4.025044, 2588848963, 138, 64.153296
node[1], 2588848963, 4.039067, 2774094101, 139, 32.132191
node[3], 1277901399, 4.039067, 2774094101, 139, 32.021200
node[0], 2357136044, 4.039067, 2774094101, 139, 64.153296
node[1], 2588848963, 4.045939, 2357136044, 140, 32.021200
node[2], 2774094101, 4.045940, 2357136044, 140, 64.153296
node[3], 1277901399, 4.045940, 2357136044, 140, 96.174464
node[2], 2774094101, 4.101193, 1277901399, 141, 32.021200
node[1], 2588848963, 4.101193, 1277901399, 141, 64.153296
node[0], 2357136044, 4.101193, 1277901399, 141, 96.174464
node[1], 2588848963, 4.139067, 2774094101, 143, 32.132191
node[3], 1277901399, 4.139067, 2774094101, 143, 32.021200
node[0], 2357136044, 4.139067, 2774094101, 143, 64.153296
node[0], 2357136044, 4.142043, 2588848963, 142, 32.021200
node[2], 2774094101, 4.142043, 2588848963, 142, 32.132191
node[3], 1277901399, 4.142043, 2588848963, 142, 64.153296
node[1], 2588848963, 4.146745, 2357136044, 144, 32.021200
node[2], 2774094101, 4.146745, 2357136044, 144, 64.153296
node[3], 1277901399, 4.146745, 2357136044, 144, 96.174464
node[2], 2774094101, 4.201193, 1277901399, 145, 32.021200
node[1], 2588848963, 4.201193, 1277901399, 145, 64.153296
node[0], 2357136044, 4.201193, 1277901399, 145, 96.174464
node[0], 2357136044, 4.225044, 2588848963, 146, 32.021200
node[2], 2774094101, 4.225044, 2588848963, 146, 32.132191
node[3], 1277901399, 4.225044, 2588848963, 146, 64.153296
node[1], 2588848963, 4.239067, 2774094101, 147, 32.132191
node[3], 1277901399, 4.239067, 2774094101, 147, 32.021200
node[0], 2357136044, 4.239067, 2774094101, 147, 64.153296
node[1], 2588848963, 4.245746, 2357136044, 148, 32.021200
node[2], 2774094101, 4.245746, 2357136044, 148, 64.153296
node[3], 1277901399, 4.245746, 2357136044, 148, 96.174464
node[2], 2774094101, 4.301193, 1277901399, 149, 32.021200
node[1], 2588848963, 4.301193, 1277901399, 149, 64.153296
node[0], 2357136044, 4.301193, 1277901399, 149, 96.174464
node[0], 2357136044, 4.325044, 2588848963, 150, 32.021200
node[2], 2774094101, 4.325044, 2588848963, 150, 32.132191
node[3], 1277901399, 4.325044, 2588848963, 150, 64.153296
node[1], 2588848963, 4.339067, 2774094101, 151, 32.132191
node[3], 1277901399, 4.339067, 2774094101, 151, 32.021200
node[0], 2357136044, 4.339067, 2774094101, 151, 64.153296
node[1], 2588848963, 4.350745, 2357136044, 152, 32.021200
node[2], 2774094101, 4.350745, 2357136044, 152, 64.153296
node[3], 1277901399, 4.350745, 2357136044, 152, 96.174464
node[2], 2774094101, 4.401193, 1277901399, 153, 32.021200
node[1], 2588848963, 4.401193, 1277901399, 153, 64.153296
node[0], 2357136044, 4.401193, 1277901399, 153, 96.174464
node[0], 2357136044, 4.427043, 2588848963, 154, 32.021200
node[2], 2774094101, 4.427043, 2588848963, 154, 32.132191
node[3], 1277901399, 4.427043, 2588848963, 154, 64.153296
node[1], 2588848963, 4.439067, 2774094101, 155, 32.132191
node[3], 1277901399, 4.439067, 2774094101, 155, 32.021200
node[0], 2357136044, 4.439067, 2774094101, 155, 64.153296
node[1], 2588848963, 4.445746, 2357136044, 156, 32.021200
node[2], 2774094101, 4.445746, 2357136044, 156, 64.153296
node[3], 1277901399, 4.445746, 2357136044, 156, 96.174464
node[2], 2774094101, 4.501193, 1277901399, 157, 32.021200
node[1], 2588848963, 4.501193, 1277901399, 157, 64.153296
node[0], 2357136044, 4.501193, 1277901399, 157, 96.174464
node[0], 2357136044, 4.525044, 2588848963, 158, 32.021200
node[2], 2774094101, 4.525044, 2588848963, 158, 32.132191
node[3], 1277901399, 4.525044, 2588848963, 158, 64.153296
node[1], 2588848963, 4.539067, 2774094101, 159, 32.132191
node[3], 1277901399, 4.539067, 2774094101, 159, 32.021200
node[0], 2357136044, 4.539067, 2774094101, 159, 64.153296
node[1], 2588848963, 4.545746, 2357136044, 160, 32.021200
node[2], 2774094101, 4.545746, 2357136044, 160, 64.153296
node[3], 1277901399, 4.545746, 2357136044, 160, 96.174464
node[2], 2774094101, 4.601193, 1277901399, 161, 32.021200
node[1], 2588848963, 4.601193, 1277901399, 161, 64.153296
node[0], 2357136044, 4.601193, 1277901399, 161, 96.174464
node[0], 2357136044, 4.625044, 2588848963, 162, 32.021200
node[2], 2774094101, 4.625044, 2588848963, 162, 32.132191
node[3], 1277901399, 4.625044, 2588848963, 162, 64.153296
node[1], 2588848963, 4.639067, 2774094101, 163, 32.132191
node[3], 1277901399, 4.639067, 2774094101, 163, 32.021200
node[0], 2357136044, 4.639067, 2774094101, 163, 64.153296
node[1], 2588848963, 4.648745, 2357136044, 164, 32.021200
node[2], 2774094101, 4.648745, 2357136044, 164, 64.153296
node[3], 1277901399, 4.648745, 2357136044, 164, 96.174464
node[2], 2774094101, 4.701193, 1277901399, 165, 32.021200
node[1], 2588848963, 4.701193, 1277901399, 165, 64.153296
node[0], 2357136044, 4.701193, 1277901399, 165, 96.174464
node[0], 2357136044, 4.725044, 2588848963, 166, 32.021200
node[2], 2774094101, 4.725044, 2588848963, 166, 32.132191
node[3], 1277901399, 4.725044, 2588848963, 166, 64.153296
node[1], 2588848963, 4.745746, 2357136044, 168, 32.021200
node[2], 2774094101, 4.745746, 2357136044, 168, 64.153296
node[3], 1277901399, 4.745746, 2357136044, 168, 96.174464
node[1], 2588848963, 4.748067, 2774094101, 167, 32.132191
node[3], 1277901399, 4.748067, 2774094101, 167, 32.021200
node[0], 2357136044, 4.748067, 2774094101, 167, 64.153296
node[2], 2774094101, 4.801193, 1277901399, 169, 32.021200
node[1], 2588848963, 4.801193, 1277901399, 169, 64.153296
node[0], 2357136044, 4.801193, 1277901399, 169, 96.174464
node[0], 2357136044, 4.825044, 2588848963, 170, 32.021200
node[2], 2774094101, 4.825044, 2588848963, 170, 32.132191
node[3], 1277901399, 4.825044, 2588848963, 170, 64.153296
node[1], 2588848963, 4.839067, 2774094101, 171, 32.132191
node[3], 1277901399, 4.839067, 2774094101, 171, 32.021200
node[0], 2357136044, 4.839067, 2774094101, 171, 64.153296
node[1], 2588848963, 4.858745, 2357136044, 172, 32.021200
node[2], 2774094101, 4.858745, 2357136044, 172, 64.153296
node[3], 1277901399, 4.858745, 2357136044, 172, 96.174464
node[2], 2774094101, 4.901193, 1277901399, 173, 32.021200
node[1], 2588848963, 4.901193, 1277901399, 173, 64.153296
node[0], 2357136044, 4.901193, 1277901399, 173, 96.174464
node[0], 2357136044, 4.925044, 2588848963, 174, 32.021200
node[2], 2774094101, 4.925044, 2588848963, 174, 32.132191
node[3], 1277901399, 4.925044, 2588848963, 174, 64.153296
node[1], 2588848963, 4.939067, 2774094101, 175, 32.132191
node[3], 1277901399, 4.939067, 2774094101, 175, 32.021200
node[0], 2357136044, 4.939067, 2774094101, 175, 64.153296
node[1], 2588848963, 4.945746, 2357136044, 176, 32.021200
node[2], 2774094101, 4.945746, 2357136044, 176, 64.153296
node[3], 1277901399, 4.945746, 2357136044, 176, 96.174464
node[2], 2774094101, 5.001193, 1277901399, 177, 32.021200
node[1], 2588848963, 5.001193, 1277901399, 177, 64.153296
node[0], 2357136044, 5.001193, 1277901399, 177, 96.174464
node[0], 2357136044, 5.030043, 2588848963, 178, 32.021200
node[2], 2774094101, 5.030043, 2588848963, 178, 32.132191
node[3], 1277901399, 5.030043, 2588848963, 178, 64.153296
node[1], 2588848963, 5.045746, 2357136044, 180, 32.021200
node[2], 2774094101, 5.045746, 2357136044, 180, 64.153296
node[3], 1277901399, 5.045746, 2357136044, 180, 96.174464
node[1], 2588848963, 5.047067, 2774094101, 179, 32.132191
node[3], 1277901399, 5.047067, 2774094101, 179, 32.021200
node[0], 2357136044, 5.047067, 2774094101, 179, 64.153296
node[2], 2774094101, 5.125192, 1277901399, 181, 32.021200
node[1], 2588848963, 5.125192, 1277901399, 181, 64.153296
node[0], 2357136044, 5.125192, 1277901399, 181, 96.174464
node[1], 2588848963, 5.139067, 2774094101, 183, 32.132191
node[3], 1277901399, 5.139067, 2774094101, 183, 32.021200
node[0], 2357136044, 5.139067, 2774094101, 183, 64.153296
node[0], 2357136044, 5.141043, 2588848963, 182, 32.021200
node[2], 2774094101, 5.141043, 2588848963, 182, 32.132191
node[3], 1277901399, 5.141043, 2588848963, 182, 64.153296
node[1], 2588848963, 5.145746, 2357136044, 184, 32.021200
node[2], 2774094101, 5.145746, 2357136044, 184, 64.153296
node[3], 1277901399, 5.145746, 2357136044, 184, 96.174464
node[2], 2774094101, 5.221192, 1277901399, 185, 32.021200
node[1], 2588848963, 5.221192, 1277901399, 185, 64.153296
node[0], 2357136044, 5.221192, 1277901399, 185, 96.174464
node[0], 2357136044, 5.225044, 2588848963, 186, 32.021200
node[2], 2774094101, 5.225044, 2588848963, 186, 32.132191
node[3], 1277901399, 5.225044, 2588848963, 186, 64.153296
node[1], 2588848963, 5.239067, 2774094101, 187, 32.132191
node[3], 1277901399, 5.239067, 2774094101, 187, 32.021200
node[0], 2357136044, 5.239067, 2774094101, 187, 64.153296
node[1], 2588848963, 5.245746, 2357136044, 188, 32.021200
node[2], 2774094101, 5.245746, 2357136044, 188, 64.153296
node[3], 1277901399, 5.245746, 2357136044, 188, 96.174464
node[2], 2774094101, 5.301193, 1277901399, 189, 32.021200
node[1], 2588848963, 5.301193, 1277901399, 189, 64.153296
node[0], 2357136044, 5.301193, 1277901399, 189, 96.174464
node[0], 2357136044, 5.327043, 2588848963, 190, 32.021200
node[2], 2774094101, 5.327043, 2588848963, 190, 32.132191
node[3], 1277901399, 5.327043, 2588848963, 190, 64.153296
node[1], 2588848963, 5.339067, 2774094101, 191, 32.132191
node[3], 1277901399, 5.339067, 2774094101, 191, 32.021200
node[0], 2357136044, 5.339067, 2774094101, 191, 64.153296
node[1], 2588848963, 5.345746, 2357136044, 192, 32.021200
node[2], 2774094101, 5.345746, 2357136044, 192, 64.153296
node[3], 1277901399, 5.345746, 2357136044, 192, 96.174464
node[2], 2774094101, 5.418192, 1277901399, 193, 32.021200
node[1], 2588848963, 5.418192, 1277901399, 193, 64.153296
node[0], 2357136044, 5.418192, 1277901399, 193, 96.174464
node[0], 2357136044, 5.425044, 2588848963, 194, 32.021200
node[2], 2774094101, 5.425044, 2588848963, 194, 32.132191
node[3], 1277901399, 5.425044, 2588848963, 194, 64.153296
node[1], 2588848963, 5.439067, 2774094101, 195, 32.132191
node[3], 1277901399, 5.439067, 2774094101, 195, 32.021200
node[0], 2357136044, 5.439067, 2774094101, 195, 64.153296
node[1], 2588848963, 5.459745, 2357136044, 196, 32.021200
node[2], 2774094101, 5.459745, 2357136044, 196, 64.153296
node[3], 1277901399, 5.459745, 2357136044, 196, 96.174464
node[2], 2774094101, 5.501193, 1277901399, 197, 32.021200
node[1], 2588848963, 5.501193, 1277901399, 197, 64.153296
node[0], 2357136044, 5.501193, 1277901399, 197, 96.174464
node[1], 2588848963, 5.545746, 2357136044, 200, 32.021200
node[2], 2774094101, 5.545746, 2357136044, 200, 64.153296
node[3], 1277901399, 5.545746, 2357136044, 200, 96.174464
node[1], 2588848963, 5.547067, 2774094101, 199, 32.132191
node[3], 1277901399, 5.547067, 2774094101, 199, 32.021200
node[0], 2357136044, 5.547067, 2774094101, 199, 64.153296
node[0], 2357136044, 5.549043, 2588848963, 198, 32.021200
node[2], 2774094101, 5.549043, 2588848963, 198, 32.132191
node[3], 1277901399, 5.549043, 2588848963, 198, 64.153296
node[2], 2774094101, 5.601193, 1277901399, 201, 32.021200
node[1], 2588848963, 5.601193, 1277901399, 201, 64.153296
node[0], 2357136044, 5.601193, 1277901399, 201, 96.174464
node[0], 2357136044, 5.625044, 2588848963, 202, 32.021200
node[2], 2774094101, 5.625044, 2588848963, 202, 32.132191
node[3], 1277901399, 5.625044, 2588848963, 202, 64.153296
node[1], 2588848963, 5.639067, 2774094101, 203, 32.132191
node[3], 1277901399, 5.639067, 2774094101, 203, 32.021200
node[0], 2357136044, 5.639067, 2774094101, 203, 64.153296
node[1], 2588848963, 5.657745, 2357136044, 204, 32.021200
node[2], 2774094101, 5.657745, 2357136044, 204, 64.153296
node[3], 1277901399, 5.657745, 2357136044, 204, 96.174464
node[2], 2774094101, 5.701193, 1277901399, 205, 32.021200
node[1], 2588848963, 5.701193, 1277901399, 205, 64.153296
node[0], 2357136044, 5.701193, 1277901399, 205, 96.174464
node[0], 2357136044, 5.725044, 2588848963, 206, 32.021200
node[2], 2774094101, 5.725044, 2588848963, 206, 32.132191
node[3], 1277901399, 5.725044, 2588848963, 206, 64.153296
node[1], 2588848963, 5.753745, 2357136044, 208, 32.021200
node[2], 2774094101, 5.753745, 2357136044, 208, 64.153296
node[3], 1277901399, 5.753745, 2357136044, 208, 96.174464
node[1], 2588848963, 5.756067, 2774094101, 207, 32.132191
node[3], 1277901399, 5.756067, 2774094101, 207, 32.021200
node[0], 2357136044, 5.756067, 2774094101, 207, 64.153296
node[2], 2774094101, 5.801193, 1277901399, 209, 32.021200
node[1], 2588848963, 5.801193, 1277901399, 209, 64.153296
node[0], 2357136044, 5.801193, 1277901399, 209, 96.174464
node[0], 2357136044, 5.825044, 2588848963, 210, 32.021200
node[2], 2774094101, 5.825044, 2588848963, 210, 32.132191
node[3], 1277901399, 5.825044, 2588848963, 210, 64.153296
node[1], 2588848963, 5.839067, 2774094101, 211, 32.132191
node[3], 1277901399, 5.839067, 2774094101, 211, 32.021200
node[0], 2357136044, 5.839067, 2774094101, 211, 64.153296
node[1], 2588848963, 5.866745, 2357136044, 212, 32.021200
node[2], 2774094101, 5.866745, 2357136044, 212, 64.153296
node[3], 1277901399, 5.866745, 2357136044, 212, 96.174464
node[2], 2774094101, 5.901193, 1277901399, 213, 32.021200
node[1], 2588848963, 5.901193, 1277901399, 213, 64.153296
node[0], 2357136044, 5.901193, 1277901399, 213, 96.174464
node[0], 2357136044, 5.925044, 2588848963, 214, 32.021200
node[2], 2774094101, 5.925044, 2588848963, 214, 32.132191
node[3], 1277901399, 5.925044, 2588848963, 214, 64.153296
node[1], 2588848963, 5.945746, 2357136044, 216, 32.021200
node[2], 2774094101, 5.945746, 2357136044, 216, 64.153296
node[3], 1277901399, 5.945746, 2357136044, 216, 96.174464
node[3], 1277901399, 5.947067, 2774094101, 215, 32.021200
node[1], 2588848963, 5.947067, 2774094101, 215, 32.132191
node[0], 2357136044, 5.947067, 2774094101, 215, 64.153296
node[2], 2774094101, 6.001193, 1277901399, 217, 32.021200
node[1], 2588848963, 6.001193, 1277901399, 217, 64.153296
node[0], 2357136044, 6.001193, 1277901399, 217, 96.174464
node[0], 2357136044, 6.025044, 2588848963, 218, 32.021200
node[2], 2774094101, 6.025044, 2588848963, 218, 32.132191
node[3], 1277901399, 6.025044, 2588848963, 218, 64.153296
node[1], 2588848963, 6.045746, 2357136044, 220, 32.021200
node[2], 2774094101, 6.045746, 2357136044, 220, 64.153296
node[3], 1277901399, 6.045746, 2357136044, 220, 96.174464
node[3], 1277901399, 6.062067, 2774094101, 219, 32.021200
node[1], 2588848963, 6.062067, 2774094101, 219, 32.132191
node[0], 2357136044, 6.062067, 2774094101, 219, 64.153296
node[2], 2774094101, 6.101193, 1277901399, 221, 32.021200
node[1], 2588848963, 6.101193, 1277901399, 221, 64.153296
node[0], 2357136044, 6.101193, 1277901399, 221, 96.174464
node[0], 2357136044, 6.125044, 2588848963, 222, 32.021200
node[2], 2774094101, 6.125044, 2588848963, 222, 32.132191
node[3], 1277901399, 6.125044, 2588848963, 222, 64.153296
node[3], 1277901399, 6.139067, 2774094101, 223, 32.021200
node[1], 2588848963, 6.139067, 2774094101, 223, 32.132191
node[0], 2357136044, 6.139067, 2774094101, 223, 64.153296
node[1], 2588848963, 6.162745, 2357136044, 224, 32.021200
node[2], 2774094101, 6.162745, 2357136044, 224, 64.153296
node[3], 1277901399, 6.162745, 2357136044, 224, 96.174464
node[2], 2774094101, 6.220192, 1277901399, 225, 32.021200
node[1], 2588848963, 6.220192, 1277901399, 225, 64.153296
node[0], 2357136044, 6.220192, 1277901399, 225, 96.174464
node[0], 2357136044, 6.225044, 2588848963, 226, 32.021200
node[2], 2774094101, 6.225044, 2588848963, 226, 32.132191
node[3], 1277901399, 6.225044, 2588848963, 226, 64.153296
node[1], 2588848963, 6.245746, 2357136044, 228, 32.021200
node[2], 2774094101, 6.245746, 2357136044, 228, 64.153296
node[3], 1277901399, 6.245746, 2357136044, 228, 96.174464
node[1], 2588848963, 6.255067, 2774094101, 227, 32.132191
node[3], 1277901399, 6.255067, 2774094101, 227, 32.021200
node[0], 2357136044, 6.255067, 2774094101, 227, 64.153296
node[2], 2774094101, 6.301193, 1277901399, 229, 32.021200
node[1], 2588848963, 6.301193, 1277901399, 229, 64.153296
node[0], 2357136044, 6.301193, 1277901399, 229, 96.174464
node[1], 2588848963, 6.339067, 2774094101, 231, 32.132191
node[3], 1277901399, 6.339067, 2774094101, 231, 32.021200
node[0], 2357136044, 6.339067, 2774094101, 231, 64.153296
node[0], 2357136044, 6.341043, 2588848963, 230, 32.021200
node[2], 2774094101, 6.341043, 2588848963, 230, 32.132191
node[3], 1277901399, 6.341043, 2588848963, 230, 64.153296
node[1], 2588848963, 6.352745, 2357136044, 232, 32.021200
node[2], 2774094101, 6.352745, 2357136044, 232, 64.153296
node[3], 1277901399, 6.352745, 2357136044, 232, 96.174464
node[2], 2774094101, 6.416192, 1277901399, 233, 32.021200
node[1], 2588848963, 6.416192, 1277901399, 233, 64.153296
node[0], 2357136044, 6.416192, 1277901399, 233, 96.174464
node[0], 2357136044, 6.425044, 2588848963, 234, 32.021200
node[2], 2774094101, 6.425044, 2588848963, 234, 32.132191
node[3], 1277901399, 6.425044, 2588848963, 234, 64.153296
node[3], 1277901399, 6.440067, 2774094101, 235, 32.021200
node[1], 2588848963, 6.440067, 2774094101, 235, 32.132191
node[0], 2357136044, 6.440067, 2774094101, 235, 64.153296
node[1], 2588848963, 6.455745, 2357136044, 236, 32.021200
node[2], 2774094101, 6.455745, 2357136044, 236, 64.153296
node[3], 1277901399, 6.455745, 2357136044, 236, 96.174464
node[2], 2774094101, 6.510192, 1277901399, 237, 32.021200
node[1], 2588848963, 6.510192, 1277901399, 237, 64.153296
node[0], 2357136044, 6.510192, 1277901399, 237, 96.174464
node[0], 2357136044, 6.530043, 2588848963, 238, 32.021200
node[2], 2774094101, 6.530043, 2588848963, 238, 32.132191
node[3], 1277901399, 6.530043, 2588848963, 238, 64.153296
node[1], 2588848963, 6.539067, 2774094101, 239, 32.132191
node[3], 1277901399, 6.539067, 2774094101, 239, 32.021200
node[0], 2357136044, 6.539067, 2774094101, 239, 64.153296
node[1], 2588848963, 6.545746, 2357136044, 240, 32.021200
node[2], 2774094101, 6.545746, 2357136044, 240, 64.153296
node[3], 1277901399, 6.545746, 2357136044, 240, 96.174464
node[2], 2774094101, 6.626192, 1277901399, 241, 32.021200
node[1], 2588848963, 6.626192, 1277901399, 241, 64.153296
node[0], 2357136044, 6.626192, 1277901399, 241, 96.174464
node[0], 2357136044, 6.637043, 2588848963, 242, 32.021200
node[2], 2774094101, 6.637043, 2588848963, 242, 32.132191
node[3], 1277901399, 6.637043, 2588848963, 242, 64.153296
node[3], 1277901399, 6.643067, 2774094101, 243, 32.021200
node[1], 2588848963, 6.643067, 2774094101, 243, 32.132191
node[0], 2357136044, 6.643067, 2774094101, 243, 64.153296
node[1], 2588848963, 6.645746, 2357136044, 244, 32.021200
node[2], 2774094101, 6.645746, 2357136044, 244, 64.153296
node[3], 1277901399, 6.645746, 2357136044, 244, 96.174464
node[2], 2774094101, 6.701193, 1277901399, 245, 32.021200
node[1], 2588848963, 6.701193, 1277901399, 245, 64.153296
node[0], 2357136044, 6.701193, 1277901399, 245, 96.174464
node[0], 2357136044, 6.725044, 2588848963, 246, 32.021200
node[2], 2774094101, 6.725044, 2588848963, 246, 32.132191
node[3], 1277901399, 6.725044, 2588848963, 246, 64.153296
node[1], 2588848963, 6.739067, 2774094101, 247, 32.132191
node[3], 1277901399, 6.739067, 2774094101, 247, 32.021200
node[0], 2357136044, 6.739067, 2774094101, 247, 64.153296
node[1], 2588848963, 6.745746, 2357136044, 248, 32.021200
node[2], 2774094101, 6.745746, 2357136044, 248, 64.153296
node[3], 1277901399, 6.745746, 2357136044, 248, 96.174464
node[2], 2774094101, 6.801193, 1277901399, 249, 32.021200
node[1], 2588848963, 6.801193, 1277901399, 249, 64.153296
node[0], 2357136044, 6.801193, 1277901399, 249, 96.174464
node[0], 2357136044, 6.825044, 2588848963, 250, 32.021200
node[2], 2774094101, 6.825044, 2588848963, 250, 32.132191
node[3], 1277901399, 6.825044, 2588848963, 250, 64.153296
node[3], 1277901399, 6.840067, 2774094101, 251, 32.021200
node[1], 2588848963, 6.840067, 2774094101, 251, 32.132191
node[0], 2357136044, 6.840067, 2774094101, 251, 64.153296
node[1], 2588848963, 6.845746, 2357136044, 252, 32.021200
node[2], 2774094101, 6.845746, 2357136044, 252, 64.153296
node[3], 1277901399, 6.845746, 2357136044, 252, 96.174464
node[2], 2774094101, 6.901440, 1277901399, 253, 32.021200
node[1], 2588848963, 6.901440, 1277901399, 253, 64.153296
node[0], 2357136044, 6.901440, 1277901399, 253, 96.174464
node[0], 2357136044, 6.925044, 2588848963, 254, 32.021200
node[2], 2774094101, 6.925044, 2588848963, 254, 32.132191
node[3], 1277901399, 6.925044, 2588848963, 254, 64.153296
node[3], 1277901399, 6.939067, 2774094101, 255, 32.021200
node[1], 2588848963, 6.939067, 2774094101, 255, 32.132191
node[0], 2357136044, 6.939067, 2774094101, 255, 64.153296
node[1], 2588848963, 6.945746, 2357136044, 256, 32.021200
node[2], 2774094101, 6.945746, 2357136044, 256, 64.153296
node[3], 1277901399, 6.945746, 2357136044, 256, 96.174464
node[2], 2774094101, 7.001193, 1277901399, 257, 32.021200
node[1], 2588848963, 7.001193, 1277901399, 257, 64.153296
node[0], 2357136044, 7.001193, 1277901399, 257, 96.174464
node[0], 2357136044, 7.025044, 2588848963, 258, 32.021200
node[2], 2774094101, 7.025044, 2588848963, 258, 32.132191
node[3], 1277901399, 7.025044, 2588848963, 258, 64.153296
node[3], 1277901399, 7.039067, 2774094101, 259, 32.021200
node[1], 2588848963, 7.039067, 2774094101, 259, 32.132191
node[0], 2357136044, 7.039067, 2774094101, 259, 64.153296
node[1], 2588848963, 7.045746, 2357136044, 260, 32.021200
node[2], 2774094101, 7.045746, 2357136044, 260, 64.153296
node[3], 1277901399, 7.045746, 2357136044, 260, 96.174464
node[2], 2774094101, 7.109192, 1277901399, 261, 32.021200
node[1], 2588848963, 7.109192, 1277901399, 261, 64.153296
node[0], 2357136044, 7.109192, 1277901399, 261, 96.174464
node[0], 2357136044, 7.125044, 2588848963, 262, 32.021200
node[2], 2774094101, 7.125044, 2588848963, 262, 32.132191
node[3], 1277901399, 7.125044, 2588848963, 262, 64.153296
node[3], 1277901399, 7.139067, 2774094101, 263, 32.021200
node[1], 2588848963, 7.139067, 2774094101, 263, 32.132191
node[0], 2357136044, 7.139067, 2774094101, 263, 64.153296
node[1], 2588848963, 7.145746, 2357136044, 264, 32.021200
node[2], 2774094101, 7.145746, 2357136044, 264, 64.153296
node[3], 1277901399, 7.145746, 2357136044, 264, 96.174464
node[2], 2774094101, 7.201193, 1277901399, 265, 32.021200
node[1], 2588848963, 7.201193, 1277901399, 265, 64.153296
node[0], 2357136044, 7.201193, 1277901399, 265, 96.174464
node[0], 2357136044, 7.225044, 2588848963, 266, 32.021200
node[2], 2774094101, 7.225044, 2588848963, 266, 32.132191
node[3], 1277901399, 7.225044, 2588848963, 266, 64.153296
node[3], 1277901399, 7.239067, 2774094101, 267, 32.021200
node[1], 2588848963, 7.239067, 2774094101, 267, 32.132191
node[0], 2357136044, 7.239067, 2774094101, 267, 64.153296
node[1], 2588848963, 7.245746, 2357136044, 268, 32.021200
node[2], 2774094101, 7.245746, 2357136044, 268, 64.153296
node[3], 1277901399, 7.245746, 2357136044, 268, 96.174464
node[2], 2774094101, 7.301193, 1277901399, 269, 32.021200
node[1], 2588848963, 7.301193, 1277901399, 269, 64.153296
node[0], 2357136044, 7.301193, 1277901399, 269, 96.174464
node[0], 2357136044, 7.325044, 2588848963, 270, 32.021200
node[2], 2774094101, 7.325044, 2588848963, 270, 32.132191
node[3], 1277901399, 7.325044, 2588848963, 270, 64.153296
node[3], 1277901399, 7.339067, 2774094101, 271, 32.021200
node[1], 2588848963, 7.339067, 2774094101, 271, 32.132191
node[0], 2357136044, 7.339067, 2774094101, 271, 64.153296
node[1], 2588848963, 7.345746, 2357136044, 272, 32.021200
node[2], 2774094101, 7.345746, 2357136044, 272, 64.153296
node[3], 1277901399, 7.345746, 2357136044, 272, 96.174464
node[2], 2774094101, 7.401193, 1277901399, 273, 32.021200
node[1], 2588848963, 7.401193, 1277901399, 273, 64.153296
node[0], 2357136044, 7.401193, 1277901399, 273, 96.174464
node[0], 2357136044, 7.425044, 2588848963, 274, 32.021200
node[2], 2774094101, 7.425044, 2588848963, 274, 32.132191
node[3], 1277901399, 7.425044, 2588848963, 274, 64.153296
node[1], 2588848963, 7.445746, 2357136044, 276, 32.021200
node[2], 2774094101, 7.445746, 2357136044, 276, 64.153296
node[3], 1277901399, 7.445746, 2357136044, 276, 96.174464
node[3], 1277901399, 7.448067, 2774094101, 275, 32.021200
node[1], 2588848963, 7.448067, 2774094101, 275, 32.132191
node[0], 2357136044, 7.448067, 2774094101, 275, 64.153296
node[2], 2774094101, 7.522192, 1277901399, 277, 32.021200
node[1], 2588848963, 7.522192, 1277901399, 277, 64.153296
node[0], 2357136044, 7.522192, 1277901399, 277, 96.174464
node[0], 2357136044, 7.525044, 2588848963, 278, 32.021200
node[2], 2774094101, 7.525044, 2588848963, 278, 32.132191
node[3], 1277901399, 7.525044, 2588848963, 278, 64.153296
node[3], 1277901399, 7.539067, 2774094101, 279, 32.021200
node[1], 2588848963, 7.539067, 2774094101, 279, 32.132191
node[0], 2357136044, 7.539067, 2774094101, 279, 64.153296
node[1], 2588848963, 7.545746, 2357136044, 280, 32.021200
node[2], 2774094101, 7.545746, 2357136044, 280, 64.153296
node[3], 1277901399, 7.545746, 2357136044, 280, 96.174464
node[2], 2774094101, 7.601193, 1277901399, 281, 32.021200
node[1], 2588848963, 7.601193, 1277901399, 281, 64.153296
node[0], 2357136044, 7.601193, 1277901399, 281, 96.174464
node[3], 1277901399, 7.639067, 2774094101, 283, 32.021200
node[1], 2588848963, 7.639067, 2774094101, 283, 32.132191
node[0], 2357136044, 7.639067, 2774094101, 283, 64.153296
node[1], 2588848963, 7.645746, 2357136044, 284, 32.021200
node[2], 2774094101, 7.645746, 2357136044, 284, 64.153296
node[3], 1277901399, 7.645746, 2357136044, 284, 96.174464
node[0], 2357136044, 7.646388, 2588848963, 282, 32.021200
node[2], 2774094101, 7.646388, 2588848963, 282, 32.132191
node[3], 1277901399, 7.646388, 2588848963, 282, 64.153296
node[2], 2774094101, 7.701193, 1277901399, 285, 32.021200
node[1], 2588848963, 7.701193, 1277901399, 285, 64.153296
node[0], 2357136044, 7.701193, 1277901399, 285, 96.174464
node[0], 2357136044, 7.725044, 2588848963, 286, 32.021200
node[2], 2774094101, 7.725044, 2588848963, 286, 32.132191
node[3], 1277901399, 7.725044, 2588848963, 286, 64.153296
node[3], 1277901399, 7.739067, 2774094101, 287, 32.021200
node[1], 2588848963, 7.739067, 2774094101, 287, 32.132191
node[0], 2357136044, 7.739067, 2774094101, 287, 64.153296
node[1], 2588848963, 7.745746, 2357136044, 288, 32.021200
node[2], 2774094101, 7.745746, 2357136044, 288, 64.153296
node[3], 1277901399, 7.745746, 2357136044, 288, 96.174464
node[2], 2774094101, 7.812192, 1277901399, 289, 32.021200
node[1], 2588848963, 7.812192, 1277901399, 289, 64.153296
node[0], 2357136044, 7.812192, 1277901399, 289, 96.174464
node[3], 1277901399, 7.839067, 2774094101, 291, 32.021200
node[1], 2588848963, 7.839067, 2774094101, 291, 32.132191
node[0], 2357136044, 7.839067, 2774094101, 291, 64.153296
node[0], 2357136044, 7.844043, 2588848963, 290, 32.021200
node[2], 2774094101, 7.844043, 2588848963, 290, 32.132191
node[3], 1277901399, 7.844043, 2588848963, 290, 64.153296
node[1], 2588848963, 7.845746, 2357136044, 292, 32.021200
node[2], 2774094101, 7.845746, 2357136044, 292, 64.153296
node[3], 1277901399, 7.845746, 2357136044, 292, 96.174464
node[2], 2774094101, 7.901193, 1277901399, 293, 32.021200
node[1], 2588848963, 7.901193, 1277901399, 293, 64.153296
node[0], 2357136044, 7.901193, 1277901399, 293, 96.174464
node[0], 2357136044, 7.925044, 2588848963, 294, 32.021200
node[2], 2774094101, 7.925044, 2588848963, 294, 32.132191
node[3], 1277901399, 7.925044, 2588848963, 294, 64.153296
node[3], 1277901399, 7.939067, 2774094101, 295, 32.021200
node[1], 2588848963, 7.939067, 2774094101, 295, 32.132191
node[0], 2357136044, 7.939067, 2774094101, 295, 64.153296
node[1], 2588848963, 7.952745, 2357136044, 296, 32.021200
node[2], 2774094101, 7.952745, 2357136044, 296, 64.153296
node[3], 1277901399, 7.952745, 2357136044, 296, 96.174464
node[2], 2774094101, 8.002738, 1277901399, 297, 32.021200
node[1], 2588848963, 8.002738, 1277901399, 297, 64.153296
node[0], 2357136044, 8.002738, 1277901399, 297, 96.174464
node[0], 2357136044, 8.027043, 2588848963, 298, 32.021200
node[2], 2774094101, 8.027043, 2588848963, 298, 32.132191
node[3], 1277901399, 8.027043, 2588848963, 298, 64.153296
node[3], 1277901399, 8.039067, 2774094101, 299, 32.021200
node[1], 2588848963, 8.039067, 2774094101, 299, 32.132191
node[0], 2357136044, 8.039067, 2774094101, 299, 64.153296
node[1], 2588848963, 8.045746, 2357136044, 300, 32.021200
node[2], 2774094101, 8.045746, 2357136044, 300, 64.153296
node[3], 1277901399, 8.045746, 2357136044, 300, 96.174464
node[2], 2774094101, 8.101193, 1277901399, 301, 32.021200
node[1], 2588848963, 8.101193, 1277901399, 301, 64.153296
node[0], 2357136044, 8.101193, 1277901399, 301, 96.174464
node[0], 2357136044, 8.125044, 2588848963, 302, 32.021200
node[2], 2774094101, 8.125044, 2588848963, 302, 32.132191
node[3], 1277901399, 8.125044, 2588848963, 302, 64.153296
node[3], 1277901399, 8.143067, 2774094101, 303, 32.021200
node[1], 2588848963, 8.143067, 2774094101, 303, 32.132191
node[0], 2357136044, 8.143067, 2774094101, 303, 64.153296
node[1], 2588848963, 8.145746, 2357136044, 304, 32.021200
node[2], 2774094101, 8.145746, 2357136044, 304, 64.153296
node[3], 1277901399, 8.145746, 2357136044, 304, 96.174464
node[2], 2774094101, 8.201193, 1277901399, 305, 32.021200
node[1], 2588848963, 8.201193, 1277901399, 305, 64.153296
node[0], 2357136044, 8.201193, 1277901399, 305, 96.174464
node[0], 2357136044, 8.225044, 2588848963, 306, 32.021200
node[2], 2774094101, 8.225044, 2588848963, 306, 32.132191
node[3], 1277901399, 8.225044, 2588848963, 306, 64.153296
node[3], 1277901399, 8.239518, 2774094101, 307, 32.021200
node[1], 2588848963, 8.239518, 2774094101, 307, 32.132191
node[0], 2357136044, 8.239518, 2774094101, 307, 64.153296
node[1], 2588848963, 8.263745, 2357136044, 308, 32.021200
node[2], 2774094101, 8.263745, 2357136044, 308, 64.153296
node[3], 1277901399, 8.263745, 2357136044, 308, 96.174464
node[2], 2774094101, 8.301907, 1277901399, 309, 32.021200
node[1], 2588848963, 8.301907, 1277901399, 309, 64.153296
node[0], 2357136044, 8.301907, 1277901399, 309, 96.174464
node[0], 2357136044, 8.326043, 2588848963, 310, 32.021200
node[2], 2774094101, 8.326043, 2588848963, 310, 32.132191
node[3], 1277901399, 8.326043, 2588848963, 310, 64.153296
node[3], 1277901399, 8.339067, 2774094101, 311, 32.021200
node[1], 2588848963, 8.339067, 2774094101, 311, 32.132191
node[0], 2357136044, 8.339067, 2774094101, 311, 64.153296
node[1], 2588848963, 8.345746, 2357136044, 312, 32.021200
node[2], 2774094101, 8.345746, 2357136044, 312, 64.153296
node[3], 1277901399, 8.345746, 2357136044, 312, 96.174464
node[2], 2774094101, 8.401193, 1277901399, 313, 32.021200
node[1], 2588848963, 8.401193, 1277901399, 313, 64.153296
node[0], 2357136044, 8.401193, 1277901399, 313, 96.174464
node[0], 2357136044, 8.425044, 2588848963, 314, 32.021200
node[2], 2774094101, 8.425044, 2588848963, 314, 32.132191
node[3], 1277901399, 8.425044, 2588848963, 314, 64.153296
node[1], 2588848963, 8.460745, 2357136044, 316, 32.021200
node[2], 2774094101, 8.460745, 2357136044, 316, 64.153296
node[3], 1277901399, 8.460745, 2357136044, 316, 96.174464
node[3], 1277901399, 8.463067, 2774094101, 315, 32.021200
node[1], 2588848963, 8.463067, 2774094101, 315, 32.132191
node[0], 2357136044, 8.463067, 2774094101, 315, 64.153296
node[2], 2774094101, 8.501193, 1277901399, 317, 32.021200
node[1], 2588848963, 8.501193, 1277901399, 317, 64.153296
node[0], 2357136044, 8.501193, 1277901399, 317, 96.174464
node[0], 2357136044, 8.546043, 2588848963, 318, 32.021200
node[2], 2774094101, 8.546043, 2588848963, 318, 32.132191
node[3], 1277901399, 8.546043, 2588848963, 318, 64.153296
node[3], 1277901399, 8.552067, 2774094101, 319, 32.021200
node[1], 2588848963, 8.552067, 2774094101, 319, 32.132191
node[0], 2357136044, 8.552067, 2774094101, 319, 64.153296
node[1], 2588848963, 8.568745, 2357136044, 320, 32.021200
node[2], 2774094101, 8.568745, 2357136044, 320, 64.153296
node[3], 1277901399, 8.568745, 2357136044, 320, 96.174464
node[2], 2774094101, 8.620192, 1277901399, 321, 32.021200
node[1], 2588848963, 8.620192, 1277901399, 321, 64.153296
node[0], 2357136044, 8.620192, 1277901399, 321, 96.174464
node[0], 2357136044, 8.625044, 2588848963, 322, 32.021200
node[2], 2774094101, 8.625044, 2588848963, 322, 32.132191
node[3], 1277901399, 8.625044, 2588848963, 322, 64.153296
node[3], 1277901399, 8.639067, 2774094101, 323, 32.021200
node[1], 2588848963, 8.639067, 2774094101, 323, 32.132191
node[0], 2357136044, 8.639067, 2774094101, 323, 64.153296
node[1], 2588848963, 8.646042, 2357136044, 324, 32.021200
node[2], 2774094101, 8.646043, 2357136044, 324, 64.153296
node[3], 1277901399, 8.646043, 2357136044, 324, 96.174464
node[2], 2774094101, 8.718192, 1277901399, 325, 32.021200
node[1], 2588848963, 8.718192, 1277901399, 325, 64.153296
node[0], 2357136044, 8.718192, 1277901399, 325, 96.174464
node[0], 2357136044, 8.725044, 2588848963, 326, 32.021200
node[2], 2774094101, 8.725044, 2588848963, 326, 32.132191
node[3], 1277901399, 8.725044, 2588848963, 326, 64.153296
node[3], 1277901399, 8.759067, 2774094101, 327, 32.021200
node[1], 2588848963, 8.759067, 2774094101, 327, 32.132191
node[0], 2357136044, 8.759067, 2774094101, 327, 64.153296
node[1], 2588848963, 8.769745, 2357136044, 328, 32.021200
node[2], 2774094101, 8.769745, 2357136044, 328, 64.153296
node[3], 1277901399, 8.769745, 2357136044, 328, 96.174464
node[2], 2774094101, 8.819192, 1277901399, 329, 32.021200
node[1], 2588848963, 8.819192, 1277901399, 329, 64.153296
node[0], 2357136044, 8.819192, 1277901399, 329, 96.174464
node[0], 2357136044, 8.825044, 2588848963, 330, 32.021200
node[2], 2774094101, 8.825044, 2588848963, 330, 32.132191
node[3], 1277901399, 8.825044, 2588848963, 330, 64.153296
node[3], 1277901399, 8.839067, 2774094101, 331, 32.021200
node[1], 2588848963, 8.839067, 2774094101, 331, 32.132191
node[0], 2357136044, 8.839067, 2774094101, 331, 64.153296
node[1], 2588848963, 8.845746, 2357136044, 332, 32.021200
node[2], 2774094101, 8.845746, 2357136044, 332, 64.153296
node[3], 1277901399, 8.845746, 2357136044, 332, 96.174464
node[2], 2774094101, 8.901193, 1277901399, 333, 32.021200
node[1], 2588848963, 8.901193, 1277901399, 333, 64.153296
node[0], 2357136044, 8.901193, 1277901399, 333, 96.174464
node[0], 2357136044, 8.925044, 2588848963, 334, 32.021200
node[2], 2774094101, 8.925044, 2588848963, 334, 32.132191
node[3], 1277901399, 8.925044, 2588848963, 334, 64.153296
node[3], 1277901399, 8.963067, 2774094101, 335, 32.021200
node[1], 2588848963, 8.963067, 2774094101, 335, 32.132191
node[0], 2357136044, 8.963067, 2774094101, 335, 64.153296
node[1], 2588848963, 8.969745, 2357136044, 336, 32.021200
node[2], 2774094101, 8.969745, 2357136044, 336, 64.153296
node[3], 1277901399, 8.969745, 2357136044, 336, 96.174464
node[2], 2774094101, 9.001193, 1277901399, 337, 32.021200
node[1], 2588848963, 9.001193, 1277901399, 337, 64.153296
node[0], 2357136044, 9.001193, 1277901399, 337, 96.174464
node[0], 2357136044, 9.025044, 2588848963, 338, 32.021200
node[2], 2774094101, 9.025044, 2588848963, 338, 32.132191
node[3], 1277901399, 9.025044, 2588848963, 338, 64.153296
node[3], 1277901399, 9.039067, 2774094101, 339, 32.021200
node[1], 2588848963, 9.039067, 2774094101, 339, 32.132191
node[0], 2357136044, 9.039067, 2774094101, 339, 64.153296
node[1], 2588848963, 9.047745, 2357136044, 340, 32.021200
node[2], 2774094101, 9.047745, 2357136044, 340, 64.153296
node[3], 1277901399, 9.047745, 2357136044, 340, 96.174464
node[2], 2774094101, 9.101193, 1277901399, 341, 32.021200
node[1], 2588848963, 9.101193, 1277901399, 341, 64.153296
node[0], 2357136044, 9.101193, 1277901399, 341, 96.174464
node[0], 2357136044, 9.125044, 2588848963, 342, 32.021200
node[2], 2774094101, 9.125044, 2588848963, 342, 32.132191
node[3], 1277901399, 9.125044, 2588848963, 342, 64.153296
node[3], 1277901399, 9.139067, 2774094101, 343, 32.021200
node[1], 2588848963, 9.139067, 2774094101, 343, 32.132191
node[0], 2357136044, 9.139067, 2774094101, 343, 64.153296
node[1], 2588848963, 9.145746, 2357136044, 344, 32.021200
node[2], 2774094101, 9.145746, 2357136044, 344, 64.153296
node[3], 1277901399, 9.145746, 2357136044, 344, 96.174464
node[2], 2774094101, 9.201829, 1277901399, 345, 32.021200
node[1], 2588848963, 9.201829, 1277901399, 345, 64.153296
node[0], 2357136044, 9.201829, 1277901399, 345, 96.174464
node[0], 2357136044, 9.226043, 2588848963, 346, 32.021200
node[2], 2774094101, 9.226043, 2588848963, 346, 32.132191
node[3], 1277901399, 9.226043, 2588848963, 346, 64.153296
node[3], 1277901399, 9.239067, 2774094101, 347, 32.021200
node[1], 2588848963, 9.239067, 2774094101, 347, 32.132191
node[0], 2357136044, 9.239067, 2774094101, 347, 64.153296
node[1], 2588848963, 9.257745, 2357136044, 348, 32.021200
node[2], 2774094101, 9.257745, 2357136044, 348, 64.153296
node[3], 1277901399, 9.257745, 2357136044, 348, 96.174464
node[2], 2774094101, 9.301193, 1277901399, 349, 32.021200
node[1], 2588848963, 9.301193, 1277901399, 349, 64.153296
node[0], 2357136044, 9.301193, 1277901399, 349, 96.174464
node[0], 2357136044, 9.325044, 2588848963, 350, 32.021200
node[2], 2774094101, 9.325044, 2588848963, 350, 32.132191
node[3], 1277901399, 9.325044, 2588848963, 350, 64.153296
node[1], 2588848963, 9.345746, 2357136044, 352, 32.021200
node[2], 2774094101, 9.345746, 2357136044, 352, 64.153296
node[3], 1277901399, 9.345746, 2357136044, 352, 96.174464
node[3], 1277901399, 9.353067, 2774094101, 351, 32.021200
node[1], 2588848963, 9.353067, 2774094101, 351, 32.132191
node[0], 2357136044, 9.353067, 2774094101, 351, 64.153296
node[2], 2774094101, 9.413192, 1277901399, 353, 32.021200
node[1], 2588848963, 9.413192, 1277901399, 353, 64.153296
node[0], 2357136044, 9.413192, 1277901399, 353, 96.174464
node[0], 2357136044, 9.428043, 2588848963, 354, 32.021200
node[2], 2774094101, 9.428043, 2588848963, 354, 32.132191
node[3], 1277901399, 9.428043, 2588848963, 354, 64.153296
node[3], 1277901399, 9.439067, 2774094101, 355, 32.021200
node[1], 2588848963, 9.439067, 2774094101, 355, 32.132191
node[0], 2357136044, 9.439067, 2774094101, 355, 64.153296
node[1], 2588848963, 9.445746, 2357136044, 356, 32.021200
node[2], 2774094101, 9.445746, 2357136044, 356, 64.153296
node[3], 1277901399, 9.445746, 2357136044, 356, 96.174464
node[2], 2774094101, 9.501193, 1277901399, 357, 32.021200
node[1], 2588848963, 9.501193, 1277901399, 357, 64.153296
node[0], 2357136044, 9.501193, 1277901399, 357, 96.174464
node[0], 2357136044, 9.525044, 2588848963, 358, 32.021200
node[2], 2774094101, 9.525044, 2588848963, 358, 32.132191
node[3], 1277901399, 9.525044, 2588848963, 358, 64.153296
node[3], 1277901399, 9.539067, 2774094101, 359, 32.021200
node[1], 2588848963, 9.539067, 2774094101, 359, 32.132191
node[0], 2357136044, 9.539067, 2774094101, 359, 64.153296
node[1], 2588848963, 9.545746, 2357136044, 360, 32.021200
node[2], 2774094101, 9.545746, 2357136044, 360, 64.153296
node[3], 1277901399, 9.545746, 2357136044, 360, 96.174464
node[2], 2774094101, 9.601193, 1277901399, 361, 32.021200
node[1], 2588848963, 9.601193, 1277901399, 361, 64.153296
node[0], 2357136044, 9.601193, 1277901399, 361, 96.174464
node[0], 2357136044, 9.625044, 2588848963, 362, 32.021200
node[2], 2774094101, 9.625044, 2588848963, 362, 32.132191
node[3], 1277901399, 9.625044, 2588848963, 362, 64.153296
node[3], 1277901399, 9.639067, 2774094101, 363, 32.021200
node[1], 2588848963, 9.639067, 2774094101, 363, 32.132191
node[0], 2357136044, 9.639067, 2774094101, 363, 64.153296
node[1], 2588848963, 9.664745, 2357136044, 364, 32.021200
node[2], 2774094101, 9.664745, 2357136044, 364, 64.153296
node[3], 1277901399, 9.664745, 2357136044, 364, 96.174464
node[2], 2774094101, 9.701193, 1277901399, 365, 32.021200
node[1], 2588848963, 9.701193, 1277901399, 365, 64.153296
node[0], 2357136044, 9.701193, 1277901399, 365, 96.174464
node[0], 2357136044, 9.725044, 2588848963, 366, 32.021200
node[2], 2774094101, 9.725044, 2588848963, 366, 32.132191
node[3], 1277901399, 9.725044, 2588848963, 366, 64.153296
node[3], 1277901399, 9.744067, 2774094101, 367, 32.021200
node[1], 2588848963, 9.744067, 2774094101, 367, 32.132191
node[0], 2357136044, 9.744067, 2774094101, 367, 64.153296
node[1], 2588848963, 9.748745, 2357136044, 368, 32.021200
node[2], 2774094101, 9.748745, 2357136044, 368, 64.153296
node[3], 1277901399, 9.748745, 2357136044, 368, 96.174464
node[2], 2774094101, 9.801193, 1277901399, 369, 32.021200
node[1], 2588848963, 9.801193, 1277901399, 369, 64.153296
node[0], 2357136044, 9.801193, 1277901399, 369, 96.174464
node[0], 2357136044, 9.825044, 2588848963, 370, 32.021200
node[2], 2774094101, 9.825044, 2588848963, 370, 32.132191
node[3], 1277901399, 9.825044, 2588848963, 370, 64.153296
node[1], 2588848963, 9.845746, 2357136044, 372, 32.021200
node[2], 2774094101, 9.845746, 2357136044, 372, 64.153296
node[3], 1277901399, 9.845746, 2357136044, 372, 96.174464
node[3], 1277901399, 9.854067, 2774094101, 371, 32.021200
node[1], 2588848963, 9.854067, 2774094101, 371, 32.132191
node[0], 2357136044, 9.854067, 2774094101, 371, 64.153296
node[2], 2774094101, 9.901635, 1277901399, 373, 32.021200
node[1], 2588848963, 9.901635, 1277901399, 373, 64.153296
node[0], 2357136044, 9.901635, 1277901399, 373, 96.174464
node[0], 2357136044, 9.925044, 2588848963, 374, 32.021200
node[2], 2774094101, 9.925044, 2588848963, 374, 32.132191
node[3], 1277901399, 9.925044, 2588848963, 374, 64.153296
node[1], 2588848963, 9.945746, 2357136044, 376, 32.021200
node[2], 2774094101, 9.945746, 2357136044, 376, 64.153296
node[3], 1277901399, 9.945746, 2357136044, 376, 96.174464
node[3], 1277901399, 9.950067, 2774094101, 375, 32.021200
node[1], 2588848963, 9.950067, 2774094101, 375, 32.132191
node[0], 2357136044, 9.950067, 2774094101, 375, 64.153296
node[2], 2774094101, 10.001193, 1277901399, 377, 32.021200
node[1], 2588848963, 10.001193, 1277901399, 377, 64.153296
node[0], 2357136044, 10.001193, 1277901399, 377, 96.174464
node[3], 1277901399, 10.039067, 2774094101, 379, 32.021200
node[1], 2588848963, 10.039067, 2774094101, 379, 32.132191
node[0], 2357136044, 10.039067, 2774094101, 379, 64.153296
node[0], 2357136044, 10.043043, 2588848963, 378, 32.021200
node[2], 2774094101, 10.043043, 2588848963, 378, 32.132191
node[3], 1277901399, 10.043043, 2588848963, 378, 64.153296
node[1], 2588848963, 10.045746, 2357136044, 380, 32.021200
node[2], 2774094101, 10.045746, 2357136044, 380, 64.153296
node[3], 1277901399, 10.045746, 2357136044, 380, 96.174464
node[2], 2774094101, 10.117192, 1277901399, 381, 32.021200
node[1], 2588848963, 10.117192, 1277901399, 381, 64.153296
node[0], 2357136044, 10.117192, 1277901399, 381, 96.174464
node[0], 2357136044, 10.125044, 2588848963, 382, 32.021200
node[2], 2774094101, 10.125044, 2588848963, 382, 32.132191
node[3], 1277901399, 10.125044, 2588848963, 382, 64.153296
node[3], 1277901399, 10.139544, 2774094101, 383, 32.021200
node[1], 2588848963, 10.139544, 2774094101, 383, 32.132191
node[0], 2357136044, 10.139544, 2774094101, 383, 64.153296
node[1], 2588848963, 10.163745, 2357136044, 384, 32.021200
node[2], 2774094101, 10.163745, 2357136044, 384, 64.153296
node[3], 1277901399, 10.163745, 2357136044, 384, 96.174464
node[2], 2774094101, 10.201193, 1277901399, 385, 32.021200
node[1], 2588848963, 10.201193, 1277901399, 385, 64.153296
node[0], 2357136044, 10.201193, 1277901399, 385, 96.174464
node[0], 2357136044, 10.229043, 2588848963, 386, 32.021200
node[2], 2774094101, 10.229043, 2588848963, 386, 32.132191
node[3], 1277901399, 10.229043, 2588848963, 386, 64.153296
node[3], 1277901399, 10.255067, 2774094101, 387, 32.021200
node[1], 2588848963, 10.255067, 2774094101, 387, 32.132191
node[0], 2357136044, 10.255067, 2774094101, 387, 64.153296
node[1], 2588848963, 10.255748, 2357136044, 388, 32.021200
node[2], 2774094101, 10.255748, 2357136044, 388, 64.153296
node[3], 1277901399, 10.255749, 2357136044, 388, 96.174464
node[2], 2774094101, 10.301193, 1277901399, 389, 32.021200
node[1], 2588848963, 10.301193, 1277901399, 389, 64.153296
node[0], 2357136044, 10.301193, 1277901399, 389, 96.174464
node[0], 2357136044, 10.341043, 2588848963, 390, 32.021200
node[2], 2774094101, 10.341043, 2588848963, 390, 32.132191
node[3], 1277901399, 10.341043, 2588848963, 390, 64.153296
node[1], 2588848963, 10.345746, 2357136044, 392, 32.021200
node[2], 2774094101, 10.345746, 2357136044, 392, 64.153296
node[3], 1277901399, 10.345746, 2357136044, 392, 96.174464
node[3], 1277901399, 10.350067, 2774094101, 391, 32.021200
node[1], 2588848963, 10.350067, 2774094101, 391, 32.132191
node[0], 2357136044, 10.350067, 2774094101, 391, 64.153296
node[2], 2774094101, 10.401193, 1277901399, 393, 32.021200
node[1], 2588848963, 10.401193, 1277901399, 393, 64.153296
node[0], 2357136044, 10.401193, 1277901399, 393, 96.174464
node[3], 1277901399, 10.439067, 2774094101, 395, 32.021200
node[1], 2588848963, 10.439067, 2774094101, 395, 32.132191
node[0], 2357136044, 10.439067, 2774094101, 395, 64.153296
node[1], 2588848963, 10.445746, 2357136044, 396, 32.021200
node[2], 2774094101, 10.445746, 2357136044, 396, 64.153296
node[3], 1277901399, 10.445746, 2357136044, 396, 96.174464
node[0], 2357136044, 10.446531, 2588848963, 394, 32.021200
node[2], 2774094101, 10.446531, 2588848963, 394, 32.132191
node[3], 1277901399, 10.446531, 2588848963, 394, 64.153296
node[2], 2774094101, 10.501193, 1277901399, 397, 32.021200
node[1], 2588848963, 10.501193, 1277901399, 397, 64.153296
node[0], 2357136044, 10.501193, 1277901399, 397, 96.174464
node[0], 2357136044, 10.525531, 2588848963, 398, 32.021200
node[2], 2774094101, 10.525531, 2588848963, 398, 32.132191
node[3], 1277901399, 10.525531, 2588848963, 398, 64.153296
node[3], 1277901399, 10.539067, 2774094101, 399, 32.021200
node[1], 2588848963, 10.539067, 2774094101, 399, 32.132191
node[0], 2357136044, 10.539067, 2774094101, 399, 64.153296
node[1], 2588848963, 10.549745, 2357136044, 400, 32.021200
node[2], 2774094101, 10.549745, 2357136044, 400, 64.153296
node[3], 1277901399, 10.549745, 2357136044, 400, 96.174464
node[2], 2774094101, 10.601544, 1277901399, 401, 32.021200
node[1], 2588848963, 10.601544, 1277901399, 401, 64.153296
node[0], 2357136044, 10.601544, 1277901399, 401, 96.174464
node[0], 2357136044, 10.625044, 2588848963, 402, 32.021200
node[2], 2774094101, 10.625044, 2588848963, 402, 32.132191
node[3], 1277901399, 10.625044, 2588848963, 402, 64.153296
node[3], 1277901399, 10.639067, 2774094101, 403, 32.021200
node[1], 2588848963, 10.639067, 2774094101, 403, 32.132191
node[0], 2357136044, 10.639067, 2774094101, 403, 64.153296
node[1], 2588848963, 10.645746, 2357136044, 404, 32.021200
node[2], 2774094101, 10.645746, 2357136044, 404, 64.153296
node[3], 1277901399, 10.645746, 2357136044, 404, 96.174464
node[2], 2774094101, 10.701193, 1277901399, 405, 32.021200
node[1], 2588848963, 10.701193, 1277901399, 405, 64.153296
node[0], 2357136044, 10.701193, 1277901399, 405, 96.174464
node[0], 2357136044, 10.725044, 2588848963, 406, 32.021200
node[2], 2774094101, 10.725044, 2588848963, 406, 32.132191
node[3], 1277901399, 10.725044, 2588848963, 406, 64.153296
node[1], 2588848963, 10.745746, 2357136044, 408, 32.021200
node[2], 2774094101, 10.745746, 2357136044, 408, 64.153296
node[3], 1277901399, 10.745746, 2357136044, 408, 96.174464
node[3], 1277901399, 10.763067, 2774094101, 407, 32.021200
node[1], 2588848963, 10.763067, 2774094101, 407, 32.132191
node[0], 2357136044, 10.763067, 2774094101, 407, 64.153296
node[2], 2774094101, 10.801193, 1277901399, 409, 32.021200
node[1], 2588848963, 10.801193, 1277901399, 409, 64.153296
node[0], 2357136044, 10.801193, 1277901399, 409, 96.174464
node[0], 2357136044, 10.825044, 2588848963, 410, 32.021200
node[2], 2774094101, 10.825044, 2588848963, 410, 32.132191
node[3], 1277901399, 10.825044, 2588848963, 410, 64.153296
node[1], 2588848963, 10.845746, 2357136044, 412, 32.021200
node[2], 2774094101, 10.845746, 2357136044, 412, 64.153296
node[3], 1277901399, 10.845746, 2357136044, 412, 96.174464
node[3], 1277901399, 10.855067, 2774094101, 411, 32.021200
node[1], 2588848963, 10.855067, 2774094101, 411, 32.132191
node[0], 2357136044, 10.855067, 2774094101, 411, 64.153296
node[2], 2774094101, 10.918192, 1277901399, 413, 32.021200
node[1], 2588848963, 10.918192, 1277901399, 413, 64.153296
node[0], 2357136044, 10.918192, 1277901399, 413, 96.174464
node[0], 2357136044, 10.925044, 2588848963, 414, 32.021200
node[2], 2774094101, 10.925044, 2588848963, 414, 32.132191
node[3], 1277901399, 10.925044, 2588848963, 414, 64.153296
node[3], 1277901399, 10.939067, 2774094101, 415, 32.021200
node[1], 2588848963, 10.939067, 2774094101, 415, 32.132191
node[0], 2357136044, 10.939067, 2774094101, 415, 64.153296
node[1], 2588848963, 10.945939, 2357136044, 416, 32.021200
node[2], 2774094101, 10.945940, 2357136044, 416, 64.153296
node[3], 1277901399, 10.945940, 2357136044, 416, 96.174464
node[2], 2774094101, 11.001193, 1277901399, 417, 32.021200
node[1], 2588848963, 11.001193, 1277901399, 417, 64.153296
node[0], 2357136044, 11.001193, 1277901399, 417, 96.174464
node[0], 2357136044, 11.039043, 2588848963, 418, 32.021200
node[2], 2774094101, 11.039043, 2588848963, 418, 32.132191
node[3], 1277901399, 11.039043, 2588848963, 418, 64.153296
node[3], 1277901399, 11.039750, 2774094101, 419, 32.021200
node[1], 2588848963, 11.039750, 2774094101, 419, 32.132191
node[0], 2357136044, 11.039750, 2774094101, 419, 64.153296
node[1], 2588848963, 11.062745, 2357136044, 420, 32.021200
node[2], 2774094101, 11.062745, 2357136044, 420, 64.153296
node[3], 1277901399, 11.062745, 2357136044, 420, 96.174464
node[2], 2774094101, 11.104192, 1277901399, 421, 32.021200
node[1], 2588848963, 11.104192, 1277901399, 421, 64.153296
node[0], 2357136044, 11.104192, 1277901399, 421, 96.174464
node[3], 1277901399, 11.139067, 2774094101, 423, 32.021200
node[1], 2588848963, 11.139067, 2774094101, 423, 32.132191
node[0], 2357136044, 11.139067, 2774094101, 423, 64.153296
node[0], 2357136044, 11.146043, 2588848963, 422, 32.021200
node[2], 2774094101, 11.146043, 2588848963, 422, 32.132191
node[3], 1277901399, 11.146043, 2588848963, 422, 64.153296
node[1], 2588848963, 11.162745, 2357136044, 424, 32.021200
node[2], 2774094101, 11.162745, 2357136044, 424, 64.153296
node[3], 1277901399, 11.162745, 2357136044, 424, 96.174464
node[2], 2774094101, 11.201193, 1277901399, 425, 32.021200
node[1], 2588848963, 11.201193, 1277901399, 425, 64.153296
node[0], 2357136044, 11.201193, 1277901399, 425, 96.174464
node[1], 2588848963, 11.245746, 2357136044, 428, 32.021200
node[2], 2774094101, 11.245746, 2357136044, 428, 64.153296
node[3], 1277901399, 11.245746, 2357136044, 428, 96.174464
node[0], 2357136044, 11.248043, 2588848963, 426, 32.021200
node[2], 2774094101, 11.248043, 2588848963, 426, 32.132191
node[3], 1277901399, 11.248043, 2588848963, 426, 64.153296
node[3], 1277901399, 11.262067, 2774094101, 427, 32.021200
node[1], 2588848963, 11.262067, 2774094101, 427, 32.132191
node[0], 2357136044, 11.262067, 2774094101, 427, 64.153296
node[2], 2774094101, 11.301193, 1277901399, 429, 32.021200
node[1], 2588848963, 11.301193, 1277901399, 429, 64.153296
node[0], 2357136044, 11.301193, 1277901399, 429, 96.174464
node[0], 2357136044, 11.325044, 2588848963, 430, 32.021200
node[2], 2774094101, 11.325044, 2588848963, 430, 32.132191
node[3], 1277901399, 11.325044, 2588848963, 430, 64.153296
node[3], 1277901399, 11.360067, 2774094101, 431, 32.021200
node[1], 2588848963, 11.360067, 2774094101, 431, 32.132191
node[0], 2357136044, 11.360067, 2774094101, 431, 64.153296
node[1], 2588848963, 11.363745, 2357136044, 432, 32.021200
node[2], 2774094101, 11.363745, 2357136044, 432, 64.153296
node[3], 1277901399, 11.363745, 2357136044, 432, 96.174464
node[2], 2774094101, 11.401193, 1277901399, 433, 32.021200
node[1], 2588848963, 11.401193, 1277901399, 433, 64.153296
node[0], 2357136044, 11.401193, 1277901399, 433, 96.174464
node[3], 1277901399, 11.439067, 2774094101, 435, 32.021200
node[1], 2588848963, 11.439067, 2774094101, 435, 32.132191
node[0], 2357136044, 11.439067, 2774094101, 435, 64.153296
node[1], 2588848963, 11.445746, 2357136044, 436, 32.021200
node[2], 2774094101, 11.445746, 2357136044, 436, 64.153296
node[3], 1277901399, 11.445746, 2357136044, 436, 96.174464
node[0], 2357136044, 11.446518, 2588848963, 434, 32.021200
node[2], 2774094101, 11.446518, 2588848963, 434, 32.132191
node[3], 1277901399, 11.446518, 2588848963, 434, 64.153296
node[2], 2774094101, 11.501193, 1277901399, 437, 32.021200
node[1], 2588848963, 11.501193, 1277901399, 437, 64.153296
node[0], 2357136044, 11.501193, 1277901399, 437, 96.174464
node[0], 2357136044, 11.525044, 2588848963, 438, 32.021200
node[2], 2774094101, 11.525044, 2588848963, 438, 32.132191
node[3], 1277901399, 11.525044, 2588848963, 438, 64.153296
node[3], 1277901399, 11.539067, 2774094101, 439, 32.021200
node[1], 2588848963, 11.539067, 2774094101, 439, 32.132191
node[0], 2357136044, 11.539067, 2774094101, 439, 64.153296
node[1], 2588848963, 11.569745, 2357136044, 440, 32.021200
node[2], 2774094101, 11.569745, 2357136044, 440, 64.153296
node[3], 1277901399, 11.569745, 2357136044, 440, 96.174464
node[2], 2774094101, 11.601193, 1277901399, 441, 32.021200
node[1], 2588848963, 11.601193, 1277901399, 441, 64.153296
node[0], 2357136044, 11.601193, 1277901399, 441, 96.174464
node[0], 2357136044, 11.625044, 2588848963, 442, 32.021200
node[2], 2774094101, 11.625044, 2588848963, 442, 32.132191
node[3], 1277901399, 11.625044, 2588848963, 442, 64.153296
node[3], 1277901399, 11.639067, 2774094101, 443, 32.021200
node[1], 2588848963, 11.639067, 2774094101, 443, 32.132191
node[0], 2357136044, 11.639067, 2774094101, 443, 64.153296
node[1], 2588848963, 11.648745, 2357136044, 444, 32.021200
node[2], 2774094101, 11.648745, 2357136044, 444, 64.153296
node[3], 1277901399, 11.648745, 2357136044, 444, 96.174464
node[2], 2774094101, 11.701193, 1277901399, 445, 32.021200
node[1], 2588848963, 11.701193, 1277901399, 445, 64.153296
node[0], 2357136044, 11.701193, 1277901399, 445, 96.174464
node[0], 2357136044, 11.725044, 2588848963, 446, 32.021200
node[2], 2774094101, 11.725044, 2588848963, 446, 32.132191
node[3], 1277901399, 11.725044, 2588848963, 446, 64.153296
node[3], 1277901399, 11.739067, 2774094101, 447, 32.021200
node[1], 2588848963, 11.739067, 2774094101, 447, 32.132191
node[0], 2357136044, 11.739067, 2774094101, 447, 64.153296
node[1], 2588848963, 11.745746, 2357136044, 448, 32.021200
node[2], 2774094101, 11.745746, 2357136044, 448, 64.153296
node[3], 1277901399, 11.745746, 2357136044, 448, 96.174464
node[2], 2774094101, 11.806878, 1277901399, 449, 32.021200
node[1], 2588848963, 11.806879, 1277901399, 449, 64.153296
node[0], 2357136044, 11.806879, 1277901399, 449, 96.174464
node[0], 2357136044, 11.825044, 2588848963, 450, 32.021200
node[2], 2774094101, 11.825044, 2588848963, 450, 32.132191
node[3], 1277901399, 11.825044, 2588848963, 450, 64.153296
node[1], 2588848963, 11.846017, 2357136044, 452, 32.021200
node[2], 2774094101, 11.846018, 2357136044, 452, 64.153296
node[3], 1277901399, 11.846018, 2357136044, 452, 96.174464
node[3], 1277901399, 11.860067, 2774094101, 451, 32.021200
node[1], 2588848963, 11.860067, 2774094101, 451, 32.132191
node[0], 2357136044, 11.860067, 2774094101, 451, 64.153296
node[2], 2774094101, 11.901193, 1277901399, 453, 32.021200
node[1], 2588848963, 11.901193, 1277901399, 453, 64.153296
node[0], 2357136044, 11.901193, 1277901399, 453, 96.174464
node[0], 2357136044, 11.943043, 2588848963, 454, 32.021200
node[2], 2774094101, 11.943043, 2588848963, 454, 32.132191
node[3], 1277901399, 11.943043, 2588848963, 454, 64.153296
node[1], 2588848963, 11.945746, 2357136044, 456, 32.021200
node[2], 2774094101, 11.945746, 2357136044, 456, 64.153296
node[3], 1277901399, 11.945746, 2357136044, 456, 96.174464
node[3], 1277901399, 11.946479, 2774094101, 455, 32.021200
node[1], 2588848963, 11.946479, 2774094101, 455, 32.132191
node[0], 2357136044, 11.946479, 2774094101, 455, 64.153296
node[2], 2774094101, 12.001193, 1277901399, 457, 32.021200
node[1], 2588848963, 12.001193, 1277901399, 457, 64.153296
node[0], 2357136044, 12.001193, 1277901399, 457, 96.174464
node[0], 2357136044, 12.025044, 2588848963, 458, 32.021200
node[2], 2774094101, 12.025044, 2588848963, 458, 32.132191
node[3], 1277901399, 12.025044, 2588848963, 458, 64.153296
node[3], 1277901399, 12.039067, 2774094101, 459, 32.021200
node[1], 2588848963, 12.039067, 2774094101, 459, 32.132191
node[0], 2357136044, 12.039067, 2774094101, 459, 64.153296
node[1], 2588848963, 12.064745, 2357136044, 460, 32.021200
node[2], 2774094101, 12.064745, 2357136044, 460, 64.153296
node[3], 1277901399, 12.064745, 2357136044, 460, 96.174464
node[2], 2774094101, 12.101193, 1277901399, 461, 32.021200
node[1], 2588848963, 12.101193, 1277901399, 461, 64.153296
node[0], 2357136044, 12.101193, 1277901399, 461, 96.174464
node[0], 2357136044, 12.125044, 2588848963, 462, 32.021200
node[2], 2774094101, 12.125044, 2588848963, 462, 32.132191
node[3], 1277901399, 12.125044, 2588848963, 462, 64.153296
node[3], 1277901399, 12.139067, 2774094101, 463, 32.021200
node[1], 2588848963, 12.139067, 2774094101, 463, 32.132191
node[0], 2357136044, 12.139067, 2774094101, 463, 64.153296
node[1], 2588848963, 12.145746, 2357136044, 464, 32.021200
node[2], 2774094101, 12.145746, 2357136044, 464, 64.153296
node[3], 1277901399, 12.145746, 2357136044, 464, 96.174464
node[2], 2774094101, 12.222192, 1277901399, 465, 32.021200
node[1], 2588848963, 12.222192, 1277901399, 465, 64.153296
node[0], 2357136044, 12.222192, 1277901399, 465, 96.174464
node[0], 2357136044, 12.235043, 2588848963, 466, 32.021200
node[2], 2774094101, 12.235043, 2588848963, 466, 32.132191
node[3], 1277901399, 12.235043, 2588848963, 466, 64.153296
node[3], 1277901399, 12.239067, 2774094101, 467, 32.021200
node[1], 2588848963, 12.239067, 2774094101, 467, 32.132191
node[0], 2357136044, 12.239067, 2774094101, 467, 64.153296
node[1], 2588848963, 12.262745, 2357136044, 468, 32.021200
node[2], 2774094101, 12.262745, 2357136044, 468, 64.153296
node[3], 1277901399, 12.262745, 2357136044, 468, 96.174464
node[2], 2774094101, 12.311192, 1277901399, 469, 32.021200
node[1], 2588848963, 12.311192, 1277901399, 469, 64.153296
node[0], 2357136044, 12.311192, 1277901399, 469, 96.174464
node[0], 2357136044, 12.325044, 2588848963, 470, 32.021200
node[2], 2774094101, 12.325044, 2588848963, 470, 32.132191
node[3], 1277901399, 12.325044, 2588848963, 470, 64.153296
node[3], 1277901399, 12.344067, 2774094101, 471, 32.021200
node[1], 2588848963, 12.344067, 2774094101, 471, 32.132191
node[0], 2357136044, 12.344067, 2774094101, 471, 64.153296
node[1], 2588848963, 12.345746, 2357136044, 472, 32.021200
node[2], 2774094101, 12.345746, 2357136044, 472, 64.153296
node[3], 1277901399, 12.345746, 2357136044, 472, 96.174464
node[2], 2774094101, 12.407192, 1277901399, 473, 32.021200
node[1], 2588848963, 12.407192, 1277901399, 473, 64.153296
node[0], 2357136044, 12.407192, 1277901399, 473, 96.174464
node[0], 2357136044, 12.433043, 2588848963, 474, 32.021200
node[2], 2774094101, 12.433043, 2588848963, 474, 32.132191
node[3], 1277901399, 12.433043, 2588848963, 474, 64.153296
node[3], 1277901399, 12.452067, 2774094101, 475, 32.021200
node[1], 2588848963, 12.452067, 2774094101, 475, 32.132191
node[0], 2357136044, 12.452067, 2774094101, 475, 64.153296
node[1], 2588848963, 12.466745, 2357136044, 476, 32.021200
node[2], 2774094101, 12.466745, 2357136044, 476, 64.153296
node[3], 1277901399, 12.466745, 2357136044, 476, 96.174464
node[2], 2774094101, 12.501193, 1277901399, 477, 32.021200
node[1], 2588848963, 12.501193, 1277901399, 477, 64.153296
node[0], 2357136044, 12.501193, 1277901399, 477, 96.174464
node[1], 2588848963, 12.545746, 2357136044, 480, 32.021200
node[2], 2774094101, 12.545746, 2357136044, 480, 64.153296
node[3], 1277901399, 12.545746, 2357136044, 480, 96.174464
node[0], 2357136044, 12.549043, 2588848963, 478, 32.021200
node[2], 2774094101, 12.549043, 2588848963, 478, 32.132191
node[3], 1277901399, 12.549043, 2588848963, 478, 64.153296
node[3], 1277901399, 12.552067, 2774094101, 479, 32.021200
node[1], 2588848963, 12.552067, 2774094101, 479, 32.132191
node[0], 2357136044, 12.552067, 2774094101, 479, 64.153296
node[2], 2774094101, 12.601193, 1277901399, 481, 32.021200
node[1], 2588848963, 12.601193, 1277901399, 481, 64.153296
node[0], 2357136044, 12.601193, 1277901399, 481, 96.174464
node[0], 2357136044, 12.633043, 2588848963, 482, 32.021200
node[2], 2774094101, 12.633043, 2588848963, 482, 32.132191
node[3], 1277901399, 12.633043, 2588848963, 482, 64.153296
node[3], 1277901399, 12.639067, 2774094101, 483, 32.021200
node[1], 2588848963, 12.639067, 2774094101, 483, 32.132191
node[0], 2357136044, 12.639067, 2774094101, 483, 64.153296
node[1], 2588848963, 12.645746, 2357136044, 484, 32.021200
node[2], 2774094101, 12.645746, 2357136044, 484, 64.153296
node[3], 1277901399, 12.645746, 2357136044, 484, 96.174464
node[2], 2774094101, 12.701193, 1277901399, 485, 32.021200
node[1], 2588848963, 12.701193, 1277901399, 485, 64.153296
node[0], 2357136044, 12.701193, 1277901399, 485, 96.174464
node[0], 2357136044, 12.725044, 2588848963, 486, 32.021200
node[2], 2774094101, 12.725044, 2588848963, 486, 32.132191
node[3], 1277901399, 12.725044, 2588848963, 486, 64.153296
node[3], 1277901399, 12.739067, 2774094101, 487, 32.021200
node[1], 2588848963, 12.739067, 2774094101, 487, 32.132191
node[0], 2357136044, 12.739067, 2774094101, 487, 64.153296
node[1], 2588848963, 12.745746, 2357136044, 488, 32.021200
node[2], 2774094101, 12.745746, 2357136044, 488, 64.153296
node[3], 1277901399, 12.745746, 2357136044, 488, 96.174464
node[2], 2774094101, 12.801193, 1277901399, 489, 32.021200
node[1], 2588848963, 12.801193, 1277901399, 489, 64.153296
node[0], 2357136044, 12.801193, 1277901399, 489, 96.174464
node[0], 2357136044, 12.845043, 2588848963, 490, 32.021200
node[2], 2774094101, 12.845043, 2588848963, 490, 32.132191
node[3], 1277901399, 12.845043, 2588848963, 490, 64.153296
node[1], 2588848963, 12.845746, 2357136044, 492, 32.021200
node[2], 2774094101, 12.845746, 2357136044, 492, 64.153296
node[3], 1277901399, 12.845746, 2357136044, 492, 96.174464
node[3], 1277901399, 12.861067, 2774094101, 491, 32.021200
node[1], 2588848963, 12.861067, 2774094101, 491, 32.132191
node[0], 2357136044, 12.861067, 2774094101, 491, 64.153296
node[2], 2774094101, 12.905192, 1277901399, 493, 32.021200
node[1], 2588848963, 12.905192, 1277901399, 493, 64.153296
node[0], 2357136044, 12.905192, 1277901399, 493, 96.174464
node[0], 2357136044, 12.925044, 2588848963, 494, 32.021200
node[2], 2774094101, 12.925044, 2588848963, 494, 32.132191
node[3], 1277901399, 12.925044, 2588848963, 494, 64.153296
node[1], 2588848963, 12.945746, 2357136044, 496, 32.021200
node[2], 2774094101, 12.945746, 2357136044, 496, 64.153296
node[3], 1277901399, 12.945746, 2357136044, 496, 96.174464
node[3], 1277901399, 12.947067, 2774094101, 495, 32.021200
node[1], 2588848963, 12.947067, 2774094101, 495, 32.132191
node[0], 2357136044, 12.947067, 2774094101, 495, 64.153296
node[0], 2357136044, 13.025044, 2588848963, 498, 32.021200
node[2], 2774094101, 13.025044, 2588848963, 498, 32.132191
node[3], 1277901399, 13.025044, 2588848963, 498, 64.153296
node[2], 2774094101, 13.026192, 1277901399, 497, 32.021200
node[1], 2588848963, 13.026192, 1277901399, 497, 64.153296
node[0], 2357136044, 13.026192, 1277901399, 497, 96.174464
node[3], 1277901399, 13.039067, 2774094101, 499, 32.021200
node[1], 2588848963, 13.039067, 2774094101, 499, 32.132191
node[0], 2357136044, 13.039067, 2774094101, 499, 64.153296
node[1], 2588848963, 13.057745, 2357136044, 500, 32.021200
node[2], 2774094101, 13.057745, 2357136044, 500, 64.153296
node[3], 1277901399, 13.057745, 2357136044, 500, 96.174464
node[2], 2774094101, 13.101193, 1277901399, 501, 32.021200
node[1], 2588848963, 13.101193, 1277901399, 501, 64.153296
node[0], 2357136044, 13.101193, 1277901399, 501, 96.174464
node[0], 2357136044, 13.125044, 2588848963, 502, 32.021200
node[2], 2774094101, 13.125044, 2588848963, 502, 32.132191
node[3], 1277901399, 13.125044, 2588848963, 502, 64.153296
node[3], 1277901399, 13.139067, 2774094101, 503, 32.021200
node[1], 2588848963, 13.139067, 2774094101, 503, 32.132191
node[0], 2357136044, 13.139067, 2774094101, 503, 64.153296
node[1], 2588848963, 13.145746, 2357136044, 504, 32.021200
node[2], 2774094101, 13.145746, 2357136044, 504, 64.153296
node[3], 1277901399, 13.145746, 2357136044, 504, 96.174464
node[2], 2774094101, 13.201193, 1277901399, 505, 32.021200
node[1], 2588848963, 13.201193, 1277901399, 505, 64.153296
node[0], 2357136044, 13.201193, 1277901399, 505, 96.174464
node[0], 2357136044, 13.225044, 2588848963, 506, 32.021200
node[2], 2774094101, 13.225044, 2588848963, 506, 32.132191
node[3], 1277901399, 13.225044, 2588848963, 506, 64.153296
node[3], 1277901399, 13.245067, 2774094101, 507, 32.021200
node[1], 2588848963, 13.245067, 2774094101, 507, 32.132191
node[0], 2357136044, 13.245067, 2774094101, 507, 64.153296
node[1], 2588848963, 13.245787, 2357136044, 508, 32.021200
node[2], 2774094101, 13.245787, 2357136044, 508, 64.153296
node[3], 1277901399, 13.245788, 2357136044, 508, 96.174464
node[2], 2774094101, 13.301193, 1277901399, 509, 32.021200
node[1], 2588848963, 13.301193, 1277901399, 509, 64.153296
node[0], 2357136044, 13.301193, 1277901399, 509, 96.174464
node[0], 2357136044, 13.336043, 2588848963, 510, 32.021200
node[2], 2774094101, 13.336043, 2588848963, 510, 32.132191
node[3], 1277901399, 13.336043, 2588848963, 510, 64.153296
node[1], 2588848963, 13.345746, 2357136044, 512, 32.021200
node[2], 2774094101, 13.345746, 2357136044, 512, 64.153296
node[3], 1277901399, 13.345746, 2357136044, 512, 96.174464
node[3], 1277901399, 13.350067, 2774094101, 511, 32.021200
node[1], 2588848963, 13.350067, 2774094101, 511, 32.132191
node[0], 2357136044, 13.350067, 2774094101, 511, 64.153296
node[2], 2774094101, 13.401193, 1277901399, 513, 32.021200
node[1], 2588848963, 13.401193, 1277901399, 513, 64.153296
node[0], 2357136044, 13.401193, 1277901399, 513, 96.174464
node[0], 2357136044, 13.425044, 2588848963, 514, 32.021200
node[2], 2774094101, 13.425044, 2588848963, 514, 32.132191
node[3], 1277901399, 13.425044, 2588848963, 514, 64.153296
node[3], 1277901399, 13.439067, 2774094101, 515, 32.021200
node[1], 2588848963, 13.439067, 2774094101, 515, 32.132191
node[0], 2357136044, 13.439067, 2774094101, 515, 64.153296
node[1], 2588848963, 13.445746, 2357136044, 516, 32.021200
node[2], 2774094101, 13.445746, 2357136044, 516, 64.153296
node[3], 1277901399, 13.445746, 2357136044, 516, 96.174464
node[2], 2774094101, 13.501193, 1277901399, 517, 32.021200
node[1], 2588848963, 13.501193, 1277901399, 517, 64.153296
node[0], 2357136044, 13.501193, 1277901399, 517, 96.174464
node[0], 2357136044, 13.525044, 2588848963, 518, 32.021200
node[2], 2774094101, 13.525044, 2588848963, 518, 32.132191
node[3], 1277901399, 13.525044, 2588848963, 518, 64.153296
node[3], 1277901399, 13.539067, 2774094101, 519, 32.021200
node[1], 2588848963, 13.539067, 2774094101, 519, 32.132191
node[0], 2357136044, 13.539067, 2774094101, 519, 64.153296
node[1], 2588848963, 13.545746, 2357136044, 520, 32.021200
node[2], 2774094101, 13.545746, 2357136044, 520, 64.153296
node[3], 1277901399, 13.545746, 2357136044, 520, 96.174464
node[2], 2774094101, 13.601193, 1277901399, 521, 32.021200
node[1], 2588848963, 13.601193, 1277901399, 521, 64.153296
node[0], 2357136044, 13.601193, 1277901399, 521, 96.174464
node[0], 2357136044, 13.625044, 2588848963, 522, 32.021200
node[2], 2774094101, 13.625044, 2588848963, 522, 32.132191
node[3], 1277901399, 13.625044, 2588848963, 522, 64.153296
node[3], 1277901399, 13.639067, 2774094101, 523, 32.021200
node[1], 2588848963, 13.639067, 2774094101, 523, 32.132191
node[0], 2357136044, 13.639067, 2774094101, 523, 64.153296
node[1], 2588848963, 13.652745, 2357136044, 524, 32.021200
node[2], 2774094101, 13.652745, 2357136044, 524, 64.153296
node[3], 1277901399, 13.652745, 2357136044, 524, 96.174464
node[2], 2774094101, 13.701193, 1277901399, 525, 32.021200
node[1], 2588848963, 13.701193, 1277901399, 525, 64.153296
node[0], 2357136044, 13.701193, 1277901399, 525, 96.174464
node[0], 2357136044, 13.725044, 2588848963, 526, 32.021200
node[2], 2774094101, 13.725044, 2588848963, 526, 32.132191
node[3], 1277901399, 13.725044, 2588848963, 526, 64.153296
node[3], 1277901399, 13.739067, 2774094101, 527, 32.021200
node[1], 2588848963, 13.739067, 2774094101, 527, 32.132191
node[0], 2357136044, 13.739067, 2774094101, 527, 64.153296
node[1], 2588848963, 13.745746, 2357136044, 528, 32.021200
node[2], 2774094101, 13.745746, 2357136044, 528, 64.153296
node[3], 1277901399, 13.745746, 2357136044, 528, 96.174464
node[2], 2774094101, 13.805192, 1277901399, 529, 32.021200
node[1], 2588848963, 13.805192, 1277901399, 529, 64.153296
node[0], 2357136044, 13.805192, 1277901399, 529, 96.174464
node[0], 2357136044, 13.825044, 2588848963, 530, 32.021200
node[2], 2774094101, 13.825044, 2588848963, 530, 32.132191
node[3], 1277901399, 13.825044, 2588848963, 530, 64.153296
node[3], 1277901399, 13.839067, 2774094101, 531, 32.021200
node[1], 2588848963, 13.839067, 2774094101, 531, 32.132191
node[0], 2357136044, 13.839067, 2774094101, 531, 64.153296
node[1], 2588848963, 13.845746, 2357136044, 532, 32.021200
node[2], 2774094101, 13.845746, 2357136044, 532, 64.153296
node[3], 1277901399, 13.845746, 2357136044, 532, 96.174464
node[2], 2774094101, 13.926192, 1277901399, 533, 32.021200
node[1], 2588848963, 13.926192, 1277901399, 533, 64.153296
node[0], 2357136044, 13.926192, 1277901399, 533, 96.174464
node[0], 2357136044, 13.937043, 2588848963, 534, 32.021200
node[2], 2774094101, 13.937043, 2588848963, 534, 32.132191
node[3], 1277901399, 13.937043, 2588848963, 534, 64.153296
node[3], 1277901399, 13.939067, 2774094101, 535, 32.021200
node[1], 2588848963, 13.939067, 2774094101, 535, 32.132191
node[0], 2357136044, 13.939067, 2774094101, 535, 64.153296
node[1], 2588848963, 13.945746, 2357136044, 536, 32.021200
node[2], 2774094101, 13.945746, 2357136044, 536, 64.153296
node[3], 1277901399, 13.945746, 2357136044, 536, 96.174464
node[2], 2774094101, 14.001193, 1277901399, 537, 32.021200
node[1], 2588848963, 14.001193, 1277901399, 537, 64.153296
node[0], 2357136044, 14.001193, 1277901399, 537, 96.174464
node[0], 2357136044, 14.025044, 2588848963, 538, 32.021200
node[2], 2774094101, 14.025044, 2588848963, 538, 32.132191
node[3], 1277901399, 14.025044, 2588848963, 538, 64.153296
node[3], 1277901399, 14.048067, 2774094101, 539, 32.021200
node[1], 2588848963, 14.048067, 2774094101, 539, 32.132191
node[0], 2357136044, 14.048067, 2774094101, 539, 64.153296
node[1], 2588848963, 14.060745, 2357136044, 540, 32.021200
node[2], 2774094101, 14.060745, 2357136044, 540, 64.153296
node[3], 1277901399, 14.060745, 2357136044, 540, 96.174464
node[2], 2774094101, 14.104505, 1277901399, 541, 32.021200
node[1], 2588848963, 14.104505, 1277901399, 541, 64.153296
node[0], 2357136044, 14.104505, 1277901399, 541, 96.174464
node[0], 2357136044, 14.125044, 2588848963, 542, 32.021200
node[2], 2774094101, 14.125044, 2588848963, 542, 32.132191
node[3], 1277901399, 14.125044, 2588848963, 542, 64.153296
node[1], 2588848963, 14.145746, 2357136044, 544, 32.021200
node[2], 2774094101, 14.145746, 2357136044, 544, 64.153296
node[3], 1277901399, 14.145746, 2357136044, 544, 96.174464
node[3], 1277901399, 14.159067, 2774094101, 543, 32.021200
node[1], 2588848963, 14.159067, 2774094101, 543, 32.132191
node[0], 2357136044, 14.159067, 2774094101, 543, 64.153296
node[2], 2774094101, 14.201193, 1277901399, 545, 32.021200
node[1], 2588848963, 14.201193, 1277901399, 545, 64.153296
node[0], 2357136044, 14.201193, 1277901399, 545, 96.174464
node[0], 2357136044, 14.225044, 2588848963, 546, 32.021200
node[2], 2774094101, 14.225044, 2588848963, 546, 32.132191
node[3], 1277901399, 14.225044, 2588848963, 546, 64.153296
node[3], 1277901399, 14.239067, 2774094101, 547, 32.021200
node[1], 2588848963, 14.239067, 2774094101, 547, 32.132191
node[0], 2357136044, 14.239067, 2774094101, 547, 64.153296
node[1], 2588848963, 14.259745, 2357136044, 548, 32.021200
node[2], 2774094101, 14.259745, 2357136044, 548, 64.153296
node[3], 1277901399, 14.259745, 2357136044, 548, 96.174464
node[2], 2774094101, 14.301193, 1277901399, 549, 32.021200
node[1], 2588848963, 14.301193, 1277901399, 549, 64.153296
node[0], 2357136044, 14.301193, 1277901399, 549, 96.174464
node[0], 2357136044, 14.325044, 2588848963, 550, 32.021200
node[2], 2774094101, 14.325044, 2588848963, 550, 32.132191
node[3], 1277901399, 14.325044, 2588848963, 550, 64.153296
node[1], 2588848963, 14.359745, 2357136044, 552, 32.021200
node[2], 2774094101, 14.359745, 2357136044, 552, 64.153296
node[3], 1277901399, 14.359745, 2357136044, 552, 96.174464
node[3], 1277901399, 14.363067, 2774094101, 551, 32.021200
node[1], 2588848963, 14.363067, 2774094101, 551, 32.132191
node[0], 2357136044, 14.363067, 2774094101, 551, 64.153296
node[2], 2774094101, 14.401193, 1277901399, 553, 32.021200
node[1], 2588848963, 14.401193, 1277901399, 553, 64.153296
node[0], 2357136044, 14.401193, 1277901399, 553, 96.174464
node[0], 2357136044, 14.425044, 2588848963, 554, 32.021200
node[2], 2774094101, 14.425044, 2588848963, 554, 32.132191
node[3], 1277901399, 14.425044, 2588848963, 554, 64.153296
node[3], 1277901399, 14.439067, 2774094101, 555, 32.021200
node[1], 2588848963, 14.439067, 2774094101, 555, 32.132191
node[0], 2357136044, 14.439067, 2774094101, 555, 64.153296
node[1], 2588848963, 14.445746, 2357136044, 556, 32.021200
node[2], 2774094101, 14.445746, 2357136044, 556, 64.153296
node[3], 1277901399, 14.445746, 2357136044, 556, 96.174464
node[2], 2774094101, 14.501193, 1277901399, 557, 32.021200
node[1], 2588848963, 14.501193, 1277901399, 557, 64.153296
node[0], 2357136044, 14.501193, 1277901399, 557, 96.174464
node[3], 1277901399, 14.539067, 2774094101, 559, 32.021200
node[1], 2588848963, 14.539067, 2774094101, 559, 32.132191
node[0], 2357136044, 14.539067, 2774094101, 559, 64.153296
node[0], 2357136044, 14.544479, 2588848963, 558, 32.021200
node[2], 2774094101, 14.544479, 2588848963, 558, 32.132191
node[3], 1277901399, 14.544479, 2588848963, 558, 64.153296
node[1], 2588848963, 14.568745, 2357136044, 560, 32.021200
node[2], 2774094101, 14.568745, 2357136044, 560, 64.153296
node[3], 1277901399, 14.568745, 2357136044, 560, 96.174464
node[2], 2774094101, 14.601193, 1277901399, 561, 32.021200
node[1], 2588848963, 14.601193, 1277901399, 561, 64.153296
node[0], 2357136044, 14.601193, 1277901399, 561, 96.174464
node[1], 2588848963, 14.645746, 2357136044, 564, 32.021200
node[2], 2774094101, 14.645746, 2357136044, 564, 64.153296
node[3], 1277901399, 14.645746, 2357136044, 564, 96.174464
node[0], 2357136044, 14.650043, 2588848963, 562, 32.021200
node[2], 2774094101, 14.650043, 2588848963, 562, 32.132191
node[3], 1277901399, 14.650043, 2588848963, 562, 64.153296
node[3], 1277901399, 14.652067, 2774094101, 563, 32.021200
node[1], 2588848963, 14.652067, 2774094101, 563, 32.132191
node[0], 2357136044, 14.652067, 2774094101, 563, 64.153296
node[2], 2774094101, 14.701193, 1277901399, 565, 32.021200
node[1], 2588848963, 14.701193, 1277901399, 565, 64.153296
node[0], 2357136044, 14.701193, 1277901399, 565, 96.174464
node[0], 2357136044, 14.735043, 2588848963, 566, 32.021200
node[2], 2774094101, 14.735043, 2588848963, 566, 32.132191
node[3], 1277901399, 14.735043, 2588848963, 566, 64.153296
node[3], 1277901399, 14.739465, 2774094101, 567, 32.021200
node[1], 2588848963, 14.739465, 2774094101, 567, 32.132191
node[0], 2357136044, 14.739465, 2774094101, 567, 64.153296
node[1], 2588848963, 14.763745, 2357136044, 568, 32.021200
node[2], 2774094101, 14.763745, 2357136044, 568, 64.153296
node[3], 1277901399, 14.763745, 2357136044, 568, 96.174464
node[2], 2774094101, 14.801193, 1277901399, 569, 32.021200
node[1], 2588848963, 14.801193, 1277901399, 569, 64.153296
node[0], 2357136044, 14.801193, 1277901399, 569, 96.174464
node[0], 2357136044, 14.825044, 2588848963, 570, 32.021200
node[2], 2774094101, 14.825044, 2588848963, 570, 32.132191
node[3], 1277901399, 14.825044, 2588848963, 570, 64.153296
node[3], 1277901399, 14.839067, 2774094101, 571, 32.021200
node[1], 2588848963, 14.839067, 2774094101, 571, 32.132191
node[0], 2357136044, 14.839067, 2774094101, 571, 64.153296
node[1], 2588848963, 14.845746, 2357136044, 572, 32.021200
node[2], 2774094101, 14.845746, 2357136044, 572, 64.153296
node[3], 1277901399, 14.845746, 2357136044, 572, 96.174464
node[2], 2774094101, 14.901193, 1277901399, 573, 32.021200
node[1], 2588848963, 14.901193, 1277901399, 573, 64.153296
node[0], 2357136044, 14.901193, 1277901399, 573, 96.174464
node[0], 2357136044, 14.925583, 2588848963, 574, 32.021200
node[2], 2774094101, 14.925583, 2588848963, 574, 32.132191
node[3], 1277901399, 14.925583, 2588848963, 574, 64.153296
node[3], 1277901399, 14.939067, 2774094101, 575, 32.021200
node[1], 2588848963, 14.939067, 2774094101, 575, 32.132191
node[0], 2357136044, 14.939067, 2774094101, 575, 64.153296
node[1], 2588848963, 14.949745, 2357136044, 576, 32.021200
node[2], 2774094101, 14.949745, 2357136044, 576, 64.153296
node[3], 1277901399, 14.949745, 2357136044, 576, 96.174464
node[2], 2774094101, 15.001193, 1277901399, 577, 32.021200
node[1], 2588848963, 15.001193, 1277901399, 577, 64.153296
node[0], 2357136044, 15.001193, 1277901399, 577, 96.174464
node[3], 1277901399, 15.039067, 2774094101, 579, 32.021200
node[1], 2588848963, 15.039067, 2774094101, 579, 32.132191
node[0], 2357136044, 15.039067, 2774094101, 579, 64.153296
node[0], 2357136044, 15.046043, 2588848963, 578, 32.021200
node[2], 2774094101, 15.046043, 2588848963, 578, 32.132191
node[3], 1277901399, 15.046043, 2588848963, 578, 64.153296
node[1], 2588848963, 15.053745, 2357136044, 580, 32.021200
node[2], 2774094101, 15.053745, 2357136044, 580, 64.153296
node[3], 1277901399, 15.053745, 2357136044, 580, 96.174464
node[2], 2774094101, 15.101193, 1277901399, 581, 32.021200
node[1], 2588848963, 15.101193, 1277901399, 581, 64.153296
node[0], 2357136044, 15.101193, 1277901399, 581, 96.174464
node[0], 2357136044, 15.125044, 2588848963, 582, 32.021200
node[2], 2774094101, 15.125044, 2588848963, 582, 32.132191
node[3], 1277901399, 15.125044, 2588848963, 582, 64.153296
node[3], 1277901399, 15.139067, 2774094101, 583, 32.021200
node[1], 2588848963, 15.139067, 2774094101, 583, 32.132191
node[0], 2357136044, 15.139067, 2774094101, 583, 64.153296
node[1], 2588848963, 15.145746, 2357136044, 584, 32.021200
node[2], 2774094101, 15.145746, 2357136044, 584, 64.153296
node[3], 1277901399, 15.145746, 2357136044, 584, 96.174464
node[2], 2774094101, 15.201193, 1277901399, 585, 32.021200
node[1], 2588848963, 15.201193, 1277901399, 585, 64.153296
node[0], 2357136044, 15.201193, 1277901399, 585, 96.174464
node[0], 2357136044, 15.225044, 2588848963, 586, 32.021200
node[2], 2774094101, 15.225044, 2588848963, 586, 32.132191
node[3], 1277901399, 15.225044, 2588848963, 586, 64.153296
node[3], 1277901399, 15.239067, 2774094101, 587, 32.021200
node[1], 2588848963, 15.239067, 2774094101, 587, 32.132191
node[0], 2357136044, 15.239067, 2774094101, 587, 64.153296
node[1], 2588848963, 15.260745, 2357136044, 588, 32.021200
node[2], 2774094101, 15.260745, 2357136044, 588, 64.153296
node[3], 1277901399, 15.260745, 2357136044, 588, 96.174464
node[2], 2774094101, 15.301193, 1277901399, 589, 32.021200
node[1], 2588848963, 15.301193, 1277901399, 589, 64.153296
node[0], 2357136044, 15.301193, 1277901399, 589, 96.174464
node[0], 2357136044, 15.325044, 2588848963, 590, 32.021200
node[2], 2774094101, 15.325044, 2588848963, 590, 32.132191
node[3], 1277901399, 15.325044, 2588848963, 590, 64.153296
node[3], 1277901399, 15.339067, 2774094101, 591, 32.021200
node[1], 2588848963, 15.339067, 2774094101, 591, 32.132191
node[0], 2357136044, 15.339067, 2774094101, 591, 64.153296
node[1], 2588848963, 15.367745, 2357136044, 592, 32.021200
node[2], 2774094101, 15.367745, 2357136044, 592, 64.153296
node[3], 1277901399, 15.367745, 2357136044, 592, 96.174464
node[2], 2774094101, 15.412192, 1277901399, 593, 32.021200
node[1], 2588848963, 15.412192, 1277901399, 593, 64.153296
node[0], 2357136044, 15.412192, 1277901399, 593, 96.174464
node[0], 2357136044, 15.425044, 2588848963, 594, 32.021200
node[2], 2774094101, 15.425044, 2588848963, 594, 32.132191
node[3], 1277901399, 15.425044, 2588848963, 594, 64.153296
node[1], 2588848963, 15.445746, 2357136044, 596, 32.021200
node[2], 2774094101, 15.445746, 2357136044, 596, 64.153296
node[3], 1277901399, 15.445746, 2357136044, 596, 96.174464
node[3], 1277901399, 15.464067, 2774094101, 595, 32.021200
node[1], 2588848963, 15.464067, 2774094101, 595, 32.132191
node[0], 2357136044, 15.464067, 2774094101, 595, 64.153296
node[2], 2774094101, 15.522192, 1277901399, 597, 32.021200
node[1], 2588848963, 15.522192, 1277901399, 597, 64.153296
node[0], 2357136044, 15.522192, 1277901399, 597, 96.174464
node[0], 2357136044, 15.525044, 2588848963, 598, 32.021200
node[2], 2774094101, 15.525044, 2588848963, 598, 32.132191
node[3], 1277901399, 15.525044, 2588848963, 598, 64.153296
node[3], 1277901399, 15.539067, 2774094101, 599, 32.021200
node[1], 2588848963, 15.539067, 2774094101, 599, 32.132191
node[0], 2357136044, 15.539067, 2774094101, 599, 64.153296
node[1], 2588848963, 15.557745, 2357136044, 600, 32.021200
node[2], 2774094101, 15.557745, 2357136044, 600, 64.153296
node[3], 1277901399, 15.557745, 2357136044, 600, 96.174464
node[2], 2774094101, 15.612192, 1277901399, 601, 32.021200
node[1], 2588848963, 15.612192, 1277901399, 601, 64.153296
node[0], 2357136044, 15.612192, 1277901399, 601, 96.174464
node[0], 2357136044, 15.625044, 2588848963, 602, 32.021200
node[2], 2774094101, 15.625044, 2588848963, 602, 32.132191
node[3], 1277901399, 15.625044, 2588848963, 602, 64.153296
node[1], 2588848963, 15.645746, 2357136044, 604, 32.021200
node[2], 2774094101, 15.645746, 2357136044, 604, 64.153296
node[3], 1277901399, 15.645746, 2357136044, 604, 96.174464
node[3], 1277901399, 15.659067, 2774094101, 603, 32.021200
node[1], 2588848963, 15.659067, 2774094101, 603, 32.132191
node[0], 2357136044, 15.659067, 2774094101, 603, 64.153296
node[2], 2774094101, 15.701193, 1277901399, 605, 32.021200
node[1], 2588848963, 15.701193, 1277901399, 605, 64.153296
node[0], 2357136044, 15.701193, 1277901399, 605, 96.174464
node[0], 2357136044, 15.725044, 2588848963, 606, 32.021200
node[2], 2774094101, 15.725044, 2588848963, 606, 32.132191
node[3], 1277901399, 15.725044, 2588848963, 606, 64.153296
node[3], 1277901399, 15.739067, 2774094101, 607, 32.021200
node[1], 2588848963, 15.739067, 2774094101, 607, 32.132191
node[0], 2357136044, 15.739067, 2774094101, 607, 64.153296
node[1], 2588848963, 15.762745, 2357136044, 608, 32.021200
node[2], 2774094101, 15.762745, 2357136044, 608, 64.153296
node[3], 1277901399, 15.762745, 2357136044, 608, 96.174464
node[2], 2774094101, 15.822192, 1277901399, 609, 32.021200
node[1], 2588848963, 15.822192, 1277901399, 609, 64.153296
node[0], 2357136044, 15.822192, 1277901399, 609, 96.174464
node[0], 2357136044, 15.825044, 2588848963, 610, 32.021200
node[2], 2774094101, 15.825044, 2588848963, 610, 32.132191
node[3], 1277901399, 15.825044, 2588848963, 610, 64.153296
node[3], 1277901399, 15.842067, 2774094101, 611, 32.021200
node[1], 2588848963, 15.842067, 2774094101, 611, 32.132191
node[0], 2357136044, 15.842067, 2774094101, 611, 64.153296
node[1], 2588848963, 15.845746, 2357136044, 612, 32.021200
node[2], 2774094101, 15.845746, 2357136044, 612, 64.153296
node[3], 1277901399, 15.845746, 2357136044, 612, 96.174464
node[2], 2774094101, 15.901920, 1277901399, 613, 32.021200
node[1], 2588848963, 15.901920, 1277901399, 613, 64.153296
node[0], 2357136044, 15.901920, 1277901399, 613, 96.174464
node[0], 2357136044, 15.926043, 2588848963, 614, 32.021200
node[2], 2774094101, 15.926043, 2588848963, 614, 32.132191
node[3], 1277901399, 15.926043, 2588848963, 614, 64.153296
node[1], 2588848963, 15.945746, 2357136044, 616, 32.021200
node[2], 2774094101, 15.945746, 2357136044, 616, 64.153296
node[3], 1277901399, 15.945746, 2357136044, 616, 96.174464
node[3], 1277901399, 15.949067, 2774094101, 615, 32.021200
node[1], 2588848963, 15.949067, 2774094101, 615, 32.132191
node[0], 2357136044, 15.949067, 2774094101, 615, 64.153296
node[2], 2774094101, 16.001865, 1277901399, 617, 32.021200
node[1], 2588848963, 16.001866, 1277901399, 617, 64.153296
node[0], 2357136044, 16.001866, 1277901399, 617, 96.174464
node[0], 2357136044, 16.025044, 2588848963, 618, 32.021200
node[2], 2774094101, 16.025044, 2588848963, 618, 32.132191
node[3], 1277901399, 16.025044, 2588848963, 618, 64.153296
node[3], 1277901399, 16.039067, 2774094101, 619, 32.021200
node[1], 2588848963, 16.039067, 2774094101, 619, 32.132191
node[0], 2357136044, 16.039067, 2774094101, 619, 64.153296
node[1], 2588848963, 16.045746, 2357136044, 620, 32.021200
node[2], 2774094101, 16.045746, 2357136044, 620, 64.153296
node[3], 1277901399, 16.045746, 2357136044, 620, 96.174464
node[2], 2774094101, 16.117192, 1277901399, 621, 32.021200
node[1], 2588848963, 16.117192, 1277901399, 621, 64.153296
node[0], 2357136044, 16.117192, 1277901399, 621, 96.174464
node[0], 2357136044, 16.125044, 2588848963, 622, 32.021200
node[2], 2774094101, 16.125044, 2588848963, 622, 32.132191
node[3], 1277901399, 16.125044, 2588848963, 622, 64.153296
node[3], 1277901399, 16.139067, 2774094101, 623, 32.021200
node[1], 2588848963, 16.139067, 2774094101, 623, 32.132191
node[0], 2357136044, 16.139067, 2774094101, 623, 64.153296
node[1], 2588848963, 16.145746, 2357136044, 624, 32.021200
node[2], 2774094101, 16.145746, 2357136044, 624, 64.153296
node[3], 1277901399, 16.145746, 2357136044, 624, 96.174464
node[2], 2774094101, 16.208192, 1277901399, 625, 32.021200
node[1], 2588848963, 16.208192, 1277901399, 625, 64.153296
node[0], 2357136044, 16.208192, 1277901399, 625, 96.174464
node[3], 1277901399, 16.239067, 2774094101, 627, 32.021200
node[1], 2588848963, 16.239067, 2774094101, 627, 32.132191
node[0], 2357136044, 16.239067, 2774094101, 627, 64.153296
node[1], 2588848963, 16.245746, 2357136044, 628, 32.021200
node[2], 2774094101, 16.245746, 2357136044, 628, 64.153296
node[3], 1277901399, 16.245746, 2357136044, 628, 96.174464
node[0], 2357136044, 16.246375, 2588848963, 626, 32.021200
node[2], 2774094101, 16.246375, 2588848963, 626, 32.132191
node[3], 1277901399, 16.246375, 2588848963, 626, 64.153296
node[2], 2774094101, 16.302192, 1277901399, 629, 32.021200
node[1], 2588848963, 16.302192, 1277901399, 629, 64.153296
node[0], 2357136044, 16.302192, 1277901399, 629, 96.174464
node[0], 2357136044, 16.325044, 2588848963, 630, 32.021200
node[2], 2774094101, 16.325044, 2588848963, 630, 32.132191
node[3], 1277901399, 16.325044, 2588848963, 630, 64.153296
node[1], 2588848963, 16.345746, 2357136044, 632, 32.021200
node[2], 2774094101, 16.345746, 2357136044, 632, 64.153296
node[3], 1277901399, 16.345746, 2357136044, 632, 96.174464
node[3], 1277901399, 16.357067, 2774094101, 631, 32.021200
node[1], 2588848963, 16.357067, 2774094101, 631, 32.132191
node[0], 2357136044, 16.357067, 2774094101, 631, 64.153296
node[2], 2774094101, 16.401193, 1277901399, 633, 32.021200
node[1], 2588848963, 16.401193, 1277901399, 633, 64.153296
node[0], 2357136044, 16.401193, 1277901399, 633, 96.174464
node[0], 2357136044, 16.425596, 2588848963, 634, 32.021200
node[2], 2774094101, 16.425596, 2588848963, 634, 32.132191
node[3], 1277901399, 16.425596, 2588848963, 634, 64.153296
node[3], 1277901399, 16.439067, 2774094101, 635, 32.021200
node[1], 2588848963, 16.439067, 2774094101, 635, 32.132191
node[0], 2357136044, 16.439067, 2774094101, 635, 64.153296
node[1], 2588848963, 16.449745, 2357136044, 636, 32.021200
node[2], 2774094101, 16.449745, 2357136044, 636, 64.153296
node[3], 1277901399, 16.449745, 2357136044, 636, 96.174464
node[2], 2774094101, 16.501193, 1277901399, 637, 32.021200
node[1], 2588848963, 16.501193, 1277901399, 637, 64.153296
node[0], 2357136044, 16.501193, 1277901399, 637, 96.174464
node[3], 1277901399, 16.539067, 2774094101, 639, 32.021200
node[1], 2588848963, 16.539067, 2774094101, 639, 32.132191
node[0], 2357136044, 16.539067, 2774094101, 639, 64.153296
node[0], 2357136044, 16.540043, 2588848963, 638, 32.021200
node[2], 2774094101, 16.540043, 2588848963, 638, 32.132191
node[3], 1277901399, 16.540043, 2588848963, 638, 64.153296
node[1], 2588848963, 16.546745, 2357136044, 640, 32.021200
node[2], 2774094101, 16.546745, 2357136044, 640, 64.153296
node[3], 1277901399, 16.546745, 2357136044, 640, 96.174464
node[2], 2774094101, 16.601193, 1277901399, 641, 32.021200
node[1], 2588848963, 16.601193, 1277901399, 641, 64.153296
node[0], 2357136044, 16.601193, 1277901399, 641, 96.174464
node[3], 1277901399, 16.639067, 2774094101, 643, 32.021200
node[1], 2588848963, 16.639067, 2774094101, 643, 32.132191
node[0], 2357136044, 16.639067, 2774094101, 643, 64.153296
node[0], 2357136044, 16.642043, 2588848963, 642, 32.021200
node[2], 2774094101, 16.642043, 2588848963, 642, 32.132191
node[3], 1277901399, 16.642043, 2588848963, 642, 64.153296
node[1], 2588848963, 16.645746, 2357136044, 644, 32.021200
node[2], 2774094101, 16.645746, 2357136044, 644, 64.153296
node[3], 1277901399, 16.645746, 2357136044, 644, 96.174464
node[2], 2774094101, 16.701193, 1277901399, 645, 32.021200
node[1], 2588848963, 16.701193, 1277901399, 645, 64.153296
node[0], 2357136044, 16.701193, 1277901399, 645, 96.174464
node[0], 2357136044, 16.725044, 2588848963, 646, 32.021200
node[2], 2774094101, 16.725044, 2588848963, 646, 32.132191
node[3], 1277901399, 16.725044, 2588848963, 646, 64.153296
node[1], 2588848963, 16.745746, 2357136044, 648, 32.021200
node[2], 2774094101, 16.745746, 2357136044, 648, 64.153296
node[3], 1277901399, 16.745746, 2357136044, 648, 96.174464
node[3], 1277901399, 16.748067, 2774094101, 647, 32.021200
node[1], 2588848963, 16.748067, 2774094101, 647, 32.132191
node[0], 2357136044, 16.748067, 2774094101, 647, 64.153296
node[2], 2774094101, 16.801193, 1277901399, 649, 32.021200
node[1], 2588848963, 16.801193, 1277901399, 649, 64.153296
node[0], 2357136044, 16.801193, 1277901399, 649, 96.174464
node[3], 1277901399, 16.839067, 2774094101, 651, 32.021200
node[1], 2588848963, 16.839067, 2774094101, 651, 32.132191
node[0], 2357136044, 16.839067, 2774094101, 651, 64.153296
node[1], 2588848963, 16.845746, 2357136044, 652, 32.021200
node[2], 2774094101, 16.845746, 2357136044, 652, 64.153296
node[3], 1277901399, 16.845746, 2357136044, 652, 96.174464
node[0], 2357136044, 16.846401, 2588848963, 650, 32.021200
node[2], 2774094101, 16.846401, 2588848963, 650, 32.132191
node[3], 1277901399, 16.846401, 2588848963, 650, 64.153296
node[0], 2357136044, 16.925044, 2588848963, 654, 32.021200
node[2], 2774094101, 16.925044, 2588848963, 654, 32.132191
node[3], 1277901399, 16.925044, 2588848963, 654, 64.153296
node[2], 2774094101, 16.925803, 1277901399, 653, 32.021200
node[1], 2588848963, 16.925803, 1277901399, 653, 64.153296
node[0], 2357136044, 16.925803, 1277901399, 653, 96.174464
node[3], 1277901399, 16.939067, 2774094101, 655, 32.021200
node[1], 2588848963, 16.939067, 2774094101, 655, 32.132191
node[0], 2357136044, 16.939067, 2774094101, 655, 64.153296
node[1], 2588848963, 16.945746, 2357136044, 656, 32.021200
node[2], 2774094101, 16.945746, 2357136044, 656, 64.153296
node[3], 1277901399, 16.945746, 2357136044, 656, 96.174464
node[2], 2774094101, 17.014192, 1277901399, 657, 32.021200
node[1], 2588848963, 17.014192, 1277901399, 657, 64.153296
node[0], 2357136044, 17.014192, 1277901399, 657, 96.174464
node[0], 2357136044, 17.033043, 2588848963, 658, 32.021200
node[2], 2774094101, 17.033043, 2588848963, 658, 32.132191
node[3], 1277901399, 17.033043, 2588848963, 658, 64.153296
node[3], 1277901399, 17.039067, 2774094101, 659, 32.021200
node[1], 2588848963, 17.039067, 2774094101, 659, 32.132191
node[0], 2357136044, 17.039067, 2774094101, 659, 64.153296
node[1], 2588848963, 17.058789, 2357136044, 660, 32.021200
node[2], 2774094101, 17.058789, 2357136044, 660, 64.153296
node[3], 1277901399, 17.058789, 2357136044, 660, 96.174464
node[2], 2774094101, 17.119192, 1277901399, 661, 32.021200
node[1], 2588848963, 17.119192, 1277901399, 661, 64.153296
node[0], 2357136044, 17.119192, 1277901399, 661, 96.174464
node[0], 2357136044, 17.125044, 2588848963, 662, 32.021200
node[2], 2774094101, 17.125044, 2588848963, 662, 32.132191
node[3], 1277901399, 17.125044, 2588848963, 662, 64.153296
node[1], 2588848963, 17.145746, 2357136044, 664, 32.021200
node[2], 2774094101, 17.145746, 2357136044, 664, 64.153296
node[3], 1277901399, 17.145746, 2357136044, 664, 96.174464
node[3], 1277901399, 17.150067, 2774094101, 663, 32.021200
node[1], 2588848963, 17.150067, 2774094101, 663, 32.132191
node[0], 2357136044, 17.150067, 2774094101, 663, 64.153296
node[2], 2774094101, 17.201193, 1277901399, 665, 32.021200
node[1], 2588848963, 17.201193, 1277901399, 665, 64.153296
node[0], 2357136044, 17.201193, 1277901399, 665, 96.174464
node[0], 2357136044, 17.231043, 2588848963, 666, 32.021200
node[2], 2774094101, 17.231043, 2588848963, 666, 32.132191
node[3], 1277901399, 17.231043, 2588848963, 666, 64.153296
node[3], 1277901399, 17.239067, 2774094101, 667, 32.021200
node[1], 2588848963, 17.239067, 2774094101, 667, 32.132191
node[0], 2357136044, 17.239067, 2774094101, 667, 64.153296
node[1], 2588848963, 17.245746, 2357136044, 668, 32.021200
node[2], 2774094101, 17.245746, 2357136044, 668, 64.153296
node[3], 1277901399, 17.245746, 2357136044, 668, 96.174464
node[2], 2774094101, 17.301193, 1277901399, 669, 32.021200
node[1], 2588848963, 17.301193, 1277901399, 669, 64.153296
node[0], 2357136044, 17.301193, 1277901399, 669, 96.174464
node[0], 2357136044, 17.325044, 2588848963, 670, 32.021200
node[2], 2774094101, 17.325044, 2588848963, 670, 32.132191
node[3], 1277901399, 17.325044, 2588848963, 670, 64.153296
node[1], 2588848963, 17.347745, 2357136044, 672, 32.021200
node[2], 2774094101, 17.347745, 2357136044, 672, 64.153296
node[3], 1277901399, 17.347745, 2357136044, 672, 96.174464
node[3], 1277901399, 17.359067, 2774094101, 671, 32.021200
node[1], 2588848963, 17.359067, 2774094101, 671, 32.132191
node[0], 2357136044, 17.359067, 2774094101, 671, 64.153296
node[2], 2774094101, 17.401193, 1277901399, 673, 32.021200
node[1], 2588848963, 17.401193, 1277901399, 673, 64.153296
node[0], 2357136044, 17.401193, 1277901399, 673, 96.174464
node[0], 2357136044, 17.425044, 2588848963, 674, 32.021200
node[2], 2774094101, 17.425044, 2588848963, 674, 32.132191
node[3], 1277901399, 17.425044, 2588848963, 674, 64.153296
node[3], 1277901399, 17.439067, 2774094101, 675, 32.021200
node[1], 2588848963, 17.439067, 2774094101, 675, 32.132191
node[0], 2357136044, 17.439067, 2774094101, 675, 64.153296
node[1], 2588848963, 17.445746, 2357136044, 676, 32.021200
node[2], 2774094101, 17.445746, 2357136044, 676, 64.153296
node[3], 1277901399, 17.445746, 2357136044, 676, 96.174464
node[2], 2774094101, 17.508192, 1277901399, 677, 32.021200
node[1], 2588848963, 17.508192, 1277901399, 677, 64.153296
node[0], 2357136044, 17.508192, 1277901399, 677, 96.174464
node[0], 2357136044, 17.525044, 2588848963, 678, 32.021200
node[2], 2774094101, 17.525044, 2588848963, 678, 32.132191
node[3], 1277901399, 17.525044, 2588848963, 678, 64.153296
node[3], 1277901399, 17.539067, 2774094101, 679, 32.021200
node[1], 2588848963, 17.539067, 2774094101, 679, 32.132191
node[0], 2357136044, 17.539067, 2774094101, 679, 64.153296
node[1], 2588848963, 17.545746, 2357136044, 680, 32.021200
node[2], 2774094101, 17.545746, 2357136044, 680, 64.153296
node[3], 1277901399, 17.545746, 2357136044, 680, 96.174464
node[2], 2774094101, 17.601193, 1277901399, 681, 32.021200
node[1], 2588848963, 17.601193, 1277901399, 681, 64.153296
node[0], 2357136044, 17.601193, 1277901399, 681, 96.174464
node[0], 2357136044, 17.625044, 2588848963, 682, 32.021200
node[2], 2774094101, 17.625044, 2588848963, 682, 32.132191
node[3], 1277901399, 17.625044, 2588848963, 682, 64.153296
node[3], 1277901399, 17.639067, 2774094101, 683, 32.021200
node[1], 2588848963, 17.639067, 2774094101, 683, 32.132191
node[0], 2357136044, 17.639067, 2774094101, 683, 64.153296
node[1], 2588848963, 17.645746, 2357136044, 684, 32.021200
node[2], 2774094101, 17.645746, 2357136044, 684, 64.153296
node[3], 1277901399, 17.645746, 2357136044, 684, 96.174464
node[2], 2774094101, 17.701193, 1277901399, 685, 32.021200
node[1], 2588848963, 17.701193, 1277901399, 685, 64.153296
node[0], 2357136044, 17.701193, 1277901399, 685, 96.174464
node[0], 2357136044, 17.725044, 2588848963, 686, 32.021200
node[2], 2774094101, 17.725044, 2588848963, 686, 32.132191
node[3], 1277901399, 17.725044, 2588848963, 686, 64.153296
node[3], 1277901399, 17.739067, 2774094101, 687, 32.021200
node[1], 2588848963, 17.739067, 2774094101, 687, 32.132191
node[0], 2357136044, 17.739067, 2774094101, 687, 64.153296
node[1], 2588848963, 17.745746, 2357136044, 688, 32.021200
node[2], 2774094101, 17.745746, 2357136044, 688, 64.153296
node[3], 1277901399, 17.745746, 2357136044, 688, 96.174464
node[2], 2774094101, 17.806192, 1277901399, 689, 32.021200
node[1], 2588848963, 17.806192, 1277901399, 689, 64.153296
node[0], 2357136044, 17.806192, 1277901399, 689, 96.174464
node[3], 1277901399, 17.839067, 2774094101, 691, 32.021200
node[1], 2588848963, 17.839067, 2774094101, 691, 32.132191
node[0], 2357136044, 17.839067, 2774094101, 691, 64.153296
node[0], 2357136044, 17.841043, 2588848963, 690, 32.021200
node[2], 2774094101, 17.841043, 2588848963, 690, 32.132191
node[3], 1277901399, 17.841043, 2588848963, 690, 64.153296
node[1], 2588848963, 17.853745, 2357136044, 692, 32.021200
node[2], 2774094101, 17.853745, 2357136044, 692, 64.153296
node[3], 1277901399, 17.853745, 2357136044, 692, 96.174464
node[2], 2774094101, 17.920192, 1277901399, 693, 32.021200
node[1], 2588848963, 17.920192, 1277901399, 693, 64.153296
node[0], 2357136044, 17.920192, 1277901399, 693, 96.174464
node[0], 2357136044, 17.925044, 2588848963, 694, 32.021200
node[2], 2774094101, 17.925044, 2588848963, 694, 32.132191
node[3], 1277901399, 17.925044, 2588848963, 694, 64.153296
node[1], 2588848963, 17.945746, 2357136044, 696, 32.021200
node[2], 2774094101, 17.945746, 2357136044, 696, 64.153296
node[3], 1277901399, 17.945746, 2357136044, 696, 96.174464
node[3], 1277901399, 17.953067, 2774094101, 695, 32.021200
node[1], 2588848963, 17.953067, 2774094101, 695, 32.132191
node[0], 2357136044, 17.953067, 2774094101, 695, 64.153296
node[2], 2774094101, 18.005192, 1277901399, 697, 32.021200
node[1], 2588848963, 18.005192, 1277901399, 697, 64.153296
node[0], 2357136044, 18.005192, 1277901399, 697, 96.174464
node[3], 1277901399, 18.039067, 2774094101, 699, 32.021200
node[1], 2588848963, 18.039067, 2774094101, 699, 32.132191
node[0], 2357136044, 18.039067, 2774094101, 699, 64.153296
node[0], 2357136044, 18.043043, 2588848963, 698, 32.021200
node[2], 2774094101, 18.043043, 2588848963, 698, 32.132191
node[3], 1277901399, 18.043043, 2588848963, 698, 64.153296
node[1], 2588848963, 18.045746, 2357136044, 700, 32.021200
node[2], 2774094101, 18.045746, 2357136044, 700, 64.153296
node[3], 1277901399, 18.045746, 2357136044, 700, 96.174464
node[2], 2774094101, 18.120192, 1277901399, 701, 32.021200
node[1], 2588848963, 18.120192, 1277901399, 701, 64.153296
node[0], 2357136044, 18.120192, 1277901399, 701, 96.174464
node[3], 1277901399, 18.139067, 2774094101, 703, 32.021200
node[1], 2588848963, 18.139067, 2774094101, 703, 32.132191
node[0], 2357136044, 18.139067, 2774094101, 703, 64.153296
node[1], 2588848963, 18.145746, 2357136044, 704, 32.021200
node[2], 2774094101, 18.145746, 2357136044, 704, 64.153296
node[3], 1277901399, 18.145746, 2357136044, 704, 96.174464
node[0], 2357136044, 18.146414, 2588848963, 702, 32.021200
node[2], 2774094101, 18.146414, 2588848963, 702, 32.132191
node[3], 1277901399, 18.146414, 2588848963, 702, 64.153296
node[2], 2774094101, 18.201193, 1277901399, 705, 32.021200
node[1], 2588848963, 18.201193, 1277901399, 705, 64.153296
node[0], 2357136044, 18.201193, 1277901399, 705, 96.174464
node[0], 2357136044, 18.225044, 2588848963, 706, 32.021200
node[2], 2774094101, 18.225044, 2588848963, 706, 32.132191
node[3], 1277901399, 18.225044, 2588848963, 706, 64.153296
node[3], 1277901399, 18.239067, 2774094101, 707, 32.021200
node[1], 2588848963, 18.239067, 2774094101, 707, 32.132191
node[0], 2357136044, 18.239067, 2774094101, 707, 64.153296
node[1], 2588848963, 18.245746, 2357136044, 708, 32.021200
node[2], 2774094101, 18.245746, 2357136044, 708, 64.153296
node[3], 1277901399, 18.245746, 2357136044, 708, 96.174464
node[2], 2774094101, 18.301193, 1277901399, 709, 32.021200
node[1], 2588848963, 18.301193, 1277901399, 709, 64.153296
node[0], 2357136044, 18.301193, 1277901399, 709, 96.174464
node[0], 2357136044, 18.325044, 2588848963, 710, 32.021200
node[2], 2774094101, 18.325044, 2588848963, 710, 32.132191
node[3], 1277901399, 18.325044, 2588848963, 710, 64.153296
node[3], 1277901399, 18.339067, 2774094101, 711, 32.021200
node[1], 2588848963, 18.339067, 2774094101, 711, 32.132191
node[0], 2357136044, 18.339067, 2774094101, 711, 64.153296
node[1], 2588848963, 18.345746, 2357136044, 712, 32.021200
node[2], 2774094101, 18.345746, 2357136044, 712, 64.153296
node[3], 1277901399, 18.345746, 2357136044, 712, 96.174464
node[2], 2774094101, 18.401193, 1277901399, 713, 32.021200
node[1], 2588848963, 18.401193, 1277901399, 713, 64.153296
node[0], 2357136044, 18.401193, 1277901399, 713, 96.174464
node[0], 2357136044, 18.425044, 2588848963, 714, 32.021200
node[2], 2774094101, 18.425044, 2588848963, 714, 32.132191
node[3], 1277901399, 18.425044, 2588848963, 714, 64.153296
node[3], 1277901399, 18.439067, 2774094101, 715, 32.021200
node[1], 2588848963, 18.439067, 2774094101, 715, 32.132191
node[0], 2357136044, 18.439067, 2774094101, 715, 64.153296
node[1], 2588848963, 18.445746, 2357136044, 716, 32.021200
node[2], 2774094101, 18.445746, 2357136044, 716, 64.153296
node[3], 1277901399, 18.445746, 2357136044, 716, 96.174464
node[2], 2774094101, 18.503192, 1277901399, 717, 32.021200
node[1], 2588848963, 18.503192, 1277901399, 717, 64.153296
node[0], 2357136044, 18.503192, 1277901399, 717, 96.174464
node[0], 2357136044, 18.525044, 2588848963, 718, 32.021200
node[2], 2774094101, 18.525044, 2588848963, 718, 32.132191
node[3], 1277901399, 18.525044, 2588848963, 718, 64.153296
node[3], 1277901399, 18.539067, 2774094101, 719, 32.021200
node[1], 2588848963, 18.539067, 2774094101, 719, 32.132191
node[0], 2357136044, 18.539067, 2774094101, 719, 64.153296
node[1], 2588848963, 18.545746, 2357136044, 720, 32.021200
node[2], 2774094101, 18.545746, 2357136044, 720, 64.153296
node[3], 1277901399, 18.545746, 2357136044, 720, 96.174464
node[2], 2774094101, 18.601193, 1277901399, 721, 32.021200
node[1], 2588848963, 18.601193, 1277901399, 721, 64.153296
node[0], 2357136044, 18.601193, 1277901399, 721, 96.174464
node[0], 2357136044, 18.636043, 2588848963, 722, 32.021200
node[2], 2774094101, 18.636043, 2588848963, 722, 32.132191
node[3], 1277901399, 18.636043, 2588848963, 722, 64.153296
node[3], 1277901399, 18.656067, 2774094101, 723, 32.021200
node[1], 2588848963, 18.656067, 2774094101, 723, 32.132191
node[0], 2357136044, 18.656067, 2774094101, 723, 64.153296
node[1], 2588848963, 18.658745, 2357136044, 724, 32.021200
node[2], 2774094101, 18.658745, 2357136044, 724, 64.153296
node[3], 1277901399, 18.658745, 2357136044, 724, 96.174464
node[2], 2774094101, 18.701193, 1277901399, 725, 32.021200
node[1], 2588848963, 18.701193, 1277901399, 725, 64.153296
node[0], 2357136044, 18.701193, 1277901399, 725, 96.174464
node[0], 2357136044, 18.725044, 2588848963, 726, 32.021200
node[2], 2774094101, 18.725044, 2588848963, 726, 32.132191
node[3], 1277901399, 18.725044, 2588848963, 726, 64.153296
node[3], 1277901399, 18.739067, 2774094101, 727, 32.021200
node[1], 2588848963, 18.739067, 2774094101, 727, 32.132191
node[0], 2357136044, 18.739067, 2774094101, 727, 64.153296
node[1], 2588848963, 18.745746, 2357136044, 728, 32.021200
node[2], 2774094101, 18.745746, 2357136044, 728, 64.153296
node[3], 1277901399, 18.745746, 2357136044, 728, 96.174464
node[2], 2774094101, 18.821192, 1277901399, 729, 32.021200
node[1], 2588848963, 18.821192, 1277901399, 729, 64.153296
node[0], 2357136044, 18.821192, 1277901399, 729, 96.174464
node[0], 2357136044, 18.829043, 2588848963, 730, 32.021200
node[2], 2774094101, 18.829043, 2588848963, 730, 32.132191
node[3], 1277901399, 18.829043, 2588848963, 730, 64.153296
node[1], 2588848963, 18.857745, 2357136044, 732, 32.021200
node[2], 2774094101, 18.857745, 2357136044, 732, 64.153296
node[3], 1277901399, 18.857745, 2357136044, 732, 96.174464
node[3], 1277901399, 18.858426, 2774094101, 731, 32.021200
node[1], 2588848963, 18.858426, 2774094101, 731, 32.132191
node[0], 2357136044, 18.858426, 2774094101, 731, 64.153296
node[2], 2774094101, 18.901193, 1277901399, 733, 32.021200
node[1], 2588848963, 18.901193, 1277901399, 733, 64.153296
node[0], 2357136044, 18.901193, 1277901399, 733, 96.174464
node[0], 2357136044, 18.925044, 2588848963, 734, 32.021200
node[2], 2774094101, 18.925044, 2588848963, 734, 32.132191
node[3], 1277901399, 18.925044, 2588848963, 734, 64.153296
node[1], 2588848963, 18.945746, 2357136044, 736, 32.021200
node[2], 2774094101, 18.945746, 2357136044, 736, 64.153296
node[3], 1277901399, 18.945746, 2357136044, 736, 96.174464
node[3], 1277901399, 18.958067, 2774094101, 735, 32.021200
node[1], 2588848963, 18.958067, 2774094101, 735, 32.132191
node[0], 2357136044, 18.958067, 2774094101, 735, 64.153296
node[2], 2774094101, 19.018192, 1277901399, 737, 32.021200
node[1], 2588848963, 19.018192, 1277901399, 737, 64.153296
node[0], 2357136044, 19.018192, 1277901399, 737, 96.174464
node[0], 2357136044, 19.025044, 2588848963, 738, 32.021200
node[2], 2774094101, 19.025044, 2588848963, 738, 32.132191
node[3], 1277901399, 19.025044, 2588848963, 738, 64.153296
node[1], 2588848963, 19.045746, 2357136044, 740, 32.021200
node[2], 2774094101, 19.045746, 2357136044, 740, 64.153296
node[3], 1277901399, 19.045746, 2357136044, 740, 96.174464
node[3], 1277901399, 19.051067, 2774094101, 739, 32.021200
node[1], 2588848963, 19.051067, 2774094101, 739, 32.132191
node[0], 2357136044, 19.051067, 2774094101, 739, 64.153296
node[2], 2774094101, 19.101193, 1277901399, 741, 32.021200
node[1], 2588848963, 19.101193, 1277901399, 741, 64.153296
node[0], 2357136044, 19.101193, 1277901399, 741, 96.174464
node[0], 2357136044, 19.125044, 2588848963, 742, 32.021200
node[2], 2774094101, 19.125044, 2588848963, 742, 32.132191
node[3], 1277901399, 19.125044, 2588848963, 742, 64.153296
node[1], 2588848963, 19.145746, 2357136044, 744, 32.021200
node[2], 2774094101, 19.145746, 2357136044, 744, 64.153296
node[3], 1277901399, 19.145746, 2357136044, 744, 96.174464
node[3], 1277901399, 19.151067, 2774094101, 743, 32.021200
node[1], 2588848963, 19.151067, 2774094101, 743, 32.132191
node[0], 2357136044, 19.151067, 2774094101, 743, 64.153296
node[2], 2774094101, 19.201816, 1277901399, 745, 32.021200
node[1], 2588848963, 19.201816, 1277901399, 745, 64.153296
node[0], 2357136044, 19.201816, 1277901399, 745, 96.174464
node[0], 2357136044, 19.226043, 2588848963, 746, 32.021200
node[2], 2774094101, 19.226043, 2588848963, 746, 32.132191
node[3], 1277901399, 19.226043, 2588848963, 746, 64.153296
node[1], 2588848963, 19.245746, 2357136044, 748, 32.021200
node[2], 2774094101, 19.245746, 2357136044, 748, 64.153296
node[3], 1277901399, 19.245746, 2357136044, 748, 96.174464
node[3], 1277901399, 19.251067, 2774094101, 747, 32.021200
node[1], 2588848963, 19.251067, 2774094101, 747, 32.132191
node[0], 2357136044, 19.251067, 2774094101, 747, 64.153296
node[2], 2774094101, 19.309192, 1277901399, 749, 32.021200
node[1], 2588848963, 19.309192, 1277901399, 749, 64.153296
node[0], 2357136044, 19.309192, 1277901399, 749, 96.174464
node[3], 1277901399, 19.339067, 2774094101, 751, 32.021200
node[1], 2588848963, 19.339067, 2774094101, 751, 32.132191
node[0], 2357136044, 19.339067, 2774094101, 751, 64.153296
node[0], 2357136044, 19.341043, 2588848963, 750, 32.021200
node[2], 2774094101, 19.341043, 2588848963, 750, 32.132191
node[3], 1277901399, 19.341043, 2588848963, 750, 64.153296
node[1], 2588848963, 19.345746, 2357136044, 752, 32.021200
node[2], 2774094101, 19.345746, 2357136044, 752, 64.153296
node[3], 1277901399, 19.345746, 2357136044, 752, 96.174464
node[2], 2774094101, 19.401193, 1277901399, 753, 32.021200
node[1], 2588848963, 19.401193, 1277901399, 753, 64.153296
node[0], 2357136044, 19.401193, 1277901399, 753, 96.174464
node[0], 2357136044, 19.425044, 2588848963, 754, 32.021200
node[2], 2774094101, 19.425044, 2588848963, 754, 32.132191
node[3], 1277901399, 19.425044, 2588848963, 754, 64.153296
node[3], 1277901399, 19.439067, 2774094101, 755, 32.021200
node[1], 2588848963, 19.439067, 2774094101, 755, 32.132191
node[0], 2357136044, 19.439067, 2774094101, 755, 64.153296
node[1], 2588848963, 19.445746, 2357136044, 756, 32.021200
node[2], 2774094101, 19.445746, 2357136044, 756, 64.153296
node[3], 1277901399, 19.445746, 2357136044, 756, 96.174464
node[2], 2774094101, 19.501193, 1277901399, 757, 32.021200
node[1], 2588848963, 19.501193, 1277901399, 757, 64.153296
node[0], 2357136044, 19.501193, 1277901399, 757, 96.174464
node[0], 2357136044, 19.525044, 2588848963, 758, 32.021200
node[2], 2774094101, 19.525044, 2588848963, 758, 32.132191
node[3], 1277901399, 19.525044, 2588848963, 758, 64.153296
node[1], 2588848963, 19.545746, 2357136044, 760, 32.021200
node[2], 2774094101, 19.545746, 2357136044, 760, 64.153296
node[3], 1277901399, 19.545746, 2357136044, 760, 96.174464
node[3], 1277901399, 19.563067, 2774094101, 759, 32.021200
node[1], 2588848963, 19.563067, 2774094101, 759, 32.132191
node[0], 2357136044, 19.563067, 2774094101, 759, 64.153296
node[2], 2774094101, 19.601193, 1277901399, 761, 32.021200
node[1], 2588848963, 19.601193, 1277901399, 761, 64.153296
node[0], 2357136044, 19.601193, 1277901399, 761, 96.174464
node[0], 2357136044, 19.625044, 2588848963, 762, 32.021200
node[2], 2774094101, 19.625044, 2588848963, 762, 32.132191
node[3], 1277901399, 19.625044, 2588848963, 762, 64.153296
node[3], 1277901399, 19.639067, 2774094101, 763, 32.021200
node[1], 2588848963, 19.639067, 2774094101, 763, 32.132191
node[0], 2357136044, 19.639067, 2774094101, 763, 64.153296
node[1], 2588848963, 19.645746, 2357136044, 764, 32.021200
node[2], 2774094101, 19.645746, 2357136044, 764, 64.153296
node[3], 1277901399, 19.645746, 2357136044, 764, 96.174464
node[2], 2774094101, 19.701193, 1277901399, 765, 32.021200
node[1], 2588848963, 19.701193, 1277901399, 765, 64.153296
node[0], 2357136044, 19.701193, 1277901399, 765, 96.174464
node[3], 1277901399, 19.739067, 2774094101, 767, 32.021200
node[1], 2588848963, 19.739067, 2774094101, 767, 32.132191
node[0], 2357136044, 19.739067, 2774094101, 767, 64.153296
node[0], 2357136044, 19.741043, 2588848963, 766, 32.021200
node[2], 2774094101, 19.741043, 2588848963, 766, 32.132191
node[3], 1277901399, 19.741043, 2588848963, 766, 64.153296
node[1], 2588848963, 19.745746, 2357136044, 768, 32.021200
node[2], 2774094101, 19.745746, 2357136044, 768, 64.153296
node[3], 1277901399, 19.745746, 2357136044, 768, 96.174464
node[2], 2774094101, 19.801193, 1277901399, 769, 32.021200
node[1], 2588848963, 19.801193, 1277901399, 769, 64.153296
node[0], 2357136044, 19.801193, 1277901399, 769, 96.174464
node[0], 2357136044, 19.825044, 2588848963, 770, 32.021200
node[2], 2774094101, 19.825044, 2588848963, 770, 32.132191
node[3], 1277901399, 19.825044, 2588848963, 770, 64.153296
node[3], 1277901399, 19.839067, 2774094101, 771, 32.021200
node[1], 2588848963, 19.839067, 2774094101, 771, 32.132191
node[0], 2357136044, 19.839067, 2774094101, 771, 64.153296
node[1], 2588848963, 19.864956, 2357136044, 772, 32.021200
node[2], 2774094101, 19.864956, 2357136044, 772, 64.153296
node[3], 1277901399, 19.864957, 2357136044, 772, 96.174464
node[2], 2774094101, 19.901193, 1277901399, 773, 32.021200
node[1], 2588848963, 19.901193, 1277901399, 773, 64.153296
node[0], 2357136044, 19.901193, 1277901399, 773, 96.174464
node[0], 2357136044, 19.925044, 2588848963, 774, 32.021200
node[2], 2774094101, 19.925044, 2588848963, 774, 32.132191
node[3], 1277901399, 19.925044, 2588848963, 774, 64.153296
node[3], 1277901399, 19.939067, 2774094101, 775, 32.021200
node[1], 2588848963, 19.939067, 2774094101, 775, 32.132191
node[0], 2357136044, 19.939067, 2774094101, 775, 64.153296
node[1], 2588848963, 19.945746, 2357136044, 776, 32.021200
node[2], 2774094101, 19.945746, 2357136044, 776, 64.153296
node[3], 1277901399, 19.945746, 2357136044, 776, 96.174464
node[2], 2774094101, 20.004192, 1277901399, 777, 32.021200
node[1], 2588848963, 20.004192, 1277901399, 777, 64.153296
node[0], 2357136044, 20.004192, 1277901399, 777, 96.174464
node[3], 1277901399, 20.039067, 2774094101, 779, 32.021200
node[1], 2588848963, 20.039067, 2774094101, 779, 32.132191
node[0], 2357136044, 20.039067, 2774094101, 779, 64.153296
node[0], 2357136044, 20.040043, 2588848963, 778, 32.021200
node[2], 2774094101, 20.040043, 2588848963, 778, 32.132191
node[3], 1277901399, 20.040043, 2588848963, 778, 64.153296
node[1], 2588848963, 20.045746, 2357136044, 780, 32.021200
node[2], 2774094101, 20.045746, 2357136044, 780, 64.153296
node[3], 1277901399, 20.045746, 2357136044, 780, 96.174464
node[2], 2774094101, 20.101193, 1277901399, 781, 32.021200
node[1], 2588848963, 20.101193, 1277901399, 781, 64.153296
node[0], 2357136044, 20.101193, 1277901399, 781, 96.174464
node[3], 1277901399, 20.139067, 2774094101, 783, 32.021200
node[1], 2588848963, 20.139067, 2774094101, 783, 32.132191
node[0], 2357136044, 20.139067, 2774094101, 783, 64.153296
node[0], 2357136044, 20.143043, 2588848963, 782, 32.021200
node[2], 2774094101, 20.143043, 2588848963, 782, 32.132191
node[3], 1277901399, 20.143043, 2588848963, 782, 64.153296
node[1], 2588848963, 20.145746, 2357136044, 784, 32.021200
node[2], 2774094101, 20.145746, 2357136044, 784, 64.153296
node[3], 1277901399, 20.145746, 2357136044, 784, 96.174464
node[2], 2774094101, 20.201193, 1277901399, 785, 32.021200
node[1], 2588848963, 20.201193, 1277901399, 785, 64.153296
node[0], 2357136044, 20.201193, 1277901399, 785, 96.174464
node[3], 1277901399, 20.239067, 2774094101, 787, 32.021200
node[1], 2588848963, 20.239067, 2774094101, 787, 32.132191
node[0], 2357136044, 20.239067, 2774094101, 787, 64.153296
node[1], 2588848963, 20.245746, 2357136044, 788, 32.021200
node[2], 2774094101, 20.245746, 2357136044, 788, 64.153296
node[3], 1277901399, 20.245746, 2357136044, 788, 96.174464
node[0], 2357136044, 20.247043, 2588848963, 786, 32.021200
node[2], 2774094101, 20.247043, 2588848963, 786, 32.132191
node[3], 1277901399, 20.247043, 2588848963, 786, 64.153296
node[2], 2774094101, 20.325192, 1277901399, 789, 32.021200
node[1], 2588848963, 20.325192, 1277901399, 789, 64.153296
node[0], 2357136044, 20.325192, 1277901399, 789, 96.174464
node[0], 2357136044, 20.333043, 2588848963, 790, 32.021200
node[2], 2774094101, 20.333043, 2588848963, 790, 32.132191
node[3], 1277901399, 20.333043, 2588848963, 790, 64.153296
node[3], 1277901399, 20.339067, 2774094101, 791, 32.021200
node[1], 2588848963, 20.339067, 2774094101, 791, 32.132191
node[0], 2357136044, 20.339067, 2774094101, 791, 64.153296
node[1], 2588848963, 20.345746, 2357136044, 792, 32.021200
node[2], 2774094101, 20.345746, 2357136044, 792, 64.153296
node[3], 1277901399, 20.345746, 2357136044, 792, 96.174464
node[2], 2774094101, 20.406192, 1277901399, 793, 32.021200
node[1], 2588848963, 20.406192, 1277901399, 793, 64.153296
node[0], 2357136044, 20.406192, 1277901399, 793, 96.174464
node[0], 2357136044, 20.438043, 2588848963, 794, 32.021200
node[2], 2774094101, 20.438043, 2588848963, 794, 32.132191
node[3], 1277901399, 20.438043, 2588848963, 794, 64.153296
node[3], 1277901399, 20.440067, 2774094101, 795, 32.021200
node[1], 2588848963, 20.440067, 2774094101, 795, 32.132191
node[0], 2357136044, 20.440067, 2774094101, 795, 64.153296
node[1], 2588848963, 20.445746, 2357136044, 796, 32.021200
node[2], 2774094101, 20.445746, 2357136044, 796, 64.153296
node[3], 1277901399, 20.445746, 2357136044, 796, 96.174464
node[2], 2774094101, 20.501193, 1277901399, 797, 32.021200
node[1], 2588848963, 20.501193, 1277901399, 797, 64.153296
node[0], 2357136044, 20.501193, 1277901399, 797, 96.174464
node[3], 1277901399, 20.539067, 2774094101, 799, 32.021200
node[1], 2588848963, 20.539067, 2774094101, 799, 32.132191
node[0], 2357136044, 20.539067, 2774094101, 799, 64.153296
node[0], 2357136044, 20.541043, 2588848963, 798, 32.021200
node[2], 2774094101, 20.541043, 2588848963, 798, 32.132191
node[3], 1277901399, 20.541043, 2588848963, 798, 64.153296
node[1], 2588848963, 20.545746, 2357136044, 800, 32.021200
node[2], 2774094101, 20.545746, 2357136044, 800, 64.153296
node[3], 1277901399, 20.545746, 2357136044, 800, 96.174464
node[2], 2774094101, 20.601193, 1277901399, 801, 32.021200
node[1], 2588848963, 20.601193, 1277901399, 801, 64.153296
node[0], 2357136044, 20.601193, 1277901399, 801, 96.174464
node[0], 2357136044, 20.625044, 2588848963, 802, 32.021200
node[2], 2774094101, 20.625044, 2588848963, 802, 32.132191
node[3], 1277901399, 20.625044, 2588848963, 802, 64.153296
node[3], 1277901399, 20.639067, 2774094101, 803, 32.021200
node[1], 2588848963, 20.639067, 2774094101, 803, 32.132191
node[0], 2357136044, 20.639067, 2774094101, 803, 64.153296
node[1], 2588848963, 20.645746, 2357136044, 804, 32.021200
node[2], 2774094101, 20.645746, 2357136044, 804, 64.153296
node[3], 1277901399, 20.645746, 2357136044, 804, 96.174464
node[2], 2774094101, 20.701193, 1277901399, 805, 32.021200
node[1], 2588848963, 20.701193, 1277901399, 805, 64.153296
node[0], 2357136044, 20.701193, 1277901399, 805, 96.174464
node[0], 2357136044, 20.731043, 2588848963, 806, 32.021200
node[2], 2774094101, 20.731043, 2588848963, 806, 32.132191
node[3], 1277901399, 20.731043, 2588848963, 806, 64.153296
node[3], 1277901399, 20.739067, 2774094101, 807, 32.021200
node[1], 2588848963, 20.739067, 2774094101, 807, 32.132191
node[0], 2357136044, 20.739067, 2774094101, 807, 64.153296
node[1], 2588848963, 20.745746, 2357136044, 808, 32.021200
node[2], 2774094101, 20.745746, 2357136044, 808, 64.153296
node[3], 1277901399, 20.745746, 2357136044, 808, 96.174464
node[2], 2774094101, 20.823192, 1277901399, 809, 32.021200
node[1], 2588848963, 20.823192, 1277901399, 809, 64.153296
node[0], 2357136044, 20.823192, 1277901399, 809, 96.174464
node[0], 2357136044, 20.825044, 2588848963, 810, 32.021200
node[2], 2774094101, 20.825044, 2588848963, 810, 32.132191
node[3], 1277901399, 20.825044, 2588848963, 810, 64.153296
node[3], 1277901399, 20.839067, 2774094101, 811, 32.021200
node[1], 2588848963, 20.839067, 2774094101, 811, 32.132191
node[0], 2357136044, 20.839067, 2774094101, 811, 64.153296
node[1], 2588848963, 20.845746, 2357136044, 812, 32.021200
node[2], 2774094101, 20.845746, 2357136044, 812, 64.153296
node[3], 1277901399, 20.845746, 2357136044, 812, 96.174464
node[2], 2774094101, 20.901193, 1277901399, 813, 32.021200
node[1], 2588848963, 20.901193, 1277901399, 813, 64.153296
node[0], 2357136044, 20.901193, 1277901399, 813, 96.174464
node[0], 2357136044, 20.925044, 2588848963, 814, 32.021200
node[2], 2774094101, 20.925044, 2588848963, 814, 32.132191
node[3], 1277901399, 20.925044, 2588848963, 814, 64.153296
node[3], 1277901399, 20.963067, 2774094101, 815, 32.021200
node[1], 2588848963, 20.963067, 2774094101, 815, 32.132191
node[0], 2357136044, 20.963067, 2774094101, 815, 64.153296
node[1], 2588848963, 20.964745, 2357136044, 816, 32.021200
node[2], 2774094101, 20.964745, 2357136044, 816, 64.153296
node[3], 1277901399, 20.964745, 2357136044, 816, 96.174464
node[2], 2774094101, 21.009192, 1277901399, 817, 32.021200
node[1], 2588848963, 21.009192, 1277901399, 817, 64.153296
node[0], 2357136044, 21.009192, 1277901399, 817, 96.174464
node[3], 1277901399, 21.039067, 2774094101, 819, 32.021200
node[1], 2588848963, 21.039067, 2774094101, 819, 32.132191
node[0], 2357136044, 21.039067, 2774094101, 819, 64.153296
node[1], 2588848963, 21.045746, 2357136044, 820, 32.021200
node[2], 2774094101, 21.045746, 2357136044, 820, 64.153296
node[3], 1277901399, 21.045746, 2357136044, 820, 96.174464
node[0], 2357136044, 21.048043, 2588848963, 818, 32.021200
node[2], 2774094101, 21.048043, 2588848963, 818, 32.132191
node[3], 1277901399, 21.048043, 2588848963, 818, 64.153296
node[2], 2774094101, 21.111192, 1277901399, 821, 32.021200
node[1], 2588848963, 21.111192, 1277901399, 821, 64.153296
node[0], 2357136044, 21.111192, 1277901399, 821, 96.174464
node[0], 2357136044, 21.125044, 2588848963, 822, 32.021200
node[2], 2774094101, 21.125044, 2588848963, 822, 32.132191
node[3], 1277901399, 21.125044, 2588848963, 822, 64.153296
node[3], 1277901399, 21.139067, 2774094101, 823, 32.021200
node[1], 2588848963, 21.139067, 2774094101, 823, 32.132191
node[0], 2357136044, 21.139067, 2774094101, 823, 64.153296
node[1], 2588848963, 21.145887, 2357136044, 824, 32.021200
node[2], 2774094101, 21.145888, 2357136044, 824, 64.153296
node[3], 1277901399, 21.145888, 2357136044, 824, 96.174464
node[2], 2774094101, 21.201193, 1277901399, 825, 32.021200
node[1], 2588848963, 21.201193, 1277901399, 825, 64.153296
node[0], 2357136044, 21.201193, 1277901399, 825, 96.174464
node[0], 2357136044, 21.225044, 2588848963, 826, 32.021200
node[2], 2774094101, 21.225044, 2588848963, 826, 32.132191
node[3], 1277901399, 21.225044, 2588848963, 826, 64.153296
node[1], 2588848963, 21.245746, 2357136044, 828, 32.021200
node[2], 2774094101, 21.245746, 2357136044, 828, 64.153296
node[3], 1277901399, 21.245746, 2357136044, 828, 96.174464
node[3], 1277901399, 21.258067, 2774094101, 827, 32.021200
node[1], 2588848963, 21.258067, 2774094101, 827, 32.132191
node[0], 2357136044, 21.258067, 2774094101, 827, 64.153296
node[2], 2774094101, 21.301193, 1277901399, 829, 32.021200
node[1], 2588848963, 21.301193, 1277901399, 829, 64.153296
node[0], 2357136044, 21.301193, 1277901399, 829, 96.174464
node[0], 2357136044, 21.339043, 2588848963, 830, 32.021200
node[2], 2774094101, 21.339043, 2588848963, 830, 32.132191
node[3], 1277901399, 21.339043, 2588848963, 830, 64.153296
node[3], 1277901399, 21.339737, 2774094101, 831, 32.021200
node[1], 2588848963, 21.339737, 2774094101, 831, 32.132191
node[0], 2357136044, 21.339737, 2774094101, 831, 64.153296
node[1], 2588848963, 21.366745, 2357136044, 832, 32.021200
node[2], 2774094101, 21.366745, 2357136044, 832, 64.153296
node[3], 1277901399, 21.366745, 2357136044, 832, 96.174464
node[2], 2774094101, 21.401193, 1277901399, 833, 32.021200
node[1], 2588848963, 21.401193, 1277901399, 833, 64.153296
node[0], 2357136044, 21.401193, 1277901399, 833, 96.174464
node[0], 2357136044, 21.425044, 2588848963, 834, 32.021200
node[2], 2774094101, 21.425044, 2588848963, 834, 32.132191
node[3], 1277901399, 21.425044, 2588848963, 834, 64.153296
node[3], 1277901399, 21.447067, 2774094101, 835, 32.021200
node[1], 2588848963, 21.447067, 2774094101, 835, 32.132191
node[0], 2357136044, 21.447067, 2774094101, 835, 64.153296
node[1], 2588848963, 21.464745, 2357136044, 836, 32.021200
node[2], 2774094101, 21.464745, 2357136044, 836, 64.153296
node[3], 1277901399, 21.464745, 2357136044, 836, 96.174464
node[2], 2774094101, 21.501193, 1277901399, 837, 32.021200
node[1], 2588848963, 21.501193, 1277901399, 837, 64.153296
node[0], 2357136044, 21.501193, 1277901399, 837, 96.174464
node[0], 2357136044, 21.535043, 2588848963, 838, 32.021200
node[2], 2774094101, 21.535043, 2588848963, 838, 32.132191
node[3], 1277901399, 21.535043, 2588848963, 838, 64.153296
node[1], 2588848963, 21.545746, 2357136044, 840, 32.021200
node[2], 2774094101, 21.545746, 2357136044, 840, 64.153296
node[3], 1277901399, 21.545746, 2357136044, 840, 96.174464
node[3], 1277901399, 21.552067, 2774094101, 839, 32.021200
node[1], 2588848963, 21.552067, 2774094101, 839, 32.132191
node[0], 2357136044, 21.552067, 2774094101, 839, 64.153296
node[2], 2774094101, 21.601622, 1277901399, 841, 32.021200
node[1], 2588848963, 21.601622, 1277901399, 841, 64.153296
node[0], 2357136044, 21.601622, 1277901399, 841, 96.174464
node[0], 2357136044, 21.625044, 2588848963, 842, 32.021200
node[2], 2774094101, 21.625044, 2588848963, 842, 32.132191
node[3], 1277901399, 21.625044, 2588848963, 842, 64.153296
node[1], 2588848963, 21.645746, 2357136044, 844, 32.021200
node[2], 2774094101, 21.645746, 2357136044, 844, 64.153296
node[3], 1277901399, 21.645746, 2357136044, 844, 96.174464
node[3], 1277901399, 21.654067, 2774094101, 843, 32.021200
node[1], 2588848963, 21.654067, 2774094101, 843, 32.132191
node[0], 2357136044, 21.654067, 2774094101, 843, 64.153296
node[2], 2774094101, 21.701193, 1277901399, 845, 32.021200
node[1], 2588848963, 21.701193, 1277901399, 845, 64.153296
node[0], 2357136044, 21.701193, 1277901399, 845, 96.174464
node[0], 2357136044, 21.725044, 2588848963, 846, 32.021200
node[2], 2774094101, 21.725044, 2588848963, 846, 32.132191
node[3], 1277901399, 21.725044, 2588848963, 846, 64.153296
node[3], 1277901399, 21.739067, 2774094101, 847, 32.021200
node[1], 2588848963, 21.739067, 2774094101, 847, 32.132191
node[0], 2357136044, 21.739067, 2774094101, 847, 64.153296
node[1], 2588848963, 21.748745, 2357136044, 848, 32.021200
node[2], 2774094101, 21.748745, 2357136044, 848, 64.153296
node[3], 1277901399, 21.748745, 2357136044, 848, 96.174464
node[2], 2774094101, 21.801193, 1277901399, 849, 32.021200
node[1], 2588848963, 21.801193, 1277901399, 849, 64.153296
node[0], 2357136044, 21.801193, 1277901399, 849, 96.174464
node[0], 2357136044, 21.830043, 2588848963, 850, 32.021200
node[2], 2774094101, 21.830043, 2588848963, 850, 32.132191
node[3], 1277901399, 21.830043, 2588848963, 850, 64.153296
node[3], 1277901399, 21.839067, 2774094101, 851, 32.021200
node[1], 2588848963, 21.839067, 2774094101, 851, 32.132191
node[0], 2357136044, 21.839067, 2774094101, 851, 64.153296
node[1], 2588848963, 21.845746, 2357136044, 852, 32.021200
node[2], 2774094101, 21.845746, 2357136044, 852, 64.153296
node[3], 1277901399, 21.845746, 2357136044, 852, 96.174464
node[2], 2774094101, 21.901193, 1277901399, 853, 32.021200
node[1], 2588848963, 21.901193, 1277901399, 853, 64.153296
node[0], 2357136044, 21.901193, 1277901399, 853, 96.174464
node[0], 2357136044, 21.925044, 2588848963, 854, 32.021200
node[2], 2774094101, 21.925044, 2588848963, 854, 32.132191
node[3], 1277901399, 21.925044, 2588848963, 854, 64.153296
node[3], 1277901399, 21.944067, 2774094101, 855, 32.021200
node[1], 2588848963, 21.944067, 2774094101, 855, 32.132191
node[0], 2357136044, 21.944067, 2774094101, 855, 64.153296
node[1], 2588848963, 21.945746, 2357136044, 856, 32.021200
node[2], 2774094101, 21.945746, 2357136044, 856, 64.153296
node[3], 1277901399, 21.945746, 2357136044, 856, 96.174464
node[2], 2774094101, 22.001193, 1277901399, 857, 32.021200
node[1], 2588848963, 22.001193, 1277901399, 857, 64.153296
node[0], 2357136044, 22.001193, 1277901399, 857, 96.174464
node[0], 2357136044, 22.025044, 2588848963, 858, 32.021200
node[2], 2774094101, 22.025044, 2588848963, 858, 32.132191
node[3], 1277901399, 22.025044, 2588848963, 858, 64.153296
node[1], 2588848963, 22.048745, 2357136044, 860, 32.021200
node[2], 2774094101, 22.048745, 2357136044, 860, 64.153296
node[3], 1277901399, 22.048745, 2357136044, 860, 96.174464
node[3], 1277901399, 22.062067, 2774094101, 859, 32.021200
node[1], 2588848963, 22.062067, 2774094101, 859, 32.132191
node[0], 2357136044, 22.062067, 2774094101, 859, 64.153296
node[2], 2774094101, 22.101193, 1277901399, 861, 32.021200
node[1], 2588848963, 22.101193, 1277901399, 861, 64.153296
node[0], 2357136044, 22.101193, 1277901399, 861, 96.174464
node[0], 2357136044, 22.132043, 2588848963, 862, 32.021200
node[2], 2774094101, 22.132043, 2588848963, 862, 32.132191
node[3], 1277901399, 22.132043, 2588848963, 862, 64.153296
node[3], 1277901399, 22.156067, 2774094101, 863, 32.021200
node[1], 2588848963, 22.156067, 2774094101, 863, 32.132191
node[0], 2357136044, 22.156067, 2774094101, 863, 64.153296
node[1], 2588848963, 22.159745, 2357136044, 864, 32.021200
node[2], 2774094101, 22.159745, 2357136044, 864, 64.153296
node[3], 1277901399, 22.159745, 2357136044, 864, 96.174464
node[2], 2774094101, 22.201193, 1277901399, 865, 32.021200
node[1], 2588848963, 22.201193, 1277901399, 865, 64.153296
node[0], 2357136044, 22.201193, 1277901399, 865, 96.174464
node[0], 2357136044, 22.246043, 2588848963, 866, 32.021200
node[2], 2774094101, 22.246043, 2588848963, 866, 32.132191
node[3], 1277901399, 22.246043, 2588848963, 866, 64.153296
node[1], 2588848963, 22.250745, 2357136044, 868, 32.021200
node[2], 2774094101, 22.250745, 2357136044, 868, 64.153296
node[3], 1277901399, 22.250745, 2357136044, 868, 96.174464
node[3], 1277901399, 22.259067, 2774094101, 867, 32.021200
node[1], 2588848963, 22.259067, 2774094101, 867, 32.132191
node[0], 2357136044, 22.259067, 2774094101, 867, 64.153296
node[2], 2774094101, 22.301193, 1277901399, 869, 32.021200
node[1], 2588848963, 22.301193, 1277901399, 869, 64.153296
node[0], 2357136044, 22.301193, 1277901399, 869, 96.174464
node[0], 2357136044, 22.325044, 2588848963, 870, 32.021200
node[2], 2774094101, 22.325044, 2588848963, 870, 32.132191
node[3], 1277901399, 22.325044, 2588848963, 870, 64.153296
node[3], 1277901399, 22.342067, 2774094101, 871, 32.021200
node[1], 2588848963, 22.342067, 2774094101, 871, 32.132191
node[0], 2357136044, 22.342067, 2774094101, 871, 64.153296
node[1], 2588848963, 22.345746, 2357136044, 872, 32.021200
node[2], 2774094101, 22.345746, 2357136044, 872, 64.153296
node[3], 1277901399, 22.345746, 2357136044, 872, 96.174464
node[2], 2774094101, 22.401193, 1277901399, 873, 32.021200
node[1], 2588848963, 22.401193, 1277901399, 873, 64.153296
node[0], 2357136044, 22.401193, 1277901399, 873, 96.174464
node[3], 1277901399, 22.439067, 2774094101, 875, 32.021200
node[1], 2588848963, 22.439067, 2774094101, 875, 32.132191
node[0], 2357136044, 22.439067, 2774094101, 875, 64.153296
node[0], 2357136044, 22.444043, 2588848963, 874, 32.021200
node[2], 2774094101, 22.444043, 2588848963, 874, 32.132191
node[3], 1277901399, 22.444043, 2588848963, 874, 64.153296
node[1], 2588848963, 22.445746, 2357136044, 876, 32.021200
node[2], 2774094101, 22.445746, 2357136044, 876, 64.153296
node[3], 1277901399, 22.445746, 2357136044, 876, 96.174464
node[2], 2774094101, 22.517192, 1277901399, 877, 32.021200
node[1], 2588848963, 22.517192, 1277901399, 877, 64.153296
node[0], 2357136044, 22.517192, 1277901399, 877, 96.174464
node[0], 2357136044, 22.525044, 2588848963, 878, 32.021200
node[2], 2774094101, 22.525044, 2588848963, 878, 32.132191
node[3], 1277901399, 22.525044, 2588848963, 878, 64.153296
node[3], 1277901399, 22.539067, 2774094101, 879, 32.021200
node[1], 2588848963, 22.539067, 2774094101, 879, 32.132191
node[0], 2357136044, 22.539067, 2774094101, 879, 64.153296
node[1], 2588848963, 22.545746, 2357136044, 880, 32.021200
node[2], 2774094101, 22.545746, 2357136044, 880, 64.153296
node[3], 1277901399, 22.545746, 2357136044, 880, 96.174464
node[2], 2774094101, 22.603192, 1277901399, 881, 32.021200
node[1], 2588848963, 22.603192, 1277901399, 881, 64.153296
node[0], 2357136044, 22.603192, 1277901399, 881, 96.174464
node[0], 2357136044, 22.632043, 2588848963, 882, 32.021200
node[2], 2774094101, 22.632043, 2588848963, 882, 32.132191
node[3], 1277901399, 22.632043, 2588848963, 882, 64.153296
node[3], 1277901399, 22.639067, 2774094101, 883, 32.021200
node[1], 2588848963, 22.639067, 2774094101, 883, 32.132191
node[0], 2357136044, 22.639067, 2774094101, 883, 64.153296
node[1], 2588848963, 22.645746, 2357136044, 884, 32.021200
node[2], 2774094101, 22.645746, 2357136044, 884, 64.153296
node[3], 1277901399, 22.645746, 2357136044, 884, 96.174464
node[2], 2774094101, 22.701193, 1277901399, 885, 32.021200
node[1], 2588848963, 22.701193, 1277901399, 885, 64.153296
node[0], 2357136044, 22.701193, 1277901399, 885, 96.174464
node[0], 2357136044, 22.725044, 2588848963, 886, 32.021200
node[2], 2774094101, 22.725044, 2588848963, 886, 32.132191
node[3], 1277901399, 22.725044, 2588848963, 886, 64.153296
node[3], 1277901399, 22.739067, 2774094101, 887, 32.021200
node[1], 2588848963, 22.739067, 2774094101, 887, 32.132191
node[0], 2357136044, 22.739067, 2774094101, 887, 64.153296
node[1], 2588848963, 22.745746, 2357136044, 888, 32.021200
node[2], 2774094101, 22.745746, 2357136044, 888, 64.153296
node[3], 1277901399, 22.745746, 2357136044, 888, 96.174464
node[2], 2774094101, 22.822192, 1277901399, 889, 32.021200
node[1], 2588848963, 22.822192, 1277901399, 889, 64.153296
node[0], 2357136044, 22.822192, 1277901399, 889, 96.174464
node[0], 2357136044, 22.825044, 2588848963, 890, 32.021200
node[2], 2774094101, 22.825044, 2588848963, 890, 32.132191
node[3], 1277901399, 22.825044, 2588848963, 890, 64.153296
node[3], 1277901399, 22.839067, 2774094101, 891, 32.021200
node[1], 2588848963, 22.839067, 2774094101, 891, 32.132191
node[0], 2357136044, 22.839067, 2774094101, 891, 64.153296
node[1], 2588848963, 22.851745, 2357136044, 892, 32.021200
node[2], 2774094101, 22.851745, 2357136044, 892, 64.153296
node[3], 1277901399, 22.851745, 2357136044, 892, 96.174464
node[2], 2774094101, 22.907192, 1277901399, 893, 32.021200
node[1], 2588848963, 22.907192, 1277901399, 893, 64.153296
node[0], 2357136044, 22.907192, 1277901399, 893, 96.174464
node[0], 2357136044, 22.925044, 2588848963, 894, 32.021200
node[2], 2774094101, 22.925044, 2588848963, 894, 32.132191
node[3], 1277901399, 22.925044, 2588848963, 894, 64.153296
node[1], 2588848963, 22.945746, 2357136044, 896, 32.021200
node[2], 2774094101, 22.945746, 2357136044, 896, 64.153296
node[3], 1277901399, 22.945746, 2357136044, 896, 96.174464
node[3], 1277901399, 22.950067, 2774094101, 895, 32.021200
node[1], 2588848963, 22.950067, 2774094101, 895, 32.132191
node[0], 2357136044, 22.950067, 2774094101, 895, 64.153296
node[2], 2774094101, 23.001193, 1277901399, 897, 32.021200
node[1], 2588848963, 23.001193, 1277901399, 897, 64.153296
node[0], 2357136044, 23.001193, 1277901399, 897, 96.174464
node[0], 2357136044, 23.025044, 2588848963, 898, 32.021200
node[2], 2774094101, 23.025044, 2588848963, 898, 32.132191
node[3], 1277901399, 23.025044, 2588848963, 898, 64.153296
node[3], 1277901399, 23.039067, 2774094101, 899, 32.021200
node[1], 2588848963, 23.039067, 2774094101, 899, 32.132191
node[0], 2357136044, 23.039067, 2774094101, 899, 64.153296
node[1], 2588848963, 23.045746, 2357136044, 900, 32.021200
node[2], 2774094101, 23.045746, 2357136044, 900, 64.153296
node[3], 1277901399, 23.045746, 2357136044, 900, 96.174464
node[2], 2774094101, 23.119800, 1277901399, 901, 32.021200
node[1], 2588848963, 23.119801, 1277901399, 901, 64.153296
node[0], 2357136044, 23.119801, 1277901399, 901, 96.174464
node[0], 2357136044, 23.128043, 2588848963, 902, 32.021200
node[2], 2774094101, 23.128043, 2588848963, 902, 32.132191
node[3], 1277901399, 23.128043, 2588848963, 902, 64.153296
node[3], 1277901399, 23.144067, 2774094101, 903, 32.021200
node[1], 2588848963, 23.144067, 2774094101, 903, 32.132191
node[0], 2357136044, 23.144067, 2774094101, 903, 64.153296
node[1], 2588848963, 23.145746, 2357136044, 904, 32.021200
node[2], 2774094101, 23.145746, 2357136044, 904, 64.153296
node[3], 1277901399, 23.145746, 2357136044, 904, 96.174464
node[0], 2357136044, 23.225044, 2588848963, 906, 32.021200
node[2], 2774094101, 23.225044, 2588848963, 906, 32.132191
node[3], 1277901399, 23.225044, 2588848963, 906, 64.153296
node[2], 2774094101, 23.226192, 1277901399, 905, 32.021200
node[1], 2588848963, 23.226192, 1277901399, 905, 64.153296
node[0], 2357136044, 23.226192, 1277901399, 905, 96.174464
node[3], 1277901399, 23.239067, 2774094101, 907, 32.021200
node[1], 2588848963, 23.239067, 2774094101, 907, 32.132191
node[0], 2357136044, 23.239067, 2774094101, 907, 64.153296
node[1], 2588848963, 23.252745, 2357136044, 908, 32.021200
node[2], 2774094101, 23.252745, 2357136044, 908, 64.153296
node[3], 1277901399, 23.252745, 2357136044, 908, 96.174464
node[2], 2774094101, 23.301193, 1277901399, 909, 32.021200
node[1], 2588848963, 23.301193, 1277901399, 909, 64.153296
node[0], 2357136044, 23.301193, 1277901399, 909, 96.174464
node[0], 2357136044, 23.325044, 2588848963, 910, 32.021200
node[2], 2774094101, 23.325044, 2588848963, 910, 32.132191
node[3], 1277901399, 23.325044, 2588848963, 910, 64.153296
node[3], 1277901399, 23.342067, 2774094101, 911, 32.021200
node[1], 2588848963, 23.342067, 2774094101, 911, 32.132191
node[0], 2357136044, 23.342067, 2774094101, 911, 64.153296
node[1], 2588848963, 23.345746, 2357136044, 912, 32.021200
node[2], 2774094101, 23.345746, 2357136044, 912, 64.153296
node[3], 1277901399, 23.345746, 2357136044, 912, 96.174464
node[2], 2774094101, 23.407192, 1277901399, 913, 32.021200
node[1], 2588848963, 23.407192, 1277901399, 913, 64.153296
node[0], 2357136044, 23.407192, 1277901399, 913, 96.174464
node[0], 2357136044, 23.425044, 2588848963, 914, 32.021200
node[2], 2774094101, 23.425044, 2588848963, 914, 32.132191
node[3], 1277901399, 23.425044, 2588848963, 914, 64.153296
node[3], 1277901399, 23.439067, 2774094101, 915, 32.021200
node[1], 2588848963, 23.439067, 2774094101, 915, 32.132191
node[0], 2357136044, 23.439067, 2774094101, 915, 64.153296
node[1], 2588848963, 23.445746, 2357136044, 916, 32.021200
node[2], 2774094101, 23.445746, 2357136044, 916, 64.153296
node[3], 1277901399, 23.445746, 2357136044, 916, 96.174464
node[2], 2774094101, 23.501193, 1277901399, 917, 32.021200
node[1], 2588848963, 23.501193, 1277901399, 917, 64.153296
node[0], 2357136044, 23.501193, 1277901399, 917, 96.174464
node[0], 2357136044, 23.525044, 2588848963, 918, 32.021200
node[2], 2774094101, 23.525044, 2588848963, 918, 32.132191
node[3], 1277901399, 23.525044, 2588848963, 918, 64.153296
node[3], 1277901399, 23.539067, 2774094101, 919, 32.021200
node[1], 2588848963, 23.539067, 2774094101, 919, 32.132191
node[0], 2357136044, 23.539067, 2774094101, 919, 64.153296
node[1], 2588848963, 23.545746, 2357136044, 920, 32.021200
node[2], 2774094101, 23.545746, 2357136044, 920, 64.153296
node[3], 1277901399, 23.545746, 2357136044, 920, 96.174464
node[2], 2774094101, 23.601193, 1277901399, 921, 32.021200
node[1], 2588848963, 23.601193, 1277901399, 921, 64.153296
node[0], 2357136044, 23.601193, 1277901399, 921, 96.174464
node[0], 2357136044, 23.625044, 2588848963, 922, 32.021200
node[2], 2774094101, 23.625044, 2588848963, 922, 32.132191
node[3], 1277901399, 23.625044, 2588848963, 922, 64.153296
node[3], 1277901399, 23.644067, 2774094101, 923, 32.021200
node[1], 2588848963, 23.644067, 2774094101, 923, 32.132191
node[0], 2357136044, 23.644067, 2774094101, 923, 64.153296
node[1], 2588848963, 23.654745, 2357136044, 924, 32.021200
node[2], 2774094101, 23.654745, 2357136044, 924, 64.153296
node[3], 1277901399, 23.654745, 2357136044, 924, 96.174464
node[2], 2774094101, 23.711192, 1277901399, 925, 32.021200
node[1], 2588848963, 23.711192, 1277901399, 925, 64.153296
node[0], 2357136044, 23.711192, 1277901399, 925, 96.174464
node[0], 2357136044, 23.725044, 2588848963, 926, 32.021200
node[2], 2774094101, 23.725044, 2588848963, 926, 32.132191
node[3], 1277901399, 23.725044, 2588848963, 926, 64.153296
node[1], 2588848963, 23.745926, 2357136044, 928, 32.021200
node[2], 2774094101, 23.745927, 2357136044, 928, 64.153296
node[3], 1277901399, 23.745927, 2357136044, 928, 96.174464
node[3], 1277901399, 23.749067, 2774094101, 927, 32.021200
node[1], 2588848963, 23.749067, 2774094101, 927, 32.132191
node[0], 2357136044, 23.749067, 2774094101, 927, 64.153296
node[2], 2774094101, 23.823192, 1277901399, 929, 32.021200
node[1], 2588848963, 23.823192, 1277901399, 929, 64.153296
node[0], 2357136044, 23.823192, 1277901399, 929, 96.174464
node[0], 2357136044, 23.825044, 2588848963, 930, 32.021200
node[2], 2774094101, 23.825044, 2588848963, 930, 32.132191
node[3], 1277901399, 23.825044, 2588848963, 930, 64.153296
node[3], 1277901399, 23.839067, 2774094101, 931, 32.021200
node[1], 2588848963, 23.839067, 2774094101, 931, 32.132191
node[0], 2357136044, 23.839067, 2774094101, 931, 64.153296
node[1], 2588848963, 23.845746, 2357136044, 932, 32.021200
node[2], 2774094101, 23.845746, 2357136044, 932, 64.153296
node[3], 1277901399, 23.845746, 2357136044, 932, 96.174464
node[2], 2774094101, 23.909192, 1277901399, 933, 32.021200
node[1], 2588848963, 23.909192, 1277901399, 933, 64.153296
node[0], 2357136044, 23.909192, 1277901399, 933, 96.174464
node[0], 2357136044, 23.925044, 2588848963, 934, 32.021200
node[2], 2774094101, 23.925044, 2588848963, 934, 32.132191
node[3], 1277901399, 23.925044, 2588848963, 934, 64.153296
node[3], 1277901399, 23.939067, 2774094101, 935, 32.021200
node[1], 2588848963, 23.939067, 2774094101, 935, 32.132191
node[0], 2357136044, 23.939067, 2774094101, 935, 64.153296
node[1], 2588848963, 23.945746, 2357136044, 936, 32.021200
node[2], 2774094101, 23.945746, 2357136044, 936, 64.153296
node[3], 1277901399, 23.945746, 2357136044, 936, 96.174464
node[2], 2774094101, 24.018192, 1277901399, 937, 32.021200
node[1], 2588848963, 24.018192, 1277901399, 937, 64.153296
node[0], 2357136044, 24.018192, 1277901399, 937, 96.174464
node[0], 2357136044, 24.032043, 2588848963, 938, 32.021200
node[2], 2774094101, 24.032043, 2588848963, 938, 32.132191
node[3], 1277901399, 24.032043, 2588848963, 938, 64.153296
node[3], 1277901399, 24.039067, 2774094101, 939, 32.021200
node[1], 2588848963, 24.039067, 2774094101, 939, 32.132191
node[0], 2357136044, 24.039067, 2774094101, 939, 64.153296
node[1], 2588848963, 24.045746, 2357136044, 940, 32.021200
node[2], 2774094101, 24.045746, 2357136044, 940, 64.153296
node[3], 1277901399, 24.045746, 2357136044, 940, 96.174464
node[2], 2774094101, 24.116192, 1277901399, 941, 32.021200
node[1], 2588848963, 24.116192, 1277901399, 941, 64.153296
node[0], 2357136044, 24.116192, 1277901399, 941, 96.174464
node[0], 2357136044, 24.125044, 2588848963, 942, 32.021200
node[2], 2774094101, 24.125044, 2588848963, 942, 32.132191
node[3], 1277901399, 24.125044, 2588848963, 942, 64.153296
node[3], 1277901399, 24.139067, 2774094101, 943, 32.021200
node[1], 2588848963, 24.139067, 2774094101, 943, 32.132191
node[0], 2357136044, 24.139067, 2774094101, 943, 64.153296
node[1], 2588848963, 24.145746, 2357136044, 944, 32.021200
node[2], 2774094101, 24.145746, 2357136044, 944, 64.153296
node[3], 1277901399, 24.145746, 2357136044, 944, 96.174464
node[2], 2774094101, 24.218192, 1277901399, 945, 32.021200
node[1], 2588848963, 24.218192, 1277901399, 945, 64.153296
node[0], 2357136044, 24.218192, 1277901399, 945, 96.174464
node[3], 1277901399, 24.239067, 2774094101, 947, 32.021200
node[1], 2588848963, 24.239067, 2774094101, 947, 32.132191
node[0], 2357136044, 24.239067, 2774094101, 947, 64.153296
node[0], 2357136044, 24.242043, 2588848963, 946, 32.021200
node[2], 2774094101, 24.242043, 2588848963, 946, 32.132191
node[3], 1277901399, 24.242043, 2588848963, 946, 64.153296
node[1], 2588848963, 24.245746, 2357136044, 948, 32.021200
node[2], 2774094101, 24.245746, 2357136044, 948, 64.153296
node[3], 1277901399, 24.245746, 2357136044, 948, 96.174464
node[2], 2774094101, 24.301193, 1277901399, 949, 32.021200
node[1], 2588848963, 24.301193, 1277901399, 949, 64.153296
node[0], 2357136044, 24.301193, 1277901399, 949, 96.174464
node[0], 2357136044, 24.325044, 2588848963, 950, 32.021200
node[2], 2774094101, 24.325044, 2588848963, 950, 32.132191
node[3], 1277901399, 24.325044, 2588848963, 950, 64.153296
node[1], 2588848963, 24.345746, 2357136044, 952, 32.021200
node[2], 2774094101, 24.345746, 2357136044, 952, 64.153296
node[3], 1277901399, 24.345746, 2357136044, 952, 96.174464
node[3], 1277901399, 24.351067, 2774094101, 951, 32.021200
node[1], 2588848963, 24.351067, 2774094101, 951, 32.132191
node[0], 2357136044, 24.351067, 2774094101, 951, 64.153296
node[2], 2774094101, 24.401193, 1277901399, 953, 32.021200
node[1], 2588848963, 24.401193, 1277901399, 953, 64.153296
node[0], 2357136044, 24.401193, 1277901399, 953, 96.174464
node[0], 2357136044, 24.425044, 2588848963, 954, 32.021200
node[2], 2774094101, 24.425044, 2588848963, 954, 32.132191
node[3], 1277901399, 24.425044, 2588848963, 954, 64.153296
node[3], 1277901399, 24.439557, 2774094101, 955, 32.021200
node[1], 2588848963, 24.439557, 2774094101, 955, 32.132191
node[0], 2357136044, 24.439557, 2774094101, 955, 64.153296
node[1], 2588848963, 24.463745, 2357136044, 956, 32.021200
node[2], 2774094101, 24.463745, 2357136044, 956, 64.153296
node[3], 1277901399, 24.463745, 2357136044, 956, 96.174464
node[2], 2774094101, 24.501193, 1277901399, 957, 32.021200
node[1], 2588848963, 24.501193, 1277901399, 957, 64.153296
node[0], 2357136044, 24.501193, 1277901399, 957, 96.174464
node[0], 2357136044, 24.525044, 2588848963, 958, 32.021200
node[2], 2774094101, 24.525044, 2588848963, 958, 32.132191
node[3], 1277901399, 24.525044, 2588848963, 958, 64.153296
node[1], 2588848963, 24.545746, 2357136044, 960, 32.021200
node[2], 2774094101, 24.545746, 2357136044, 960, 64.153296
node[3], 1277901399, 24.545746, 2357136044, 960, 96.174464
node[3], 1277901399, 24.553067, 2774094101, 959, 32.021200
node[1], 2588848963, 24.553067, 2774094101, 959, 32.132191
node[0], 2357136044, 24.553067, 2774094101, 959, 64.153296
node[2], 2774094101, 24.606192, 1277901399, 961, 32.021200
node[1], 2588848963, 24.606192, 1277901399, 961, 64.153296
node[0], 2357136044, 24.606192, 1277901399, 961, 96.174464
node[0], 2357136044, 24.625044, 2588848963, 962, 32.021200
node[2], 2774094101, 24.625044, 2588848963, 962, 32.132191
node[3], 1277901399, 24.625044, 2588848963, 962, 64.153296
node[3], 1277901399, 24.639067, 2774094101, 963, 32.021200
node[1], 2588848963, 24.639067, 2774094101, 963, 32.132191
node[0], 2357136044, 24.639067, 2774094101, 963, 64.153296
node[1], 2588848963, 24.660745, 2357136044, 964, 32.021200
node[2], 2774094101, 24.660745, 2357136044, 964, 64.153296
node[3], 1277901399, 24.660745, 2357136044, 964, 96.174464
node[2], 2774094101, 24.701193, 1277901399, 965, 32.021200
node[1], 2588848963, 24.701193, 1277901399, 965, 64.153296
node[0], 2357136044, 24.701193, 1277901399, 965, 96.174464
node[0], 2357136044, 24.725044, 2588848963, 966, 32.021200
node[2], 2774094101, 24.725044, 2588848963, 966, 32.132191
node[3], 1277901399, 24.725044, 2588848963, 966, 64.153296
node[1], 2588848963, 24.745746, 2357136044, 968, 32.021200
node[2], 2774094101, 24.745746, 2357136044, 968, 64.153296
node[3], 1277901399, 24.745746, 2357136044, 968, 96.174464
node[3], 1277901399, 24.746505, 2774094101, 967, 32.021200
node[1], 2588848963, 24.746505, 2774094101, 967, 32.132191
node[0], 2357136044, 24.746505, 2774094101, 967, 64.153296
node[2], 2774094101, 24.801193, 1277901399, 969, 32.021200
node[1], 2588848963, 24.801193, 1277901399, 969, 64.153296
node[0], 2357136044, 24.801193, 1277901399, 969, 96.174464
node[0], 2357136044, 24.825044, 2588848963, 970, 32.021200
node[2], 2774094101, 24.825044, 2588848963, 970, 32.132191
node[3], 1277901399, 24.825044, 2588848963, 970, 64.153296
node[1], 2588848963, 24.845746, 2357136044, 972, 32.021200
node[2], 2774094101, 24.845746, 2357136044, 972, 64.153296
node[3], 1277901399, 24.845746, 2357136044, 972, 96.174464
node[3], 1277901399, 24.862067, 2774094101, 971, 32.021200
node[1], 2588848963, 24.862067, 2774094101, 971, 32.132191
node[0], 2357136044, 24.862067, 2774094101, 971, 64.153296
node[2], 2774094101, 24.901193, 1277901399, 973, 32.021200
node[1], 2588848963, 24.901193, 1277901399, 973, 64.153296
node[0], 2357136044, 24.901193, 1277901399, 973, 96.174464
node[0], 2357136044, 24.937043, 2588848963, 974, 32.021200
node[2], 2774094101, 24.937043, 2588848963, 974, 32.132191
node[3], 1277901399, 24.937043, 2588848963, 974, 64.153296
node[3], 1277901399, 24.939067, 2774094101, 975, 32.021200
node[1], 2588848963, 24.939067, 2774094101, 975, 32.132191
node[0], 2357136044, 24.939067, 2774094101, 975, 64.153296
node[1], 2588848963, 24.948991, 2357136044, 976, 32.021200
node[2], 2774094101, 24.948992, 2357136044, 976, 64.153296
node[3], 1277901399, 24.948992, 2357136044, 976, 96.174464
node[2], 2774094101, 25.005192, 1277901399, 977, 32.021200
node[1], 2588848963, 25.005192, 1277901399, 977, 64.153296
node[0], 2357136044, 25.005192, 1277901399, 977, 96.174464
node[0], 2357136044, 25.027043, 2588848963, 978, 32.021200
node[2], 2774094101, 25.027043, 2588848963, 978, 32.132191
node[3], 1277901399, 25.027043, 2588848963, 978, 64.153296
node[1], 2588848963, 25.045746, 2357136044, 980, 32.021200
node[2], 2774094101, 25.045746, 2357136044, 980, 64.153296
node[3], 1277901399, 25.045746, 2357136044, 980, 96.174464
node[3], 1277901399, 25.053067, 2774094101, 979, 32.021200
node[1], 2588848963, 25.053067, 2774094101, 979, 32.132191
node[0], 2357136044, 25.053067, 2774094101, 979, 64.153296
node[2], 2774094101, 25.101193, 1277901399, 981, 32.021200
node[1], 2588848963, 25.101193, 1277901399, 981, 64.153296
node[0], 2357136044, 25.101193, 1277901399, 981, 96.174464
node[0], 2357136044, 25.125044, 2588848963, 982, 32.021200
node[2], 2774094101, 25.125044, 2588848963, 982, 32.132191
node[3], 1277901399, 25.125044, 2588848963, 982, 64.153296
node[3], 1277901399, 25.139067, 2774094101, 983, 32.021200
node[1], 2588848963, 25.139067, 2774094101, 983, 32.132191
node[0], 2357136044, 25.139067, 2774094101, 983, 64.153296
node[1], 2588848963, 25.145746, 2357136044, 984, 32.021200
node[2], 2774094101, 25.145746, 2357136044, 984, 64.153296
node[3], 1277901399, 25.145746, 2357136044, 984, 96.174464
node[2], 2774094101, 25.201193, 1277901399, 985, 32.021200
node[1], 2588848963, 25.201193, 1277901399, 985, 64.153296
node[0], 2357136044, 25.201193, 1277901399, 985, 96.174464
node[0], 2357136044, 25.225044, 2588848963, 986, 32.021200
node[2], 2774094101, 25.225044, 2588848963, 986, 32.132191
node[3], 1277901399, 25.225044, 2588848963, 986, 64.153296
node[3], 1277901399, 25.239067, 2774094101, 987, 32.021200
node[1], 2588848963, 25.239067, 2774094101, 987, 32.132191
node[0], 2357136044, 25.239067, 2774094101, 987, 64.153296
node[1], 2588848963, 25.245746, 2357136044, 988, 32.021200
node[2], 2774094101, 25.245746, 2357136044, 988, 64.153296
node[3], 1277901399, 25.245746, 2357136044, 988, 96.174464
node[2], 2774094101, 25.310192, 1277901399, 989, 32.021200
node[1], 2588848963, 25.310192, 1277901399, 989, 64.153296
node[0], 2357136044, 25.310192, 1277901399, 989, 96.174464
node[0], 2357136044, 25.325044, 2588848963, 990, 32.021200
node[2], 2774094101, 25.325044, 2588848963, 990, 32.132191
node[3], 1277901399, 25.325044, 2588848963, 990, 64.153296
node[3], 1277901399, 25.339067, 2774094101, 991, 32.021200
node[1], 2588848963, 25.339067, 2774094101, 991, 32.132191
node[0], 2357136044, 25.339067, 2774094101, 991, 64.153296
node[1], 2588848963, 25.345746, 2357136044, 992, 32.021200
node[2], 2774094101, 25.345746, 2357136044, 992, 64.153296
node[3], 1277901399, 25.345746, 2357136044, 992, 96.174464
node[2], 2774094101, 25.424192, 1277901399, 993, 32.021200
node[1], 2588848963, 25.424192, 1277901399, 993, 64.153296
node[0], 2357136044, 25.424192, 1277901399, 993, 96.174464
node[0], 2357136044, 25.429043, 2588848963, 994, 32.021200
node[2], 2774094101, 25.429043, 2588848963, 994, 32.132191
node[3], 1277901399, 25.429043, 2588848963, 994, 64.153296
node[3], 1277901399, 25.447067, 2774094101, 995, 32.021200
node[1], 2588848963, 25.447067, 2774094101, 995, 32.132191
node[0], 2357136044, 25.447067, 2774094101, 995, 64.153296
node[1], 2588848963, 25.460745, 2357136044, 996, 32.021200
node[2], 2774094101, 25.460745, 2357136044, 996, 64.153296
node[3], 1277901399, 25.460745, 2357136044, 996, 96.174464
node[2], 2774094101, 25.513192, 1277901399, 997, 32.021200
node[1], 2588848963, 25.513192, 1277901399, 997, 64.153296
node[0], 2357136044, 25.513192, 1277901399, 997, 96.174464
node[3], 1277901399, 25.539067, 2774094101, 999, 32.021200
node[1], 2588848963, 25.539067, 2774094101, 999, 32.132191
node[0], 2357136044, 25.539067, 2774094101, 999, 64.153296
node[0], 2357136044, 25.544043, 2588848963, 998, 32.021200
node[2], 2774094101, 25.544043, 2588848963, 998, 32.132191
node[3], 1277901399, 25.544043, 2588848963, 998, 64.153296
node[1], 2588848963, 25.545746, 2357136044, 1000, 32.021200
node[2], 2774094101, 25.545746, 2357136044, 1000, 64.153296
node[3], 1277901399, 25.545746, 2357136044, 1000, 96.174464
node[2], 2774094101, 25.601193, 1277901399, 1001, 32.021200
node[1], 2588848963, 25.601193, 1277901399, 1001, 64.153296
node[0], 2357136044, 25.601193, 1277901399, 1001, 96.174464
node[0], 2357136044, 25.625044, 2588848963, 1002, 32.021200
node[2], 2774094101, 25.625044, 2588848963, 1002, 32.132191
node[3], 1277901399, 25.625044, 2588848963, 1002, 64.153296
node[3], 1277901399, 25.639067, 2774094101, 1003, 32.021200
node[1], 2588848963, 25.639067, 2774094101, 1003, 32.132191
node[0], 2357136044, 25.639067, 2774094101, 1003, 64.153296
node[1], 2588848963, 25.656745, 2357136044, 1004, 32.021200
node[2], 2774094101, 25.656745, 2357136044, 1004, 64.153296
node[3], 1277901399, 25.656745, 2357136044, 1004, 96.174464
node[2], 2774094101, 25.701193, 1277901399, 1005, 32.021200
node[1], 2588848963, 25.701193, 1277901399, 1005, 64.153296
node[0], 2357136044, 25.701193, 1277901399, 1005, 96.174464
node[3], 1277901399, 25.739067, 2774094101, 1007, 32.021200
node[1], 2588848963, 25.739067, 2774094101, 1007, 32.132191
node[0], 2357136044, 25.739067, 2774094101, 1007, 64.153296
node[0], 2357136044, 25.749043, 2588848963, 1006, 32.021200
node[2], 2774094101, 25.749043, 2588848963, 1006, 32.132191
node[3], 1277901399, 25.749043, 2588848963, 1006, 64.153296
node[1], 2588848963, 25.760745, 2357136044, 1008, 32.021200
node[2], 2774094101, 25.760745, 2357136044, 1008, 64.153296
node[3], 1277901399, 25.760745, 2357136044, 1008, 96.174464
node[2], 2774094101, 25.801193, 1277901399, 1009, 32.021200
node[1], 2588848963, 25.801193, 1277901399, 1009, 64.153296
node[0], 2357136044, 25.801193, 1277901399, 1009, 96.174464
node[0], 2357136044, 25.825044, 2588848963, 1010, 32.021200
node[2], 2774094101, 25.825044, 2588848963, 1010, 32.132191
node[3], 1277901399, 25.825044, 2588848963, 1010, 64.153296
node[3], 1277901399, 25.839067, 2774094101, 1011, 32.021200
node[1], 2588848963, 25.839067, 2774094101, 1011, 32.132191
node[0], 2357136044, 25.839067, 2774094101, 1011, 64.153296
node[1], 2588848963, 25.845746, 2357136044, 1012, 32.021200
node[2], 2774094101, 25.845746, 2357136044, 1012, 64.153296
node[3], 1277901399, 25.845746, 2357136044, 1012, 96.174464
node[2], 2774094101, 25.904192, 1277901399, 1013, 32.021200
node[1], 2588848963, 25.904192, 1277901399, 1013, 64.153296
node[0], 2357136044, 25.904192, 1277901399, 1013, 96.174464
node[0], 2357136044, 25.925044, 2588848963, 1014, 32.021200
node[2], 2774094101, 25.925044, 2588848963, 1014, 32.132191
node[3], 1277901399, 25.925044, 2588848963, 1014, 64.153296
node[3], 1277901399, 25.939067, 2774094101, 1015, 32.021200
node[1], 2588848963, 25.939067, 2774094101, 1015, 32.132191
node[0], 2357136044, 25.939067, 2774094101, 1015, 64.153296
node[1], 2588848963, 25.945746, 2357136044, 1016, 32.021200
node[2], 2774094101, 25.945746, 2357136044, 1016, 64.153296
node[3], 1277901399, 25.945746, 2357136044, 1016, 96.174464
node[2], 2774094101, 26.001193, 1277901399, 1017, 32.021200
node[1], 2588848963, 26.001193, 1277901399, 1017, 64.153296
node[0], 2357136044, 26.001193, 1277901399, 1017, 96.174464
node[0], 2357136044, 26.029043, 2588848963, 1018, 32.021200
node[2], 2774094101, 26.029043, 2588848963, 1018, 32.132191
node[3], 1277901399, 26.029043, 2588848963, 1018, 64.153296
node[3], 1277901399, 26.039067, 2774094101, 1019, 32.021200
node[1], 2588848963, 26.039067, 2774094101, 1019, 32.132191
node[0], 2357136044, 26.039067, 2774094101, 1019, 64.153296
node[1], 2588848963, 26.045746, 2357136044, 1020, 32.021200
node[2], 2774094101, 26.045746, 2357136044, 1020, 64.153296
node[3], 1277901399, 26.045746, 2357136044, 1020, 96.174464
node[2], 2774094101, 26.101193, 1277901399, 1021, 32.021200
node[1], 2588848963, 26.101193, 1277901399, 1021, 64.153296
node[0], 2357136044, 26.101193, 1277901399, 1021, 96.174464
node[0], 2357136044, 26.125044, 2588848963, 1022, 32.021200
node[2], 2774094101, 26.125044, 2588848963, 1022, 32.132191
node[3], 1277901399, 26.125044, 2588848963, 1022, 64.153296
node[3], 1277901399, 26.139067, 2774094101, 1023, 32.021200
node[1], 2588848963, 26.139067, 2774094101, 1023, 32.132191
node[0], 2357136044, 26.139067, 2774094101, 1023, 64.153296
node[1], 2588848963, 26.145746, 2357136044, 1024, 32.021200
node[2], 2774094101, 26.145746, 2357136044, 1024, 64.153296
node[3], 1277901399, 26.145746, 2357136044, 1024, 96.174464
node[2], 2774094101, 26.201193, 1277901399, 1025, 32.021200
node[1], 2588848963, 26.201193, 1277901399, 1025, 64.153296
node[0], 2357136044, 26.201193, 1277901399, 1025, 96.174464
node[0], 2357136044, 26.225044, 2588848963, 1026, 32.021200
node[2], 2774094101, 26.225044, 2588848963, 1026, 32.132191
node[3], 1277901399, 26.225044, 2588848963, 1026, 64.153296
node[3], 1277901399, 26.239067, 2774094101, 1027, 32.021200
node[1], 2588848963, 26.239067, 2774094101, 1027, 32.132191
node[0], 2357136044, 26.239067, 2774094101, 1027, 64.153296
node[1], 2588848963, 26.245746, 2357136044, 1028, 32.021200
node[2], 2774094101, 26.245746, 2357136044, 1028, 64.153296
node[3], 1277901399, 26.245746, 2357136044, 1028, 96.174464
node[2], 2774094101, 26.308192, 1277901399, 1029, 32.021200
node[1], 2588848963, 26.308192, 1277901399, 1029, 64.153296
node[0], 2357136044, 26.308192, 1277901399, 1029, 96.174464
node[0], 2357136044, 26.325044, 2588848963, 1030, 32.021200
node[2], 2774094101, 26.325044, 2588848963, 1030, 32.132191
node[3], 1277901399, 26.325044, 2588848963, 1030, 64.153296
node[1], 2588848963, 26.353745, 2357136044, 1032, 32.021200
node[2], 2774094101, 26.353745, 2357136044, 1032, 64.153296
node[3], 1277901399, 26.353745, 2357136044, 1032, 96.174464
node[3], 1277901399, 26.358067, 2774094101, 1031, 32.021200
node[1], 2588848963, 26.358067, 2774094101, 1031, 32.132191
node[0], 2357136044, 26.358067, 2774094101, 1031, 64.153296
node[2], 2774094101, 26.401193, 1277901399, 1033, 32.021200
node[1], 2588848963, 26.401193, 1277901399, 1033, 64.153296
node[0], 2357136044, 26.401193, 1277901399, 1033, 96.174464
node[0], 2357136044, 26.425609, 2588848963, 1034, 32.021200
node[2], 2774094101, 26.425609, 2588848963, 1034, 32.132191
node[3], 1277901399, 26.425609, 2588848963, 1034, 64.153296
node[1], 2588848963, 26.449745, 2357136044, 1036, 32.021200
node[2], 2774094101, 26.449745, 2357136044, 1036, 64.153296
node[3], 1277901399, 26.449745, 2357136044, 1036, 96.174464
node[3], 1277901399, 26.460067, 2774094101, 1035, 32.021200
node[1], 2588848963, 26.460067, 2774094101, 1035, 32.132191
node[0], 2357136044, 26.460067, 2774094101, 1035, 64.153296
node[2], 2774094101, 26.501193, 1277901399, 1037, 32.021200
node[1], 2588848963, 26.501193, 1277901399, 1037, 64.153296
node[0], 2357136044, 26.501193, 1277901399, 1037, 96.174464
node[0], 2357136044, 26.525044, 2588848963, 1038, 32.021200
node[2], 2774094101, 26.525044, 2588848963, 1038, 32.132191
node[3], 1277901399, 26.525044, 2588848963, 1038, 64.153296
node[3], 1277901399, 26.539067, 2774094101, 1039, 32.021200
node[1], 2588848963, 26.539067, 2774094101, 1039, 32.132191
node[0], 2357136044, 26.539067, 2774094101, 1039, 64.153296
node[1], 2588848963, 26.545746, 2357136044, 1040, 32.021200
node[2], 2774094101, 26.545746, 2357136044, 1040, 64.153296
node[3], 1277901399, 26.545746, 2357136044, 1040, 96.174464
node[2], 2774094101, 26.612192, 1277901399, 1041, 32.021200
node[1], 2588848963, 26.612192, 1277901399, 1041, 64.153296
node[0], 2357136044, 26.612192, 1277901399, 1041, 96.174464
node[0], 2357136044, 26.638043, 2588848963, 1042, 32.021200
node[2], 2774094101, 26.638043, 2588848963, 1042, 32.132191
node[3], 1277901399, 26.638043, 2588848963, 1042, 64.153296
node[3], 1277901399, 26.639067, 2774094101, 1043, 32.021200
node[1], 2588848963, 26.639067, 2774094101, 1043, 32.132191
node[0], 2357136044, 26.639067, 2774094101, 1043, 64.153296
node[1], 2588848963, 26.645746, 2357136044, 1044, 32.021200
node[2], 2774094101, 26.645746, 2357136044, 1044, 64.153296
node[3], 1277901399, 26.645746, 2357136044, 1044, 96.174464
node[2], 2774094101, 26.701193, 1277901399, 1045, 32.021200
node[1], 2588848963, 26.701193, 1277901399, 1045, 64.153296
node[0], 2357136044, 26.701193, 1277901399, 1045, 96.174464
node[3], 1277901399, 26.739067, 2774094101, 1047, 32.021200
node[1], 2588848963, 26.739067, 2774094101, 1047, 32.132191
node[0], 2357136044, 26.739067, 2774094101, 1047, 64.153296
node[1], 2588848963, 26.745746, 2357136044, 1048, 32.021200
node[2], 2774094101, 26.745746, 2357136044, 1048, 64.153296
node[3], 1277901399, 26.745746, 2357136044, 1048, 96.174464
node[0], 2357136044, 26.750043, 2588848963, 1046, 32.021200
node[2], 2774094101, 26.750043, 2588848963, 1046, 32.132191
node[3], 1277901399, 26.750043, 2588848963, 1046, 64.153296
node[2], 2774094101, 26.806192, 1277901399, 1049, 32.021200
node[1], 2588848963, 26.806192, 1277901399, 1049, 64.153296
node[0], 2357136044, 26.806192, 1277901399, 1049, 96.174464
node[0], 2357136044, 26.825044, 2588848963, 1050, 32.021200
node[2], 2774094101, 26.825044, 2588848963, 1050, 32.132191
node[3], 1277901399, 26.825044, 2588848963, 1050, 64.153296
node[1], 2588848963, 26.847745, 2357136044, 1052, 32.021200
node[2], 2774094101, 26.847745, 2357136044, 1052, 64.153296
node[3], 1277901399, 26.847745, 2357136044, 1052, 96.174464
node[3], 1277901399, 26.850067, 2774094101, 1051, 32.021200
node[1], 2588848963, 26.850067, 2774094101, 1051, 32.132191
node[0], 2357136044, 26.850067, 2774094101, 1051, 64.153296
node[2], 2774094101, 26.919192, 1277901399, 1053, 32.021200
node[1], 2588848963, 26.919192, 1277901399, 1053, 64.153296
node[0], 2357136044, 26.919192, 1277901399, 1053, 96.174464
node[0], 2357136044, 26.925044, 2588848963, 1054, 32.021200
node[2], 2774094101, 26.925044, 2588848963, 1054, 32.132191
node[3], 1277901399, 26.925044, 2588848963, 1054, 64.153296
node[3], 1277901399, 26.939067, 2774094101, 1055, 32.021200
node[1], 2588848963, 26.939067, 2774094101, 1055, 32.132191
node[0], 2357136044, 26.939067, 2774094101, 1055, 64.153296
node[1], 2588848963, 26.945746, 2357136044, 1056, 32.021200
node[2], 2774094101, 26.945746, 2357136044, 1056, 64.153296
node[3], 1277901399, 26.945746, 2357136044, 1056, 96.174464
node[2], 2774094101, 27.003192, 1277901399, 1057, 32.021200
node[1], 2588848963, 27.003192, 1277901399, 1057, 64.153296
node[0], 2357136044, 27.003192, 1277901399, 1057, 96.174464
node[0], 2357136044, 27.025044, 2588848963, 1058, 32.021200
node[2], 2774094101, 27.025044, 2588848963, 1058, 32.132191
node[3], 1277901399, 27.025044, 2588848963, 1058, 64.153296
node[3], 1277901399, 27.039067, 2774094101, 1059, 32.021200
node[1], 2588848963, 27.039067, 2774094101, 1059, 32.132191
node[0], 2357136044, 27.039067, 2774094101, 1059, 64.153296
node[1], 2588848963, 27.058745, 2357136044, 1060, 32.021200
node[2], 2774094101, 27.058745, 2357136044, 1060, 64.153296
node[3], 1277901399, 27.058745, 2357136044, 1060, 96.174464
node[2], 2774094101, 27.101193, 1277901399, 1061, 32.021200
node[1], 2588848963, 27.101193, 1277901399, 1061, 64.153296
node[0], 2357136044, 27.101193, 1277901399, 1061, 96.174464
node[0], 2357136044, 27.125044, 2588848963, 1062, 32.021200
node[2], 2774094101, 27.125044, 2588848963, 1062, 32.132191
node[3], 1277901399, 27.125044, 2588848963, 1062, 64.153296
node[3], 1277901399, 27.139067, 2774094101, 1063, 32.021200
node[1], 2588848963, 27.139067, 2774094101, 1063, 32.132191
node[0], 2357136044, 27.139067, 2774094101, 1063, 64.153296
node[1], 2588848963, 27.145746, 2357136044, 1064, 32.021200
node[2], 2774094101, 27.145746, 2357136044, 1064, 64.153296
node[3], 1277901399, 27.145746, 2357136044, 1064, 96.174464
node[2], 2774094101, 27.201193, 1277901399, 1065, 32.021200
node[1], 2588848963, 27.201193, 1277901399, 1065, 64.153296
node[0], 2357136044, 27.201193, 1277901399, 1065, 96.174464
node[0], 2357136044, 27.225044, 2588848963, 1066, 32.021200
node[2], 2774094101, 27.225044, 2588848963, 1066, 32.132191
node[3], 1277901399, 27.225044, 2588848963, 1066, 64.153296
node[3], 1277901399, 27.239067, 2774094101, 1067, 32.021200
node[1], 2588848963, 27.239067, 2774094101, 1067, 32.132191
node[0], 2357136044, 27.239067, 2774094101, 1067, 64.153296
node[1], 2588848963, 27.245746, 2357136044, 1068, 32.021200
node[2], 2774094101, 27.245746, 2357136044, 1068, 64.153296
node[3], 1277901399, 27.245746, 2357136044, 1068, 96.174464
node[2], 2774094101, 27.301193, 1277901399, 1069, 32.021200
node[1], 2588848963, 27.301193, 1277901399, 1069, 64.153296
node[0], 2357136044, 27.301193, 1277901399, 1069, 96.174464
node[0], 2357136044, 27.331043, 2588848963, 1070, 32.021200
node[2], 2774094101, 27.331043, 2588848963, 1070, 32.132191
node[3], 1277901399, 27.331043, 2588848963, 1070, 64.153296
node[3], 1277901399, 27.339067, 2774094101, 1071, 32.021200
node[1], 2588848963, 27.339067, 2774094101, 1071, 32.132191
node[0], 2357136044, 27.339067, 2774094101, 1071, 64.153296
node[1], 2588848963, 27.367745, 2357136044, 1072, 32.021200
node[2], 2774094101, 27.367745, 2357136044, 1072, 64.153296
node[3], 1277901399, 27.367745, 2357136044, 1072, 96.174464
node[2], 2774094101, 27.401193, 1277901399, 1073, 32.021200
node[1], 2588848963, 27.401193, 1277901399, 1073, 64.153296
node[0], 2357136044, 27.401193, 1277901399, 1073, 96.174464
node[0], 2357136044, 27.425044, 2588848963, 1074, 32.021200
node[2], 2774094101, 27.425044, 2588848963, 1074, 32.132191
node[3], 1277901399, 27.425044, 2588848963, 1074, 64.153296
node[1], 2588848963, 27.453056, 2357136044, 1076, 32.021200
node[2], 2774094101, 27.453057, 2357136044, 1076, 64.153296
node[3], 1277901399, 27.453057, 2357136044, 1076, 96.174464
node[3], 1277901399, 27.456067, 2774094101, 1075, 32.021200
node[1], 2588848963, 27.456067, 2774094101, 1075, 32.132191
node[0], 2357136044, 27.456067, 2774094101, 1075, 64.153296
node[2], 2774094101, 27.501193, 1277901399, 1077, 32.021200
node[1], 2588848963, 27.501193, 1277901399, 1077, 64.153296
node[0], 2357136044, 27.501193, 1277901399, 1077, 96.174464
node[0], 2357136044, 27.525044, 2588848963, 1078, 32.021200
node[2], 2774094101, 27.525044, 2588848963, 1078, 32.132191
node[3], 1277901399, 27.525044, 2588848963, 1078, 64.153296
node[3], 1277901399, 27.539067, 2774094101, 1079, 32.021200
node[1], 2588848963, 27.539067, 2774094101, 1079, 32.132191
node[0], 2357136044, 27.539067, 2774094101, 1079, 64.153296
node[1], 2588848963, 27.551745, 2357136044, 1080, 32.021200
node[2], 2774094101, 27.551745, 2357136044, 1080, 64.153296
node[3], 1277901399, 27.551745, 2357136044, 1080, 96.174464
node[2], 2774094101, 27.618192, 1277901399, 1081, 32.021200
node[1], 2588848963, 27.618192, 1277901399, 1081, 64.153296
node[0], 2357136044, 27.618192, 1277901399, 1081, 96.174464
node[3], 1277901399, 27.640067, 2774094101, 1083, 32.021200
node[1], 2588848963, 27.640067, 2774094101, 1083, 32.132191
node[0], 2357136044, 27.640067, 2774094101, 1083, 64.153296
node[0], 2357136044, 27.645043, 2588848963, 1082, 32.021200
node[2], 2774094101, 27.645043, 2588848963, 1082, 32.132191
node[3], 1277901399, 27.645043, 2588848963, 1082, 64.153296
node[1], 2588848963, 27.645789, 2357136044, 1084, 32.021200
node[2], 2774094101, 27.645789, 2357136044, 1084, 64.153296
node[3], 1277901399, 27.645789, 2357136044, 1084, 96.174464
node[2], 2774094101, 27.701193, 1277901399, 1085, 32.021200
node[1], 2588848963, 27.701193, 1277901399, 1085, 64.153296
node[0], 2357136044, 27.701193, 1277901399, 1085, 96.174464
node[3], 1277901399, 27.739067, 2774094101, 1087, 32.021200
node[1], 2588848963, 27.739067, 2774094101, 1087, 32.132191
node[0], 2357136044, 27.739067, 2774094101, 1087, 64.153296
node[0], 2357136044, 27.750043, 2588848963, 1086, 32.021200
node[2], 2774094101, 27.750043, 2588848963, 1086, 32.132191
node[3], 1277901399, 27.750043, 2588848963, 1086, 64.153296
node[1], 2588848963, 27.762745, 2357136044, 1088, 32.021200
node[2], 2774094101, 27.762745, 2357136044, 1088, 64.153296
node[3], 1277901399, 27.762745, 2357136044, 1088, 96.174464
node[2], 2774094101, 27.809192, 1277901399, 1089, 32.021200
node[1], 2588848963, 27.809192, 1277901399, 1089, 64.153296
node[0], 2357136044, 27.809192, 1277901399, 1089, 96.174464
node[0], 2357136044, 27.825044, 2588848963, 1090, 32.021200
node[2], 2774094101, 27.825044, 2588848963, 1090, 32.132191
node[3], 1277901399, 27.825044, 2588848963, 1090, 64.153296
node[3], 1277901399, 27.839067, 2774094101, 1091, 32.021200
node[1], 2588848963, 27.839067, 2774094101, 1091, 32.132191
node[0], 2357136044, 27.839067, 2774094101, 1091, 64.153296
node[1], 2588848963, 27.845746, 2357136044, 1092, 32.021200
node[2], 2774094101, 27.845746, 2357136044, 1092, 64.153296
node[3], 1277901399, 27.845746, 2357136044, 1092, 96.174464
node[2], 2774094101, 27.904192, 1277901399, 1093, 32.021200
node[1], 2588848963, 27.904192, 1277901399, 1093, 64.153296
node[0], 2357136044, 27.904192, 1277901399, 1093, 96.174464
node[0], 2357136044, 27.925044, 2588848963, 1094, 32.021200
node[2], 2774094101, 27.925044, 2588848963, 1094, 32.132191
node[3], 1277901399, 27.925044, 2588848963, 1094, 64.153296
node[3], 1277901399, 27.939067, 2774094101, 1095, 32.021200
node[1], 2588848963, 27.939067, 2774094101, 1095, 32.132191
node[0], 2357136044, 27.939067, 2774094101, 1095, 64.153296
node[1], 2588848963, 27.950745, 2357136044, 1096, 32.021200
node[2], 2774094101, 27.950745, 2357136044, 1096, 64.153296
node[3], 1277901399, 27.950745, 2357136044, 1096, 96.174464
node[2], 2774094101, 28.014192, 1277901399, 1097, 32.021200
node[1], 2588848963, 28.014192, 1277901399, 1097, 64.153296
node[0], 2357136044, 28.014192, 1277901399, 1097, 96.174464
node[3], 1277901399, 28.039067, 2774094101, 1099, 32.021200
node[1], 2588848963, 28.039067, 2774094101, 1099, 32.132191
node[0], 2357136044, 28.039067, 2774094101, 1099, 64.153296
node[0], 2357136044, 28.041043, 2588848963, 1098, 32.021200
node[2], 2774094101, 28.041043, 2588848963, 1098, 32.132191
node[3], 1277901399, 28.041043, 2588848963, 1098, 64.153296
node[1], 2588848963, 28.060745, 2357136044, 1100, 32.021200
node[2], 2774094101, 28.060745, 2357136044, 1100, 64.153296
node[3], 1277901399, 28.060745, 2357136044, 1100, 96.174464
node[2], 2774094101, 28.103192, 1277901399, 1101, 32.021200
node[1], 2588848963, 28.103192, 1277901399, 1101, 64.153296
node[0], 2357136044, 28.103192, 1277901399, 1101, 96.174464
node[0], 2357136044, 28.125044, 2588848963, 1102, 32.021200
node[2], 2774094101, 28.125044, 2588848963, 1102, 32.132191
node[3], 1277901399, 28.125044, 2588848963, 1102, 64.153296
node[3], 1277901399, 28.139067, 2774094101, 1103, 32.021200
node[1], 2588848963, 28.139067, 2774094101, 1103, 32.132191
node[0], 2357136044, 28.139067, 2774094101, 1103, 64.153296
node[1], 2588848963, 28.145746, 2357136044, 1104, 32.021200
node[2], 2774094101, 28.145746, 2357136044, 1104, 64.153296
node[3], 1277901399, 28.145746, 2357136044, 1104, 96.174464
node[2], 2774094101, 28.222192, 1277901399, 1105, 32.021200
node[1], 2588848963, 28.222192, 1277901399, 1105, 64.153296
node[0], 2357136044, 28.222192, 1277901399, 1105, 96.174464
node[0], 2357136044, 28.241043, 2588848963, 1106, 32.021200
node[2], 2774094101, 28.241043, 2588848963, 1106, 32.132191
node[3], 1277901399, 28.241043, 2588848963, 1106, 64.153296
node[1], 2588848963, 28.245746, 2357136044, 1108, 32.021200
node[2], 2774094101, 28.245746, 2357136044, 1108, 64.153296
node[3], 1277901399, 28.245746, 2357136044, 1108, 96.174464
node[3], 1277901399, 28.251067, 2774094101, 1107, 32.021200
node[1], 2588848963, 28.251067, 2774094101, 1107, 32.132191
node[0], 2357136044, 28.251067, 2774094101, 1107, 64.153296
node[2], 2774094101, 28.318192, 1277901399, 1109, 32.021200
node[1], 2588848963, 28.318192, 1277901399, 1109, 64.153296
node[0], 2357136044, 28.318192, 1277901399, 1109, 96.174464
node[0], 2357136044, 28.325044, 2588848963, 1110, 32.021200
node[2], 2774094101, 28.325044, 2588848963, 1110, 32.132191
node[3], 1277901399, 28.325044, 2588848963, 1110, 64.153296
node[3], 1277901399, 28.339067, 2774094101, 1111, 32.021200
node[1], 2588848963, 28.339067, 2774094101, 1111, 32.132191
node[0], 2357136044, 28.339067, 2774094101, 1111, 64.153296
node[1], 2588848963, 28.364745, 2357136044, 1112, 32.021200
node[2], 2774094101, 28.364745, 2357136044, 1112, 64.153296
node[3], 1277901399, 28.364745, 2357136044, 1112, 96.174464
node[2], 2774094101, 28.401193, 1277901399, 1113, 32.021200
node[1], 2588848963, 28.401193, 1277901399, 1113, 64.153296
node[0], 2357136044, 28.401193, 1277901399, 1113, 96.174464
node[0], 2357136044, 28.425044, 2588848963, 1114, 32.021200
node[2], 2774094101, 28.425044, 2588848963, 1114, 32.132191
node[3], 1277901399, 28.425044, 2588848963, 1114, 64.153296
node[3], 1277901399, 28.439067, 2774094101, 1115, 32.021200
node[1], 2588848963, 28.439067, 2774094101, 1115, 32.132191
node[0], 2357136044, 28.439067, 2774094101, 1115, 64.153296
node[1], 2588848963, 28.445746, 2357136044, 1116, 32.021200
node[2], 2774094101, 28.445746, 2357136044, 1116, 64.153296
node[3], 1277901399, 28.445746, 2357136044, 1116, 96.174464
node[2], 2774094101, 28.501193, 1277901399, 1117, 32.021200
node[1], 2588848963, 28.501193, 1277901399, 1117, 64.153296
node[0], 2357136044, 28.501193, 1277901399, 1117, 96.174464
node[0], 2357136044, 28.525044, 2588848963, 1118, 32.021200
node[2], 2774094101, 28.525044, 2588848963, 1118, 32.132191
node[3], 1277901399, 28.525044, 2588848963, 1118, 64.153296
node[3], 1277901399, 28.540067, 2774094101, 1119, 32.021200
node[1], 2588848963, 28.540067, 2774094101, 1119, 32.132191
node[0], 2357136044, 28.540067, 2774094101, 1119, 64.153296
node[1], 2588848963, 28.562745, 2357136044, 1120, 32.021200
node[2], 2774094101, 28.562745, 2357136044, 1120, 64.153296
node[3], 1277901399, 28.562745, 2357136044, 1120, 96.174464
node[2], 2774094101, 28.601193, 1277901399, 1121, 32.021200
node[1], 2588848963, 28.601193, 1277901399, 1121, 64.153296
node[0], 2357136044, 28.601193, 1277901399, 1121, 96.174464
node[0], 2357136044, 28.625044, 2588848963, 1122, 32.021200
node[2], 2774094101, 28.625044, 2588848963, 1122, 32.132191
node[3], 1277901399, 28.625044, 2588848963, 1122, 64.153296
node[3], 1277901399, 28.639067, 2774094101, 1123, 32.021200
node[1], 2588848963, 28.639067, 2774094101, 1123, 32.132191
node[0], 2357136044, 28.639067, 2774094101, 1123, 64.153296
node[1], 2588848963, 28.655745, 2357136044, 1124, 32.021200
node[2], 2774094101, 28.655745, 2357136044, 1124, 64.153296
node[3], 1277901399, 28.655745, 2357136044, 1124, 96.174464
node[2], 2774094101, 28.701193, 1277901399, 1125, 32.021200
node[1], 2588848963, 28.701193, 1277901399, 1125, 64.153296
node[0], 2357136044, 28.701193, 1277901399, 1125, 96.174464
node[0], 2357136044, 28.744043, 2588848963, 1126, 32.021200
node[2], 2774094101, 28.744043, 2588848963, 1126, 32.132191
node[3], 1277901399, 28.744043, 2588848963, 1126, 64.153296
node[1], 2588848963, 28.745746, 2357136044, 1128, 32.021200
node[2], 2774094101, 28.745746, 2357136044, 1128, 64.153296
node[3], 1277901399, 28.745746, 2357136044, 1128, 96.174464
node[3], 1277901399, 28.758067, 2774094101, 1127, 32.021200
node[1], 2588848963, 28.758067, 2774094101, 1127, 32.132191
node[0], 2357136044, 28.758067, 2774094101, 1127, 64.153296
node[2], 2774094101, 28.801193, 1277901399, 1129, 32.021200
node[1], 2588848963, 28.801193, 1277901399, 1129, 64.153296
node[0], 2357136044, 28.801193, 1277901399, 1129, 96.174464
node[0], 2357136044, 28.825044, 2588848963, 1130, 32.021200
node[2], 2774094101, 28.825044, 2588848963, 1130, 32.132191
node[3], 1277901399, 28.825044, 2588848963, 1130, 64.153296
node[1], 2588848963, 28.845746, 2357136044, 1132, 32.021200
node[2], 2774094101, 28.845746, 2357136044, 1132, 64.153296
node[3], 1277901399, 28.845746, 2357136044, 1132, 96.174464
node[3], 1277901399, 28.848067, 2774094101, 1131, 32.021200
node[1], 2588848963, 28.848067, 2774094101, 1131, 32.132191
node[0], 2357136044, 28.848067, 2774094101, 1131, 64.153296
node[2], 2774094101, 28.901193, 1277901399, 1133, 32.021200
node[1], 2588848963, 28.901193, 1277901399, 1133, 64.153296
node[0], 2357136044, 28.901193, 1277901399, 1133, 96.174464
node[0], 2357136044, 28.925044, 2588848963, 1134, 32.021200
node[2], 2774094101, 28.925044, 2588848963, 1134, 32.132191
node[3], 1277901399, 28.925044, 2588848963, 1134, 64.153296
node[3], 1277901399, 28.943067, 2774094101, 1135, 32.021200
node[1], 2588848963, 28.943067, 2774094101, 1135, 32.132191
node[0], 2357136044, 28.943067, 2774094101, 1135, 64.153296
node[1], 2588848963, 28.968745, 2357136044, 1136, 32.021200
node[2], 2774094101, 28.968745, 2357136044, 1136, 64.153296
node[3], 1277901399, 28.968745, 2357136044, 1136, 96.174464
node[2], 2774094101, 29.017192, 1277901399, 1137, 32.021200
node[1], 2588848963, 29.017192, 1277901399, 1137, 64.153296
node[0], 2357136044, 29.017192, 1277901399, 1137, 96.174464
node[0], 2357136044, 29.025044, 2588848963, 1138, 32.021200
node[2], 2774094101, 29.025044, 2588848963, 1138, 32.132191
node[3], 1277901399, 29.025044, 2588848963, 1138, 64.153296
node[1], 2588848963, 29.045746, 2357136044, 1140, 32.021200
node[2], 2774094101, 29.045746, 2357136044, 1140, 64.153296
node[3], 1277901399, 29.045746, 2357136044, 1140, 96.174464
node[3], 1277901399, 29.059067, 2774094101, 1139, 32.021200
node[1], 2588848963, 29.059067, 2774094101, 1139, 32.132191
node[0], 2357136044, 29.059067, 2774094101, 1139, 64.153296
node[2], 2774094101, 29.101193, 1277901399, 1141, 32.021200
node[1], 2588848963, 29.101193, 1277901399, 1141, 64.153296
node[0], 2357136044, 29.101193, 1277901399, 1141, 96.174464
node[0], 2357136044, 29.125044, 2588848963, 1142, 32.021200
node[2], 2774094101, 29.125044, 2588848963, 1142, 32.132191
node[3], 1277901399, 29.125044, 2588848963, 1142, 64.153296
node[3], 1277901399, 29.139067, 2774094101, 1143, 32.021200
node[1], 2588848963, 29.139067, 2774094101, 1143, 32.132191
node[0], 2357136044, 29.139067, 2774094101, 1143, 64.153296
node[1], 2588848963, 29.145746, 2357136044, 1144, 32.021200
node[2], 2774094101, 29.145746, 2357136044, 1144, 64.153296
node[3], 1277901399, 29.145746, 2357136044, 1144, 96.174464
node[2], 2774094101, 29.208192, 1277901399, 1145, 32.021200
node[1], 2588848963, 29.208192, 1277901399, 1145, 64.153296
node[0], 2357136044, 29.208192, 1277901399, 1145, 96.174464
node[0], 2357136044, 29.237043, 2588848963, 1146, 32.021200
node[2], 2774094101, 29.237043, 2588848963, 1146, 32.132191
node[3], 1277901399, 29.237043, 2588848963, 1146, 64.153296
node[1], 2588848963, 29.251745, 2357136044, 1148, 32.021200
node[2], 2774094101, 29.251745, 2357136044, 1148, 64.153296
node[3], 1277901399, 29.251745, 2357136044, 1148, 96.174464
node[3], 1277901399, 29.258067, 2774094101, 1147, 32.021200
node[1], 2588848963, 29.258067, 2774094101, 1147, 32.132191
node[0], 2357136044, 29.258067, 2774094101, 1147, 64.153296
node[2], 2774094101, 29.301193, 1277901399, 1149, 32.021200
node[1], 2588848963, 29.301193, 1277901399, 1149, 64.153296
node[0], 2357136044, 29.301193, 1277901399, 1149, 96.174464
node[0], 2357136044, 29.325044, 2588848963, 1150, 32.021200
node[2], 2774094101, 29.325044, 2588848963, 1150, 32.132191
node[3], 1277901399, 29.325044, 2588848963, 1150, 64.153296
node[3], 1277901399, 29.339067, 2774094101, 1151, 32.021200
node[1], 2588848963, 29.339067, 2774094101, 1151, 32.132191
node[0], 2357136044, 29.339067, 2774094101, 1151, 64.153296
node[1], 2588848963, 29.345746, 2357136044, 1152, 32.021200
node[2], 2774094101, 29.345746, 2357136044, 1152, 64.153296
node[3], 1277901399, 29.345746, 2357136044, 1152, 96.174464
node[2], 2774094101, 29.401193, 1277901399, 1153, 32.021200
node[1], 2588848963, 29.401193, 1277901399, 1153, 64.153296
node[0], 2357136044, 29.401193, 1277901399, 1153, 96.174464
node[0], 2357136044, 29.428043, 2588848963, 1154, 32.021200
node[2], 2774094101, 29.428043, 2588848963, 1154, 32.132191
node[3], 1277901399, 29.428043, 2588848963, 1154, 64.153296
node[1], 2588848963, 29.445746, 2357136044, 1156, 32.021200
node[2], 2774094101, 29.445746, 2357136044, 1156, 64.153296
node[3], 1277901399, 29.445746, 2357136044, 1156, 96.174464
node[3], 1277901399, 29.452067, 2774094101, 1155, 32.021200
node[1], 2588848963, 29.452067, 2774094101, 1155, 32.132191
node[0], 2357136044, 29.452067, 2774094101, 1155, 64.153296
node[2], 2774094101, 29.511192, 1277901399, 1157, 32.021200
node[1], 2588848963, 29.511192, 1277901399, 1157, 64.153296
node[0], 2357136044, 29.511192, 1277901399, 1157, 96.174464
node[0], 2357136044, 29.534043, 2588848963, 1158, 32.021200
node[2], 2774094101, 29.534043, 2588848963, 1158, 32.132191
node[3], 1277901399, 29.534043, 2588848963, 1158, 64.153296
node[1], 2588848963, 29.545746, 2357136044, 1160, 32.021200
node[2], 2774094101, 29.545746, 2357136044, 1160, 64.153296
node[3], 1277901399, 29.545746, 2357136044, 1160, 96.174464
node[3], 1277901399, 29.562067, 2774094101, 1159, 32.021200
node[1], 2588848963, 29.562067, 2774094101, 1159, 32.132191
node[0], 2357136044, 29.562067, 2774094101, 1159, 64.153296
node[2], 2774094101, 29.601193, 1277901399, 1161, 32.021200
node[1], 2588848963, 29.601193, 1277901399, 1161, 64.153296
node[0], 2357136044, 29.601193, 1277901399, 1161, 96.174464
node[0], 2357136044, 29.625044, 2588848963, 1162, 32.021200
node[2], 2774094101, 29.625044, 2588848963, 1162, 32.132191
node[3], 1277901399, 29.625044, 2588848963, 1162, 64.153296
node[3], 1277901399, 29.639067, 2774094101, 1163, 32.021200
node[1], 2588848963, 29.639067, 2774094101, 1163, 32.132191
node[0], 2357136044, 29.639067, 2774094101, 1163, 64.153296
node[1], 2588848963, 29.645746, 2357136044, 1164, 32.021200
node[2], 2774094101, 29.645746, 2357136044, 1164, 64.153296
node[3], 1277901399, 29.645746, 2357136044, 1164, 96.174464
node[2], 2774094101, 29.713192, 1277901399, 1165, 32.021200
node[1], 2588848963, 29.713192, 1277901399, 1165, 64.153296
node[0], 2357136044, 29.713192, 1277901399, 1165, 96.174464
node[0], 2357136044, 29.725044, 2588848963, 1166, 32.021200
node[2], 2774094101, 29.725044, 2588848963, 1166, 32.132191
node[3], 1277901399, 29.725044, 2588848963, 1166, 64.153296
node[3], 1277901399, 29.739067, 2774094101, 1167, 32.021200
node[1], 2588848963, 29.739067, 2774094101, 1167, 32.132191
node[0], 2357136044, 29.739067, 2774094101, 1167, 64.153296
node[1], 2588848963, 29.745746, 2357136044, 1168, 32.021200
node[2], 2774094101, 29.745746, 2357136044, 1168, 64.153296
node[3], 1277901399, 29.745746, 2357136044, 1168, 96.174464
node[2], 2774094101, 29.801193, 1277901399, 1169, 32.021200
node[1], 2588848963, 29.801193, 1277901399, 1169, 64.153296
node[0], 2357136044, 29.801193, 1277901399, 1169, 96.174464
node[3], 1277901399, 29.839067, 2774094101, 1171, 32.021200
node[1], 2588848963, 29.839067, 2774094101, 1171, 32.132191
node[0], 2357136044, 29.839067, 2774094101, 1171, 64.153296
node[1], 2588848963, 29.845746, 2357136044, 1172, 32.021200
node[2], 2774094101, 29.845746, 2357136044, 1172, 64.153296
node[3], 1277901399, 29.845746, 2357136044, 1172, 96.174464
node[0], 2357136044, 29.850043, 2588848963, 1170, 32.021200
node[2], 2774094101, 29.850043, 2588848963, 1170, 32.132191
node[3], 1277901399, 29.850043, 2588848963, 1170, 64.153296
node[2], 2774094101, 29.906192, 1277901399, 1173, 32.021200
node[1], 2588848963, 29.906192, 1277901399, 1173, 64.153296
node[0], 2357136044, 29.906192, 1277901399, 1173, 96.174464
node[0], 2357136044, 29.925044, 2588848963, 1174, 32.021200
node[2], 2774094101, 29.925044, 2588848963, 1174, 32.132191
node[3], 1277901399, 29.925044, 2588848963, 1174, 64.153296
node[3], 1277901399, 29.939067, 2774094101, 1175, 32.021200
node[1], 2588848963, 29.939067, 2774094101, 1175, 32.132191
node[0], 2357136044, 29.939067, 2774094101, 1175, 64.153296
node[1], 2588848963, 29.945746, 2357136044, 1176, 32.021200
node[2], 2774094101, 29.945746, 2357136044, 1176, 64.153296
node[3], 1277901399, 29.945746, 2357136044, 1176, 96.174464
node[2], 2774094101, 30.001193, 1277901399, 1177, 32.021200
node[1], 2588848963, 30.001193, 1277901399, 1177, 64.153296
node[0], 2357136044, 30.001193, 1277901399, 1177, 96.174464
node[0], 2357136044, 30.025044, 2588848963, 1178, 32.021200
node[2], 2774094101, 30.025044, 2588848963, 1178, 32.132191
node[3], 1277901399, 30.025044, 2588848963, 1178, 64.153296
node[3], 1277901399, 30.039067, 2774094101, 1179, 32.021200
node[1], 2588848963, 30.039067, 2774094101, 1179, 32.132191
node[0], 2357136044, 30.039067, 2774094101, 1179, 64.153296
node[1], 2588848963, 30.045746, 2357136044, 1180, 32.021200
node[2], 2774094101, 30.045746, 2357136044, 1180, 64.153296
node[3], 1277901399, 30.045746, 2357136044, 1180, 96.174464
node[2], 2774094101, 30.101193, 1277901399, 1181, 32.021200
node[1], 2588848963, 30.101193, 1277901399, 1181, 64.153296
node[0], 2357136044, 30.101193, 1277901399, 1181, 96.174464
node[0], 2357136044, 30.125044, 2588848963, 1182, 32.021200
node[2], 2774094101, 30.125044, 2588848963, 1182, 32.132191
node[3], 1277901399, 30.125044, 2588848963, 1182, 64.153296
node[3], 1277901399, 30.139067, 2774094101, 1183, 32.021200
node[1], 2588848963, 30.139067, 2774094101, 1183, 32.132191
node[0], 2357136044, 30.139067, 2774094101, 1183, 64.153296
node[1], 2588848963, 30.160745, 2357136044, 1184, 32.021200
node[2], 2774094101, 30.160745, 2357136044, 1184, 64.153296
node[3], 1277901399, 30.160745, 2357136044, 1184, 96.174464
node[2], 2774094101, 30.201193, 1277901399, 1185, 32.021200
node[1], 2588848963, 30.201193, 1277901399, 1185, 64.153296
node[0], 2357136044, 30.201193, 1277901399, 1185, 96.174464
node[0], 2357136044, 30.243043, 2588848963, 1186, 32.021200
node[2], 2774094101, 30.243043, 2588848963, 1186, 32.132191
node[3], 1277901399, 30.243043, 2588848963, 1186, 64.153296
node[1], 2588848963, 30.245746, 2357136044, 1188, 32.021200
node[2], 2774094101, 30.245746, 2357136044, 1188, 64.153296
node[3], 1277901399, 30.245746, 2357136044, 1188, 96.174464
node[3], 1277901399, 30.252067, 2774094101, 1187, 32.021200
node[1], 2588848963, 30.252067, 2774094101, 1187, 32.132191
node[0], 2357136044, 30.252067, 2774094101, 1187, 64.153296
node[2], 2774094101, 30.301193, 1277901399, 1189, 32.021200
node[1], 2588848963, 30.301193, 1277901399, 1189, 64.153296
node[0], 2357136044, 30.301193, 1277901399, 1189, 96.174464
node[0], 2357136044, 30.325044, 2588848963, 1190, 32.021200
node[2], 2774094101, 30.325044, 2588848963, 1190, 32.132191
node[3], 1277901399, 30.325044, 2588848963, 1190, 64.153296
node[3], 1277901399, 30.339067, 2774094101, 1191, 32.021200
node[1], 2588848963, 30.339067, 2774094101, 1191, 32.132191
node[0], 2357136044, 30.339067, 2774094101, 1191, 64.153296
node[1], 2588848963, 30.345746, 2357136044, 1192, 32.021200
node[2], 2774094101, 30.345746, 2357136044, 1192, 64.153296
node[3], 1277901399, 30.345746, 2357136044, 1192, 96.174464
node[2], 2774094101, 30.401193, 1277901399, 1193, 32.021200
node[1], 2588848963, 30.401193, 1277901399, 1193, 64.153296
node[0], 2357136044, 30.401193, 1277901399, 1193, 96.174464
node[0], 2357136044, 30.425044, 2588848963, 1194, 32.021200
node[2], 2774094101, 30.425044, 2588848963, 1194, 32.132191
node[3], 1277901399, 30.425044, 2588848963, 1194, 64.153296
node[3], 1277901399, 30.439067, 2774094101, 1195, 32.021200
node[1], 2588848963, 30.439067, 2774094101, 1195, 32.132191
node[0], 2357136044, 30.439067, 2774094101, 1195, 64.153296
node[1], 2588848963, 30.445746, 2357136044, 1196, 32.021200
node[2], 2774094101, 30.445746, 2357136044, 1196, 64.153296
node[3], 1277901399, 30.445746, 2357136044, 1196, 96.174464
node[2], 2774094101, 30.501193, 1277901399, 1197, 32.021200
node[1], 2588848963, 30.501193, 1277901399, 1197, 64.153296
node[0], 2357136044, 30.501193, 1277901399, 1197, 96.174464
node[0], 2357136044, 30.525044, 2588848963, 1198, 32.021200
node[2], 2774094101, 30.525044, 2588848963, 1198, 32.132191
node[3], 1277901399, 30.525044, 2588848963, 1198, 64.153296
node[3], 1277901399, 30.539067, 2774094101, 1199, 32.021200
node[1], 2588848963, 30.539067, 2774094101, 1199, 32.132191
node[0], 2357136044, 30.539067, 2774094101, 1199, 64.153296
node[1], 2588848963, 30.545746, 2357136044, 1200, 32.021200
node[2], 2774094101, 30.545746, 2357136044, 1200, 64.153296
node[3], 1277901399, 30.545746, 2357136044, 1200, 96.174464
node[2], 2774094101, 30.601193, 1277901399, 1201, 32.021200
node[1], 2588848963, 30.601193, 1277901399, 1201, 64.153296
node[0], 2357136044, 30.601193, 1277901399, 1201, 96.174464
node[0], 2357136044, 30.625044, 2588848963, 1202, 32.021200
node[2], 2774094101, 30.625044, 2588848963, 1202, 32.132191
node[3], 1277901399, 30.625044, 2588848963, 1202, 64.153296
node[3], 1277901399, 30.639067, 2774094101, 1203, 32.021200
node[1], 2588848963, 30.639067, 2774094101, 1203, 32.132191
node[0], 2357136044, 30.639067, 2774094101, 1203, 64.153296
node[1], 2588848963, 30.645746, 2357136044, 1204, 32.021200
node[2], 2774094101, 30.645746, 2357136044, 1204, 64.153296
node[3], 1277901399, 30.645746, 2357136044, 1204, 96.174464
node[2], 2774094101, 30.701193, 1277901399, 1205, 32.021200
node[1], 2588848963, 30.701193, 1277901399, 1205, 64.153296
node[0], 2357136044, 30.701193, 1277901399, 1205, 96.174464
node[1], 2588848963, 30.746745, 2357136044, 1208, 32.021200
node[2], 2774094101, 30.746745, 2357136044, 1208, 64.153296
node[3], 1277901399, 30.746745, 2357136044, 1208, 96.174464
node[0], 2357136044, 30.749043, 2588848963, 1206, 32.021200
node[2], 2774094101, 30.749043, 2588848963, 1206, 32.132191
node[3], 1277901399, 30.749043, 2588848963, 1206, 64.153296
node[3], 1277901399, 30.762067, 2774094101, 1207, 32.021200
node[1], 2588848963, 30.762067, 2774094101, 1207, 32.132191
node[0], 2357136044, 30.762067, 2774094101, 1207, 64.153296
node[2], 2774094101, 30.820192, 1277901399, 1209, 32.021200
node[1], 2588848963, 30.820192, 1277901399, 1209, 64.153296
node[0], 2357136044, 30.820192, 1277901399, 1209, 96.174464
node[0], 2357136044, 30.837043, 2588848963, 1210, 32.021200
node[2], 2774094101, 30.837043, 2588848963, 1210, 32.132191
node[3], 1277901399, 30.837043, 2588848963, 1210, 64.153296
node[3], 1277901399, 30.839067, 2774094101, 1211, 32.021200
node[1], 2588848963, 30.839067, 2774094101, 1211, 32.132191
node[0], 2357136044, 30.839067, 2774094101, 1211, 64.153296
node[1], 2588848963, 30.845746, 2357136044, 1212, 32.021200
node[2], 2774094101, 30.845746, 2357136044, 1212, 64.153296
node[3], 1277901399, 30.845746, 2357136044, 1212, 96.174464
node[2], 2774094101, 30.901193, 1277901399, 1213, 32.021200
node[1], 2588848963, 30.901193, 1277901399, 1213, 64.153296
node[0], 2357136044, 30.901193, 1277901399, 1213, 96.174464
node[3], 1277901399, 30.939067, 2774094101, 1215, 32.021200
node[1], 2588848963, 30.939067, 2774094101, 1215, 32.132191
node[0], 2357136044, 30.939067, 2774094101, 1215, 64.153296
node[1], 2588848963, 30.945746, 2357136044, 1216, 32.021200
node[2], 2774094101, 30.945746, 2357136044, 1216, 64.153296
node[3], 1277901399, 30.945746, 2357136044, 1216, 96.174464
node[0], 2357136044, 30.949043, 2588848963, 1214, 32.021200
node[2], 2774094101, 30.949043, 2588848963, 1214, 32.132191
node[3], 1277901399, 30.949043, 2588848963, 1214, 64.153296
node[2], 2774094101, 31.019192, 1277901399, 1217, 32.021200
node[1], 2588848963, 31.019192, 1277901399, 1217, 64.153296
node[0], 2357136044, 31.019192, 1277901399, 1217, 96.174464
node[3], 1277901399, 31.042067, 2774094101, 1219, 32.021200
node[1], 2588848963, 31.042067, 2774094101, 1219, 32.132191
node[0], 2357136044, 31.042067, 2774094101, 1219, 64.153296
node[1], 2588848963, 31.045746, 2357136044, 1220, 32.021200
node[2], 2774094101, 31.045746, 2357136044, 1220, 64.153296
node[3], 1277901399, 31.045746, 2357136044, 1220, 96.174464
node[0], 2357136044, 31.047043, 2588848963, 1218, 32.021200
node[2], 2774094101, 31.047043, 2588848963, 1218, 32.132191
node[3], 1277901399, 31.047043, 2588848963, 1218, 64.153296
node[2], 2774094101, 31.101193, 1277901399, 1221, 32.021200
node[1], 2588848963, 31.101193, 1277901399, 1221, 64.153296
node[0], 2357136044, 31.101193, 1277901399, 1221, 96.174464
node[0], 2357136044, 31.125044, 2588848963, 1222, 32.021200
node[2], 2774094101, 31.125044, 2588848963, 1222, 32.132191
node[3], 1277901399, 31.125044, 2588848963, 1222, 64.153296
node[3], 1277901399, 31.142067, 2774094101, 1223, 32.021200
node[1], 2588848963, 31.142067, 2774094101, 1223, 32.132191
node[0], 2357136044, 31.142067, 2774094101, 1223, 64.153296
node[1], 2588848963, 31.145746, 2357136044, 1224, 32.021200
node[2], 2774094101, 31.145746, 2357136044, 1224, 64.153296
node[3], 1277901399, 31.145746, 2357136044, 1224, 96.174464
node[2], 2774094101, 31.216192, 1277901399, 1225, 32.021200
node[1], 2588848963, 31.216192, 1277901399, 1225, 64.153296
node[0], 2357136044, 31.216192, 1277901399, 1225, 96.174464
node[3], 1277901399, 31.239067, 2774094101, 1227, 32.021200
node[1], 2588848963, 31.239067, 2774094101, 1227, 32.132191
node[0], 2357136044, 31.239067, 2774094101, 1227, 64.153296
node[0], 2357136044, 31.244043, 2588848963, 1226, 32.021200
node[2], 2774094101, 31.244043, 2588848963, 1226, 32.132191
node[3], 1277901399, 31.244043, 2588848963, 1226, 64.153296
node[1], 2588848963, 31.245746, 2357136044, 1228, 32.021200
node[2], 2774094101, 31.245746, 2357136044, 1228, 64.153296
node[3], 1277901399, 31.245746, 2357136044, 1228, 96.174464
node[2], 2774094101, 31.301193, 1277901399, 1229, 32.021200
node[1], 2588848963, 31.301193, 1277901399, 1229, 64.153296
node[0], 2357136044, 31.301193, 1277901399, 1229, 96.174464
node[0], 2357136044, 31.325044, 2588848963, 1230, 32.021200
node[2], 2774094101, 31.325044, 2588848963, 1230, 32.132191
node[3], 1277901399, 31.325044, 2588848963, 1230, 64.153296
node[3], 1277901399, 31.339067, 2774094101, 1231, 32.021200
node[1], 2588848963, 31.339067, 2774094101, 1231, 32.132191
node[0], 2357136044, 31.339067, 2774094101, 1231, 64.153296
node[1], 2588848963, 31.345746, 2357136044, 1232, 32.021200
node[2], 2774094101, 31.345746, 2357136044, 1232, 64.153296
node[3], 1277901399, 31.345746, 2357136044, 1232, 96.174464
node[2], 2774094101, 31.401193, 1277901399, 1233, 32.021200
node[1], 2588848963, 31.401193, 1277901399, 1233, 64.153296
node[0], 2357136044, 31.401193, 1277901399, 1233, 96.174464
node[0], 2357136044, 31.425044, 2588848963, 1234, 32.021200
node[2], 2774094101, 31.425044, 2588848963, 1234, 32.132191
node[3], 1277901399, 31.425044, 2588848963, 1234, 64.153296
node[3], 1277901399, 31.439067, 2774094101, 1235, 32.021200
node[1], 2588848963, 31.439067, 2774094101, 1235, 32.132191
node[0], 2357136044, 31.439067, 2774094101, 1235, 64.153296
node[1], 2588848963, 31.445746, 2357136044, 1236, 32.021200
node[2], 2774094101, 31.445746, 2357136044, 1236, 64.153296
node[3], 1277901399, 31.445746, 2357136044, 1236, 96.174464
node[2], 2774094101, 31.501193, 1277901399, 1237, 32.021200
node[1], 2588848963, 31.501193, 1277901399, 1237, 64.153296
node[0], 2357136044, 31.501193, 1277901399, 1237, 96.174464
node[0], 2357136044, 31.525044, 2588848963, 1238, 32.021200
node[2], 2774094101, 31.525044, 2588848963, 1238, 32.132191
node[3], 1277901399, 31.525044, 2588848963, 1238, 64.153296
node[3], 1277901399, 31.539067, 2774094101, 1239, 32.021200
node[1], 2588848963, 31.539067, 2774094101, 1239, 32.132191
node[0], 2357136044, 31.539067, 2774094101, 1239, 64.153296
node[1], 2588848963, 31.545746, 2357136044, 1240, 32.021200
node[2], 2774094101, 31.545746, 2357136044, 1240, 64.153296
node[3], 1277901399, 31.545746, 2357136044, 1240, 96.174464
node[2], 2774094101, 31.601193, 1277901399, 1241, 32.021200
node[1], 2588848963, 31.601193, 1277901399, 1241, 64.153296
node[0], 2357136044, 31.601193, 1277901399, 1241, 96.174464
node[0], 2357136044, 31.625044, 2588848963, 1242, 32.021200
node[2], 2774094101, 31.625044, 2588848963, 1242, 32.132191
node[3], 1277901399, 31.625044, 2588848963, 1242, 64.153296
node[1], 2588848963, 31.650828, 2357136044, 1244, 32.021200
node[2], 2774094101, 31.650828, 2357136044, 1244, 64.153296
node[3], 1277901399, 31.650828, 2357136044, 1244, 96.174464
node[3], 1277901399, 31.663067, 2774094101, 1243, 32.021200
node[1], 2588848963, 31.663067, 2774094101, 1243, 32.132191
node[0], 2357136044, 31.663067, 2774094101, 1243, 64.153296
node[2], 2774094101, 31.723192, 1277901399, 1245, 32.021200
node[1], 2588848963, 31.723192, 1277901399, 1245, 64.153296
node[0], 2357136044, 31.723192, 1277901399, 1245, 96.174464
node[0], 2357136044, 31.725044, 2588848963, 1246, 32.021200
node[2], 2774094101, 31.725044, 2588848963, 1246, 32.132191
node[3], 1277901399, 31.725044, 2588848963, 1246, 64.153296
node[3], 1277901399, 31.739067, 2774094101, 1247, 32.021200
node[1], 2588848963, 31.739067, 2774094101, 1247, 32.132191
node[0], 2357136044, 31.739067, 2774094101, 1247, 64.153296
node[1], 2588848963, 31.745746, 2357136044, 1248, 32.021200
node[2], 2774094101, 31.745746, 2357136044, 1248, 64.153296
node[3], 1277901399, 31.745746, 2357136044, 1248, 96.174464
node[2], 2774094101, 31.801193, 1277901399, 1249, 32.021200
node[1], 2588848963, 31.801193, 1277901399, 1249, 64.153296
node[0], 2357136044, 31.801193, 1277901399, 1249, 96.174464
node[0], 2357136044, 31.825044, 2588848963, 1250, 32.021200
node[2], 2774094101, 31.825044, 2588848963, 1250, 32.132191
node[3], 1277901399, 31.825044, 2588848963, 1250, 64.153296
node[3], 1277901399, 31.839067, 2774094101, 1251, 32.021200
node[1], 2588848963, 31.839067, 2774094101, 1251, 32.132191
node[0], 2357136044, 31.839067, 2774094101, 1251, 64.153296
node[1], 2588848963, 31.845746, 2357136044, 1252, 32.021200
node[2], 2774094101, 31.845746, 2357136044, 1252, 64.153296
node[3], 1277901399, 31.845746, 2357136044, 1252, 96.174464
node[2], 2774094101, 31.901193, 1277901399, 1253, 32.021200
node[1], 2588848963, 31.901193, 1277901399, 1253, 64.153296
node[0], 2357136044, 31.901193, 1277901399, 1253, 96.174464
node[0], 2357136044, 31.925044, 2588848963, 1254, 32.021200
node[2], 2774094101, 31.925044, 2588848963, 1254, 32.132191
node[3], 1277901399, 31.925044, 2588848963, 1254, 64.153296
node[1], 2588848963, 31.945746, 2357136044, 1256, 32.021200
node[2], 2774094101, 31.945746, 2357136044, 1256, 64.153296
node[3], 1277901399, 31.945746, 2357136044, 1256, 96.174464
node[3], 1277901399, 31.959067, 2774094101, 1255, 32.021200
node[1], 2588848963, 31.959067, 2774094101, 1255, 32.132191
node[0], 2357136044, 31.959067, 2774094101, 1255, 64.153296
node[2], 2774094101, 32.012192, 1277901399, 1257, 32.021200
node[1], 2588848963, 32.012192, 1277901399, 1257, 64.153296
node[0], 2357136044, 32.012192, 1277901399, 1257, 96.174464
node[0], 2357136044, 32.025044, 2588848963, 1258, 32.021200
node[2], 2774094101, 32.025044, 2588848963, 1258, 32.132191
node[3], 1277901399, 32.025044, 2588848963, 1258, 64.153296
node[3], 1277901399, 32.039067, 2774094101, 1259, 32.021200
node[1], 2588848963, 32.039067, 2774094101, 1259, 32.132191
node[0], 2357136044, 32.039067, 2774094101, 1259, 64.153296
node[1], 2588848963, 32.045746, 2357136044, 1260, 32.021200
node[2], 2774094101, 32.045746, 2357136044, 1260, 64.153296
node[3], 1277901399, 32.045746, 2357136044, 1260, 96.174464
node[2], 2774094101, 32.115192, 1277901399, 1261, 32.021200
node[1], 2588848963, 32.115192, 1277901399, 1261, 64.153296
node[0], 2357136044, 32.115192, 1277901399, 1261, 96.174464
node[0], 2357136044, 32.125044, 2588848963, 1262, 32.021200
node[2], 2774094101, 32.125044, 2588848963, 1262, 32.132191
node[3], 1277901399, 32.125044, 2588848963, 1262, 64.153296
node[1], 2588848963, 32.145746, 2357136044, 1264, 32.021200
node[2], 2774094101, 32.145746, 2357136044, 1264, 64.153296
node[3], 1277901399, 32.145746, 2357136044, 1264, 96.174464
node[3], 1277901399, 32.164067, 2774094101, 1263, 32.021200
node[1], 2588848963, 32.164067, 2774094101, 1263, 32.132191
node[0], 2357136044, 32.164067, 2774094101, 1263, 64.153296
node[2], 2774094101, 32.201193, 1277901399, 1265, 32.021200
node[1], 2588848963, 32.201193, 1277901399, 1265, 64.153296
node[0], 2357136044, 32.201193, 1277901399, 1265, 96.174464
node[0], 2357136044, 32.225044, 2588848963, 1266, 32.021200
node[2], 2774094101, 32.225044, 2588848963, 1266, 32.132191
node[3], 1277901399, 32.225044, 2588848963, 1266, 64.153296
node[3], 1277901399, 32.239067, 2774094101, 1267, 32.021200
node[1], 2588848963, 32.239067, 2774094101, 1267, 32.132191
node[0], 2357136044, 32.239067, 2774094101, 1267, 64.153296
node[1], 2588848963, 32.245746, 2357136044, 1268, 32.021200
node[2], 2774094101, 32.245746, 2357136044, 1268, 64.153296
node[3], 1277901399, 32.245746, 2357136044, 1268, 96.174464
node[2], 2774094101, 32.301193, 1277901399, 1269, 32.021200
node[1], 2588848963, 32.301193, 1277901399, 1269, 64.153296
node[0], 2357136044, 32.301193, 1277901399, 1269, 96.174464
node[0], 2357136044, 32.325044, 2588848963, 1270, 32.021200
node[2], 2774094101, 32.325044, 2588848963, 1270, 32.132191
node[3], 1277901399, 32.325044, 2588848963, 1270, 64.153296
node[1], 2588848963, 32.355745, 2357136044, 1272, 32.021200
node[2], 2774094101, 32.355745, 2357136044, 1272, 64.153296
node[3], 1277901399, 32.355745, 2357136044, 1272, 96.174464
node[3], 1277901399, 32.362067, 2774094101, 1271, 32.021200
node[1], 2588848963, 32.362067, 2774094101, 1271, 32.132191
node[0], 2357136044, 32.362067, 2774094101, 1271, 64.153296
node[2], 2774094101, 32.421192, 1277901399, 1273, 32.021200
node[1], 2588848963, 32.421192, 1277901399, 1273, 64.153296
node[0], 2357136044, 32.421192, 1277901399, 1273, 96.174464
node[0], 2357136044, 32.425044, 2588848963, 1274, 32.021200
node[2], 2774094101, 32.425044, 2588848963, 1274, 32.132191
node[3], 1277901399, 32.425044, 2588848963, 1274, 64.153296
node[1], 2588848963, 32.452745, 2357136044, 1276, 32.021200
node[2], 2774094101, 32.452745, 2357136044, 1276, 64.153296
node[3], 1277901399, 32.452745, 2357136044, 1276, 96.174464
node[3], 1277901399, 32.456067, 2774094101, 1275, 32.021200
node[1], 2588848963, 32.456067, 2774094101, 1275, 32.132191
node[0], 2357136044, 32.456067, 2774094101, 1275, 64.153296
node[2], 2774094101, 32.501193, 1277901399, 1277, 32.021200
node[1], 2588848963, 32.501193, 1277901399, 1277, 64.153296
node[0], 2357136044, 32.501193, 1277901399, 1277, 96.174464
node[0], 2357136044, 32.525044, 2588848963, 1278, 32.021200
node[2], 2774094101, 32.525044, 2588848963, 1278, 32.132191
node[3], 1277901399, 32.525044, 2588848963, 1278, 64.153296
node[3], 1277901399, 32.539067, 2774094101, 1279, 32.021200
node[1], 2588848963, 32.539067, 2774094101, 1279, 32.132191
node[0], 2357136044, 32.539067, 2774094101, 1279, 64.153296
node[1], 2588848963, 32.545746, 2357136044, 1280, 32.021200
node[2], 2774094101, 32.545746, 2357136044, 1280, 64.153296
node[3], 1277901399, 32.545746, 2357136044, 1280, 96.174464
node[2], 2774094101, 32.612192, 1277901399, 1281, 32.021200
node[1], 2588848963, 32.612192, 1277901399, 1281, 64.153296
node[0], 2357136044, 32.612192, 1277901399, 1281, 96.174464
node[0], 2357136044, 32.629043, 2588848963, 1282, 32.021200
node[2], 2774094101, 32.629043, 2588848963, 1282, 32.132191
node[3], 1277901399, 32.629043, 2588848963, 1282, 64.153296
node[3], 1277901399, 32.639479, 2774094101, 1283, 32.021200
node[1], 2588848963, 32.639479, 2774094101, 1283, 32.132191
node[0], 2357136044, 32.639479, 2774094101, 1283, 64.153296
node[1], 2588848963, 32.663745, 2357136044, 1284, 32.021200
node[2], 2774094101, 32.663745, 2357136044, 1284, 64.153296
node[3], 1277901399, 32.663745, 2357136044, 1284, 96.174464
node[2], 2774094101, 32.701193, 1277901399, 1285, 32.021200
node[1], 2588848963, 32.701193, 1277901399, 1285, 64.153296
node[0], 2357136044, 32.701193, 1277901399, 1285, 96.174464
node[3], 1277901399, 32.745067, 2774094101, 1287, 32.021200
node[1], 2588848963, 32.745067, 2774094101, 1287, 32.132191
node[0], 2357136044, 32.745067, 2774094101, 1287, 64.153296
node[1], 2588848963, 32.745746, 2357136044, 1288, 32.021200
node[2], 2774094101, 32.745746, 2357136044, 1288, 64.153296
node[3], 1277901399, 32.745746, 2357136044, 1288, 96.174464
node[0], 2357136044, 32.746375, 2588848963, 1286, 32.021200
node[2], 2774094101, 32.746375, 2588848963, 1286, 32.132191
node[3], 1277901399, 32.746375, 2588848963, 1286, 64.153296
node[2], 2774094101, 32.808192, 1277901399, 1289, 32.021200
node[1], 2588848963, 32.808192, 1277901399, 1289, 64.153296
node[0], 2357136044, 32.808192, 1277901399, 1289, 96.174464
node[1], 2588848963, 32.845746, 2357136044, 1292, 32.021200
node[2], 2774094101, 32.845746, 2357136044, 1292, 64.153296
node[3], 1277901399, 32.845746, 2357136044, 1292, 96.174464
node[0], 2357136044, 32.849043, 2588848963, 1290, 32.021200
node[2], 2774094101, 32.849043, 2588848963, 1290, 32.132191
node[3], 1277901399, 32.849043, 2588848963, 1290, 64.153296
node[3], 1277901399, 32.854067, 2774094101, 1291, 32.021200
node[1], 2588848963, 32.854067, 2774094101, 1291, 32.132191
node[0], 2357136044, 32.854067, 2774094101, 1291, 64.153296
node[2], 2774094101, 32.901193, 1277901399, 1293, 32.021200
node[1], 2588848963, 32.901193, 1277901399, 1293, 64.153296
node[0], 2357136044, 32.901193, 1277901399, 1293, 96.174464
node[0], 2357136044, 32.925044, 2588848963, 1294, 32.021200
node[2], 2774094101, 32.925044, 2588848963, 1294, 32.132191
node[3], 1277901399, 32.925044, 2588848963, 1294, 64.153296
node[1], 2588848963, 32.945746, 2357136044, 1296, 32.021200
node[2], 2774094101, 32.945746, 2357136044, 1296, 64.153296
node[3], 1277901399, 32.945746, 2357136044, 1296, 96.174464
node[3], 1277901399, 32.955067, 2774094101, 1295, 32.021200
node[1], 2588848963, 32.955067, 2774094101, 1295, 32.132191
node[0], 2357136044, 32.955067, 2774094101, 1295, 64.153296
node[2], 2774094101, 33.018192, 1277901399, 1297, 32.021200
node[1], 2588848963, 33.018192, 1277901399, 1297, 64.153296
node[0], 2357136044, 33.018192, 1277901399, 1297, 96.174464
node[0], 2357136044, 33.025044, 2588848963, 1298, 32.021200
node[2], 2774094101, 33.025044, 2588848963, 1298, 32.132191
node[3], 1277901399, 33.025044, 2588848963, 1298, 64.153296
node[3], 1277901399, 33.039067, 2774094101, 1299, 32.021200
node[1], 2588848963, 33.039067, 2774094101, 1299, 32.132191
node[0], 2357136044, 33.039067, 2774094101, 1299, 64.153296
node[1], 2588848963, 33.045746, 2357136044, 1300, 32.021200
node[2], 2774094101, 33.045746, 2357136044, 1300, 64.153296
node[3], 1277901399, 33.045746, 2357136044, 1300, 96.174464
node[2], 2774094101, 33.101193, 1277901399, 1301, 32.021200
node[1], 2588848963, 33.101193, 1277901399, 1301, 64.153296
node[0], 2357136044, 33.101193, 1277901399, 1301, 96.174464
node[0], 2357136044, 33.125044, 2588848963, 1302, 32.021200
node[2], 2774094101, 33.125044, 2588848963, 1302, 32.132191
node[3], 1277901399, 33.125044, 2588848963, 1302, 64.153296
node[3], 1277901399, 33.139067, 2774094101, 1303, 32.021200
node[1], 2588848963, 33.139067, 2774094101, 1303, 32.132191
node[0], 2357136044, 33.139067, 2774094101, 1303, 64.153296
node[1], 2588848963, 33.145746, 2357136044, 1304, 32.021200
node[2], 2774094101, 33.145746, 2357136044, 1304, 64.153296
node[3], 1277901399, 33.145746, 2357136044, 1304, 96.174464
node[2], 2774094101, 33.209192, 1277901399, 1305, 32.021200
node[1], 2588848963, 33.209192, 1277901399, 1305, 64.153296
node[0], 2357136044, 33.209192, 1277901399, 1305, 96.174464
node[0], 2357136044, 33.225044, 2588848963, 1306, 32.021200
node[2], 2774094101, 33.225044, 2588848963, 1306, 32.132191
node[3], 1277901399, 33.225044, 2588848963, 1306, 64.153296
node[3], 1277901399, 33.252067, 2774094101, 1307, 32.021200
node[1], 2588848963, 33.252067, 2774094101, 1307, 32.132191
node[0], 2357136044, 33.252067, 2774094101, 1307, 64.153296
node[1], 2588848963, 33.255745, 2357136044, 1308, 32.021200
node[2], 2774094101, 33.255745, 2357136044, 1308, 64.153296
node[3], 1277901399, 33.255745, 2357136044, 1308, 96.174464
node[2], 2774094101, 33.301193, 1277901399, 1309, 32.021200
node[1], 2588848963, 33.301193, 1277901399, 1309, 64.153296
node[0], 2357136044, 33.301193, 1277901399, 1309, 96.174464
node[0], 2357136044, 33.325044, 2588848963, 1310, 32.021200
node[2], 2774094101, 33.325044, 2588848963, 1310, 32.132191
node[3], 1277901399, 33.325044, 2588848963, 1310, 64.153296
node[3], 1277901399, 33.339067, 2774094101, 1311, 32.021200
node[1], 2588848963, 33.339067, 2774094101, 1311, 32.132191
node[0], 2357136044, 33.339067, 2774094101, 1311, 64.153296
node[1], 2588848963, 33.361745, 2357136044, 1312, 32.021200
node[2], 2774094101, 33.361745, 2357136044, 1312, 64.153296
node[3], 1277901399, 33.361745, 2357136044, 1312, 96.174464
node[2], 2774094101, 33.426192, 1277901399, 1313, 32.021200
node[1], 2588848963, 33.426192, 1277901399, 1313, 64.153296
node[0], 2357136044, 33.426192, 1277901399, 1313, 96.174464
node[0], 2357136044, 33.427043, 2588848963, 1314, 32.021200
node[2], 2774094101, 33.427043, 2588848963, 1314, 32.132191
node[3], 1277901399, 33.427043, 2588848963, 1314, 64.153296
node[1], 2588848963, 33.445746, 2357136044, 1316, 32.021200
node[2], 2774094101, 33.445746, 2357136044, 1316, 64.153296
node[3], 1277901399, 33.445746, 2357136044, 1316, 96.174464
node[3], 1277901399, 33.447067, 2774094101, 1315, 32.021200
node[1], 2588848963, 33.447067, 2774094101, 1315, 32.132191
node[0], 2357136044, 33.447067, 2774094101, 1315, 64.153296
node[0], 2357136044, 33.525044, 2588848963, 1318, 32.021200
node[2], 2774094101, 33.525044, 2588848963, 1318, 32.132191
node[3], 1277901399, 33.525044, 2588848963, 1318, 64.153296
node[2], 2774094101, 33.526192, 1277901399, 1317, 32.021200
node[1], 2588848963, 33.526192, 1277901399, 1317, 64.153296
node[0], 2357136044, 33.526192, 1277901399, 1317, 96.174464
node[3], 1277901399, 33.541067, 2774094101, 1319, 32.021200
node[1], 2588848963, 33.541067, 2774094101, 1319, 32.132191
node[0], 2357136044, 33.541067, 2774094101, 1319, 64.153296
node[1], 2588848963, 33.562745, 2357136044, 1320, 32.021200
node[2], 2774094101, 33.562745, 2357136044, 1320, 64.153296
node[3], 1277901399, 33.562745, 2357136044, 1320, 96.174464
node[2], 2774094101, 33.601193, 1277901399, 1321, 32.021200
node[1], 2588848963, 33.601193, 1277901399, 1321, 64.153296
node[0], 2357136044, 33.601193, 1277901399, 1321, 96.174464
node[3], 1277901399, 33.639067, 2774094101, 1323, 32.021200
node[1], 2588848963, 33.639067, 2774094101, 1323, 32.132191
node[0], 2357136044, 33.639067, 2774094101, 1323, 64.153296
node[1], 2588848963, 33.645746, 2357136044, 1324, 32.021200
node[2], 2774094101, 33.645746, 2357136044, 1324, 64.153296
node[3], 1277901399, 33.645746, 2357136044, 1324, 96.174464
node[0], 2357136044, 33.649043, 2588848963, 1322, 32.021200
node[2], 2774094101, 33.649043, 2588848963, 1322, 32.132191
node[3], 1277901399, 33.649043, 2588848963, 1322, 64.153296
node[2], 2774094101, 33.701193, 1277901399, 1325, 32.021200
node[1], 2588848963, 33.701193, 1277901399, 1325, 64.153296
node[0], 2357136044, 33.701193, 1277901399, 1325, 96.174464
node[0], 2357136044, 33.725044, 2588848963, 1326, 32.021200
node[2], 2774094101, 33.725044, 2588848963, 1326, 32.132191
node[3], 1277901399, 33.725044, 2588848963, 1326, 64.153296
node[1], 2588848963, 33.745746, 2357136044, 1328, 32.021200
node[2], 2774094101, 33.745746, 2357136044, 1328, 64.153296
node[3], 1277901399, 33.745746, 2357136044, 1328, 96.174464
node[3], 1277901399, 33.761067, 2774094101, 1327, 32.021200
node[1], 2588848963, 33.761067, 2774094101, 1327, 32.132191
node[0], 2357136044, 33.761067, 2774094101, 1327, 64.153296
node[2], 2774094101, 33.801193, 1277901399, 1329, 32.021200
node[1], 2588848963, 33.801193, 1277901399, 1329, 64.153296
node[0], 2357136044, 33.801193, 1277901399, 1329, 96.174464
node[0], 2357136044, 33.825044, 2588848963, 1330, 32.021200
node[2], 2774094101, 33.825044, 2588848963, 1330, 32.132191
node[3], 1277901399, 33.825044, 2588848963, 1330, 64.153296
node[3], 1277901399, 33.839067, 2774094101, 1331, 32.021200
node[1], 2588848963, 33.839067, 2774094101, 1331, 32.132191
node[0], 2357136044, 33.839067, 2774094101, 1331, 64.153296
node[1], 2588848963, 33.854745, 2357136044, 1332, 32.021200
node[2], 2774094101, 33.854745, 2357136044, 1332, 64.153296
node[3], 1277901399, 33.854745, 2357136044, 1332, 96.174464
node[2], 2774094101, 33.901193, 1277901399, 1333, 32.021200
node[1], 2588848963, 33.901193, 1277901399, 1333, 64.153296
node[0], 2357136044, 33.901193, 1277901399, 1333, 96.174464
node[0], 2357136044, 33.925044, 2588848963, 1334, 32.021200
node[2], 2774094101, 33.925044, 2588848963, 1334, 32.132191
node[3], 1277901399, 33.925044, 2588848963, 1334, 64.153296
node[3], 1277901399, 33.941067, 2774094101, 1335, 32.021200
node[1], 2588848963, 33.941067, 2774094101, 1335, 32.132191
node[0], 2357136044, 33.941067, 2774094101, 1335, 64.153296
node[1], 2588848963, 33.945965, 2357136044, 1336, 32.021200
node[2], 2774094101, 33.945966, 2357136044, 1336, 64.153296
node[3], 1277901399, 33.945966, 2357136044, 1336, 96.174464
node[2], 2774094101, 34.013192, 1277901399, 1337, 32.021200
node[1], 2588848963, 34.013192, 1277901399, 1337, 64.153296
node[0], 2357136044, 34.013192, 1277901399, 1337, 96.174464
node[0], 2357136044, 34.025044, 2588848963, 1338, 32.021200
node[2], 2774094101, 34.025044, 2588848963, 1338, 32.132191
node[3], 1277901399, 34.025044, 2588848963, 1338, 64.153296
node[3], 1277901399, 34.039067, 2774094101, 1339, 32.021200
node[1], 2588848963, 34.039067, 2774094101, 1339, 32.132191
node[0], 2357136044, 34.039067, 2774094101, 1339, 64.153296
node[1], 2588848963, 34.045746, 2357136044, 1340, 32.021200
node[2], 2774094101, 34.045746, 2357136044, 1340, 64.153296
node[3], 1277901399, 34.045746, 2357136044, 1340, 96.174464
node[2], 2774094101, 34.118192, 1277901399, 1341, 32.021200
node[1], 2588848963, 34.118192, 1277901399, 1341, 64.153296
node[0], 2357136044, 34.118192, 1277901399, 1341, 96.174464
node[3], 1277901399, 34.139466, 2774094101, 1343, 32.021200
node[1], 2588848963, 34.139466, 2774094101, 1343, 32.132191
node[0], 2357136044, 34.139466, 2774094101, 1343, 64.153296
node[0], 2357136044, 34.144043, 2588848963, 1342, 32.021200
node[2], 2774094101, 34.144043, 2588848963, 1342, 32.132191
node[3], 1277901399, 34.144043, 2588848963, 1342, 64.153296
node[1], 2588848963, 34.163745, 2357136044, 1344, 32.021200
node[2], 2774094101, 34.163745, 2357136044, 1344, 64.153296
node[3], 1277901399, 34.163745, 2357136044, 1344, 96.174464
node[2], 2774094101, 34.201193, 1277901399, 1345, 32.021200
node[1], 2588848963, 34.201193, 1277901399, 1345, 64.153296
node[0], 2357136044, 34.201193, 1277901399, 1345, 96.174464
node[0], 2357136044, 34.225044, 2588848963, 1346, 32.021200
node[2], 2774094101, 34.225044, 2588848963, 1346, 32.132191
node[3], 1277901399, 34.225044, 2588848963, 1346, 64.153296
node[3], 1277901399, 34.239067, 2774094101, 1347, 32.021200
node[1], 2588848963, 34.239067, 2774094101, 1347, 32.132191
node[0], 2357136044, 34.239067, 2774094101, 1347, 64.153296
node[1], 2588848963, 34.257745, 2357136044, 1348, 32.021200
node[2], 2774094101, 34.257745, 2357136044, 1348, 64.153296
node[3], 1277901399, 34.257745, 2357136044, 1348, 96.174464
node[2], 2774094101, 34.319192, 1277901399, 1349, 32.021200
node[1], 2588848963, 34.319192, 1277901399, 1349, 64.153296
node[0], 2357136044, 34.319192, 1277901399, 1349, 96.174464
node[0], 2357136044, 34.325044, 2588848963, 1350, 32.021200
node[2], 2774094101, 34.325044, 2588848963, 1350, 32.132191
node[3], 1277901399, 34.325044, 2588848963, 1350, 64.153296
node[3], 1277901399, 34.339067, 2774094101, 1351, 32.021200
node[1], 2588848963, 34.339067, 2774094101, 1351, 32.132191
node[0], 2357136044, 34.339067, 2774094101, 1351, 64.153296
node[1], 2588848963, 34.345746, 2357136044, 1352, 32.021200
node[2], 2774094101, 34.345746, 2357136044, 1352, 64.153296
node[3], 1277901399, 34.345746, 2357136044, 1352, 96.174464
node[2], 2774094101, 34.403192, 1277901399, 1353, 32.021200
node[1], 2588848963, 34.403192, 1277901399, 1353, 64.042496
node[0], 2357136044, 34.403192, 1277901399, 1353, 96.174464
node[0], 2357136044, 34.425044, 2588848963, 1354, 32.132000
node[2], 2774094101, 34.425044, 2588848963, 1354, 32.021392
node[3], 1277901399, 34.425044, 2588848963, 1354, 64.042496
node[3], 1277901399, 34.439067, 2774094101, 1355, 32.021200
node[1], 2588848963, 34.439067, 2774094101, 1355, 32.021392
node[0], 2357136044, 34.439067, 2774094101, 1355, 64.153296
node[1], 2588848963, 34.445746, 2357136044, 1356, 32.132000
node[2], 2774094101, 34.445746, 2357136044, 1356, 64.153296
node[3], 1277901399, 34.445746, 2357136044, 1356, 96.174464
node[2], 2774094101, 34.517192, 1277901399, 1357, 32.021200
node[1], 2588848963, 34.517192, 1277901399, 1357, 64.042496
node[0], 2357136044, 34.517192, 1277901399, 1357, 96.174464
node[0], 2357136044, 34.525044, 2588848963, 1358, 32.132000
node[2], 2774094101, 34.525044, 2588848963, 1358, 32.021392
node[3], 1277901399, 34.525044, 2588848963, 1358, 64.042496
node[3], 1277901399, 34.545067, 2774094101, 1359, 32.021200
node[1], 2588848963, 34.545067, 2774094101, 1359, 32.021392
node[0], 2357136044, 34.545067, 2774094101, 1359, 64.153296
node[1], 2588848963, 34.553745, 2357136044, 1360, 32.132000
node[2], 2774094101, 34.553745, 2357136044, 1360, 64.153296
node[3], 1277901399, 34.553745, 2357136044, 1360, 96.174464
node[2], 2774094101, 34.615192, 1277901399, 1361, 32.021200
node[1], 2588848963, 34.615192, 1277901399, 1361, 64.042496
node[0], 2357136044, 34.615192, 1277901399, 1361, 96.174464
node[0], 2357136044, 34.639043, 2588848963, 1362, 32.132000
node[2], 2774094101, 34.639043, 2588848963, 1362, 32.021392
node[3], 1277901399, 34.639043, 2588848963, 1362, 64.042496
node[3], 1277901399, 34.639646, 2774094101, 1363, 32.021200
node[1], 2588848963, 34.639646, 2774094101, 1363, 32.021392
node[0], 2357136044, 34.639646, 2774094101, 1363, 64.153296
node[1], 2588848963, 34.645746, 2357136044, 1364, 32.132000
node[2], 2774094101, 34.645746, 2357136044, 1364, 64.153296
node[3], 1277901399, 34.645746, 2357136044, 1364, 96.174464
node[2], 2774094101, 34.705192, 1277901399, 1365, 32.021200
node[1], 2588848963, 34.705192, 1277901399, 1365, 64.042496
node[0], 2357136044, 34.705192, 1277901399, 1365, 96.174464
node[0], 2357136044, 34.725044, 2588848963, 1366, 32.132000
node[2], 2774094101, 34.725044, 2588848963, 1366, 32.021392
node[3], 1277901399, 34.725044, 2588848963, 1366, 64.042496
node[3], 1277901399, 34.739067, 2774094101, 1367, 32.021200
node[1], 2588848963, 34.739067, 2774094101, 1367, 32.021392
node[0], 2357136044, 34.739067, 2774094101, 1367, 64.153296
node[1], 2588848963, 34.745746, 2357136044, 1368, 32.132000
node[2], 2774094101, 34.745746, 2357136044, 1368, 64.153296
node[3], 1277901399, 34.745746, 2357136044, 1368, 96.174464
node[0], 2357136044, 34.825044, 2588848963, 1370, 32.132000
node[2], 2774094101, 34.825044, 2588848963, 1370, 32.021392
node[3], 1277901399, 34.825044, 2588848963, 1370, 64.042496
node[2], 2774094101, 34.825764, 1277901399, 1369, 32.021200
node[1], 2588848963, 34.825764, 1277901399, 1369, 64.042496
node[0], 2357136044, 34.825764, 1277901399, 1369, 96.174464
node[1], 2588848963, 34.848745, 2357136044, 1372, 32.132000
node[2], 2774094101, 34.848745, 2357136044, 1372, 64.153296
node[3], 1277901399, 34.848745, 2357136044, 1372, 96.174464
node[3], 1277901399, 34.855067, 2774094101, 1371, 32.021200
node[1], 2588848963, 34.855067, 2774094101, 1371, 32.021392
node[0], 2357136044, 34.855067, 2774094101, 1371, 64.153296
node[2], 2774094101, 34.901193, 1277901399, 1373, 32.021200
node[1], 2588848963, 34.901193, 1277901399, 1373, 64.042496
node[0], 2357136044, 34.901193, 1277901399, 1373, 96.174464
node[0], 2357136044, 34.937043, 2588848963, 1374, 32.132000
node[2], 2774094101, 34.937043, 2588848963, 1374, 32.021392
node[3], 1277901399, 34.937043, 2588848963, 1374, 64.042496
node[3], 1277901399, 34.939067, 2774094101, 1375, 32.021200
node[1], 2588848963, 34.939067, 2774094101, 1375, 32.021392
node[0], 2357136044, 34.939067, 2774094101, 1375, 64.153296
node[1], 2588848963, 34.968745, 2357136044, 1376, 32.132000
node[2], 2774094101, 34.968745, 2357136044, 1376, 64.153296
node[3], 1277901399, 34.968745, 2357136044, 1376, 96.174464
node[2], 2774094101, 35.001193, 1277901399, 1377, 32.021200
node[1], 2588848963, 35.001193, 1277901399, 1377, 64.042496
node[0], 2357136044, 35.001193, 1277901399, 1377, 96.174464
node[0], 2357136044, 35.025505, 2588848963, 1378, 32.132000
node[2], 2774094101, 35.025505, 2588848963, 1378, 32.021392
node[3], 1277901399, 35.025505, 2588848963, 1378, 64.042496
node[3], 1277901399, 35.043067, 2774094101, 1379, 32.021200
node[1], 2588848963, 35.043067, 2774094101, 1379, 32.021392
node[0], 2357136044, 35.043067, 2774094101, 1379, 64.153296
node[1], 2588848963, 35.049745, 2357136044, 1380, 32.132000
node[2], 2774094101, 35.049745, 2357136044, 1380, 64.153296
node[3], 1277901399, 35.049745, 2357136044, 1380, 96.174464
node[2], 2774094101, 35.101193, 1277901399, 1381, 32.021200
node[1], 2588848963, 35.101193, 1277901399, 1381, 64.042496
node[0], 2357136044, 35.101193, 1277901399, 1381, 96.174464
node[3], 1277901399, 35.139067, 2774094101, 1383, 32.021200
node[1], 2588848963, 35.139067, 2774094101, 1383, 32.021392
node[0], 2357136044, 35.139067, 2774094101, 1383, 64.153296
node[0], 2357136044, 35.146043, 2588848963, 1382, 32.132000
node[2], 2774094101, 35.146043, 2588848963, 1382, 32.021392
node[3], 1277901399, 35.146043, 2588848963, 1382, 64.042496
node[1], 2588848963, 35.166745, 2357136044, 1384, 32.132000
node[2], 2774094101, 35.166745, 2357136044, 1384, 64.153296
node[3], 1277901399, 35.166745, 2357136044, 1384, 96.174464
node[2], 2774094101, 35.201833, 1277901399, 1385, 32.021200
node[1], 2588848963, 35.201833, 1277901399, 1385, 64.042496
node[0], 2357136044, 35.201833, 1277901399, 1385, 96.174464
node[0], 2357136044, 35.225044, 2588848963, 1386, 32.132000
node[2], 2774094101, 35.225044, 2588848963, 1386, 32.021392
node[3], 1277901399, 35.225044, 2588848963, 1386, 64.042496
node[1], 2588848963, 35.245746, 2357136044, 1388, 32.132000
node[2], 2774094101, 35.245746, 2357136044, 1388, 64.153296
node[3], 1277901399, 35.245746, 2357136044, 1388, 96.174464
node[3], 1277901399, 35.250854, 2774094101, 1387, 32.021200
node[1], 2588848963, 35.250854, 2774094101, 1387, 32.021392
node[0], 2357136044, 35.250854, 2774094101, 1387, 64.153296
node[2], 2774094101, 35.301193, 1277901399, 1389, 32.021200
node[1], 2588848963, 35.301193, 1277901399, 1389, 64.042496
node[0], 2357136044, 35.301193, 1277901399, 1389, 96.174464
node[0], 2357136044, 35.325044, 2588848963, 1390, 32.132000
node[2], 2774094101, 35.325044, 2588848963, 1390, 32.021392
node[3], 1277901399, 35.325044, 2588848963, 1390, 64.042496
node[3], 1277901399, 35.339067, 2774094101, 1391, 32.021200
node[1], 2588848963, 35.339067, 2774094101, 1391, 32.021392
node[0], 2357136044, 35.339067, 2774094101, 1391, 64.153296
node[1], 2588848963, 35.365745, 2357136044, 1392, 32.132000
node[2], 2774094101, 35.365745, 2357136044, 1392, 64.153296
node[3], 1277901399, 35.365745, 2357136044, 1392, 96.174464
node[2], 2774094101, 35.409192, 1277901399, 1393, 32.021200
node[1], 2588848963, 35.409192, 1277901399, 1393, 64.042496
node[0], 2357136044, 35.409192, 1277901399, 1393, 96.174464
node[0], 2357136044, 35.441043, 2588848963, 1394, 32.132000
node[2], 2774094101, 35.441043, 2588848963, 1394, 32.021392
node[3], 1277901399, 35.441043, 2588848963, 1394, 64.042496
node[3], 1277901399, 35.444067, 2774094101, 1395, 32.021200
node[1], 2588848963, 35.444067, 2774094101, 1395, 32.021392
node[0], 2357136044, 35.444067, 2774094101, 1395, 64.153296
node[1], 2588848963, 35.447745, 2357136044, 1396, 32.132000
node[2], 2774094101, 35.447745, 2357136044, 1396, 64.153296
node[3], 1277901399, 35.447745, 2357136044, 1396, 96.174464
node[2], 2774094101, 35.501193, 1277901399, 1397, 32.021200
node[1], 2588848963, 35.501193, 1277901399, 1397, 64.042496
node[0], 2357136044, 35.501193, 1277901399, 1397, 96.174464
node[0], 2357136044, 35.532043, 2588848963, 1398, 32.132000
node[2], 2774094101, 35.532043, 2588848963, 1398, 32.021392
node[3], 1277901399, 35.532043, 2588848963, 1398, 64.042496
node[3], 1277901399, 35.543067, 2774094101, 1399, 32.021200
node[1], 2588848963, 35.543067, 2774094101, 1399, 32.021392
node[0], 2357136044, 35.543067, 2774094101, 1399, 64.153296
node[1], 2588848963, 35.545746, 2357136044, 1400, 32.132000
node[2], 2774094101, 35.545746, 2357136044, 1400, 64.153296
node[3], 1277901399, 35.545746, 2357136044, 1400, 96.174464
node[2], 2774094101, 35.601193, 1277901399, 1401, 32.021200
node[1], 2588848963, 35.601193, 1277901399, 1401, 64.042496
node[0], 2357136044, 35.601193, 1277901399, 1401, 96.174464
node[0], 2357136044, 35.625044, 2588848963, 1402, 32.132000
node[2], 2774094101, 35.625044, 2588848963, 1402, 32.021392
node[3], 1277901399, 35.625044, 2588848963, 1402, 64.042496
node[3], 1277901399, 35.639067, 2774094101, 1403, 32.021200
node[1], 2588848963, 35.639067, 2774094101, 1403, 32.021392
node[0], 2357136044, 35.639067, 2774094101, 1403, 64.153296
node[1], 2588848963, 35.669745, 2357136044, 1404, 32.132000
node[2], 2774094101, 35.669745, 2357136044, 1404, 64.153296
node[3], 1277901399, 35.669745, 2357136044, 1404, 96.174464
node[2], 2774094101, 35.714192, 1277901399, 1405, 32.021200
node[1], 2588848963, 35.714192, 1277901399, 1405, 64.042496
node[0], 2357136044, 35.714192, 1277901399, 1405, 96.174464
node[0], 2357136044, 35.726043, 2588848963, 1406, 32.132000
node[2], 2774094101, 35.726043, 2588848963, 1406, 32.021392
node[3], 1277901399, 35.726043, 2588848963, 1406, 64.042496
node[1], 2588848963, 35.745746, 2357136044, 1408, 32.132000
node[2], 2774094101, 35.745746, 2357136044, 1408, 64.153296
node[3], 1277901399, 35.745746, 2357136044, 1408, 96.174464
node[3], 1277901399, 35.757067, 2774094101, 1407, 32.021200
node[1], 2588848963, 35.757067, 2774094101, 1407, 32.021392
node[0], 2357136044, 35.757067, 2774094101, 1407, 64.153296
node[2], 2774094101, 35.801193, 1277901399, 1409, 32.021200
node[1], 2588848963, 35.801193, 1277901399, 1409, 64.042496
node[0], 2357136044, 35.801193, 1277901399, 1409, 96.174464
node[0], 2357136044, 35.825044, 2588848963, 1410, 32.132000
node[2], 2774094101, 35.825044, 2588848963, 1410, 32.021392
node[3], 1277901399, 35.825044, 2588848963, 1410, 64.042496
node[3], 1277901399, 35.847067, 2774094101, 1411, 32.021200
node[1], 2588848963, 35.847067, 2774094101, 1411, 32.021392
node[0], 2357136044, 35.847067, 2774094101, 1411, 64.153296
node[1], 2588848963, 35.856745, 2357136044, 1412, 32.132000
node[2], 2774094101, 35.856745, 2357136044, 1412, 64.153296
node[3], 1277901399, 35.856745, 2357136044, 1412, 96.174464
node[2], 2774094101, 35.901193, 1277901399, 1413, 32.021200
node[1], 2588848963, 35.901193, 1277901399, 1413, 64.042496
node[0], 2357136044, 35.901193, 1277901399, 1413, 96.174464
node[0], 2357136044, 35.944043, 2588848963, 1414, 32.132000
node[2], 2774094101, 35.944043, 2588848963, 1414, 32.021392
node[3], 1277901399, 35.944043, 2588848963, 1414, 64.042496
node[1], 2588848963, 35.945746, 2357136044, 1416, 32.132000
node[2], 2774094101, 35.945746, 2357136044, 1416, 64.153296
node[3], 1277901399, 35.945746, 2357136044, 1416, 96.174464
node[3], 1277901399, 35.952067, 2774094101, 1415, 32.021200
node[1], 2588848963, 35.952067, 2774094101, 1415, 32.021392
node[0], 2357136044, 35.952067, 2774094101, 1415, 64.153296
node[2], 2774094101, 36.022192, 1277901399, 1417, 32.021200
node[1], 2588848963, 36.022192, 1277901399, 1417, 64.042496
node[0], 2357136044, 36.022192, 1277901399, 1417, 96.174464
node[0], 2357136044, 36.036043, 2588848963, 1418, 32.132000
node[2], 2774094101, 36.036043, 2588848963, 1418, 32.021392
node[3], 1277901399, 36.036043, 2588848963, 1418, 64.042496
node[3], 1277901399, 36.039067, 2774094101, 1419, 32.021200
node[1], 2588848963, 36.039067, 2774094101, 1419, 32.021392
node[0], 2357136044, 36.039067, 2774094101, 1419, 64.153296
node[1], 2588848963, 36.045746, 2357136044, 1420, 32.132000
node[2], 2774094101, 36.045746, 2357136044, 1420, 64.153296
node[3], 1277901399, 36.045746, 2357136044, 1420, 96.174464
node[2], 2774094101, 36.101193, 1277901399, 1421, 32.021200
node[1], 2588848963, 36.101193, 1277901399, 1421, 64.042496
node[0], 2357136044, 36.101193, 1277901399, 1421, 96.174464
node[0], 2357136044, 36.125044, 2588848963, 1422, 32.132000
node[2], 2774094101, 36.125044, 2588848963, 1422, 32.021392
node[3], 1277901399, 36.125044, 2588848963, 1422, 64.042496
node[3], 1277901399, 36.139067, 2774094101, 1423, 32.021200
node[1], 2588848963, 36.139067, 2774094101, 1423, 32.021392
node[0], 2357136044, 36.139067, 2774094101, 1423, 64.153296
node[1], 2588848963, 36.145746, 2357136044, 1424, 32.132000
node[2], 2774094101, 36.145746, 2357136044, 1424, 64.153296
node[3], 1277901399, 36.145746, 2357136044, 1424, 96.174464
node[2], 2774094101, 36.201193, 1277901399, 1425, 32.021200
node[1], 2588848963, 36.201193, 1277901399, 1425, 64.042496
node[0], 2357136044, 36.201193, 1277901399, 1425, 96.174464
node[0], 2357136044, 36.225044, 2588848963, 1426, 32.132000
node[2], 2774094101, 36.225044, 2588848963, 1426, 32.021392
node[3], 1277901399, 36.225044, 2588848963, 1426, 64.042496
node[3], 1277901399, 36.239067, 2774094101, 1427, 32.021200
node[1], 2588848963, 36.239067, 2774094101, 1427, 32.021392
node[0], 2357136044, 36.239067, 2774094101, 1427, 64.153296
node[1], 2588848963, 36.245746, 2357136044, 1428, 32.132000
node[2], 2774094101, 36.245746, 2357136044, 1428, 64.153296
node[3], 1277901399, 36.245746, 2357136044, 1428, 96.174464
node[2], 2774094101, 36.321192, 1277901399, 1429, 32.021200
node[1], 2588848963, 36.321192, 1277901399, 1429, 64.042496
node[0], 2357136044, 36.321192, 1277901399, 1429, 96.174464
node[0], 2357136044, 36.325044, 2588848963, 1430, 32.132000
node[2], 2774094101, 36.325044, 2588848963, 1430, 32.021392
node[3], 1277901399, 36.325044, 2588848963, 1430, 64.042496
node[3], 1277901399, 36.339067, 2774094101, 1431, 32.021200
node[1], 2588848963, 36.339067, 2774094101, 1431, 32.021392
node[0], 2357136044, 36.339067, 2774094101, 1431, 64.153296
node[1], 2588848963, 36.368745, 2357136044, 1432, 32.132000
node[2], 2774094101, 36.368745, 2357136044, 1432, 64.153296
node[3], 1277901399, 36.368745, 2357136044, 1432, 96.174464
node[2], 2774094101, 36.404192, 1277901399, 1433, 32.021200
node[1], 2588848963, 36.404192, 1277901399, 1433, 64.042496
node[0], 2357136044, 36.404192, 1277901399, 1433, 96.174464
node[0], 2357136044, 36.425044, 2588848963, 1434, 32.132000
node[2], 2774094101, 36.425044, 2588848963, 1434, 32.021392
node[3], 1277901399, 36.425044, 2588848963, 1434, 64.042496
node[3], 1277901399, 36.439067, 2774094101, 1435, 32.021200
node[1], 2588848963, 36.439067, 2774094101, 1435, 32.021392
node[0], 2357136044, 36.439067, 2774094101, 1435, 64.153296
node[1], 2588848963, 36.468745, 2357136044, 1436, 32.132000
node[2], 2774094101, 36.468745, 2357136044, 1436, 64.153296
node[3], 1277901399, 36.468745, 2357136044, 1436, 96.174464
node[2], 2774094101, 36.501193, 1277901399, 1437, 32.021200
node[1], 2588848963, 36.501193, 1277901399, 1437, 64.042496
node[0], 2357136044, 36.501193, 1277901399, 1437, 96.174464
node[0], 2357136044, 36.525044, 2588848963, 1438, 32.132000
node[2], 2774094101, 36.525044, 2588848963, 1438, 32.021392
node[3], 1277901399, 36.525044, 2588848963, 1438, 64.042496
node[3], 1277901399, 36.539067, 2774094101, 1439, 32.021200
node[1], 2588848963, 36.539067, 2774094101, 1439, 32.021392
node[0], 2357136044, 36.539067, 2774094101, 1439, 64.153296
node[1], 2588848963, 36.545746, 2357136044, 1440, 32.132000
node[2], 2774094101, 36.545746, 2357136044, 1440, 64.153296
node[3], 1277901399, 36.545746, 2357136044, 1440, 96.174464
node[2], 2774094101, 36.601193, 1277901399, 1441, 32.021200
node[1], 2588848963, 36.601193, 1277901399, 1441, 64.042496
node[0], 2357136044, 36.601193, 1277901399, 1441, 96.174464
node[0], 2357136044, 36.625044, 2588848963, 1442, 32.132000
node[2], 2774094101, 36.625044, 2588848963, 1442, 32.021392
node[3], 1277901399, 36.625044, 2588848963, 1442, 64.042496
node[3], 1277901399, 36.639067, 2774094101, 1443, 32.021200
node[1], 2588848963, 36.639067, 2774094101, 1443, 32.021392
node[0], 2357136044, 36.639067, 2774094101, 1443, 64.153296
node[1], 2588848963, 36.645746, 2357136044, 1444, 32.132000
node[2], 2774094101, 36.645746, 2357136044, 1444, 64.153296
node[3], 1277901399, 36.645746, 2357136044, 1444, 96.174464
node[2], 2774094101, 36.701193, 1277901399, 1445, 32.021200
node[1], 2588848963, 36.701193, 1277901399, 1445, 64.042496
node[0], 2357136044, 36.701193, 1277901399, 1445, 96.174464
node[0], 2357136044, 36.725044, 2588848963, 1446, 32.132000
node[2], 2774094101, 36.725044, 2588848963, 1446, 32.021392
node[3], 1277901399, 36.725044, 2588848963, 1446, 64.042496
node[3], 1277901399, 36.739067, 2774094101, 1447, 32.021200
node[1], 2588848963, 36.739067, 2774094101, 1447, 32.021392
node[0], 2357136044, 36.739067, 2774094101, 1447, 64.153296
node[1], 2588848963, 36.745746, 2357136044, 1448, 32.132000
node[2], 2774094101, 36.745746, 2357136044, 1448, 64.153296
node[3], 1277901399, 36.745746, 2357136044, 1448, 96.174464
node[2], 2774094101, 36.813192, 1277901399, 1449, 32.021200
node[1], 2588848963, 36.813192, 1277901399, 1449, 64.042496
node[0], 2357136044, 36.813192, 1277901399, 1449, 96.174464
node[3], 1277901399, 36.839067, 2774094101, 1451, 32.021200
node[1], 2588848963, 36.839067, 2774094101, 1451, 32.021392
node[0], 2357136044, 36.839067, 2774094101, 1451, 64.153296
node[1], 2588848963, 36.845746, 2357136044, 1452, 32.132000
node[2], 2774094101, 36.845746, 2357136044, 1452, 64.153296
node[3], 1277901399, 36.845746, 2357136044, 1452, 96.174464
node[0], 2357136044, 36.848043, 2588848963, 1450, 32.132000
node[2], 2774094101, 36.848043, 2588848963, 1450, 32.021392
node[3], 1277901399, 36.848043, 2588848963, 1450, 64.042496
node[2], 2774094101, 36.901193, 1277901399, 1453, 32.021200
node[1], 2588848963, 36.901193, 1277901399, 1453, 64.042496
node[0], 2357136044, 36.901193, 1277901399, 1453, 96.174464
node[0], 2357136044, 36.932043, 2588848963, 1454, 32.132000
node[2], 2774094101, 36.932043, 2588848963, 1454, 32.021392
node[3], 1277901399, 36.932043, 2588848963, 1454, 64.042496
node[1], 2588848963, 36.945746, 2357136044, 1456, 32.132000
node[2], 2774094101, 36.945746, 2357136044, 1456, 64.153296
node[3], 1277901399, 36.945746, 2357136044, 1456, 96.174464
node[3], 1277901399, 36.954067, 2774094101, 1455, 32.021200
node[1], 2588848963, 36.954067, 2774094101, 1455, 32.021392
node[0], 2357136044, 36.954067, 2774094101, 1455, 64.153296
node[2], 2774094101, 37.001193, 1277901399, 1457, 32.021200
node[1], 2588848963, 37.001193, 1277901399, 1457, 64.042496
node[0], 2357136044, 37.001193, 1277901399, 1457, 96.174464
node[0], 2357136044, 37.025044, 2588848963, 1458, 32.132000
node[2], 2774094101, 37.025044, 2588848963, 1458, 32.021392
node[3], 1277901399, 37.025044, 2588848963, 1458, 64.042496
node[3], 1277901399, 37.039067, 2774094101, 1459, 32.021200
node[1], 2588848963, 37.039067, 2774094101, 1459, 32.021392
node[0], 2357136044, 37.039067, 2774094101, 1459, 64.153296
node[1], 2588848963, 37.045746, 2357136044, 1460, 32.132000
node[2], 2774094101, 37.045746, 2357136044, 1460, 64.153296
node[3], 1277901399, 37.045746, 2357136044, 1460, 96.174464
node[2], 2774094101, 37.101193, 1277901399, 1461, 32.021200
node[1], 2588848963, 37.101193, 1277901399, 1461, 64.042496
node[0], 2357136044, 37.101193, 1277901399, 1461, 96.174464
node[0], 2357136044, 37.125044, 2588848963, 1462, 32.132000
node[2], 2774094101, 37.125044, 2588848963, 1462, 32.021392
node[3], 1277901399, 37.125044, 2588848963, 1462, 64.042496
node[3], 1277901399, 37.139067, 2774094101, 1463, 32.021200
node[1], 2588848963, 37.139067, 2774094101, 1463, 32.021392
node[0], 2357136044, 37.139067, 2774094101, 1463, 64.153296
node[1], 2588848963, 37.168745, 2357136044, 1464, 32.132000
node[2], 2774094101, 37.168745, 2357136044, 1464, 64.153296
node[3], 1277901399, 37.168745, 2357136044, 1464, 96.174464
node[2], 2774094101, 37.217192, 1277901399, 1465, 32.021200
node[1], 2588848963, 37.217192, 1277901399, 1465, 64.042496
node[0], 2357136044, 37.217192, 1277901399, 1465, 96.174464
node[0], 2357136044, 37.225622, 2588848963, 1466, 32.132000
node[2], 2774094101, 37.225622, 2588848963, 1466, 32.021392
node[3], 1277901399, 37.225622, 2588848963, 1466, 64.042496
node[3], 1277901399, 37.240067, 2774094101, 1467, 32.021200
node[1], 2588848963, 37.240067, 2774094101, 1467, 32.021392
node[0], 2357136044, 37.240067, 2774094101, 1467, 64.153296
node[1], 2588848963, 37.249745, 2357136044, 1468, 32.132000
node[2], 2774094101, 37.249745, 2357136044, 1468, 64.153296
node[3], 1277901399, 37.249745, 2357136044, 1468, 96.174464
node[2], 2774094101, 37.301193, 1277901399, 1469, 32.021200
node[1], 2588848963, 37.301193, 1277901399, 1469, 64.042496
node[0], 2357136044, 37.301193, 1277901399, 1469, 96.174464
node[0], 2357136044, 37.325044, 2588848963, 1470, 32.132000
node[2], 2774094101, 37.325044, 2588848963, 1470, 32.021392
node[3], 1277901399, 37.325044, 2588848963, 1470, 64.042496
node[3], 1277901399, 37.339067, 2774094101, 1471, 32.021200
node[1], 2588848963, 37.339067, 2774094101, 1471, 32.021392
node[0], 2357136044, 37.339067, 2774094101, 1471, 64.153296
node[1], 2588848963, 37.360745, 2357136044, 1472, 32.132000
node[2], 2774094101, 37.360745, 2357136044, 1472, 64.153296
node[3], 1277901399, 37.360745, 2357136044, 1472, 96.174464
node[2], 2774094101, 37.405192, 1277901399, 1473, 32.021200
node[1], 2588848963, 37.405192, 1277901399, 1473, 64.042496
node[0], 2357136044, 37.405192, 1277901399, 1473, 96.174464
node[3], 1277901399, 37.439067, 2774094101, 1475, 32.021200
node[1], 2588848963, 37.439067, 2774094101, 1475, 32.021392
node[0], 2357136044, 37.439067, 2774094101, 1475, 64.153296
node[0], 2357136044, 37.445043, 2588848963, 1474, 32.132000
node[2], 2774094101, 37.445043, 2588848963, 1474, 32.021392
node[3], 1277901399, 37.445043, 2588848963, 1474, 64.042496
node[1], 2588848963, 37.445746, 2357136044, 1476, 32.132000
node[2], 2774094101, 37.445746, 2357136044, 1476, 64.153296
node[3], 1277901399, 37.445746, 2357136044, 1476, 96.174464
node[2], 2774094101, 37.504192, 1277901399, 1477, 32.021200
node[1], 2588848963, 37.504192, 1277901399, 1477, 64.042496
node[0], 2357136044, 37.504192, 1277901399, 1477, 96.174464
node[0], 2357136044, 37.535043, 2588848963, 1478, 32.132000
node[2], 2774094101, 37.535043, 2588848963, 1478, 32.021392
node[3], 1277901399, 37.535043, 2588848963, 1478, 64.042496
node[1], 2588848963, 37.545746, 2357136044, 1480, 32.132000
node[2], 2774094101, 37.545746, 2357136044, 1480, 64.153296
node[3], 1277901399, 37.545746, 2357136044, 1480, 96.174464
node[3], 1277901399, 37.557067, 2774094101, 1479, 32.021200
node[1], 2588848963, 37.557067, 2774094101, 1479, 32.021392
node[0], 2357136044, 37.557067, 2774094101, 1479, 64.153296
node[2], 2774094101, 37.601193, 1277901399, 1481, 32.021200
node[1], 2588848963, 37.601193, 1277901399, 1481, 64.042496
node[0], 2357136044, 37.601193, 1277901399, 1481, 96.174464
node[0], 2357136044, 37.625044, 2588848963, 1482, 32.132000
node[2], 2774094101, 37.625044, 2588848963, 1482, 32.021392
node[3], 1277901399, 37.625044, 2588848963, 1482, 64.042496
node[3], 1277901399, 37.639067, 2774094101, 1483, 32.021200
node[1], 2588848963, 37.639067, 2774094101, 1483, 32.021392
node[0], 2357136044, 37.639067, 2774094101, 1483, 64.153296
node[1], 2588848963, 37.645746, 2357136044, 1484, 32.132000
node[2], 2774094101, 37.645746, 2357136044, 1484, 64.153296
node[3], 1277901399, 37.645746, 2357136044, 1484, 96.174464
node[2], 2774094101, 37.701193, 1277901399, 1485, 32.021200
node[1], 2588848963, 37.701193, 1277901399, 1485, 64.042496
node[0], 2357136044, 37.701193, 1277901399, 1485, 96.174464
node[0], 2357136044, 37.725044, 2588848963, 1486, 32.132000
node[2], 2774094101, 37.725044, 2588848963, 1486, 32.021392
node[3], 1277901399, 37.725044, 2588848963, 1486, 64.042496
node[3], 1277901399, 37.739067, 2774094101, 1487, 32.021200
node[1], 2588848963, 37.739067, 2774094101, 1487, 32.021392
node[0], 2357136044, 37.739067, 2774094101, 1487, 64.153296
node[1], 2588848963, 37.745746, 2357136044, 1488, 32.132000
node[2], 2774094101, 37.745746, 2357136044, 1488, 64.153296
node[3], 1277901399, 37.745746, 2357136044, 1488, 96.174464
node[2], 2774094101, 37.801193, 1277901399, 1489, 32.021200
node[1], 2588848963, 37.801193, 1277901399, 1489, 64.042496
node[0], 2357136044, 37.801193, 1277901399, 1489, 96.174464
node[0], 2357136044, 37.825044, 2588848963, 1490, 32.132000
node[2], 2774094101, 37.825044, 2588848963, 1490, 32.021392
node[3], 1277901399, 37.825044, 2588848963, 1490, 64.042496
node[1], 2588848963, 37.845746, 2357136044, 1492, 32.132000
node[2], 2774094101, 37.845746, 2357136044, 1492, 64.153296
node[3], 1277901399, 37.845746, 2357136044, 1492, 96.174464
node[3], 1277901399, 37.846427, 2774094101, 1491, 32.021200
node[1], 2588848963, 37.846427, 2774094101, 1491, 32.021392
node[0], 2357136044, 37.846427, 2774094101, 1491, 64.153296
node[2], 2774094101, 37.901193, 1277901399, 1493, 32.021200
node[1], 2588848963, 37.901193, 1277901399, 1493, 64.042496
node[0], 2357136044, 37.901193, 1277901399, 1493, 96.174464
node[0], 2357136044, 37.925044, 2588848963, 1494, 32.132000
node[2], 2774094101, 37.925044, 2588848963, 1494, 32.021392
node[3], 1277901399, 37.925044, 2588848963, 1494, 64.042496
node[3], 1277901399, 37.944067, 2774094101, 1495, 32.021200
node[1], 2588848963, 37.944067, 2774094101, 1495, 32.021392
node[0], 2357136044, 37.944067, 2774094101, 1495, 64.153296
node[1], 2588848963, 37.969745, 2357136044, 1496, 32.132000
node[2], 2774094101, 37.969745, 2357136044, 1496, 64.153296
node[3], 1277901399, 37.969745, 2357136044, 1496, 96.174464
node[2], 2774094101, 38.019192, 1277901399, 1497, 32.021200
node[1], 2588848963, 38.019192, 1277901399, 1497, 64.042496
node[0], 2357136044, 38.019192, 1277901399, 1497, 96.174464
node[0], 2357136044, 38.026043, 2588848963, 1498, 32.132000
node[2], 2774094101, 38.026043, 2588848963, 1498, 32.021392
node[3], 1277901399, 38.026043, 2588848963, 1498, 64.042496
node[3], 1277901399, 38.039067, 2774094101, 1499, 32.021200
node[1], 2588848963, 38.039067, 2774094101, 1499, 32.021392
node[0], 2357136044, 38.039067, 2774094101, 1499, 64.153296
node[1], 2588848963, 38.069745, 2357136044, 1500, 32.132000
node[2], 2774094101, 38.069745, 2357136044, 1500, 64.153296
node[3], 1277901399, 38.069745, 2357136044, 1500, 96.174464
node[2], 2774094101, 38.104192, 1277901399, 1501, 32.021200
node[1], 2588848963, 38.104192, 1277901399, 1501, 64.042496
node[0], 2357136044, 38.104192, 1277901399, 1501, 96.174464
node[0], 2357136044, 38.125044, 2588848963, 1502, 32.132000
node[2], 2774094101, 38.125044, 2588848963, 1502, 32.021392
node[3], 1277901399, 38.125044, 2588848963, 1502, 64.042496
node[3], 1277901399, 38.139067, 2774094101, 1503, 32.021200
node[1], 2588848963, 38.139067, 2774094101, 1503, 32.021392
node[0], 2357136044, 38.139067, 2774094101, 1503, 64.153296
node[1], 2588848963, 38.145746, 2357136044, 1504, 32.132000
node[2], 2774094101, 38.145746, 2357136044, 1504, 64.153296
node[3], 1277901399, 38.145746, 2357136044, 1504, 96.174464
node[2], 2774094101, 38.201193, 1277901399, 1505, 32.021200
node[1], 2588848963, 38.201193, 1277901399, 1505, 64.042496
node[0], 2357136044, 38.201193, 1277901399, 1505, 96.174464
node[0], 2357136044, 38.225044, 2588848963, 1506, 32.132000
node[2], 2774094101, 38.225044, 2588848963, 1506, 32.021392
node[3], 1277901399, 38.225044, 2588848963, 1506, 64.042496
node[3], 1277901399, 38.239067, 2774094101, 1507, 32.021200
node[1], 2588848963, 38.239067, 2774094101, 1507, 32.021392
node[0], 2357136044, 38.239067, 2774094101, 1507, 64.153296
node[1], 2588848963, 38.245746, 2357136044, 1508, 32.132000
node[2], 2774094101, 38.245746, 2357136044, 1508, 64.153296
node[3], 1277901399, 38.245746, 2357136044, 1508, 96.174464
node[2], 2774094101, 38.301193, 1277901399, 1509, 32.021200
node[1], 2588848963, 38.301193, 1277901399, 1509, 64.042496
node[0], 2357136044, 38.301193, 1277901399, 1509, 96.174464
node[0], 2357136044, 38.325044, 2588848963, 1510, 32.132000
node[2], 2774094101, 38.325044, 2588848963, 1510, 32.021392
node[3], 1277901399, 38.325044, 2588848963, 1510, 64.042496
node[3], 1277901399, 38.339067, 2774094101, 1511, 32.021200
node[1], 2588848963, 38.339067, 2774094101, 1511, 32.021392
node[0], 2357136044, 38.339067, 2774094101, 1511, 64.153296
node[1], 2588848963, 38.345746, 2357136044, 1512, 32.132000
node[2], 2774094101, 38.345746, 2357136044, 1512, 64.153296
node[3], 1277901399, 38.345746, 2357136044, 1512, 96.174464
node[2], 2774094101, 38.401193, 1277901399, 1513, 32.021200
node[1], 2588848963, 38.401193, 1277901399, 1513, 64.042496
node[0], 2357136044, 38.401193, 1277901399, 1513, 96.174464
node[0], 2357136044, 38.443043, 2588848963, 1514, 32.132000
node[2], 2774094101, 38.443043, 2588848963, 1514, 32.021392
node[3], 1277901399, 38.443043, 2588848963, 1514, 64.042496
node[1], 2588848963, 38.445746, 2357136044, 1516, 32.132000
node[2], 2774094101, 38.445746, 2357136044, 1516, 64.153296
node[3], 1277901399, 38.445746, 2357136044, 1516, 96.174464
node[3], 1277901399, 38.446466, 2774094101, 1515, 32.021200
node[1], 2588848963, 38.446466, 2774094101, 1515, 32.021392
node[0], 2357136044, 38.446466, 2774094101, 1515, 64.153296
node[2], 2774094101, 38.501193, 1277901399, 1517, 32.021200
node[1], 2588848963, 38.501193, 1277901399, 1517, 64.042496
node[0], 2357136044, 38.501193, 1277901399, 1517, 96.174464
node[0], 2357136044, 38.537043, 2588848963, 1518, 32.132000
node[2], 2774094101, 38.537043, 2588848963, 1518, 32.021392
node[3], 1277901399, 38.537043, 2588848963, 1518, 64.042496
node[3], 1277901399, 38.539067, 2774094101, 1519, 32.021200
node[1], 2588848963, 38.539067, 2774094101, 1519, 32.021392
node[0], 2357136044, 38.539067, 2774094101, 1519, 64.153296
node[1], 2588848963, 38.545746, 2357136044, 1520, 32.132000
node[2], 2774094101, 38.545746, 2357136044, 1520, 64.153296
node[3], 1277901399, 38.545746, 2357136044, 1520, 96.174464
node[2], 2774094101, 38.601193, 1277901399, 1521, 32.021200
node[1], 2588848963, 38.601193, 1277901399, 1521, 64.042496
node[0], 2357136044, 38.601193, 1277901399, 1521, 96.174464
node[3], 1277901399, 38.639067, 2774094101, 1523, 32.021200
node[1], 2588848963, 38.639067, 2774094101, 1523, 32.021392
node[0], 2357136044, 38.639067, 2774094101, 1523, 64.153296
node[0], 2357136044, 38.647043, 2588848963, 1522, 32.132000
node[2], 2774094101, 38.647043, 2588848963, 1522, 32.021392
node[3], 1277901399, 38.647043, 2588848963, 1522, 64.042496
node[1], 2588848963, 38.659745, 2357136044, 1524, 32.132000
node[2], 2774094101, 38.659745, 2357136044, 1524, 64.153296
node[3], 1277901399, 38.659745, 2357136044, 1524, 96.174464
node[2], 2774094101, 38.701193, 1277901399, 1525, 32.021200
node[1], 2588848963, 38.701193, 1277901399, 1525, 64.042496
node[0], 2357136044, 38.701193, 1277901399, 1525, 96.174464
node[0], 2357136044, 38.725044, 2588848963, 1526, 32.132000
node[2], 2774094101, 38.725044, 2588848963, 1526, 32.021392
node[3], 1277901399, 38.725044, 2588848963, 1526, 64.042496
node[3], 1277901399, 38.739067, 2774094101, 1527, 32.021200
node[1], 2588848963, 38.739067, 2774094101, 1527, 32.021392
node[0], 2357136044, 38.739067, 2774094101, 1527, 64.153296
node[1], 2588848963, 38.761855, 2357136044, 1528, 32.132000
node[2], 2774094101, 38.761855, 2357136044, 1528, 64.153296
node[3], 1277901399, 38.761855, 2357136044, 1528, 96.174464
node[2], 2774094101, 38.801193, 1277901399, 1529, 32.021200
node[1], 2588848963, 38.801193, 1277901399, 1529, 64.042496
node[0], 2357136044, 38.801193, 1277901399, 1529, 96.174464
node[0], 2357136044, 38.825044, 2588848963, 1530, 32.132000
node[2], 2774094101, 38.825044, 2588848963, 1530, 32.021392
node[3], 1277901399, 38.825044, 2588848963, 1530, 64.042496
node[3], 1277901399, 38.839067, 2774094101, 1531, 32.021200
node[1], 2588848963, 38.839067, 2774094101, 1531, 32.021392
node[0], 2357136044, 38.839067, 2774094101, 1531, 64.153296
node[1], 2588848963, 38.851745, 2357136044, 1532, 32.132000
node[2], 2774094101, 38.851745, 2357136044, 1532, 64.153296
node[3], 1277901399, 38.851745, 2357136044, 1532, 96.174464
node[2], 2774094101, 38.907192, 1277901399, 1533, 32.021200
node[1], 2588848963, 38.907192, 1277901399, 1533, 64.042496
node[0], 2357136044, 38.907192, 1277901399, 1533, 96.174464
node[0], 2357136044, 38.939043, 2588848963, 1534, 32.132000
node[2], 2774094101, 38.939043, 2588848963, 1534, 32.021392
node[3], 1277901399, 38.939043, 2588848963, 1534, 64.042496
node[3], 1277901399, 38.939685, 2774094101, 1535, 32.021200
node[1], 2588848963, 38.939685, 2774094101, 1535, 32.021392
node[0], 2357136044, 38.939685, 2774094101, 1535, 64.153296
node[1], 2588848963, 38.945746, 2357136044, 1536, 32.132000
node[2], 2774094101, 38.945746, 2357136044, 1536, 64.153296
node[3], 1277901399, 38.945746, 2357136044, 1536, 96.174464
node[2], 2774094101, 39.009192, 1277901399, 1537, 32.021200
node[1], 2588848963, 39.009192, 1277901399, 1537, 64.042496
node[0], 2357136044, 39.009192, 1277901399, 1537, 96.174464
node[0], 2357136044, 39.025044, 2588848963, 1538, 32.132000
node[2], 2774094101, 39.025044, 2588848963, 1538, 32.021392
node[3], 1277901399, 39.025044, 2588848963, 1538, 64.042496
node[3], 1277901399, 39.039570, 2774094101, 1539, 32.021200
node[1], 2588848963, 39.039570, 2774094101, 1539, 32.021392
node[0], 2357136044, 39.039570, 2774094101, 1539, 64.153296
node[1], 2588848963, 39.063745, 2357136044, 1540, 32.132000
node[2], 2774094101, 39.063745, 2357136044, 1540, 64.153296
node[3], 1277901399, 39.063745, 2357136044, 1540, 96.174464
node[2], 2774094101, 39.121192, 1277901399, 1541, 32.021200
node[1], 2588848963, 39.121192, 1277901399, 1541, 64.042496
node[0], 2357136044, 39.121192, 1277901399, 1541, 96.174464
node[3], 1277901399, 39.139067, 2774094101, 1543, 32.021200
node[1], 2588848963, 39.139067, 2774094101, 1543, 32.021392
node[0], 2357136044, 39.139067, 2774094101, 1543, 64.153296
node[0], 2357136044, 39.142043, 2588848963, 1542, 32.132000
node[2], 2774094101, 39.142043, 2588848963, 1542, 32.021392
node[3], 1277901399, 39.142043, 2588848963, 1542, 64.042496
node[1], 2588848963, 39.145746, 2357136044, 1544, 32.132000
node[2], 2774094101, 39.145746, 2357136044, 1544, 64.153296
node[3], 1277901399, 39.145746, 2357136044, 1544, 96.174464
node[2], 2774094101, 39.201193, 1277901399, 1545, 32.021200
node[1], 2588848963, 39.201193, 1277901399, 1545, 64.042496
node[0], 2357136044, 39.201193, 1277901399, 1545, 96.174464
node[0], 2357136044, 39.225044, 2588848963, 1546, 32.132000
node[2], 2774094101, 39.225044, 2588848963, 1546, 32.021392
node[3], 1277901399, 39.225044, 2588848963, 1546, 64.042496
node[3], 1277901399, 39.249067, 2774094101, 1547, 32.021200
node[1], 2588848963, 39.249067, 2774094101, 1547, 32.021392
node[0], 2357136044, 39.249067, 2774094101, 1547, 64.153296
node[1], 2588848963, 39.269745, 2357136044, 1548, 32.132000
node[2], 2774094101, 39.269745, 2357136044, 1548, 64.153296
node[3], 1277901399, 39.269745, 2357136044, 1548, 96.174464
node[2], 2774094101, 39.301193, 1277901399, 1549, 32.021200
node[1], 2588848963, 39.301193, 1277901399, 1549, 64.042496
node[0], 2357136044, 39.301193, 1277901399, 1549, 96.174464
node[0], 2357136044, 39.325044, 2588848963, 1550, 32.132000
node[2], 2774094101, 39.325044, 2588848963, 1550, 32.021392
node[3], 1277901399, 39.325044, 2588848963, 1550, 64.042496
node[3], 1277901399, 39.343067, 2774094101, 1551, 32.021200
node[1], 2588848963, 39.343067, 2774094101, 1551, 32.021392
node[0], 2357136044, 39.343067, 2774094101, 1551, 64.153296
node[1], 2588848963, 39.345746, 2357136044, 1552, 32.132000
node[2], 2774094101, 39.345746, 2357136044, 1552, 64.153296
node[3], 1277901399, 39.345746, 2357136044, 1552, 96.174464
node[2], 2774094101, 39.401193, 1277901399, 1553, 32.021200
node[1], 2588848963, 39.401193, 1277901399, 1553, 64.042496
node[0], 2357136044, 39.401193, 1277901399, 1553, 96.174464
node[3], 1277901399, 39.439067, 2774094101, 1555, 32.021200
node[1], 2588848963, 39.439067, 2774094101, 1555, 32.021392
node[0], 2357136044, 39.439067, 2774094101, 1555, 64.153296
node[0], 2357136044, 39.440043, 2588848963, 1554, 32.132000
node[2], 2774094101, 39.440043, 2588848963, 1554, 32.021392
node[3], 1277901399, 39.440043, 2588848963, 1554, 64.042496
node[1], 2588848963, 39.445746, 2357136044, 1556, 32.132000
node[2], 2774094101, 39.445746, 2357136044, 1556, 64.153296
node[3], 1277901399, 39.445746, 2357136044, 1556, 96.174464
node[2], 2774094101, 39.506192, 1277901399, 1557, 32.021200
node[1], 2588848963, 39.506192, 1277901399, 1557, 64.042496
node[0], 2357136044, 39.506192, 1277901399, 1557, 96.174464
node[0], 2357136044, 39.525044, 2588848963, 1558, 32.132000
node[2], 2774094101, 39.525044, 2588848963, 1558, 32.021392
node[3], 1277901399, 39.525044, 2588848963, 1558, 64.042496
node[3], 1277901399, 39.539067, 2774094101, 1559, 32.021200
node[1], 2588848963, 39.539067, 2774094101, 1559, 32.021392
node[0], 2357136044, 39.539067, 2774094101, 1559, 64.153296
node[1], 2588848963, 39.545746, 2357136044, 1560, 32.132000
node[2], 2774094101, 39.545746, 2357136044, 1560, 64.153296
node[3], 1277901399, 39.545746, 2357136044, 1560, 96.174464
node[2], 2774094101, 39.601193, 1277901399, 1561, 32.021200
node[1], 2588848963, 39.601193, 1277901399, 1561, 64.042496
node[0], 2357136044, 39.601193, 1277901399, 1561, 96.174464
node[0], 2357136044, 39.625044, 2588848963, 1562, 32.132000
node[2], 2774094101, 39.625044, 2588848963, 1562, 32.021392
node[3], 1277901399, 39.625044, 2588848963, 1562, 64.042496
node[1], 2588848963, 39.646745, 2357136044, 1564, 32.132000
node[2], 2774094101, 39.646745, 2357136044, 1564, 64.153296
node[3], 1277901399, 39.646745, 2357136044, 1564, 96.174464
node[3], 1277901399, 39.647400, 2774094101, 1563, 32.021200
node[1], 2588848963, 39.647400, 2774094101, 1563, 32.021392
node[0], 2357136044, 39.647400, 2774094101, 1563, 64.153296
node[2], 2774094101, 39.717192, 1277901399, 1565, 32.021200
node[1], 2588848963, 39.717192, 1277901399, 1565, 64.042496
node[0], 2357136044, 39.717192, 1277901399, 1565, 96.174464
node[0], 2357136044, 39.729043, 2588848963, 1566, 32.132000
node[2], 2774094101, 39.729043, 2588848963, 1566, 32.021392
node[3], 1277901399, 39.729043, 2588848963, 1566, 64.042496
node[3], 1277901399, 39.739067, 2774094101, 1567, 32.021200
node[1], 2588848963, 39.739067, 2774094101, 1567, 32.021392
node[0], 2357136044, 39.739067, 2774094101, 1567, 64.153296
node[1], 2588848963, 39.764745, 2357136044, 1568, 32.132000
node[2], 2774094101, 39.764745, 2357136044, 1568, 64.153296
node[3], 1277901399, 39.764745, 2357136044, 1568, 96.174464
node[2], 2774094101, 39.801193, 1277901399, 1569, 32.021200
node[1], 2588848963, 39.801193, 1277901399, 1569, 64.042496
node[0], 2357136044, 39.801193, 1277901399, 1569, 96.174464
node[0], 2357136044, 39.825044, 2588848963, 1570, 32.132000
node[2], 2774094101, 39.825044, 2588848963, 1570, 32.021392
node[3], 1277901399, 39.825044, 2588848963, 1570, 64.042496
node[3], 1277901399, 39.839067, 2774094101, 1571, 32.021200
node[1], 2588848963, 39.839067, 2774094101, 1571, 32.021392
node[0], 2357136044, 39.839067, 2774094101, 1571, 64.153296
node[1], 2588848963, 39.868745, 2357136044, 1572, 32.132000
node[2], 2774094101, 39.868745, 2357136044, 1572, 64.153296
node[3], 1277901399, 39.868745, 2357136044, 1572, 96.174464
node[2], 2774094101, 39.901193, 1277901399, 1573, 32.021200
node[1], 2588848963, 39.901193, 1277901399, 1573, 64.042496
node[0], 2357136044, 39.901193, 1277901399, 1573, 96.174464
node[0], 2357136044, 39.945043, 2588848963, 1574, 32.132000
node[2], 2774094101, 39.945043, 2588848963, 1574, 32.021392
node[3], 1277901399, 39.945043, 2588848963, 1574, 64.042496
node[1], 2588848963, 39.945746, 2357136044, 1576, 32.132000
node[2], 2774094101, 39.945746, 2357136044, 1576, 64.153296
node[3], 1277901399, 39.945746, 2357136044, 1576, 96.174464
node[3], 1277901399, 39.955067, 2774094101, 1575, 32.021200
node[1], 2588848963, 39.955067, 2774094101, 1575, 32.021392
node[0], 2357136044, 39.955067, 2774094101, 1575, 64.153296
node[2], 2774094101, 40.001193, 1277901399, 1577, 32.021200
node[1], 2588848963, 40.001193, 1277901399, 1577, 64.042496
node[0], 2357136044, 40.001193, 1277901399, 1577, 96.174464
node[0], 2357136044, 40.025044, 2588848963, 1578, 32.132000
node[2], 2774094101, 40.025044, 2588848963, 1578, 32.021392
node[3], 1277901399, 40.025044, 2588848963, 1578, 64.042496
node[3], 1277901399, 40.039067, 2774094101, 1579, 32.021200
node[1], 2588848963, 40.039067, 2774094101, 1579, 32.021392
node[0], 2357136044, 40.039067, 2774094101, 1579, 64.153296
node[1], 2588848963, 40.058745, 2357136044, 1580, 32.132000
node[2], 2774094101, 40.058745, 2357136044, 1580, 64.153296
node[3], 1277901399, 40.058745, 2357136044, 1580, 96.174464
node[2], 2774094101, 40.122192, 1277901399, 1581, 32.021200
node[1], 2588848963, 40.122192, 1277901399, 1581, 64.042496
node[0], 2357136044, 40.122192, 1277901399, 1581, 96.174464
node[0], 2357136044, 40.125044, 2588848963, 1582, 32.132000
node[2], 2774094101, 40.125044, 2588848963, 1582, 32.021392
node[3], 1277901399, 40.125044, 2588848963, 1582, 64.042496
node[1], 2588848963, 40.145746, 2357136044, 1584, 32.132000
node[2], 2774094101, 40.145746, 2357136044, 1584, 64.153296
node[3], 1277901399, 40.145746, 2357136044, 1584, 96.174464
node[3], 1277901399, 40.157067, 2774094101, 1583, 32.021200
node[1], 2588848963, 40.157067, 2774094101, 1583, 32.021392
node[0], 2357136044, 40.157067, 2774094101, 1583, 64.153296
node[2], 2774094101, 40.202192, 1277901399, 1585, 32.021200
node[1], 2588848963, 40.202192, 1277901399, 1585, 64.042496
node[0], 2357136044, 40.202192, 1277901399, 1585, 96.174464
node[0], 2357136044, 40.225044, 2588848963, 1586, 32.132000
node[2], 2774094101, 40.225044, 2588848963, 1586, 32.021392
node[3], 1277901399, 40.225044, 2588848963, 1586, 64.042496
node[1], 2588848963, 40.245746, 2357136044, 1588, 32.132000
node[2], 2774094101, 40.245746, 2357136044, 1588, 64.153296
node[3], 1277901399, 40.245746, 2357136044, 1588, 96.174464
node[3], 1277901399, 40.262067, 2774094101, 1587, 32.021200
node[1], 2588848963, 40.262067, 2774094101, 1587, 32.021392
node[0], 2357136044, 40.262067, 2774094101, 1587, 64.153296
node[2], 2774094101, 40.301193, 1277901399, 1589, 32.021200
node[1], 2588848963, 40.301193, 1277901399, 1589, 64.042496
node[0], 2357136044, 40.301193, 1277901399, 1589, 96.174464
node[0], 2357136044, 40.325044, 2588848963, 1590, 32.132000
node[2], 2774094101, 40.325044, 2588848963, 1590, 32.021392
node[3], 1277901399, 40.325044, 2588848963, 1590, 64.042496
node[3], 1277901399, 40.339067, 2774094101, 1591, 32.021200
node[1], 2588848963, 40.339067, 2774094101, 1591, 32.021392
node[0], 2357136044, 40.339067, 2774094101, 1591, 64.153296
node[1], 2588848963, 40.345746, 2357136044, 1592, 32.132000
node[2], 2774094101, 40.345746, 2357136044, 1592, 64.153296
node[3], 1277901399, 40.345746, 2357136044, 1592, 96.174464
node[2], 2774094101, 40.409192, 1277901399, 1593, 32.021200
node[1], 2588848963, 40.409192, 1277901399, 1593, 64.042496
node[0], 2357136044, 40.409192, 1277901399, 1593, 96.174464
node[0], 2357136044, 40.425044, 2588848963, 1594, 32.132000
node[2], 2774094101, 40.425044, 2588848963, 1594, 32.021392
node[3], 1277901399, 40.425044, 2588848963, 1594, 64.042496
node[3], 1277901399, 40.439067, 2774094101, 1595, 32.021200
node[1], 2588848963, 40.439067, 2774094101, 1595, 32.021392
node[0], 2357136044, 40.439067, 2774094101, 1595, 64.153296
node[1], 2588848963, 40.445746, 2357136044, 1596, 32.132000
node[2], 2774094101, 40.445746, 2357136044, 1596, 64.153296
node[3], 1277901399, 40.445746, 2357136044, 1596, 96.174464
node[0], 2357136044, 40.525044, 2588848963, 1598, 32.132000
node[2], 2774094101, 40.525044, 2588848963, 1598, 32.021392
node[3], 1277901399, 40.525044, 2588848963, 1598, 64.042496
node[2], 2774094101, 40.525712, 1277901399, 1597, 32.021200
node[1], 2588848963, 40.525712, 1277901399, 1597, 64.042496
node[0], 2357136044, 40.525712, 1277901399, 1597, 96.174464
node[1], 2588848963, 40.545746, 2357136044, 1600, 32.132000
node[2], 2774094101, 40.545746, 2357136044, 1600, 64.153296
node[3], 1277901399, 40.545746, 2357136044, 1600, 96.174464
node[3], 1277901399, 40.555067, 2774094101, 1599, 32.021200
node[1], 2588848963, 40.555067, 2774094101, 1599, 32.021392
node[0], 2357136044, 40.555067, 2774094101, 1599, 64.153296
node[2], 2774094101, 40.622192, 1277901399, 1601, 32.021200
node[1], 2588848963, 40.622192, 1277901399, 1601, 64.042496
node[0], 2357136044, 40.622192, 1277901399, 1601, 96.174464
node[3], 1277901399, 40.639067, 2774094101, 1603, 32.021200
node[1], 2588848963, 40.639067, 2774094101, 1603, 32.021392
node[0], 2357136044, 40.639067, 2774094101, 1603, 64.153296
node[0], 2357136044, 40.644043, 2588848963, 1602, 32.132000
node[2], 2774094101, 40.644043, 2588848963, 1602, 32.021392
node[3], 1277901399, 40.644043, 2588848963, 1602, 64.042496
node[1], 2588848963, 40.645746, 2357136044, 1604, 32.132000
node[2], 2774094101, 40.645746, 2357136044, 1604, 64.153296
node[3], 1277901399, 40.645746, 2357136044, 1604, 96.174464
node[2], 2774094101, 40.701193, 1277901399, 1605, 32.021200
node[1], 2588848963, 40.701193, 1277901399, 1605, 64.042496
node[0], 2357136044, 40.701193, 1277901399, 1605, 96.174464
node[0], 2357136044, 40.725044, 2588848963, 1606, 32.132000
node[2], 2774094101, 40.725044, 2588848963, 1606, 32.021392
node[3], 1277901399, 40.725044, 2588848963, 1606, 64.042496
node[3], 1277901399, 40.739067, 2774094101, 1607, 32.021200
node[1], 2588848963, 40.739067, 2774094101, 1607, 32.021392
node[0], 2357136044, 40.739067, 2774094101, 1607, 64.153296
node[1], 2588848963, 40.745746, 2357136044, 1608, 32.132000
node[2], 2774094101, 40.745746, 2357136044, 1608, 64.153296
node[3], 1277901399, 40.745746, 2357136044, 1608, 96.174464
node[2], 2774094101, 40.801757, 1277901399, 1609, 32.021200
node[1], 2588848963, 40.801757, 1277901399, 1609, 64.042496
node[0], 2357136044, 40.801757, 1277901399, 1609, 96.174464
node[0], 2357136044, 40.825044, 2588848963, 1610, 32.132000
node[2], 2774094101, 40.825044, 2588848963, 1610, 32.021392
node[3], 1277901399, 40.825044, 2588848963, 1610, 64.042496
node[3], 1277901399, 40.839067, 2774094101, 1611, 32.021200
node[1], 2588848963, 40.839067, 2774094101, 1611, 32.021392
node[0], 2357136044, 40.839067, 2774094101, 1611, 64.153296
node[1], 2588848963, 40.862745, 2357136044, 1612, 32.132000
node[2], 2774094101, 40.862745, 2357136044, 1612, 64.153296
node[3], 1277901399, 40.862745, 2357136044, 1612, 96.174464
node[2], 2774094101, 40.906192, 1277901399, 1613, 32.021200
node[1], 2588848963, 40.906192, 1277901399, 1613, 64.042496
node[0], 2357136044, 40.906192, 1277901399, 1613, 96.174464
node[0], 2357136044, 40.925044, 2588848963, 1614, 32.132000
node[2], 2774094101, 40.925044, 2588848963, 1614, 32.021392
node[3], 1277901399, 40.925044, 2588848963, 1614, 64.042496
node[3], 1277901399, 40.946067, 2774094101, 1615, 32.021200
node[1], 2588848963, 40.946067, 2774094101, 1615, 32.021392
node[0], 2357136044, 40.946067, 2774094101, 1615, 64.153296
node[1], 2588848963, 40.947745, 2357136044, 1616, 32.132000
node[2], 2774094101, 40.947745, 2357136044, 1616, 64.153296
node[3], 1277901399, 40.947745, 2357136044, 1616, 96.174464
node[2], 2774094101, 41.001193, 1277901399, 1617, 32.021200
node[1], 2588848963, 41.001193, 1277901399, 1617, 64.042496
node[0], 2357136044, 41.001193, 1277901399, 1617, 96.174464
node[0], 2357136044, 41.038043, 2588848963, 1618, 32.132000
node[2], 2774094101, 41.038043, 2588848963, 1618, 32.021392
node[3], 1277901399, 41.038043, 2588848963, 1618, 64.042496
node[1], 2588848963, 41.045746, 2357136044, 1620, 32.132000
node[2], 2774094101, 41.045746, 2357136044, 1620, 64.153296
node[3], 1277901399, 41.045746, 2357136044, 1620, 96.174464
node[3], 1277901399, 41.052067, 2774094101, 1619, 32.021200
node[1], 2588848963, 41.052067, 2774094101, 1619, 32.021392
node[0], 2357136044, 41.052067, 2774094101, 1619, 64.153296
node[2], 2774094101, 41.101193, 1277901399, 1621, 32.021200
node[1], 2588848963, 41.101193, 1277901399, 1621, 64.042496
node[0], 2357136044, 41.101193, 1277901399, 1621, 96.174464
node[0], 2357136044, 41.125044, 2588848963, 1622, 32.132000
node[2], 2774094101, 41.125044, 2588848963, 1622, 32.021392
node[3], 1277901399, 41.125044, 2588848963, 1622, 64.042496
node[3], 1277901399, 41.139067, 2774094101, 1623, 32.021200
node[1], 2588848963, 41.139067, 2774094101, 1623, 32.021392
node[0], 2357136044, 41.139067, 2774094101, 1623, 64.153296
node[1], 2588848963, 41.158745, 2357136044, 1624, 32.132000
node[2], 2774094101, 41.158745, 2357136044, 1624, 64.153296
node[3], 1277901399, 41.158745, 2357136044, 1624, 96.174464
node[2], 2774094101, 41.214192, 1277901399, 1625, 32.021200
node[1], 2588848963, 41.214192, 1277901399, 1625, 64.042496
node[0], 2357136044, 41.214192, 1277901399, 1625, 96.174464
node[0], 2357136044, 41.225044, 2588848963, 1626, 32.132000
node[2], 2774094101, 41.225044, 2588848963, 1626, 32.021392
node[3], 1277901399, 41.225044, 2588848963, 1626, 64.042496
node[1], 2588848963, 41.245746, 2357136044, 1628, 32.132000
node[2], 2774094101, 41.245746, 2357136044, 1628, 64.153296
node[3], 1277901399, 41.245746, 2357136044, 1628, 96.174464
node[3], 1277901399, 41.260067, 2774094101, 1627, 32.021200
node[1], 2588848963, 41.260067, 2774094101, 1627, 32.021392
node[0], 2357136044, 41.260067, 2774094101, 1627, 64.153296
node[2], 2774094101, 41.301193, 1277901399, 1629, 32.021200
node[1], 2588848963, 41.301193, 1277901399, 1629, 64.042496
node[0], 2357136044, 41.301193, 1277901399, 1629, 96.174464
node[0], 2357136044, 41.325044, 2588848963, 1630, 32.132000
node[2], 2774094101, 41.325044, 2588848963, 1630, 32.021392
node[3], 1277901399, 41.325044, 2588848963, 1630, 64.042496
node[3], 1277901399, 41.339067, 2774094101, 1631, 32.021200
node[1], 2588848963, 41.339067, 2774094101, 1631, 32.021392
node[0], 2357136044, 41.339067, 2774094101, 1631, 64.153296
node[1], 2588848963, 41.345746, 2357136044, 1632, 32.132000
node[2], 2774094101, 41.345746, 2357136044, 1632, 64.153296
node[3], 1277901399, 41.345746, 2357136044, 1632, 96.174464
node[2], 2774094101, 41.401193, 1277901399, 1633, 32.021200
node[1], 2588848963, 41.401193, 1277901399, 1633, 64.042496
node[0], 2357136044, 41.401193, 1277901399, 1633, 96.174464
node[0], 2357136044, 41.437043, 2588848963, 1634, 32.132000
node[2], 2774094101, 41.437043, 2588848963, 1634, 32.021392
node[3], 1277901399, 41.437043, 2588848963, 1634, 64.042496
node[1], 2588848963, 41.445746, 2357136044, 1636, 32.132000
node[2], 2774094101, 41.445746, 2357136044, 1636, 64.153296
node[3], 1277901399, 41.445746, 2357136044, 1636, 96.174464
node[3], 1277901399, 41.454067, 2774094101, 1635, 32.021200
node[1], 2588848963, 41.454067, 2774094101, 1635, 32.021392
node[0], 2357136044, 41.454067, 2774094101, 1635, 64.153296
node[2], 2774094101, 41.501193, 1277901399, 1637, 32.021200
node[1], 2588848963, 41.501193, 1277901399, 1637, 64.042496
node[0], 2357136044, 41.501193, 1277901399, 1637, 96.174464
node[0], 2357136044, 41.532043, 2588848963, 1638, 32.132000
node[2], 2774094101, 41.532043, 2588848963, 1638, 32.021392
node[3], 1277901399, 41.532043, 2588848963, 1638, 64.042496
node[1], 2588848963, 41.545746, 2357136044, 1640, 32.132000
node[2], 2774094101, 41.545746, 2357136044, 1640, 64.153296
node[3], 1277901399, 41.545746, 2357136044, 1640, 96.174464
node[3], 1277901399, 41.563067, 2774094101, 1639, 32.021200
node[1], 2588848963, 41.563067, 2774094101, 1639, 32.021392
node[0], 2357136044, 41.563067, 2774094101, 1639, 64.153296
node[2], 2774094101, 41.622192, 1277901399, 1641, 32.021200
node[1], 2588848963, 41.622192, 1277901399, 1641, 64.042496
node[0], 2357136044, 41.622192, 1277901399, 1641, 96.174464
node[0], 2357136044, 41.625044, 2588848963, 1642, 32.132000
node[2], 2774094101, 41.625044, 2588848963, 1642, 32.021392
node[3], 1277901399, 41.625044, 2588848963, 1642, 64.042496
node[3], 1277901399, 41.639067, 2774094101, 1643, 32.021200
node[1], 2588848963, 41.639067, 2774094101, 1643, 32.021392
node[0], 2357136044, 41.639067, 2774094101, 1643, 64.153296
node[1], 2588848963, 41.645746, 2357136044, 1644, 32.132000
node[2], 2774094101, 41.645746, 2357136044, 1644, 64.153296
node[3], 1277901399, 41.645746, 2357136044, 1644, 96.174464
node[2], 2774094101, 41.710192, 1277901399, 1645, 32.021200
node[1], 2588848963, 41.710192, 1277901399, 1645, 64.042496
node[0], 2357136044, 41.710192, 1277901399, 1645, 96.174464
node[1], 2588848963, 41.745746, 2357136044, 1648, 32.132000
node[2], 2774094101, 41.745746, 2357136044, 1648, 64.153296
node[3], 1277901399, 41.745746, 2357136044, 1648, 96.174464
node[0], 2357136044, 41.750043, 2588848963, 1646, 32.132000
node[2], 2774094101, 41.750043, 2588848963, 1646, 32.021392
node[3], 1277901399, 41.750043, 2588848963, 1646, 64.042496
node[3], 1277901399, 41.752067, 2774094101, 1647, 32.021200
node[1], 2588848963, 41.752067, 2774094101, 1647, 32.021392
node[0], 2357136044, 41.752067, 2774094101, 1647, 64.153296
node[2], 2774094101, 41.801193, 1277901399, 1649, 32.021200
node[1], 2588848963, 41.801193, 1277901399, 1649, 64.042496
node[0], 2357136044, 41.801193, 1277901399, 1649, 96.174464
node[0], 2357136044, 41.825044, 2588848963, 1650, 32.132000
node[2], 2774094101, 41.825044, 2588848963, 1650, 32.021392
node[3], 1277901399, 41.825044, 2588848963, 1650, 64.042496
node[3], 1277901399, 41.844067, 2774094101, 1651, 32.021200
node[1], 2588848963, 41.844067, 2774094101, 1651, 32.021392
node[0], 2357136044, 41.844067, 2774094101, 1651, 64.153296
node[1], 2588848963, 41.856745, 2357136044, 1652, 32.132000
node[2], 2774094101, 41.856745, 2357136044, 1652, 64.153296
node[3], 1277901399, 41.856745, 2357136044, 1652, 96.174464
node[2], 2774094101, 41.901193, 1277901399, 1653, 32.021200
node[1], 2588848963, 41.901193, 1277901399, 1653, 64.042496
node[0], 2357136044, 41.901193, 1277901399, 1653, 96.174464
node[0], 2357136044, 41.925044, 2588848963, 1654, 32.132000
node[2], 2774094101, 41.925044, 2588848963, 1654, 32.021392
node[3], 1277901399, 41.925044, 2588848963, 1654, 64.042496
node[3], 1277901399, 41.939067, 2774094101, 1655, 32.021200
node[1], 2588848963, 41.939067, 2774094101, 1655, 32.021392
node[0], 2357136044, 41.939067, 2774094101, 1655, 64.153296
node[1], 2588848963, 41.965745, 2357136044, 1656, 32.132000
node[2], 2774094101, 41.965745, 2357136044, 1656, 64.153296
node[3], 1277901399, 41.965745, 2357136044, 1656, 96.174464
node[2], 2774094101, 42.009192, 1277901399, 1657, 32.021200
node[1], 2588848963, 42.009192, 1277901399, 1657, 64.042496
node[0], 2357136044, 42.009192, 1277901399, 1657, 96.174464
node[0], 2357136044, 42.025044, 2588848963, 1658, 32.132000
node[2], 2774094101, 42.025044, 2588848963, 1658, 32.021392
node[3], 1277901399, 42.025044, 2588848963, 1658, 64.042496
node[3], 1277901399, 42.039067, 2774094101, 1659, 32.021200
node[1], 2588848963, 42.039067, 2774094101, 1659, 32.021392
node[0], 2357136044, 42.039067, 2774094101, 1659, 64.153296
node[1], 2588848963, 42.045746, 2357136044, 1660, 32.132000
node[2], 2774094101, 42.045746, 2357136044, 1660, 64.153296
node[3], 1277901399, 42.045746, 2357136044, 1660, 96.174464
node[2], 2774094101, 42.108192, 1277901399, 1661, 32.021200
node[1], 2588848963, 42.108192, 1277901399, 1661, 64.042496
node[0], 2357136044, 42.108192, 1277901399, 1661, 96.174464
node[0], 2357136044, 42.125044, 2588848963, 1662, 32.132000
node[2], 2774094101, 42.125044, 2588848963, 1662, 32.021392
node[3], 1277901399, 42.125044, 2588848963, 1662, 64.042496
node[3], 1277901399, 42.139067, 2774094101, 1663, 32.021200
node[1], 2588848963, 42.139067, 2774094101, 1663, 32.021392
node[0], 2357136044, 42.139067, 2774094101, 1663, 64.153296
node[1], 2588848963, 42.165745, 2357136044, 1664, 32.132000
node[2], 2774094101, 42.165745, 2357136044, 1664, 64.153296
node[3], 1277901399, 42.165745, 2357136044, 1664, 96.174464
node[2], 2774094101, 42.201193, 1277901399, 1665, 32.021200
node[1], 2588848963, 42.201193, 1277901399, 1665, 64.042496
node[0], 2357136044, 42.201193, 1277901399, 1665, 96.174464
node[0], 2357136044, 42.225466, 2588848963, 1666, 32.132000
node[2], 2774094101, 42.225466, 2588848963, 1666, 32.021392
node[3], 1277901399, 42.225466, 2588848963, 1666, 64.042496
node[1], 2588848963, 42.249745, 2357136044, 1668, 32.132000
node[2], 2774094101, 42.249745, 2357136044, 1668, 64.153296
node[3], 1277901399, 42.249745, 2357136044, 1668, 96.174464
node[3], 1277901399, 42.264067, 2774094101, 1667, 32.021200
node[1], 2588848963, 42.264067, 2774094101, 1667, 32.021392
node[0], 2357136044, 42.264067, 2774094101, 1667, 64.153296
node[2], 2774094101, 42.319192, 1277901399, 1669, 32.021200
node[1], 2588848963, 42.319192, 1277901399, 1669, 64.042496
node[0], 2357136044, 42.319192, 1277901399, 1669, 96.174464
node[3], 1277901399, 42.339067, 2774094101, 1671, 32.021200
node[1], 2588848963, 42.339067, 2774094101, 1671, 32.021392
node[0], 2357136044, 42.339067, 2774094101, 1671, 64.153296
node[0], 2357136044, 42.341043, 2588848963, 1670, 32.132000
node[2], 2774094101, 42.341043, 2588848963, 1670, 32.021392
node[3], 1277901399, 42.341043, 2588848963, 1670, 64.042496
node[1], 2588848963, 42.353745, 2357136044, 1672, 32.132000
node[2], 2774094101, 42.353745, 2357136044, 1672, 64.153296
node[3], 1277901399, 42.353745, 2357136044, 1672, 96.174464
node[2], 2774094101, 42.401193, 1277901399, 1673, 32.021200
node[1], 2588848963, 42.401193, 1277901399, 1673, 64.042496
node[0], 2357136044, 42.401193, 1277901399, 1673, 96.174464
node[0], 2357136044, 42.425044, 2588848963, 1674, 32.132000
node[2], 2774094101, 42.425044, 2588848963, 1674, 32.021392
node[3], 1277901399, 42.425044, 2588848963, 1674, 64.042496
node[3], 1277901399, 42.439067, 2774094101, 1675, 32.021200
node[1], 2588848963, 42.439067, 2774094101, 1675, 32.021392
node[0], 2357136044, 42.439067, 2774094101, 1675, 64.153296
node[1], 2588848963, 42.460745, 2357136044, 1676, 32.132000
node[2], 2774094101, 42.460745, 2357136044, 1676, 64.153296
node[3], 1277901399, 42.460745, 2357136044, 1676, 96.174464
node[2], 2774094101, 42.501193, 1277901399, 1677, 32.021200
node[1], 2588848963, 42.501193, 1277901399, 1677, 64.042496
node[0], 2357136044, 42.501193, 1277901399, 1677, 96.174464
node[0], 2357136044, 42.525044, 2588848963, 1678, 32.132000
node[2], 2774094101, 42.525044, 2588848963, 1678, 32.021392
node[3], 1277901399, 42.525044, 2588848963, 1678, 64.042496
node[1], 2588848963, 42.545746, 2357136044, 1680, 32.132000
node[2], 2774094101, 42.545746, 2357136044, 1680, 64.153296
node[3], 1277901399, 42.545746, 2357136044, 1680, 96.174464
node[3], 1277901399, 42.562067, 2774094101, 1679, 32.021200
node[1], 2588848963, 42.562067, 2774094101, 1679, 32.021392
node[0], 2357136044, 42.562067, 2774094101, 1679, 64.153296
node[2], 2774094101, 42.601193, 1277901399, 1681, 32.021200
node[1], 2588848963, 42.601193, 1277901399, 1681, 64.042496
node[0], 2357136044, 42.601193, 1277901399, 1681, 96.174464
node[0], 2357136044, 42.625044, 2588848963, 1682, 32.132000
node[2], 2774094101, 42.625044, 2588848963, 1682, 32.021392
node[3], 1277901399, 42.625044, 2588848963, 1682, 64.042496
node[1], 2588848963, 42.645746, 2357136044, 1684, 32.132000
node[2], 2774094101, 42.645746, 2357136044, 1684, 64.153296
node[3], 1277901399, 42.645746, 2357136044, 1684, 96.174464
node[3], 1277901399, 42.664067, 2774094101, 1683, 32.021200
node[1], 2588848963, 42.664067, 2774094101, 1683, 32.021392
node[0], 2357136044, 42.664067, 2774094101, 1683, 64.153296
node[2], 2774094101, 42.708192, 1277901399, 1685, 32.021200
node[1], 2588848963, 42.708192, 1277901399, 1685, 64.042496
node[0], 2357136044, 42.708192, 1277901399, 1685, 96.174464
node[0], 2357136044, 42.725044, 2588848963, 1686, 32.132000
node[2], 2774094101, 42.725044, 2588848963, 1686, 32.021392
node[3], 1277901399, 42.725044, 2588848963, 1686, 64.042496
node[1], 2588848963, 42.755745, 2357136044, 1688, 32.132000
node[2], 2774094101, 42.755745, 2357136044, 1688, 64.153296
node[3], 1277901399, 42.755745, 2357136044, 1688, 96.174464
node[3], 1277901399, 42.760067, 2774094101, 1687, 32.021200
node[1], 2588848963, 42.760067, 2774094101, 1687, 32.021392
node[0], 2357136044, 42.760067, 2774094101, 1687, 64.153296
node[2], 2774094101, 42.801193, 1277901399, 1689, 32.021200
node[1], 2588848963, 42.801193, 1277901399, 1689, 64.042496
node[0], 2357136044, 42.801193, 1277901399, 1689, 96.174464
node[0], 2357136044, 42.825044, 2588848963, 1690, 32.132000
node[2], 2774094101, 42.825044, 2588848963, 1690, 32.021392
node[3], 1277901399, 42.825044, 2588848963, 1690, 64.042496
node[3], 1277901399, 42.839067, 2774094101, 1691, 32.021200
node[1], 2588848963, 42.839067, 2774094101, 1691, 32.021392
node[0], 2357136044, 42.839067, 2774094101, 1691, 64.153296
node[1], 2588848963, 42.845746, 2357136044, 1692, 32.132000
node[2], 2774094101, 42.845746, 2357136044, 1692, 64.153296
node[3], 1277901399, 42.845746, 2357136044, 1692, 96.174464
node[2], 2774094101, 42.924192, 1277901399, 1693, 32.021200
node[1], 2588848963, 42.924192, 1277901399, 1693, 64.042496
node[0], 2357136044, 42.924192, 1277901399, 1693, 96.174464
node[0], 2357136044, 42.929043, 2588848963, 1694, 32.132000
node[2], 2774094101, 42.929043, 2588848963, 1694, 32.021392
node[3], 1277901399, 42.929043, 2588848963, 1694, 64.042496
node[3], 1277901399, 42.939067, 2774094101, 1695, 32.021200
node[1], 2588848963, 42.939067, 2774094101, 1695, 32.021392
node[0], 2357136044, 42.939067, 2774094101, 1695, 64.153296
node[1], 2588848963, 42.945746, 2357136044, 1696, 32.132000
node[2], 2774094101, 42.945746, 2357136044, 1696, 64.153296
node[3], 1277901399, 42.945746, 2357136044, 1696, 96.174464
node[2], 2774094101, 43.001193, 1277901399, 1697, 32.021200
node[1], 2588848963, 43.001193, 1277901399, 1697, 64.042496
node[0], 2357136044, 43.001193, 1277901399, 1697, 96.174464
node[0], 2357136044, 43.025044, 2588848963, 1698, 32.132000
node[2], 2774094101, 43.025044, 2588848963, 1698, 32.021392
node[3], 1277901399, 43.025044, 2588848963, 1698, 64.042496
node[3], 1277901399, 43.055067, 2774094101, 1699, 32.021200
node[1], 2588848963, 43.055067, 2774094101, 1699, 32.021392
node[0], 2357136044, 43.055067, 2774094101, 1699, 64.153296
node[1], 2588848963, 43.065745, 2357136044, 1700, 32.132000
node[2], 2774094101, 43.065745, 2357136044, 1700, 64.153296
node[3], 1277901399, 43.065745, 2357136044, 1700, 96.174464
node[2], 2774094101, 43.101193, 1277901399, 1701, 32.021200
node[1], 2588848963, 43.101193, 1277901399, 1701, 64.042496
node[0], 2357136044, 43.101193, 1277901399, 1701, 96.174464
node[0], 2357136044, 43.128043, 2588848963, 1702, 32.132000
node[2], 2774094101, 43.128043, 2588848963, 1702, 32.021392
node[3], 1277901399, 43.128043, 2588848963, 1702, 64.042496
node[3], 1277901399, 43.139067, 2774094101, 1703, 32.021200
node[1], 2588848963, 43.139067, 2774094101, 1703, 32.021392
node[0], 2357136044, 43.139067, 2774094101, 1703, 64.153296
node[1], 2588848963, 43.145746, 2357136044, 1704, 32.132000
node[2], 2774094101, 43.145746, 2357136044, 1704, 64.153296
node[3], 1277901399, 43.145746, 2357136044, 1704, 96.174464
node[2], 2774094101, 43.201193, 1277901399, 1705, 32.021200
node[1], 2588848963, 43.201193, 1277901399, 1705, 64.042496
node[0], 2357136044, 43.201193, 1277901399, 1705, 96.174464
node[0], 2357136044, 43.225044, 2588848963, 1706, 32.132000
node[2], 2774094101, 43.225044, 2588848963, 1706, 32.021392
node[3], 1277901399, 43.225044, 2588848963, 1706, 64.042496
node[3], 1277901399, 43.250067, 2774094101, 1707, 32.021200
node[1], 2588848963, 43.250067, 2774094101, 1707, 32.021392
node[0], 2357136044, 43.250067, 2774094101, 1707, 64.153296
node[1], 2588848963, 43.262745, 2357136044, 1708, 32.132000
node[2], 2774094101, 43.262745, 2357136044, 1708, 64.153296
node[3], 1277901399, 43.262745, 2357136044, 1708, 96.174464
node[2], 2774094101, 43.301193, 1277901399, 1709, 32.021200
node[1], 2588848963, 43.301193, 1277901399, 1709, 64.042496
node[0], 2357136044, 43.301193, 1277901399, 1709, 96.174464
node[0], 2357136044, 43.325044, 2588848963, 1710, 32.132000
node[2], 2774094101, 43.325044, 2588848963, 1710, 32.021392
node[3], 1277901399, 43.325044, 2588848963, 1710, 64.042496
node[3], 1277901399, 43.339067, 2774094101, 1711, 32.021200
node[1], 2588848963, 43.339067, 2774094101, 1711, 32.021392
node[0], 2357136044, 43.339067, 2774094101, 1711, 64.153296
node[1], 2588848963, 43.345746, 2357136044, 1712, 32.132000
node[2], 2774094101, 43.345746, 2357136044, 1712, 64.153296
node[3], 1277901399, 43.345746, 2357136044, 1712, 96.174464
node[2], 2774094101, 43.409192, 1277901399, 1713, 32.021200
node[1], 2588848963, 43.409192, 1277901399, 1713, 64.042496
node[0], 2357136044, 43.409192, 1277901399, 1713, 96.174464
node[0], 2357136044, 43.432043, 2588848963, 1714, 32.132000
node[2], 2774094101, 43.432043, 2588848963, 1714, 32.021392
node[3], 1277901399, 43.432043, 2588848963, 1714, 64.042496
node[3], 1277901399, 43.439067, 2774094101, 1715, 32.021200
node[1], 2588848963, 43.439067, 2774094101, 1715, 32.021392
node[0], 2357136044, 43.439067, 2774094101, 1715, 64.153296
node[1], 2588848963, 43.445746, 2357136044, 1716, 32.132000
node[2], 2774094101, 43.445746, 2357136044, 1716, 64.153296
node[3], 1277901399, 43.445746, 2357136044, 1716, 96.174464
node[2], 2774094101, 43.501193, 1277901399, 1717, 32.021200
node[1], 2588848963, 43.501193, 1277901399, 1717, 64.042496
node[0], 2357136044, 43.501193, 1277901399, 1717, 96.174464
node[0], 2357136044, 43.525044, 2588848963, 1718, 32.132000
node[2], 2774094101, 43.525044, 2588848963, 1718, 32.021392
node[3], 1277901399, 43.525044, 2588848963, 1718, 64.042496
node[3], 1277901399, 43.540067, 2774094101, 1719, 32.021200
node[1], 2588848963, 43.540067, 2774094101, 1719, 32.021392
node[0], 2357136044, 43.540067, 2774094101, 1719, 64.153296
node[1], 2588848963, 43.545746, 2357136044, 1720, 32.132000
node[2], 2774094101, 43.545746, 2357136044, 1720, 64.153296
node[3], 1277901399, 43.545746, 2357136044, 1720, 96.174464
node[2], 2774094101, 43.616192, 1277901399, 1721, 32.021200
node[1], 2588848963, 43.616192, 1277901399, 1721, 64.042496
node[0], 2357136044, 43.616192, 1277901399, 1721, 96.174464
node[0], 2357136044, 43.625044, 2588848963, 1722, 32.132000
node[2], 2774094101, 43.625044, 2588848963, 1722, 32.021392
node[3], 1277901399, 43.625044, 2588848963, 1722, 64.042496
node[3], 1277901399, 43.639067, 2774094101, 1723, 32.021200
node[1], 2588848963, 43.639067, 2774094101, 1723, 32.021392
node[0], 2357136044, 43.639067, 2774094101, 1723, 64.153296
node[1], 2588848963, 43.651933, 2357136044, 1724, 32.132000
node[2], 2774094101, 43.651933, 2357136044, 1724, 64.153296
node[3], 1277901399, 43.651933, 2357136044, 1724, 96.174464
node[2], 2774094101, 43.701193, 1277901399, 1725, 32.021200
node[1], 2588848963, 43.701193, 1277901399, 1725, 64.042496
node[0], 2357136044, 43.701193, 1277901399, 1725, 96.174464
node[0], 2357136044, 43.725044, 2588848963, 1726, 32.132000
node[2], 2774094101, 43.725044, 2588848963, 1726, 32.021392
node[3], 1277901399, 43.725044, 2588848963, 1726, 64.042496
node[3], 1277901399, 43.739067, 2774094101, 1727, 32.021200
node[1], 2588848963, 43.739067, 2774094101, 1727, 32.021392
node[0], 2357136044, 43.739067, 2774094101, 1727, 64.153296
node[1], 2588848963, 43.745746, 2357136044, 1728, 32.132000
node[2], 2774094101, 43.745746, 2357136044, 1728, 64.153296
node[3], 1277901399, 43.745746, 2357136044, 1728, 96.174464
node[2], 2774094101, 43.801193, 1277901399, 1729, 32.021200
node[1], 2588848963, 43.801193, 1277901399, 1729, 64.042496
node[0], 2357136044, 43.801193, 1277901399, 1729, 96.174464
node[0], 2357136044, 43.825044, 2588848963, 1730, 32.132000
node[2], 2774094101, 43.825044, 2588848963, 1730, 32.021392
node[3], 1277901399, 43.825044, 2588848963, 1730, 64.042496
node[3], 1277901399, 43.839067, 2774094101, 1731, 32.021200
node[1], 2588848963, 43.839067, 2774094101, 1731, 32.021392
node[0], 2357136044, 43.839067, 2774094101, 1731, 64.153296
node[1], 2588848963, 43.845746, 2357136044, 1732, 32.132000
node[2], 2774094101, 43.845746, 2357136044, 1732, 64.153296
node[3], 1277901399, 43.845746, 2357136044, 1732, 96.174464
node[2], 2774094101, 43.901193, 1277901399, 1733, 32.021200
node[1], 2588848963, 43.901193, 1277901399, 1733, 64.042496
node[0], 2357136044, 43.901193, 1277901399, 1733, 96.174464
node[0], 2357136044, 43.925044, 2588848963, 1734, 32.132000
node[2], 2774094101, 43.925044, 2588848963, 1734, 32.021392
node[3], 1277901399, 43.925044, 2588848963, 1734, 64.042496
node[1], 2588848963, 43.956745, 2357136044, 1736, 32.132000
node[2], 2774094101, 43.956745, 2357136044, 1736, 64.153296
node[3], 1277901399, 43.956745, 2357136044, 1736, 96.174464
node[3], 1277901399, 43.961067, 2774094101, 1735, 32.021200
node[1], 2588848963, 43.961067, 2774094101, 1735, 32.021392
node[0], 2357136044, 43.961067, 2774094101, 1735, 64.153296
node[2], 2774094101, 44.001193, 1277901399, 1737, 32.021200
node[1], 2588848963, 44.001193, 1277901399, 1737, 64.042496
node[0], 2357136044, 44.001193, 1277901399, 1737, 96.174464
node[0], 2357136044, 44.038043, 2588848963, 1738, 32.132000
node[2], 2774094101, 44.038043, 2588848963, 1738, 32.021392
node[3], 1277901399, 44.038043, 2588848963, 1738, 64.042496
node[3], 1277901399, 44.039067, 2774094101, 1739, 32.021200
node[1], 2588848963, 44.039067, 2774094101, 1739, 32.021392
node[0], 2357136044, 44.039067, 2774094101, 1739, 64.153296
node[1], 2588848963, 44.045746, 2357136044, 1740, 32.132000
node[2], 2774094101, 44.045746, 2357136044, 1740, 64.153296
node[3], 1277901399, 44.045746, 2357136044, 1740, 96.174464
node[2], 2774094101, 44.101193, 1277901399, 1741, 32.021200
node[1], 2588848963, 44.101193, 1277901399, 1741, 64.042496
node[0], 2357136044, 44.101193, 1277901399, 1741, 96.174464
node[0], 2357136044, 44.125518, 2588848963, 1742, 32.132000
node[2], 2774094101, 44.125518, 2588848963, 1742, 32.021392
node[3], 1277901399, 44.125518, 2588848963, 1742, 64.042496
node[3], 1277901399, 44.139067, 2774094101, 1743, 32.021200
node[1], 2588848963, 44.139067, 2774094101, 1743, 32.021392
node[0], 2357136044, 44.139067, 2774094101, 1743, 64.153296
node[1], 2588848963, 44.149745, 2357136044, 1744, 32.132000
node[2], 2774094101, 44.149745, 2357136044, 1744, 64.153296
node[3], 1277901399, 44.149745, 2357136044, 1744, 96.174464
node[2], 2774094101, 44.201193, 1277901399, 1745, 32.021200
node[1], 2588848963, 44.201193, 1277901399, 1745, 64.042496
node[0], 2357136044, 44.201193, 1277901399, 1745, 96.174464
node[0], 2357136044, 44.225044, 2588848963, 1746, 32.132000
node[2], 2774094101, 44.225044, 2588848963, 1746, 32.021392
node[3], 1277901399, 44.225044, 2588848963, 1746, 64.042496
node[3], 1277901399, 44.239067, 2774094101, 1747, 32.021200
node[1], 2588848963, 44.239067, 2774094101, 1747, 32.021392
node[0], 2357136044, 44.239067, 2774094101, 1747, 64.153296
node[1], 2588848963, 44.246745, 2357136044, 1748, 32.132000
node[2], 2774094101, 44.246745, 2357136044, 1748, 64.153296
node[3], 1277901399, 44.246745, 2357136044, 1748, 96.174464
node[2], 2774094101, 44.301193, 1277901399, 1749, 32.021200
node[1], 2588848963, 44.301193, 1277901399, 1749, 64.042496
node[0], 2357136044, 44.301193, 1277901399, 1749, 96.174464
node[0], 2357136044, 44.325044, 2588848963, 1750, 32.132000
node[2], 2774094101, 44.325044, 2588848963, 1750, 32.021392
node[3], 1277901399, 44.325044, 2588848963, 1750, 64.042496
node[3], 1277901399, 44.339067, 2774094101, 1751, 32.021200
node[1], 2588848963, 44.339067, 2774094101, 1751, 32.021392
node[0], 2357136044, 44.339067, 2774094101, 1751, 64.153296
node[1], 2588848963, 44.345746, 2357136044, 1752, 32.132000
node[2], 2774094101, 44.345746, 2357136044, 1752, 64.153296
node[3], 1277901399, 44.345746, 2357136044, 1752, 96.174464
node[2], 2774094101, 44.401193, 1277901399, 1753, 32.021200
node[1], 2588848963, 44.401193, 1277901399, 1753, 64.042496
node[0], 2357136044, 44.401193, 1277901399, 1753, 96.174464
node[0], 2357136044, 44.435043, 2588848963, 1754, 32.132000
node[2], 2774094101, 44.435043, 2588848963, 1754, 32.021392
node[3], 1277901399, 44.435043, 2588848963, 1754, 64.042496
node[3], 1277901399, 44.439067, 2774094101, 1755, 32.021200
node[1], 2588848963, 44.439067, 2774094101, 1755, 32.021392
node[0], 2357136044, 44.439067, 2774094101, 1755, 64.153296
node[1], 2588848963, 44.445746, 2357136044, 1756, 32.132000
node[2], 2774094101, 44.445746, 2357136044, 1756, 64.153296
node[3], 1277901399, 44.445746, 2357136044, 1756, 96.174464
node[2], 2774094101, 44.501193, 1277901399, 1757, 32.021200
node[1], 2588848963, 44.501193, 1277901399, 1757, 64.042496
node[0], 2357136044, 44.501193, 1277901399, 1757, 96.174464
node[0], 2357136044, 44.525044, 2588848963, 1758, 32.132000
node[2], 2774094101, 44.525044, 2588848963, 1758, 32.021392
node[3], 1277901399, 44.525044, 2588848963, 1758, 64.042496
node[3], 1277901399, 44.539067, 2774094101, 1759, 32.021200
node[1], 2588848963, 44.539067, 2774094101, 1759, 32.021392
node[0], 2357136044, 44.539067, 2774094101, 1759, 64.153296
node[1], 2588848963, 44.545746, 2357136044, 1760, 32.132000
node[2], 2774094101, 44.545746, 2357136044, 1760, 64.153296
node[3], 1277901399, 44.545746, 2357136044, 1760, 96.174464
node[2], 2774094101, 44.605192, 1277901399, 1761, 32.021200
node[1], 2588848963, 44.605192, 1277901399, 1761, 64.042496
node[0], 2357136044, 44.605192, 1277901399, 1761, 96.174464
node[0], 2357136044, 44.625044, 2588848963, 1762, 32.132000
node[2], 2774094101, 44.625044, 2588848963, 1762, 32.021392
node[3], 1277901399, 44.625044, 2588848963, 1762, 64.042496
node[3], 1277901399, 44.639067, 2774094101, 1763, 32.021200
node[1], 2588848963, 44.639067, 2774094101, 1763, 32.021392
node[0], 2357136044, 44.639067, 2774094101, 1763, 64.153296
node[1], 2588848963, 44.660745, 2357136044, 1764, 32.132000
node[2], 2774094101, 44.660745, 2357136044, 1764, 64.153296
node[3], 1277901399, 44.660745, 2357136044, 1764, 96.174464
node[2], 2774094101, 44.701193, 1277901399, 1765, 32.021200
node[1], 2588848963, 44.701193, 1277901399, 1765, 64.042496
node[0], 2357136044, 44.701193, 1277901399, 1765, 96.174464
node[0], 2357136044, 44.725044, 2588848963, 1766, 32.132000
node[2], 2774094101, 44.725044, 2588848963, 1766, 32.021392
node[3], 1277901399, 44.725044, 2588848963, 1766, 64.042496
node[3], 1277901399, 44.739067, 2774094101, 1767, 32.021200
node[1], 2588848963, 44.739067, 2774094101, 1767, 32.021392
node[0], 2357136044, 44.739067, 2774094101, 1767, 64.153296
node[1], 2588848963, 44.755745, 2357136044, 1768, 32.132000
node[2], 2774094101, 44.755745, 2357136044, 1768, 64.153296
node[3], 1277901399, 44.755745, 2357136044, 1768, 96.174464
node[2], 2774094101, 44.801193, 1277901399, 1769, 32.021200
node[1], 2588848963, 44.801193, 1277901399, 1769, 64.042496
node[0], 2357136044, 44.801193, 1277901399, 1769, 96.174464
node[0], 2357136044, 44.825044, 2588848963, 1770, 32.132000
node[2], 2774094101, 44.825044, 2588848963, 1770, 32.021392
node[3], 1277901399, 44.825044, 2588848963, 1770, 64.042496
node[3], 1277901399, 44.844067, 2774094101, 1771, 32.021200
node[1], 2588848963, 44.844067, 2774094101, 1771, 32.021392
node[0], 2357136044, 44.844067, 2774094101, 1771, 64.153296
node[1], 2588848963, 44.845746, 2357136044, 1772, 32.132000
node[2], 2774094101, 44.845746, 2357136044, 1772, 64.153296
node[3], 1277901399, 44.845746, 2357136044, 1772, 96.174464
node[2], 2774094101, 44.901193, 1277901399, 1773, 32.021200
node[1], 2588848963, 44.901193, 1277901399, 1773, 64.042496
node[0], 2357136044, 44.901193, 1277901399, 1773, 96.174464
node[0], 2357136044, 44.938043, 2588848963, 1774, 32.132000
node[2], 2774094101, 44.938043, 2588848963, 1774, 32.021392
node[3], 1277901399, 44.938043, 2588848963, 1774, 64.042496
node[1], 2588848963, 44.949745, 2357136044, 1776, 32.132000
node[2], 2774094101, 44.949745, 2357136044, 1776, 64.153296
node[3], 1277901399, 44.949745, 2357136044, 1776, 96.174464
node[3], 1277901399, 44.951067, 2774094101, 1775, 32.021200
node[1], 2588848963, 44.951067, 2774094101, 1775, 32.021392
node[0], 2357136044, 44.951067, 2774094101, 1775, 64.153296
node[2], 2774094101, 45.001193, 1277901399, 1777, 32.021200
node[1], 2588848963, 45.001193, 1277901399, 1777, 64.042496
node[0], 2357136044, 45.001193, 1277901399, 1777, 96.174464
node[0], 2357136044, 45.025044, 2588848963, 1778, 32.132000
node[2], 2774094101, 45.025044, 2588848963, 1778, 32.021392
node[3], 1277901399, 45.025044, 2588848963, 1778, 64.042496
node[3], 1277901399, 45.039067, 2774094101, 1779, 32.021200
node[1], 2588848963, 45.039067, 2774094101, 1779, 32.021392
node[0], 2357136044, 45.039067, 2774094101, 1779, 64.153296
node[1], 2588848963, 45.045746, 2357136044, 1780, 32.132000
node[2], 2774094101, 45.045746, 2357136044, 1780, 64.153296
node[3], 1277901399, 45.045746, 2357136044, 1780, 96.174464
node[2], 2774094101, 45.101193, 1277901399, 1781, 32.021200
node[1], 2588848963, 45.101193, 1277901399, 1781, 64.042496
node[0], 2357136044, 45.101193, 1277901399, 1781, 96.174464
node[0], 2357136044, 45.149043, 2588848963, 1782, 32.132000
node[2], 2774094101, 45.149043, 2588848963, 1782, 32.021392
node[3], 1277901399, 45.149043, 2588848963, 1782, 64.042496
node[3], 1277901399, 45.155067, 2774094101, 1783, 32.021200
node[1], 2588848963, 45.155067, 2774094101, 1783, 32.021392
node[0], 2357136044, 45.155067, 2774094101, 1783, 64.153296
node[1], 2588848963, 45.158745, 2357136044, 1784, 32.132000
node[2], 2774094101, 45.158745, 2357136044, 1784, 64.153296
node[3], 1277901399, 45.158745, 2357136044, 1784, 96.174464
node[2], 2774094101, 45.213192, 1277901399, 1785, 32.021200
node[1], 2588848963, 45.213192, 1277901399, 1785, 64.042496
node[0], 2357136044, 45.213192, 1277901399, 1785, 96.174464
node[0], 2357136044, 45.225044, 2588848963, 1786, 32.132000
node[2], 2774094101, 45.225044, 2588848963, 1786, 32.021392
node[3], 1277901399, 45.225044, 2588848963, 1786, 64.042496
node[3], 1277901399, 45.239067, 2774094101, 1787, 32.021200
node[1], 2588848963, 45.239067, 2774094101, 1787, 32.021392
node[0], 2357136044, 45.239067, 2774094101, 1787, 64.153296
node[1], 2588848963, 45.245746, 2357136044, 1788, 32.132000
node[2], 2774094101, 45.245746, 2357136044, 1788, 64.153296
node[3], 1277901399, 45.245746, 2357136044, 1788, 96.174464
node[2], 2774094101, 45.301193, 1277901399, 1789, 32.021200
node[1], 2588848963, 45.301193, 1277901399, 1789, 64.042496
node[0], 2357136044, 45.301193, 1277901399, 1789, 96.174464
node[3], 1277901399, 45.339067, 2774094101, 1791, 32.021200
node[1], 2588848963, 45.339067, 2774094101, 1791, 32.021392
node[0], 2357136044, 45.339067, 2774094101, 1791, 64.153296
node[0], 2357136044, 45.345043, 2588848963, 1790, 32.132000
node[2], 2774094101, 45.345043, 2588848963, 1790, 32.021392
node[3], 1277901399, 45.345043, 2588848963, 1790, 64.042496
node[1], 2588848963, 45.345746, 2357136044, 1792, 32.132000
node[2], 2774094101, 45.345746, 2357136044, 1792, 64.153296
node[3], 1277901399, 45.345746, 2357136044, 1792, 96.174464
node[2], 2774094101, 45.404192, 1277901399, 1793, 32.132000
node[1], 2588848963, 45.404192, 1277901399, 1793, 64.153296
node[0], 2357136044, 45.404192, 1277901399, 1793, 96.285264
node[0], 2357136044, 45.425044, 2588848963, 1794, 32.132000
node[2], 2774094101, 45.425044, 2588848963, 1794, 32.021392
node[3], 1277901399, 45.425044, 2588848963, 1794, 64.153296
node[3], 1277901399, 45.439067, 2774094101, 1795, 32.132000
node[1], 2588848963, 45.439067, 2774094101, 1795, 32.021392
node[0], 2357136044, 45.439067, 2774094101, 1795, 64.153296
node[1], 2588848963, 45.445746, 2357136044, 1796, 32.132000
node[2], 2774094101, 45.445746, 2357136044, 1796, 64.153296
node[3], 1277901399, 45.445746, 2357136044, 1796, 96.285264
node[2], 2774094101, 45.501193, 1277901399, 1797, 32.132000
node[1], 2588848963, 45.501193, 1277901399, 1797, 64.153296
node[0], 2357136044, 45.501193, 1277901399, 1797, 96.285264
node[0], 2357136044, 45.527043, 2588848963, 1798, 32.132000
node[2], 2774094101, 45.527043, 2588848963, 1798, 32.021392
node[3], 1277901399, 45.527043, 2588848963, 1798, 64.153296
node[1], 2588848963, 45.545746, 2357136044, 1800, 32.132000
node[2], 2774094101, 45.545746, 2357136044, 1800, 64.153296
node[3], 1277901399, 45.545746, 2357136044, 1800, 96.285264
node[3], 1277901399, 45.561067, 2774094101, 1799, 32.132000
node[1], 2588848963, 45.561067, 2774094101, 1799, 32.021392
node[0], 2357136044, 45.561067, 2774094101, 1799, 64.153296
node[2], 2774094101, 45.601193, 1277901399, 1801, 32.132000
node[1], 2588848963, 45.601193, 1277901399, 1801, 64.153296
node[0], 2357136044, 45.601193, 1277901399, 1801, 96.285264
node[0], 2357136044, 45.625044, 2588848963, 1802, 32.132000
node[2], 2774094101, 45.625044, 2588848963, 1802, 32.021392
node[3], 1277901399, 45.625044, 2588848963, 1802, 64.153296
node[3], 1277901399, 45.643067, 2774094101, 1803, 32.132000
node[1], 2588848963, 45.643067, 2774094101, 1803, 32.021392
node[0], 2357136044, 45.643067, 2774094101, 1803, 64.153296
node[1], 2588848963, 45.645746, 2357136044, 1804, 32.132000
node[2], 2774094101, 45.645746, 2357136044, 1804, 64.153296
node[3], 1277901399, 45.645746, 2357136044, 1804, 96.285264
node[2], 2774094101, 45.715192, 1277901399, 1805, 32.132000
node[1], 2588848963, 45.715192, 1277901399, 1805, 64.153296
node[0], 2357136044, 45.715192, 1277901399, 1805, 96.285264
node[0], 2357136044, 45.725044, 2588848963, 1806, 32.132000
node[2], 2774094101, 45.725044, 2588848963, 1806, 32.021392
node[3], 1277901399, 45.725044, 2588848963, 1806, 64.153296
node[3], 1277901399, 45.739067, 2774094101, 1807, 32.132000
node[1], 2588848963, 45.739067, 2774094101, 1807, 32.021392
node[0], 2357136044, 45.739067, 2774094101, 1807, 64.153296
node[1], 2588848963, 45.755745, 2357136044, 1808, 32.132000
node[2], 2774094101, 45.755745, 2357136044, 1808, 64.153296
node[3], 1277901399, 45.755745, 2357136044, 1808, 96.285264
node[2], 2774094101, 45.811192, 1277901399, 1809, 32.132000
node[1], 2588848963, 45.811192, 1277901399, 1809, 64.153296
node[0], 2357136044, 45.811192, 1277901399, 1809, 96.285264
node[0], 2357136044, 45.825044, 2588848963, 1810, 32.132000
node[2], 2774094101, 45.825044, 2588848963, 1810, 32.021392
node[3], 1277901399, 45.825044, 2588848963, 1810, 64.153296
node[3], 1277901399, 45.839067, 2774094101, 1811, 32.132000
node[1], 2588848963, 45.839067, 2774094101, 1811, 32.021392
node[0], 2357136044, 45.839067, 2774094101, 1811, 64.153296
node[1], 2588848963, 45.845746, 2357136044, 1812, 32.132000
node[2], 2774094101, 45.845746, 2357136044, 1812, 64.153296
node[3], 1277901399, 45.845746, 2357136044, 1812, 96.285264
node[2], 2774094101, 45.901193, 1277901399, 1813, 32.132000
node[1], 2588848963, 45.901193, 1277901399, 1813, 64.153296
node[0], 2357136044, 45.901193, 1277901399, 1813, 96.285264
node[0], 2357136044, 45.925044, 2588848963, 1814, 32.132000
node[2], 2774094101, 45.925044, 2588848963, 1814, 32.021392
node[3], 1277901399, 45.925044, 2588848963, 1814, 64.153296
node[3], 1277901399, 45.939067, 2774094101, 1815, 32.132000
node[1], 2588848963, 45.939067, 2774094101, 1815, 32.021392
node[0], 2357136044, 45.939067, 2774094101, 1815, 64.153296
node[1], 2588848963, 45.945746, 2357136044, 1816, 32.132000
node[2], 2774094101, 45.945746, 2357136044, 1816, 64.153296
node[3], 1277901399, 45.945746, 2357136044, 1816, 96.285264
node[2], 2774094101, 46.001193, 1277901399, 1817, 32.132000
node[1], 2588848963, 46.001193, 1277901399, 1817, 64.153296
node[0], 2357136044, 46.001193, 1277901399, 1817, 96.285264
node[0], 2357136044, 46.031043, 2588848963, 1818, 32.132000
node[2], 2774094101, 46.031043, 2588848963, 1818, 32.021392
node[3], 1277901399, 46.031043, 2588848963, 1818, 64.153296
node[3], 1277901399, 46.039067, 2774094101, 1819, 32.132000
node[1], 2588848963, 46.039067, 2774094101, 1819, 32.021392
node[0], 2357136044, 46.039067, 2774094101, 1819, 64.153296
node[1], 2588848963, 46.045746, 2357136044, 1820, 32.132000
node[2], 2774094101, 46.045746, 2357136044, 1820, 64.153296
node[3], 1277901399, 46.045746, 2357136044, 1820, 96.285264
node[2], 2774094101, 46.102192, 1277901399, 1821, 32.132000
node[1], 2588848963, 46.102192, 1277901399, 1821, 64.153296
node[0], 2357136044, 46.102192, 1277901399, 1821, 96.285264
node[0], 2357136044, 46.125044, 2588848963, 1822, 32.132000
node[2], 2774094101, 46.125044, 2588848963, 1822, 32.021392
node[3], 1277901399, 46.125044, 2588848963, 1822, 64.153296
node[3], 1277901399, 46.139067, 2774094101, 1823, 32.132000
node[1], 2588848963, 46.139067, 2774094101, 1823, 32.021392
node[0], 2357136044, 46.139067, 2774094101, 1823, 64.153296
node[1], 2588848963, 46.145746, 2357136044, 1824, 32.132000
node[2], 2774094101, 46.145746, 2357136044, 1824, 64.153296
node[3], 1277901399, 46.145746, 2357136044, 1824, 96.285264
node[2], 2774094101, 46.203192, 1277901399, 1825, 32.132000
node[1], 2588848963, 46.203192, 1277901399, 1825, 64.153296
node[0], 2357136044, 46.203192, 1277901399, 1825, 96.285264
node[0], 2357136044, 46.225044, 2588848963, 1826, 32.132000
node[2], 2774094101, 46.225044, 2588848963, 1826, 32.021392
node[3], 1277901399, 46.225044, 2588848963, 1826, 64.153296
node[3], 1277901399, 46.256868, 2774094101, 1827, 32.132000
node[1], 2588848963, 46.256868, 2774094101, 1827, 32.021392
node[0], 2357136044, 46.256868, 2774094101, 1827, 64.153296
node[1], 2588848963, 46.268745, 2357136044, 1828, 32.132000
node[2], 2774094101, 46.268745, 2357136044, 1828, 64.153296
node[3], 1277901399, 46.268745, 2357136044, 1828, 96.285264
node[2], 2774094101, 46.319192, 1277901399, 1829, 32.132000
node[1], 2588848963, 46.319192, 1277901399, 1829, 64.153296
node[0], 2357136044, 46.319192, 1277901399, 1829, 96.285264
node[0], 2357136044, 46.325044, 2588848963, 1830, 32.132000
node[2], 2774094101, 46.325044, 2588848963, 1830, 32.021392
node[3], 1277901399, 46.325044, 2588848963, 1830, 64.153296
node[3], 1277901399, 46.339067, 2774094101, 1831, 32.132000
node[1], 2588848963, 46.339067, 2774094101, 1831, 32.021392
node[0], 2357136044, 46.339067, 2774094101, 1831, 64.153296
node[1], 2588848963, 46.356745, 2357136044, 1832, 32.132000
node[2], 2774094101, 46.356745, 2357136044, 1832, 64.153296
node[3], 1277901399, 46.356745, 2357136044, 1832, 96.285264
node[2], 2774094101, 46.401193, 1277901399, 1833, 32.132000
node[1], 2588848963, 46.401193, 1277901399, 1833, 64.153296
node[0], 2357136044, 46.401193, 1277901399, 1833, 96.285264
node[0], 2357136044, 46.425044, 2588848963, 1834, 32.132000
node[2], 2774094101, 46.425044, 2588848963, 1834, 32.021392
node[3], 1277901399, 46.425044, 2588848963, 1834, 64.153296
node[3], 1277901399, 46.445067, 2774094101, 1835, 32.132000
node[1], 2588848963, 46.445067, 2774094101, 1835, 32.021392
node[0], 2357136044, 46.445067, 2774094101, 1835, 64.153296
node[1], 2588848963, 46.445761, 2357136044, 1836, 32.132000
node[2], 2774094101, 46.445761, 2357136044, 1836, 64.153296
node[3], 1277901399, 46.445762, 2357136044, 1836, 96.285264
node[2], 2774094101, 46.501596, 1277901399, 1837, 32.132000
node[1], 2588848963, 46.501596, 1277901399, 1837, 64.153296
node[0], 2357136044, 46.501596, 1277901399, 1837, 96.285264
node[0], 2357136044, 46.525044, 2588848963, 1838, 32.132000
node[2], 2774094101, 46.525044, 2588848963, 1838, 32.021392
node[3], 1277901399, 46.525044, 2588848963, 1838, 64.153296
node[3], 1277901399, 46.539067, 2774094101, 1839, 32.132000
node[1], 2588848963, 46.539067, 2774094101, 1839, 32.021392
node[0], 2357136044, 46.539067, 2774094101, 1839, 64.153296
node[1], 2588848963, 46.550745, 2357136044, 1840, 32.132000
node[2], 2774094101, 46.550745, 2357136044, 1840, 64.153296
node[3], 1277901399, 46.550745, 2357136044, 1840, 96.285264
node[2], 2774094101, 46.605192, 1277901399, 1841, 32.132000
node[1], 2588848963, 46.605192, 1277901399, 1841, 64.153296
node[0], 2357136044, 46.605192, 1277901399, 1841, 96.285264
node[3], 1277901399, 46.639067, 2774094101, 1843, 32.132000
node[1], 2588848963, 46.639067, 2774094101, 1843, 32.021392
node[0], 2357136044, 46.639067, 2774094101, 1843, 64.153296
node[1], 2588848963, 46.645746, 2357136044, 1844, 32.132000
node[2], 2774094101, 46.645746, 2357136044, 1844, 64.153296
node[3], 1277901399, 46.645746, 2357136044, 1844, 96.285264
node[0], 2357136044, 46.647238, 2588848963, 1842, 32.132000
node[2], 2774094101, 46.647238, 2588848963, 1842, 32.021392
node[3], 1277901399, 46.647238, 2588848963, 1842, 64.153296
node[2], 2774094101, 46.706192, 1277901399, 1845, 32.132000
node[1], 2588848963, 46.706192, 1277901399, 1845, 64.153296
node[0], 2357136044, 46.706192, 1277901399, 1845, 96.285264
node[0], 2357136044, 46.734043, 2588848963, 1846, 32.132000
node[2], 2774094101, 46.734043, 2588848963, 1846, 32.021392
node[3], 1277901399, 46.734043, 2588848963, 1846, 64.153296
node[3], 1277901399, 46.739067, 2774094101, 1847, 32.132000
node[1], 2588848963, 46.739067, 2774094101, 1847, 32.021392
node[0], 2357136044, 46.739067, 2774094101, 1847, 64.153296
node[1], 2588848963, 46.745746, 2357136044, 1848, 32.132000
node[2], 2774094101, 46.745746, 2357136044, 1848, 64.153296
node[3], 1277901399, 46.745746, 2357136044, 1848, 96.285264
node[2], 2774094101, 46.801193, 1277901399, 1849, 32.132000
node[1], 2588848963, 46.801193, 1277901399, 1849, 64.153296
node[0], 2357136044, 46.801193, 1277901399, 1849, 96.285264
node[0], 2357136044, 46.825044, 2588848963, 1850, 32.132000
node[2], 2774094101, 46.825044, 2588848963, 1850, 32.021392
node[3], 1277901399, 46.825044, 2588848963, 1850, 64.153296
node[3], 1277901399, 46.839067, 2774094101, 1851, 32.132000
node[1], 2588848963, 46.839067, 2774094101, 1851, 32.021392
node[0], 2357136044, 46.839067, 2774094101, 1851, 64.153296
node[1], 2588848963, 46.845746, 2357136044, 1852, 32.132000
node[2], 2774094101, 46.845746, 2357136044, 1852, 64.153296
node[3], 1277901399, 46.845746, 2357136044, 1852, 96.285264
node[2], 2774094101, 46.901193, 1277901399, 1853, 32.132000
node[1], 2588848963, 46.901193, 1277901399, 1853, 64.153296
node[0], 2357136044, 46.901193, 1277901399, 1853, 96.285264
node[0], 2357136044, 46.925044, 2588848963, 1854, 32.132000
node[2], 2774094101, 46.925044, 2588848963, 1854, 32.021392
node[3], 1277901399, 46.925044, 2588848963, 1854, 64.153296
node[3], 1277901399, 46.939067, 2774094101, 1855, 32.132000
node[1], 2588848963, 46.939067, 2774094101, 1855, 32.021392
node[0], 2357136044, 46.939067, 2774094101, 1855, 64.153296
node[1], 2588848963, 46.945746, 2357136044, 1856, 32.132000
node[2], 2774094101, 46.945746, 2357136044, 1856, 64.153296
node[3], 1277901399, 46.945746, 2357136044, 1856, 96.285264
node[2], 2774094101, 47.017192, 1277901399, 1857, 32.132000
node[1], 2588848963, 47.017192, 1277901399, 1857, 64.153296
node[0], 2357136044, 47.017192, 1277901399, 1857, 96.285264
node[0], 2357136044, 47.026043, 2588848963, 1858, 32.132000
node[2], 2774094101, 47.026043, 2588848963, 1858, 32.021392
node[3], 1277901399, 47.026043, 2588848963, 1858, 64.153296
node[3], 1277901399, 47.039067, 2774094101, 1859, 32.132000
node[1], 2588848963, 47.039067, 2774094101, 1859, 32.021392
node[0], 2357136044, 47.039067, 2774094101, 1859, 64.153296
node[1], 2588848963, 47.045746, 2357136044, 1860, 32.132000
node[2], 2774094101, 47.045746, 2357136044, 1860, 64.153296
node[3], 1277901399, 47.045746, 2357136044, 1860, 96.285264
node[2], 2774094101, 47.101193, 1277901399, 1861, 32.132000
node[1], 2588848963, 47.101193, 1277901399, 1861, 64.153296
node[0], 2357136044, 47.101193, 1277901399, 1861, 96.285264
node[0], 2357136044, 47.125044, 2588848963, 1862, 32.132000
node[2], 2774094101, 47.125044, 2588848963, 1862, 32.021392
node[3], 1277901399, 47.125044, 2588848963, 1862, 64.153296
node[3], 1277901399, 47.139067, 2774094101, 1863, 32.132000
node[1], 2588848963, 47.139067, 2774094101, 1863, 32.021392
node[0], 2357136044, 47.139067, 2774094101, 1863, 64.153296
node[1], 2588848963, 47.145746, 2357136044, 1864, 32.132000
node[2], 2774094101, 47.145746, 2357136044, 1864, 64.153296
node[3], 1277901399, 47.145746, 2357136044, 1864, 96.285264
node[2], 2774094101, 47.220192, 1277901399, 1865, 32.132000
node[1], 2588848963, 47.220192, 1277901399, 1865, 64.153296
node[0], 2357136044, 47.220192, 1277901399, 1865, 96.285264
node[0], 2357136044, 47.237043, 2588848963, 1866, 32.132000
node[2], 2774094101, 47.237043, 2588848963, 1866, 32.021392
node[3], 1277901399, 47.237043, 2588848963, 1866, 64.153296
node[3], 1277901399, 47.256067, 2774094101, 1867, 32.132000
node[1], 2588848963, 47.256067, 2774094101, 1867, 32.021392
node[0], 2357136044, 47.256067, 2774094101, 1867, 64.153296
node[1], 2588848963, 47.269745, 2357136044, 1868, 32.132000
node[2], 2774094101, 47.269745, 2357136044, 1868, 64.153296
node[3], 1277901399, 47.269745, 2357136044, 1868, 96.285264
node[2], 2774094101, 47.301193, 1277901399, 1869, 32.132000
node[1], 2588848963, 47.301193, 1277901399, 1869, 64.153296
node[0], 2357136044, 47.301193, 1277901399, 1869, 96.285264
node[3], 1277901399, 47.339067, 2774094101, 1871, 32.132000
node[1], 2588848963, 47.339067, 2774094101, 1871, 32.021392
node[0], 2357136044, 47.339067, 2774094101, 1871, 64.153296
node[0], 2357136044, 47.341043, 2588848963, 1870, 32.132000
node[2], 2774094101, 47.341043, 2588848963, 1870, 32.021392
node[3], 1277901399, 47.341043, 2588848963, 1870, 64.153296
node[1], 2588848963, 47.345746, 2357136044, 1872, 32.132000
node[2], 2774094101, 47.345746, 2357136044, 1872, 64.153296
node[3], 1277901399, 47.345746, 2357136044, 1872, 96.285264
node[2], 2774094101, 47.401193, 1277901399, 1873, 32.132000
node[1], 2588848963, 47.401193, 1277901399, 1873, 64.153296
node[0], 2357136044, 47.401193, 1277901399, 1873, 96.285264
node[0], 2357136044, 47.425044, 2588848963, 1874, 32.132000
node[2], 2774094101, 47.425044, 2588848963, 1874, 32.021392
node[3], 1277901399, 47.425044, 2588848963, 1874, 64.153296
node[3], 1277901399, 47.439067, 2774094101, 1875, 32.132000
node[1], 2588848963, 47.439067, 2774094101, 1875, 32.021392
node[0], 2357136044, 47.439067, 2774094101, 1875, 64.153296
node[1], 2588848963, 47.461745, 2357136044, 1876, 32.132000
node[2], 2774094101, 47.461745, 2357136044, 1876, 64.153296
node[3], 1277901399, 47.461745, 2357136044, 1876, 96.285264
node[2], 2774094101, 47.501193, 1277901399, 1877, 32.132000
node[1], 2588848963, 47.501193, 1277901399, 1877, 64.153296
node[0], 2357136044, 47.501193, 1277901399, 1877, 96.285264
node[0], 2357136044, 47.525044, 2588848963, 1878, 32.132000
node[2], 2774094101, 47.525044, 2588848963, 1878, 32.021392
node[3], 1277901399, 47.525044, 2588848963, 1878, 64.153296
node[1], 2588848963, 47.545746, 2357136044, 1880, 32.132000
node[2], 2774094101, 47.545746, 2357136044, 1880, 64.153296
node[3], 1277901399, 47.545746, 2357136044, 1880, 96.285264
node[3], 1277901399, 47.564067, 2774094101, 1879, 32.132000
node[1], 2588848963, 47.564067, 2774094101, 1879, 32.021392
node[0], 2357136044, 47.564067, 2774094101, 1879, 64.153296
node[2], 2774094101, 47.601193, 1277901399, 1881, 32.132000
node[1], 2588848963, 47.601193, 1277901399, 1881, 64.153296
node[0], 2357136044, 47.601193, 1277901399, 1881, 96.285264
node[0], 2357136044, 47.627043, 2588848963, 1882, 32.132000
node[2], 2774094101, 47.627043, 2588848963, 1882, 32.021392
node[3], 1277901399, 47.627043, 2588848963, 1882, 64.153296
node[3], 1277901399, 47.639067, 2774094101, 1883, 32.132000
node[1], 2588848963, 47.639067, 2774094101, 1883, 32.021392
node[0], 2357136044, 47.639067, 2774094101, 1883, 64.153296
node[1], 2588848963, 47.645746, 2357136044, 1884, 32.132000
node[2], 2774094101, 47.645746, 2357136044, 1884, 64.153296
node[3], 1277901399, 47.645746, 2357136044, 1884, 96.285264
node[2], 2774094101, 47.720192, 1277901399, 1885, 32.132000
node[1], 2588848963, 47.720192, 1277901399, 1885, 64.153296
node[0], 2357136044, 47.720192, 1277901399, 1885, 96.285264
node[0], 2357136044, 47.725044, 2588848963, 1886, 32.132000
node[2], 2774094101, 47.725044, 2588848963, 1886, 32.021392
node[3], 1277901399, 47.725044, 2588848963, 1886, 64.153296
node[3], 1277901399, 47.739067, 2774094101, 1887, 32.132000
node[1], 2588848963, 47.739067, 2774094101, 1887, 32.021392
node[0], 2357136044, 47.739067, 2774094101, 1887, 64.153296
node[1], 2588848963, 47.745746, 2357136044, 1888, 32.132000
node[2], 2774094101, 47.745746, 2357136044, 1888, 64.153296
node[3], 1277901399, 47.745746, 2357136044, 1888, 96.285264
node[2], 2774094101, 47.802192, 1277901399, 1889, 32.132000
node[1], 2588848963, 47.802192, 1277901399, 1889, 64.153296
node[0], 2357136044, 47.802192, 1277901399, 1889, 96.285264
node[0], 2357136044, 47.847043, 2588848963, 1890, 32.132000
node[2], 2774094101, 47.847043, 2588848963, 1890, 32.021392
node[3], 1277901399, 47.847043, 2588848963, 1890, 64.153296
node[1], 2588848963, 47.849745, 2357136044, 1892, 32.132000
node[2], 2774094101, 47.849745, 2357136044, 1892, 64.153296
node[3], 1277901399, 47.849745, 2357136044, 1892, 96.285264
node[3], 1277901399, 47.862067, 2774094101, 1891, 32.132000
node[1], 2588848963, 47.862067, 2774094101, 1891, 32.021392
node[0], 2357136044, 47.862067, 2774094101, 1891, 64.153296
node[2], 2774094101, 47.913192, 1277901399, 1893, 32.132000
node[1], 2588848963, 47.913192, 1277901399, 1893, 64.153296
node[0], 2357136044, 47.913192, 1277901399, 1893, 96.285264
node[0], 2357136044, 47.935043, 2588848963, 1894, 32.132000
node[2], 2774094101, 47.935043, 2588848963, 1894, 32.021392
node[3], 1277901399, 47.935043, 2588848963, 1894, 64.153296
node[3], 1277901399, 47.939067, 2774094101, 1895, 32.132000
node[1], 2588848963, 47.939067, 2774094101, 1895, 32.021392
node[0], 2357136044, 47.939067, 2774094101, 1895, 64.153296
node[1], 2588848963, 47.945746, 2357136044, 1896, 32.132000
node[2], 2774094101, 47.945746, 2357136044, 1896, 64.153296
node[3], 1277901399, 47.945746, 2357136044, 1896, 96.285264
node[2], 2774094101, 48.011192, 1277901399, 1897, 32.132000
node[1], 2588848963, 48.011192, 1277901399, 1897, 64.153296
node[0], 2357136044, 48.011192, 1277901399, 1897, 96.285264
node[0], 2357136044, 48.032043, 2588848963, 1898, 32.132000
node[2], 2774094101, 48.032043, 2588848963, 1898, 32.021392
node[3], 1277901399, 48.032043, 2588848963, 1898, 64.153296
node[3], 1277901399, 48.039067, 2774094101, 1899, 32.132000
node[1], 2588848963, 48.039067, 2774094101, 1899, 32.021392
node[0], 2357136044, 48.039067, 2774094101, 1899, 64.153296
node[1], 2588848963, 48.054745, 2357136044, 1900, 32.132000
node[2], 2774094101, 48.054745, 2357136044, 1900, 64.153296
node[3], 1277901399, 48.054745, 2357136044, 1900, 96.285264
node[2], 2774094101, 48.101193, 1277901399, 1901, 32.132000
node[1], 2588848963, 48.101193, 1277901399, 1901, 64.153296
node[0], 2357136044, 48.101193, 1277901399, 1901, 96.285264
node[0], 2357136044, 48.125044, 2588848963, 1902, 32.132000
node[2], 2774094101, 48.125044, 2588848963, 1902, 32.021392
node[3], 1277901399, 48.125044, 2588848963, 1902, 64.153296
node[3], 1277901399, 48.139067, 2774094101, 1903, 32.132000
node[1], 2588848963, 48.139067, 2774094101, 1903, 32.021392
node[0], 2357136044, 48.139067, 2774094101, 1903, 64.153296
node[1], 2588848963, 48.145746, 2357136044, 1904, 32.132000
node[2], 2774094101, 48.145746, 2357136044, 1904, 64.153296
node[3], 1277901399, 48.145746, 2357136044, 1904, 96.285264
node[2], 2774094101, 48.220803, 1277901399, 1905, 32.132000
node[1], 2588848963, 48.220803, 1277901399, 1905, 64.153296
node[0], 2357136044, 48.220803, 1277901399, 1905, 96.285264
node[0], 2357136044, 48.245043, 2588848963, 1906, 32.132000
node[2], 2774094101, 48.245043, 2588848963, 1906, 32.021392
node[3], 1277901399, 48.245043, 2588848963, 1906, 64.153296
node[1], 2588848963, 48.245746, 2357136044, 1908, 32.132000
node[2], 2774094101, 48.245746, 2357136044, 1908, 64.153296
node[3], 1277901399, 48.245746, 2357136044, 1908, 96.285264
node[3], 1277901399, 48.247067, 2774094101, 1907, 32.132000
node[1], 2588848963, 48.247067, 2774094101, 1907, 32.021392
node[0], 2357136044, 48.247067, 2774094101, 1907, 64.153296
node[2], 2774094101, 48.301193, 1277901399, 1909, 32.132000
node[1], 2588848963, 48.301193, 1277901399, 1909, 64.153296
node[0], 2357136044, 48.301193, 1277901399, 1909, 96.285264
node[0], 2357136044, 48.325044, 2588848963, 1910, 32.132000
node[2], 2774094101, 48.325044, 2588848963, 1910, 32.021392
node[3], 1277901399, 48.325044, 2588848963, 1910, 64.153296
node[3], 1277901399, 48.339067, 2774094101, 1911, 32.132000
node[1], 2588848963, 48.339067, 2774094101, 1911, 32.021392
node[0], 2357136044, 48.339067, 2774094101, 1911, 64.153296
node[1], 2588848963, 48.345746, 2357136044, 1912, 32.132000
node[2], 2774094101, 48.345746, 2357136044, 1912, 64.153296
node[3], 1277901399, 48.345746, 2357136044, 1912, 96.285264
node[2], 2774094101, 48.402192, 1277901399, 1913, 32.132000
node[1], 2588848963, 48.402192, 1277901399, 1913, 64.153296
node[0], 2357136044, 48.402192, 1277901399, 1913, 96.285264
node[3], 1277901399, 48.439067, 2774094101, 1915, 32.132000
node[1], 2588848963, 48.439067, 2774094101, 1915, 32.021392
node[0], 2357136044, 48.439067, 2774094101, 1915, 64.153296
node[1], 2588848963, 48.445746, 2357136044, 1916, 32.132000
node[2], 2774094101, 48.445746, 2357136044, 1916, 64.153296
node[3], 1277901399, 48.445746, 2357136044, 1916, 96.285264
node[0], 2357136044, 48.448043, 2588848963, 1914, 32.132000
node[2], 2774094101, 48.448043, 2588848963, 1914, 32.021392
node[3], 1277901399, 48.448043, 2588848963, 1914, 64.153296
node[2], 2774094101, 48.501193, 1277901399, 1917, 32.132000
node[1], 2588848963, 48.501193, 1277901399, 1917, 64.153296
node[0], 2357136044, 48.501193, 1277901399, 1917, 96.285264
node[0], 2357136044, 48.525044, 2588848963, 1918, 32.132000
node[2], 2774094101, 48.525044, 2588848963, 1918, 32.021392
node[3], 1277901399, 48.525044, 2588848963, 1918, 64.153296
node[3], 1277901399, 48.539067, 2774094101, 1919, 32.132000
node[1], 2588848963, 48.539067, 2774094101, 1919, 32.021392
node[0], 2357136044, 48.539067, 2774094101, 1919, 64.153296
node[1], 2588848963, 48.559745, 2357136044, 1920, 32.132000
node[2], 2774094101, 48.559745, 2357136044, 1920, 64.153296
node[3], 1277901399, 48.559745, 2357136044, 1920, 96.285264
node[2], 2774094101, 48.601193, 1277901399, 1921, 32.132000
node[1], 2588848963, 48.601193, 1277901399, 1921, 64.153296
node[0], 2357136044, 48.601193, 1277901399, 1921, 96.285264
node[3], 1277901399, 48.639067, 2774094101, 1923, 32.132000
node[1], 2588848963, 48.639067, 2774094101, 1923, 32.021392
node[0], 2357136044, 48.639067, 2774094101, 1923, 64.153296
node[1], 2588848963, 48.645746, 2357136044, 1924, 32.132000
node[2], 2774094101, 48.645746, 2357136044, 1924, 64.153296
node[3], 1277901399, 48.645746, 2357136044, 1924, 96.285264
node[0], 2357136044, 48.649043, 2588848963, 1922, 32.132000
node[2], 2774094101, 48.649043, 2588848963, 1922, 32.021392
node[3], 1277901399, 48.649043, 2588848963, 1922, 64.153296
node[2], 2774094101, 48.717192, 1277901399, 1925, 32.132000
node[1], 2588848963, 48.717192, 1277901399, 1925, 64.153296
node[0], 2357136044, 48.717192, 1277901399, 1925, 96.285264
node[0], 2357136044, 48.725044, 2588848963, 1926, 32.132000
node[2], 2774094101, 48.725044, 2588848963, 1926, 32.021392
node[3], 1277901399, 48.725044, 2588848963, 1926, 64.153296
node[3], 1277901399, 48.739067, 2774094101, 1927, 32.132000
node[1], 2588848963, 48.739067, 2774094101, 1927, 32.021392
node[0], 2357136044, 48.739067, 2774094101, 1927, 64.153296
node[1], 2588848963, 48.766745, 2357136044, 1928, 32.132000
node[2], 2774094101, 48.766745, 2357136044, 1928, 64.153296
node[3], 1277901399, 48.766745, 2357136044, 1928, 96.285264
node[2], 2774094101, 48.801193, 1277901399, 1929, 32.132000
node[1], 2588848963, 48.801193, 1277901399, 1929, 64.153296
node[0], 2357136044, 48.801193, 1277901399, 1929, 96.285264
node[0], 2357136044, 48.838043, 2588848963, 1930, 32.132000
node[2], 2774094101, 48.838043, 2588848963, 1930, 32.021392
node[3], 1277901399, 48.838043, 2588848963, 1930, 64.153296
node[3], 1277901399, 48.839067, 2774094101, 1931, 32.132000
node[1], 2588848963, 48.839067, 2774094101, 1931, 32.021392
node[0], 2357136044, 48.839067, 2774094101, 1931, 64.153296
node[1], 2588848963, 48.845746, 2357136044, 1932, 32.132000
node[2], 2774094101, 48.845746, 2357136044, 1932, 64.153296
node[3], 1277901399, 48.845746, 2357136044, 1932, 96.285264
node[2], 2774094101, 48.906192, 1277901399, 1933, 32.132000
node[1], 2588848963, 48.906192, 1277901399, 1933, 64.153296
node[0], 2357136044, 48.906192, 1277901399, 1933, 96.285264
node[0], 2357136044, 48.925044, 2588848963, 1934, 32.132000
node[2], 2774094101, 48.925044, 2588848963, 1934, 32.021392
node[3], 1277901399, 48.925044, 2588848963, 1934, 64.153296
node[3], 1277901399, 48.939067, 2774094101, 1935, 32.132000
node[1], 2588848963, 48.939067, 2774094101, 1935, 32.021392
node[0], 2357136044, 48.939067, 2774094101, 1935, 64.153296
node[1], 2588848963, 48.945746, 2357136044, 1936, 32.132000
node[2], 2774094101, 48.945746, 2357136044, 1936, 64.153296
node[3], 1277901399, 48.945746, 2357136044, 1936, 96.285264
node[2], 2774094101, 49.001193, 1277901399, 1937, 32.132000
node[1], 2588848963, 49.001193, 1277901399, 1937, 64.153296
node[0], 2357136044, 49.001193, 1277901399, 1937, 96.285264
node[0], 2357136044, 49.025044, 2588848963, 1938, 32.132000
node[2], 2774094101, 49.025044, 2588848963, 1938, 32.021392
node[3], 1277901399, 49.025044, 2588848963, 1938, 64.153296
node[3], 1277901399, 49.039067, 2774094101, 1939, 32.132000
node[1], 2588848963, 49.039067, 2774094101, 1939, 32.021392
node[0], 2357136044, 49.039067, 2774094101, 1939, 64.153296
node[1], 2588848963, 49.062745, 2357136044, 1940, 32.132000
node[2], 2774094101, 49.062745, 2357136044, 1940, 64.153296
node[3], 1277901399, 49.062745, 2357136044, 1940, 96.285264
node[2], 2774094101, 49.101193, 1277901399, 1941, 32.132000
node[1], 2588848963, 49.101193, 1277901399, 1941, 64.153296
node[0], 2357136044, 49.101193, 1277901399, 1941, 96.285264
node[3], 1277901399, 49.139067, 2774094101, 1943, 32.132000
node[1], 2588848963, 49.139067, 2774094101, 1943, 32.021392
node[0], 2357136044, 49.139067, 2774094101, 1943, 64.153296
node[0], 2357136044, 49.143043, 2588848963, 1942, 32.132000
node[2], 2774094101, 49.143043, 2588848963, 1942, 32.021392
node[3], 1277901399, 49.143043, 2588848963, 1942, 64.153296
node[1], 2588848963, 49.145746, 2357136044, 1944, 32.132000
node[2], 2774094101, 49.145746, 2357136044, 1944, 64.153296
node[3], 1277901399, 49.145746, 2357136044, 1944, 96.285264
node[2], 2774094101, 49.201193, 1277901399, 1945, 32.132000
node[1], 2588848963, 49.201193, 1277901399, 1945, 64.153296
node[0], 2357136044, 49.201193, 1277901399, 1945, 96.285264
node[0], 2357136044, 49.225044, 2588848963, 1946, 32.132000
node[2], 2774094101, 49.225044, 2588848963, 1946, 32.021392
node[3], 1277901399, 49.225044, 2588848963, 1946, 64.153296
node[3], 1277901399, 49.239067, 2774094101, 1947, 32.132000
node[1], 2588848963, 49.239067, 2774094101, 1947, 32.021392
node[0], 2357136044, 49.239067, 2774094101, 1947, 64.153296
node[1], 2588848963, 49.268745, 2357136044, 1948, 32.132000
node[2], 2774094101, 49.268745, 2357136044, 1948, 64.153296
node[3], 1277901399, 49.268745, 2357136044, 1948, 96.285264
node[0], 2357136044, 49.325044, 2588848963, 1950, 32.132000
node[2], 2774094101, 49.325044, 2588848963, 1950, 32.021392
node[3], 1277901399, 49.325044, 2588848963, 1950, 64.153296
node[2], 2774094101, 49.326192, 1277901399, 1949, 32.132000
node[1], 2588848963, 49.326192, 1277901399, 1949, 64.153296
node[0], 2357136044, 49.326192, 1277901399, 1949, 96.285264
node[3], 1277901399, 49.339067, 2774094101, 1951, 32.132000
node[1], 2588848963, 49.339067, 2774094101, 1951, 32.021392
node[0], 2357136044, 49.339067, 2774094101, 1951, 64.153296
node[1], 2588848963, 49.345746, 2357136044, 1952, 32.132000
node[2], 2774094101, 49.345746, 2357136044, 1952, 64.153296
node[3], 1277901399, 49.345746, 2357136044, 1952, 96.285264
node[2], 2774094101, 49.419192, 1277901399, 1953, 32.132000
node[1], 2588848963, 49.419192, 1277901399, 1953, 64.153296
node[0], 2357136044, 49.419192, 1277901399, 1953, 96.285264
node[3], 1277901399, 49.439067, 2774094101, 1955, 32.132000
node[1], 2588848963, 49.439067, 2774094101, 1955, 32.021392
node[0], 2357136044, 49.439067, 2774094101, 1955, 64.153296
node[0], 2357136044, 49.440043, 2588848963, 1954, 32.132000
node[2], 2774094101, 49.440043, 2588848963, 1954, 32.021392
node[3], 1277901399, 49.440043, 2588848963, 1954, 64.153296
node[1], 2588848963, 49.457745, 2357136044, 1956, 32.132000
node[2], 2774094101, 49.457745, 2357136044, 1956, 64.153296
node[3], 1277901399, 49.457745, 2357136044, 1956, 96.285264
node[2], 2774094101, 49.501193, 1277901399, 1957, 32.132000
node[1], 2588848963, 49.501193, 1277901399, 1957, 64.153296
node[0], 2357136044, 49.501193, 1277901399, 1957, 96.285264
node[0], 2357136044, 49.525044, 2588848963, 1958, 32.132000
node[2], 2774094101, 49.525044, 2588848963, 1958, 32.021392
node[3], 1277901399, 49.525044, 2588848963, 1958, 64.153296
node[3], 1277901399, 49.539067, 2774094101, 1959, 32.132000
node[1], 2588848963, 49.539067, 2774094101, 1959, 32.021392
node[0], 2357136044, 49.539067, 2774094101, 1959, 64.153296
node[1], 2588848963, 49.545746, 2357136044, 1960, 32.132000
node[2], 2774094101, 49.545746, 2357136044, 1960, 64.153296
node[3], 1277901399, 49.545746, 2357136044, 1960, 96.285264
node[2], 2774094101, 49.601193, 1277901399, 1961, 32.132000
node[1], 2588848963, 49.601193, 1277901399, 1961, 64.153296
node[0], 2357136044, 49.601193, 1277901399, 1961, 96.285264
node[0], 2357136044, 49.625044, 2588848963, 1962, 32.132000
node[2], 2774094101, 49.625044, 2588848963, 1962, 32.021392
node[3], 1277901399, 49.625044, 2588848963, 1962, 64.153296
node[3], 1277901399, 49.639067, 2774094101, 1963, 32.132000
node[1], 2588848963, 49.639067, 2774094101, 1963, 32.021392
node[0], 2357136044, 49.639067, 2774094101, 1963, 64.153296
node[1], 2588848963, 49.645746, 2357136044, 1964, 32.132000
node[2], 2774094101, 49.645746, 2357136044, 1964, 64.153296
node[3], 1277901399, 49.645746, 2357136044, 1964, 96.285264
node[2], 2774094101, 49.711192, 1277901399, 1965, 32.132000
node[1], 2588848963, 49.711192, 1277901399, 1965, 64.153296
node[0], 2357136044, 49.711192, 1277901399, 1965, 96.285264
node[3], 1277901399, 49.739067, 2774094101, 1967, 32.132000
node[1], 2588848963, 49.739067, 2774094101, 1967, 32.021392
node[0], 2357136044, 49.739067, 2774094101, 1967, 64.153296
node[0], 2357136044, 49.741043, 2588848963, 1966, 32.132000
node[2], 2774094101, 49.741043, 2588848963, 1966, 32.021392
node[3], 1277901399, 49.741043, 2588848963, 1966, 64.153296
node[1], 2588848963, 49.745746, 2357136044, 1968, 32.132000
node[2], 2774094101, 49.745746, 2357136044, 1968, 64.153296
node[3], 1277901399, 49.745746, 2357136044, 1968, 96.285264
node[2], 2774094101, 49.803192, 1277901399, 1969, 32.132000
node[1], 2588848963, 49.803192, 1277901399, 1969, 64.153296
node[0], 2357136044, 49.803192, 1277901399, 1969, 96.285264
node[0], 2357136044, 49.825044, 2588848963, 1970, 32.132000
node[2], 2774094101, 49.825044, 2588848963, 1970, 32.021392
node[3], 1277901399, 49.825044, 2588848963, 1970, 64.153296
node[1], 2588848963, 49.856745, 2357136044, 1972, 32.132000
node[2], 2774094101, 49.856745, 2357136044, 1972, 64.153296
node[3], 1277901399, 49.856745, 2357136044, 1972, 96.285264
node[3], 1277901399, 49.864067, 2774094101, 1971, 32.132000
node[1], 2588848963, 49.864067, 2774094101, 1971, 32.021392
node[0], 2357136044, 49.864067, 2774094101, 1971, 64.153296
node[2], 2774094101, 49.901193, 1277901399, 1973, 32.132000
node[1], 2588848963, 49.901193, 1277901399, 1973, 64.153296
node[0], 2357136044, 49.901193, 1277901399, 1973, 96.285264
node[0], 2357136044, 49.925044, 2588848963, 1974, 32.132000
node[2], 2774094101, 49.925044, 2588848963, 1974, 32.021392
node[3], 1277901399, 49.925044, 2588848963, 1974, 64.153296
node[3], 1277901399, 49.939067, 2774094101, 1975, 32.132000
node[1], 2588848963, 49.939067, 2774094101, 1975, 32.021392
node[0], 2357136044, 49.939067, 2774094101, 1975, 64.153296
node[1], 2588848963, 49.945746, 2357136044, 1976, 32.132000
node[2], 2774094101, 49.945746, 2357136044, 1976, 64.153296
node[3], 1277901399, 49.945746, 2357136044, 1976, 96.285264
node[2], 2774094101, 50.001193, 1277901399, 1977, 32.132000
node[1], 2588848963, 50.001193, 1277901399, 1977, 64.153296
node[0], 2357136044, 50.001193, 1277901399, 1977, 96.285264
node[0], 2357136044, 50.025044, 2588848963, 1978, 32.132000
node[2], 2774094101, 50.025044, 2588848963, 1978, 32.021392
node[3], 1277901399, 50.025044, 2588848963, 1978, 64.153296
node[3], 1277901399, 50.039067, 2774094101, 1979, 32.132000
node[1], 2588848963, 50.039067, 2774094101, 1979, 32.021392
node[0], 2357136044, 50.039067, 2774094101, 1979, 64.153296
node[1], 2588848963, 50.045746, 2357136044, 1980, 32.132000
node[2], 2774094101, 50.045746, 2357136044, 1980, 64.153296
node[3], 1277901399, 50.045746, 2357136044, 1980, 96.285264
node[2], 2774094101, 50.107192, 1277901399, 1981, 32.132000
node[1], 2588848963, 50.107192, 1277901399, 1981, 64.153296
node[0], 2357136044, 50.107192, 1277901399, 1981, 96.285264
node[0], 2357136044, 50.125044, 2588848963, 1982, 32.132000
node[2], 2774094101, 50.125044, 2588848963, 1982, 32.021392
node[3], 1277901399, 50.125044, 2588848963, 1982, 64.153296
node[3], 1277901399, 50.139067, 2774094101, 1983, 32.132000
node[1], 2588848963, 50.139067, 2774094101, 1983, 32.021392
node[0], 2357136044, 50.139067, 2774094101, 1983, 64.153296
node[1], 2588848963, 50.145746, 2357136044, 1984, 32.132000
node[2], 2774094101, 50.145746, 2357136044, 1984, 64.153296
node[3], 1277901399, 50.145746, 2357136044, 1984, 96.285264
node[2], 2774094101, 50.201193, 1277901399, 1985, 32.132000
node[1], 2588848963, 50.201193, 1277901399, 1985, 64.153296
node[0], 2357136044, 50.201193, 1277901399, 1985, 96.285264
node[0], 2357136044, 50.225044, 2588848963, 1986, 32.132000
node[2], 2774094101, 50.225044, 2588848963, 1986, 32.021392
node[3], 1277901399, 50.225044, 2588848963, 1986, 64.153296
node[3], 1277901399, 50.239067, 2774094101, 1987, 32.132000
node[1], 2588848963, 50.239067, 2774094101, 1987, 32.021392
node[0], 2357136044, 50.239067, 2774094101, 1987, 64.153296
node[1], 2588848963, 50.245746, 2357136044, 1988, 32.132000
node[2], 2774094101, 50.245746, 2357136044, 1988, 64.153296
node[3], 1277901399, 50.245746, 2357136044, 1988, 96.285264
node[2], 2774094101, 50.322192, 1277901399, 1989, 32.132000
node[1], 2588848963, 50.322192, 1277901399, 1989, 64.153296
node[0], 2357136044, 50.322192, 1277901399, 1989, 96.285264
node[0], 2357136044, 50.325044, 2588848963, 1990, 32.132000
node[2], 2774094101, 50.325044, 2588848963, 1990, 32.021392
node[3], 1277901399, 50.325044, 2588848963, 1990, 64.153296
node[3], 1277901399, 50.339067, 2774094101, 1991, 32.132000
node[1], 2588848963, 50.339067, 2774094101, 1991, 32.021392
node[0], 2357136044, 50.339067, 2774094101, 1991, 64.153296
node[1], 2588848963, 50.345746, 2357136044, 1992, 32.132000
node[2], 2774094101, 50.345746, 2357136044, 1992, 64.153296
node[3], 1277901399, 50.345746, 2357136044, 1992, 96.285264
node[2], 2774094101, 50.401193, 1277901399, 1993, 32.132000
node[1], 2588848963, 50.401193, 1277901399, 1993, 64.153296
node[0], 2357136044, 50.401193, 1277901399, 1993, 96.285264
node[0], 2357136044, 50.425044, 2588848963, 1994, 32.132000
node[2], 2774094101, 50.425044, 2588848963, 1994, 32.021392
node[3], 1277901399, 50.425044, 2588848963, 1994, 64.153296
node[3], 1277901399, 50.439067, 2774094101, 1995, 32.132000
node[1], 2588848963, 50.439067, 2774094101, 1995, 32.021392
node[0], 2357136044, 50.439067, 2774094101, 1995, 64.153296
node[1], 2588848963, 50.445746, 2357136044, 1996, 32.132000
node[2], 2774094101, 50.445746, 2357136044, 1996, 64.153296
node[3], 1277901399, 50.445746, 2357136044, 1996, 96.285264
node[2], 2774094101, 50.501193, 1277901399, 1997, 32.132000
node[1], 2588848963, 50.501193, 1277901399, 1997, 64.153296
node[0], 2357136044, 50.501193, 1277901399, 1997, 96.285264
node[0], 2357136044, 50.525044, 2588848963, 1998, 32.132000
node[2], 2774094101, 50.525044, 2588848963, 1998, 32.021392
node[3], 1277901399, 50.525044, 2588848963, 1998, 64.153296
node[3], 1277901399, 50.539557, 2774094101, 1999, 32.132000
node[1], 2588848963, 50.539557, 2774094101, 1999, 32.021392
node[0], 2357136044, 50.539557, 2774094101, 1999, 64.153296
node[1], 2588848963, 50.563745, 2357136044, 2000, 32.132000
node[2], 2774094101, 50.563745, 2357136044, 2000, 64.153296
node[3], 1277901399, 50.563745, 2357136044, 2000, 96.285264
node[2], 2774094101, 50.601193, 1277901399, 2001, 32.132000
node[1], 2588848963, 50.601193, 1277901399, 2001, 64.153296
node[0], 2357136044, 50.601193, 1277901399, 2001, 96.285264
node[3], 1277901399, 50.639067, 2774094101, 2003, 32.132000
node[1], 2588848963, 50.639067, 2774094101, 2003, 32.021392
node[0], 2357136044, 50.639067, 2774094101, 2003, 64.153296
node[0], 2357136044, 50.640043, 2588848963, 2002, 32.132000
node[2], 2774094101, 50.640043, 2588848963, 2002, 32.021392
node[3], 1277901399, 50.640043, 2588848963, 2002, 64.153296
node[1], 2588848963, 50.653745, 2357136044, 2004, 32.132000
node[2], 2774094101, 50.653745, 2357136044, 2004, 64.153296
node[3], 1277901399, 50.653745, 2357136044, 2004, 96.285264
node[2], 2774094101, 50.701193, 1277901399, 2005, 32.132000
node[1], 2588848963, 50.701193, 1277901399, 2005, 64.153296
node[0], 2357136044, 50.701193, 1277901399, 2005, 96.285264
node[0], 2357136044, 50.725044, 2588848963, 2006, 32.132000
node[2], 2774094101, 50.725044, 2588848963, 2006, 32.021392
node[3], 1277901399, 50.725044, 2588848963, 2006, 64.153296
node[3], 1277901399, 50.739067, 2774094101, 2007, 32.132000
node[1], 2588848963, 50.739067, 2774094101, 2007, 32.021392
node[0], 2357136044, 50.739067, 2774094101, 2007, 64.153296
node[1], 2588848963, 50.745746, 2357136044, 2008, 32.132000
node[2], 2774094101, 50.745746, 2357136044, 2008, 64.153296
node[3], 1277901399, 50.745746, 2357136044, 2008, 96.285264
node[2], 2774094101, 50.801193, 1277901399, 2009, 32.132000
node[1], 2588848963, 50.801193, 1277901399, 2009, 64.153296
node[0], 2357136044, 50.801193, 1277901399, 2009, 96.285264
node[0], 2357136044, 50.825044, 2588848963, 2010, 32.132000
node[2], 2774094101, 50.825044, 2588848963, 2010, 32.021392
node[3], 1277901399, 50.825044, 2588848963, 2010, 64.153296
node[1], 2588848963, 50.857745, 2357136044, 2012, 32.132000
node[2], 2774094101, 50.857745, 2357136044, 2012, 64.153296
node[3], 1277901399, 50.857745, 2357136044, 2012, 96.285264
node[3], 1277901399, 50.859067, 2774094101, 2011, 32.132000
node[1], 2588848963, 50.859067, 2774094101, 2011, 32.021392
node[0], 2357136044, 50.859067, 2774094101, 2011, 64.153296
node[2], 2774094101, 50.924192, 1277901399, 2013, 32.132000
node[1], 2588848963, 50.924192, 1277901399, 2013, 64.153296
node[0], 2357136044, 50.924192, 1277901399, 2013, 96.285264
node[0], 2357136044, 50.925044, 2588848963, 2014, 32.132000
node[2], 2774094101, 50.925044, 2588848963, 2014, 32.021392
node[3], 1277901399, 50.925044, 2588848963, 2014, 64.153296
node[3], 1277901399, 50.939067, 2774094101, 2015, 32.132000
node[1], 2588848963, 50.939067, 2774094101, 2015, 32.021392
node[0], 2357136044, 50.939067, 2774094101, 2015, 64.153296
node[1], 2588848963, 50.957745, 2357136044, 2016, 32.132000
node[2], 2774094101, 50.957745, 2357136044, 2016, 64.153296
node[3], 1277901399, 50.957745, 2357136044, 2016, 96.285264
node[2], 2774094101, 51.001193, 1277901399, 2017, 32.132000
node[1], 2588848963, 51.001193, 1277901399, 2017, 64.153296
node[0], 2357136044, 51.001193, 1277901399, 2017, 96.285264
node[0], 2357136044, 51.025044, 2588848963, 2018, 32.132000
node[2], 2774094101, 51.025044, 2588848963, 2018, 32.021392
node[3], 1277901399, 51.025044, 2588848963, 2018, 64.153296
node[1], 2588848963, 51.045746, 2357136044, 2020, 32.132000
node[2], 2774094101, 51.045746, 2357136044, 2020, 64.153296
node[3], 1277901399, 51.045746, 2357136044, 2020, 96.285264
node[3], 1277901399, 51.046362, 2774094101, 2019, 32.132000
node[1], 2588848963, 51.046362, 2774094101, 2019, 32.021392
node[0], 2357136044, 51.046362, 2774094101, 2019, 64.153296
node[2], 2774094101, 51.101193, 1277901399, 2021, 32.132000
node[1], 2588848963, 51.101193, 1277901399, 2021, 64.153296
node[0], 2357136044, 51.101193, 1277901399, 2021, 96.285264
node[0], 2357136044, 51.144043, 2588848963, 2022, 32.132000
node[2], 2774094101, 51.144043, 2588848963, 2022, 32.021392
node[3], 1277901399, 51.144043, 2588848963, 2022, 64.153296
node[1], 2588848963, 51.145746, 2357136044, 2024, 32.132000
node[2], 2774094101, 51.145746, 2357136044, 2024, 64.153296
node[3], 1277901399, 51.145746, 2357136044, 2024, 96.285264
node[3], 1277901399, 51.158067, 2774094101, 2023, 32.132000
node[1], 2588848963, 51.158067, 2774094101, 2023, 32.021392
node[0], 2357136044, 51.158067, 2774094101, 2023, 64.153296
node[2], 2774094101, 51.201193, 1277901399, 2025, 32.132000
node[1], 2588848963, 51.201193, 1277901399, 2025, 64.153296
node[0], 2357136044, 51.201193, 1277901399, 2025, 96.285264
node[0], 2357136044, 51.225044, 2588848963, 2026, 32.132000
node[2], 2774094101, 51.225044, 2588848963, 2026, 32.021392
node[3], 1277901399, 51.225044, 2588848963, 2026, 64.153296
node[1], 2588848963, 51.258745, 2357136044, 2028, 32.132000
node[2], 2774094101, 51.258745, 2357136044, 2028, 64.153296
node[3], 1277901399, 51.258745, 2357136044, 2028, 96.285264
node[3], 1277901399, 51.260067, 2774094101, 2027, 32.132000
node[1], 2588848963, 51.260067, 2774094101, 2027, 32.021392
node[0], 2357136044, 51.260067, 2774094101, 2027, 64.153296
node[2], 2774094101, 51.301193, 1277901399, 2029, 32.132000
node[1], 2588848963, 51.301193, 1277901399, 2029, 64.153296
node[0], 2357136044, 51.301193, 1277901399, 2029, 96.285264
node[0], 2357136044, 51.325044, 2588848963, 2030, 32.132000
node[2], 2774094101, 51.325044, 2588848963, 2030, 32.021392
node[3], 1277901399, 51.325044, 2588848963, 2030, 64.153296
node[1], 2588848963, 51.345746, 2357136044, 2032, 32.132000
node[2], 2774094101, 51.345746, 2357136044, 2032, 64.153296
node[3], 1277901399, 51.345746, 2357136044, 2032, 96.285264
node[3], 1277901399, 51.353067, 2774094101, 2031, 32.132000
node[1], 2588848963, 51.353067, 2774094101, 2031, 32.021392
node[0], 2357136044, 51.353067, 2774094101, 2031, 64.153296
node[2], 2774094101, 51.406192, 1277901399, 2033, 32.132000
node[1], 2588848963, 51.406192, 1277901399, 2033, 64.153296
node[0], 2357136044, 51.406192, 1277901399, 2033, 96.285264
node[0], 2357136044, 51.425044, 2588848963, 2034, 32.132000
node[2], 2774094101, 51.425044, 2588848963, 2034, 32.021392
node[3], 1277901399, 51.425044, 2588848963, 2034, 64.153296
node[3], 1277901399, 51.439067, 2774094101, 2035, 32.132000
node[1], 2588848963, 51.439067, 2774094101, 2035, 32.021392
node[0], 2357136044, 51.439067, 2774094101, 2035, 64.153296
node[1], 2588848963, 51.451745, 2357136044, 2036, 32.132000
node[2], 2774094101, 51.451745, 2357136044, 2036, 64.153296
node[3], 1277901399, 51.451745, 2357136044, 2036, 96.285264
node[2], 2774094101, 51.510192, 1277901399, 2037, 32.132000
node[1], 2588848963, 51.510192, 1277901399, 2037, 64.153296
node[0], 2357136044, 51.510192, 1277901399, 2037, 96.285264
node[0], 2357136044, 51.525044, 2588848963, 2038, 32.132000
node[2], 2774094101, 51.525044, 2588848963, 2038, 32.021392
node[3], 1277901399, 51.525044, 2588848963, 2038, 64.153296
node[1], 2588848963, 51.545746, 2357136044, 2040, 32.132000
node[2], 2774094101, 51.545746, 2357136044, 2040, 64.153296
node[3], 1277901399, 51.545746, 2357136044, 2040, 96.285264
node[3], 1277901399, 51.548067, 2774094101, 2039, 32.132000
node[1], 2588848963, 51.548067, 2774094101, 2039, 32.021392
node[0], 2357136044, 51.548067, 2774094101, 2039, 64.153296
node[2], 2774094101, 51.620192, 1277901399, 2041, 32.132000
node[1], 2588848963, 51.620192, 1277901399, 2041, 64.153296
node[0], 2357136044, 51.620192, 1277901399, 2041, 96.285264
node[0], 2357136044, 51.625044, 2588848963, 2042, 32.132000
node[2], 2774094101, 51.625044, 2588848963, 2042, 32.021392
node[3], 1277901399, 51.625044, 2588848963, 2042, 64.153296
node[3], 1277901399, 51.639067, 2774094101, 2043, 32.132000
node[1], 2588848963, 51.639067, 2774094101, 2043, 32.021392
node[0], 2357136044, 51.639067, 2774094101, 2043, 64.153296
node[1], 2588848963, 51.645746, 2357136044, 2044, 32.132000
node[2], 2774094101, 51.645746, 2357136044, 2044, 64.153296
node[3], 1277901399, 51.645746, 2357136044, 2044, 96.285264
node[2], 2774094101, 51.701193, 1277901399, 2045, 32.132000
node[1], 2588848963, 51.701193, 1277901399, 2045, 64.153296
node[0], 2357136044, 51.701193, 1277901399, 2045, 96.285264
node[0], 2357136044, 51.725044, 2588848963, 2046, 32.132000
node[2], 2774094101, 51.725044, 2588848963, 2046, 32.021392
node[3], 1277901399, 51.725044, 2588848963, 2046, 64.153296
node[3], 1277901399, 51.741067, 2774094101, 2047, 32.132000
node[1], 2588848963, 51.741067, 2774094101, 2047, 32.021392
node[0], 2357136044, 51.741067, 2774094101, 2047, 64.153296
node[1], 2588848963, 51.745746, 2357136044, 2048, 32.132000
node[2], 2774094101, 51.745746, 2357136044, 2048, 64.153296
node[3], 1277901399, 51.745746, 2357136044, 2048, 96.285264
node[2], 2774094101, 51.801193, 1277901399, 2049, 32.132000
node[1], 2588848963, 51.801193, 1277901399, 2049, 64.153296
node[0], 2357136044, 51.801193, 1277901399, 2049, 96.285264
node[0], 2357136044, 51.836043, 2588848963, 2050, 32.132000
node[2], 2774094101, 51.836043, 2588848963, 2050, 32.021392
node[3], 1277901399, 51.836043, 2588848963, 2050, 64.153296
node[3], 1277901399, 51.839067, 2774094101, 2051, 32.132000
node[1], 2588848963, 51.839067, 2774094101, 2051, 32.021392
node[0], 2357136044, 51.839067, 2774094101, 2051, 64.153296
node[1], 2588848963, 51.845746, 2357136044, 2052, 32.132000
node[2], 2774094101, 51.845746, 2357136044, 2052, 64.153296
node[3], 1277901399, 51.845746, 2357136044, 2052, 96.285264
node[2], 2774094101, 51.901193, 1277901399, 2053, 32.132000
node[1], 2588848963, 51.901193, 1277901399, 2053, 64.153296
node[0], 2357136044, 51.901193, 1277901399, 2053, 96.285264
node[0], 2357136044, 51.925044, 2588848963, 2054, 32.132000
node[2], 2774094101, 51.925044, 2588848963, 2054, 32.021392
node[3], 1277901399, 51.925044, 2588848963, 2054, 64.153296
node[3], 1277901399, 51.939067, 2774094101, 2055, 32.132000
node[1], 2588848963, 51.939067, 2774094101, 2055, 32.021392
node[0], 2357136044, 51.939067, 2774094101, 2055, 64.153296
node[1], 2588848963, 51.960082, 2357136044, 2056, 32.132000
node[2], 2774094101, 51.960083, 2357136044, 2056, 64.153296
node[3], 1277901399, 51.960083, 2357136044, 2056, 96.285264
node[2], 2774094101, 52.001193, 1277901399, 2057, 32.132000
node[1], 2588848963, 52.001193, 1277901399, 2057, 64.153296
node[0], 2357136044, 52.001193, 1277901399, 2057, 96.285264
node[0], 2357136044, 52.025044, 2588848963, 2058, 32.132000
node[2], 2774094101, 52.025044, 2588848963, 2058, 32.021392
node[3], 1277901399, 52.025044, 2588848963, 2058, 64.153296
node[3], 1277901399, 52.051067, 2774094101, 2059, 32.132000
node[1], 2588848963, 52.051067, 2774094101, 2059, 32.021392
node[0], 2357136044, 52.051067, 2774094101, 2059, 64.153296
node[1], 2588848963, 52.065745, 2357136044, 2060, 32.132000
node[2], 2774094101, 52.065745, 2357136044, 2060, 64.153296
node[3], 1277901399, 52.065745, 2357136044, 2060, 96.285264
node[2], 2774094101, 52.120192, 1277901399, 2061, 32.132000
node[1], 2588848963, 52.120192, 1277901399, 2061, 64.153296
node[0], 2357136044, 52.120192, 1277901399, 2061, 96.285264
node[0], 2357136044, 52.125044, 2588848963, 2062, 32.132000
node[2], 2774094101, 52.125044, 2588848963, 2062, 32.021392
node[3], 1277901399, 52.125044, 2588848963, 2062, 64.153296
node[3], 1277901399, 52.139067, 2774094101, 2063, 32.132000
node[1], 2588848963, 52.139067, 2774094101, 2063, 32.021392
node[0], 2357136044, 52.139067, 2774094101, 2063, 64.153296
node[1], 2588848963, 52.145746, 2357136044, 2064, 32.132000
node[2], 2774094101, 52.145746, 2357136044, 2064, 64.153296
node[3], 1277901399, 52.145746, 2357136044, 2064, 96.285264
node[2], 2774094101, 52.214192, 1277901399, 2065, 32.132000
node[1], 2588848963, 52.214192, 1277901399, 2065, 64.153296
node[0], 2357136044, 52.214192, 1277901399, 2065, 96.285264
node[0], 2357136044, 52.225044, 2588848963, 2066, 32.132000
node[2], 2774094101, 52.225044, 2588848963, 2066, 32.021392
node[3], 1277901399, 52.225044, 2588848963, 2066, 64.153296
node[3], 1277901399, 52.239067, 2774094101, 2067, 32.132000
node[1], 2588848963, 52.239067, 2774094101, 2067, 32.021392
node[0], 2357136044, 52.239067, 2774094101, 2067, 64.153296
node[1], 2588848963, 52.262745, 2357136044, 2068, 32.132000
node[2], 2774094101, 52.262745, 2357136044, 2068, 64.153296
node[3], 1277901399, 52.262745, 2357136044, 2068, 96.285264
node[2], 2774094101, 52.301193, 1277901399, 2069, 32.132000
node[1], 2588848963, 52.301193, 1277901399, 2069, 64.153296
node[0], 2357136044, 52.301193, 1277901399, 2069, 96.285264
node[0], 2357136044, 52.338043, 2588848963, 2070, 32.132000
node[2], 2774094101, 52.338043, 2588848963, 2070, 32.021392
node[3], 1277901399, 52.338043, 2588848963, 2070, 64.153296
node[3], 1277901399, 52.339067, 2774094101, 2071, 32.132000
node[1], 2588848963, 52.339067, 2774094101, 2071, 32.021392
node[0], 2357136044, 52.339067, 2774094101, 2071, 64.153296
node[1], 2588848963, 52.345746, 2357136044, 2072, 32.132000
node[2], 2774094101, 52.345746, 2357136044, 2072, 64.153296
node[3], 1277901399, 52.345746, 2357136044, 2072, 96.285264
node[2], 2774094101, 52.401193, 1277901399, 2073, 32.132000
node[1], 2588848963, 52.401193, 1277901399, 2073, 64.153296
node[0], 2357136044, 52.401193, 1277901399, 2073, 96.285264
node[0], 2357136044, 52.438043, 2588848963, 2074, 32.132000
node[2], 2774094101, 52.438043, 2588848963, 2074, 32.021392
node[3], 1277901399, 52.438043, 2588848963, 2074, 64.153296
node[3], 1277901399, 52.445067, 2774094101, 2075, 32.132000
node[1], 2588848963, 52.445067, 2774094101, 2075, 32.021392
node[0], 2357136044, 52.445067, 2774094101, 2075, 64.153296
node[1], 2588848963, 52.466777, 2357136044, 2076, 32.132000
node[2], 2774094101, 52.466777, 2357136044, 2076, 64.153296
node[3], 1277901399, 52.466777, 2357136044, 2076, 96.285264
node[2], 2774094101, 52.501193, 1277901399, 2077, 32.132000
node[1], 2588848963, 52.501193, 1277901399, 2077, 64.153296
node[0], 2357136044, 52.501193, 1277901399, 2077, 96.285264
node[0], 2357136044, 52.525044, 2588848963, 2078, 32.132000
node[2], 2774094101, 52.525044, 2588848963, 2078, 32.021392
node[3], 1277901399, 52.525044, 2588848963, 2078, 64.153296
node[3], 1277901399, 52.539067, 2774094101, 2079, 32.132000
node[1], 2588848963, 52.539067, 2774094101, 2079, 32.021392
node[0], 2357136044, 52.539067, 2774094101, 2079, 64.153296
node[1], 2588848963, 52.545746, 2357136044, 2080, 32.132000
node[2], 2774094101, 52.545746, 2357136044, 2080, 64.153296
node[3], 1277901399, 52.545746, 2357136044, 2080, 96.285264
node[2], 2774094101, 52.616192, 1277901399, 2081, 32.132000
node[1], 2588848963, 52.616192, 1277901399, 2081, 64.153296
node[0], 2357136044, 52.616192, 1277901399, 2081, 96.285264
node[0], 2357136044, 52.625044, 2588848963, 2082, 32.132000
node[2], 2774094101, 52.625044, 2588848963, 2082, 32.021392
node[3], 1277901399, 52.625044, 2588848963, 2082, 64.153296
node[1], 2588848963, 52.645746, 2357136044, 2084, 32.132000
node[2], 2774094101, 52.645746, 2357136044, 2084, 64.153296
node[3], 1277901399, 52.645746, 2357136044, 2084, 96.285264
node[3], 1277901399, 52.651067, 2774094101, 2083, 32.132000
node[1], 2588848963, 52.651067, 2774094101, 2083, 32.021392
node[0], 2357136044, 52.651067, 2774094101, 2083, 64.153296
node[2], 2774094101, 52.701193, 1277901399, 2085, 32.132000
node[1], 2588848963, 52.701193, 1277901399, 2085, 64.153296
node[0], 2357136044, 52.701193, 1277901399, 2085, 96.285264
node[0], 2357136044, 52.725044, 2588848963, 2086, 32.132000
node[2], 2774094101, 52.725044, 2588848963, 2086, 32.021392
node[3], 1277901399, 52.725044, 2588848963, 2086, 64.153296
node[3], 1277901399, 52.739067, 2774094101, 2087, 32.132000
node[1], 2588848963, 52.739067, 2774094101, 2087, 32.021392
node[0], 2357136044, 52.739067, 2774094101, 2087, 64.153296
node[1], 2588848963, 52.745746, 2357136044, 2088, 32.132000
node[2], 2774094101, 52.745746, 2357136044, 2088, 64.153296
node[3], 1277901399, 52.745746, 2357136044, 2088, 96.285264
node[2], 2774094101, 52.815192, 1277901399, 2089, 32.132000
node[1], 2588848963, 52.815192, 1277901399, 2089, 64.153296
node[0], 2357136044, 52.815192, 1277901399, 2089, 96.285264
node[1], 2588848963, 52.845746, 2357136044, 2092, 32.132000
node[2], 2774094101, 52.845746, 2357136044, 2092, 64.153296
node[3], 1277901399, 52.845746, 2357136044, 2092, 96.285264
node[0], 2357136044, 52.847043, 2588848963, 2090, 32.132000
node[2], 2774094101, 52.847043, 2588848963, 2090, 32.021392
node[3], 1277901399, 52.847043, 2588848963, 2090, 64.153296
node[3], 1277901399, 52.859067, 2774094101, 2091, 32.132000
node[1], 2588848963, 52.859067, 2774094101, 2091, 32.021392
node[0], 2357136044, 52.859067, 2774094101, 2091, 64.153296
node[2], 2774094101, 52.922192, 1277901399, 2093, 32.132000
node[1], 2588848963, 52.922192, 1277901399, 2093, 64.153296
node[0], 2357136044, 52.922192, 1277901399, 2093, 96.285264
node[0], 2357136044, 52.925044, 2588848963, 2094, 32.132000
node[2], 2774094101, 52.925044, 2588848963, 2094, 32.021392
node[3], 1277901399, 52.925044, 2588848963, 2094, 64.153296
node[3], 1277901399, 52.939067, 2774094101, 2095, 32.132000
node[1], 2588848963, 52.939067, 2774094101, 2095, 32.021392
node[0], 2357136044, 52.939067, 2774094101, 2095, 64.153296
node[1], 2588848963, 52.956745, 2357136044, 2096, 32.132000
node[2], 2774094101, 52.956745, 2357136044, 2096, 64.153296
node[3], 1277901399, 52.956745, 2357136044, 2096, 96.285264
node[0], 2357136044, 53.025044, 2588848963, 2098, 32.132000
node[2], 2774094101, 53.025044, 2588848963, 2098, 32.021392
node[3], 1277901399, 53.025044, 2588848963, 2098, 64.153296
node[2], 2774094101, 53.026192, 1277901399, 2097, 32.132000
node[1], 2588848963, 53.026192, 1277901399, 2097, 64.153296
node[0], 2357136044, 53.026192, 1277901399, 2097, 96.285264
node[3], 1277901399, 53.039067, 2774094101, 2099, 32.132000
node[1], 2588848963, 53.039067, 2774094101, 2099, 32.021392
node[0], 2357136044, 53.039067, 2774094101, 2099, 64.153296
node[1], 2588848963, 53.045746, 2357136044, 2100, 32.132000
node[2], 2774094101, 53.045746, 2357136044, 2100, 64.153296
node[3], 1277901399, 53.045746, 2357136044, 2100, 96.285264
node[2], 2774094101, 53.101193, 1277901399, 2101, 32.132000
node[1], 2588848963, 53.101193, 1277901399, 2101, 64.153296
node[0], 2357136044, 53.101193, 1277901399, 2101, 96.285264
node[0], 2357136044, 53.130043, 2588848963, 2102, 32.132000
node[2], 2774094101, 53.130043, 2588848963, 2102, 32.021392
node[3], 1277901399, 53.130043, 2588848963, 2102, 64.153296
node[3], 1277901399, 53.141067, 2774094101, 2103, 32.132000
node[1], 2588848963, 53.141067, 2774094101, 2103, 32.021392
node[0], 2357136044, 53.141067, 2774094101, 2103, 64.153296
node[1], 2588848963, 53.145746, 2357136044, 2104, 32.132000
node[2], 2774094101, 53.145746, 2357136044, 2104, 64.153296
node[3], 1277901399, 53.145746, 2357136044, 2104, 96.285264
node[2], 2774094101, 53.201193, 1277901399, 2105, 32.132000
node[1], 2588848963, 53.201193, 1277901399, 2105, 64.153296
node[0], 2357136044, 53.201193, 1277901399, 2105, 96.285264
node[0], 2357136044, 53.225044, 2588848963, 2106, 32.132000
node[2], 2774094101, 53.225044, 2588848963, 2106, 32.021392
node[3], 1277901399, 53.225044, 2588848963, 2106, 64.153296
node[3], 1277901399, 53.239067, 2774094101, 2107, 32.132000
node[1], 2588848963, 53.239067, 2774094101, 2107, 32.021392
node[0], 2357136044, 53.239067, 2774094101, 2107, 64.153296
node[1], 2588848963, 53.245746, 2357136044, 2108, 32.132000
node[2], 2774094101, 53.245746, 2357136044, 2108, 64.153296
node[3], 1277901399, 53.245746, 2357136044, 2108, 96.285264
node[2], 2774094101, 53.319192, 1277901399, 2109, 32.132000
node[1], 2588848963, 53.319192, 1277901399, 2109, 64.153296
node[0], 2357136044, 53.319192, 1277901399, 2109, 96.285264
node[0], 2357136044, 53.338043, 2588848963, 2110, 32.132000
node[2], 2774094101, 53.338043, 2588848963, 2110, 32.021392
node[3], 1277901399, 53.338043, 2588848963, 2110, 64.153296
node[3], 1277901399, 53.339067, 2774094101, 2111, 32.132000
node[1], 2588848963, 53.339067, 2774094101, 2111, 32.021392
node[0], 2357136044, 53.339067, 2774094101, 2111, 64.153296
node[1], 2588848963, 53.345746, 2357136044, 2112, 32.132000
node[2], 2774094101, 53.345746, 2357136044, 2112, 64.153296
node[3], 1277901399, 53.345746, 2357136044, 2112, 96.285264
node[2], 2774094101, 53.413192, 1277901399, 2113, 32.132000
node[1], 2588848963, 53.413192, 1277901399, 2113, 64.153296
node[0], 2357136044, 53.413192, 1277901399, 2113, 96.285264
node[0], 2357136044, 53.425044, 2588848963, 2114, 32.132000
node[2], 2774094101, 53.425044, 2588848963, 2114, 32.021392
node[3], 1277901399, 53.425044, 2588848963, 2114, 64.153296
node[3], 1277901399, 53.439067, 2774094101, 2115, 32.132000
node[1], 2588848963, 53.439067, 2774094101, 2115, 32.021392
node[0], 2357136044, 53.439067, 2774094101, 2115, 64.153296
node[1], 2588848963, 53.445746, 2357136044, 2116, 32.132000
node[2], 2774094101, 53.445746, 2357136044, 2116, 64.153296
node[3], 1277901399, 53.445746, 2357136044, 2116, 96.285264
node[2], 2774094101, 53.518192, 1277901399, 2117, 32.132000
node[1], 2588848963, 53.518192, 1277901399, 2117, 64.153296
node[0], 2357136044, 53.518192, 1277901399, 2117, 96.285264
node[0], 2357136044, 53.525531, 2588848963, 2118, 32.132000
node[2], 2774094101, 53.525531, 2588848963, 2118, 32.021392
node[3], 1277901399, 53.525531, 2588848963, 2118, 64.153296
node[3], 1277901399, 53.539067, 2774094101, 2119, 32.132000
node[1], 2588848963, 53.539067, 2774094101, 2119, 32.021392
node[0], 2357136044, 53.539067, 2774094101, 2119, 64.153296
node[1], 2588848963, 53.549745, 2357136044, 2120, 32.132000
node[2], 2774094101, 53.549745, 2357136044, 2120, 64.153296
node[3], 1277901399, 53.549745, 2357136044, 2120, 96.285264
node[2], 2774094101, 53.601193, 1277901399, 2121, 32.132000
node[1], 2588848963, 53.601193, 1277901399, 2121, 64.153296
node[0], 2357136044, 53.601193, 1277901399, 2121, 96.285264
node[0], 2357136044, 53.625044, 2588848963, 2122, 32.132000
node[2], 2774094101, 53.625044, 2588848963, 2122, 32.021392
node[3], 1277901399, 53.625044, 2588848963, 2122, 64.153296
node[1], 2588848963, 53.645746, 2357136044, 2124, 32.132000
node[2], 2774094101, 53.645746, 2357136044, 2124, 64.153296
node[3], 1277901399, 53.645746, 2357136044, 2124, 96.285264
node[3], 1277901399, 53.656067, 2774094101, 2123, 32.132000
node[1], 2588848963, 53.656067, 2774094101, 2123, 32.021392
node[0], 2357136044, 53.656067, 2774094101, 2123, 64.153296
node[2], 2774094101, 53.701193, 1277901399, 2125, 32.132000
node[1], 2588848963, 53.701193, 1277901399, 2125, 64.153296
node[0], 2357136044, 53.701193, 1277901399, 2125, 96.285264
node[0], 2357136044, 53.728043, 2588848963, 2126, 32.132000
node[2], 2774094101, 53.728043, 2588848963, 2126, 32.021392
node[3], 1277901399, 53.728043, 2588848963, 2126, 64.153296
node[3], 1277901399, 53.739067, 2774094101, 2127, 32.132000
node[1], 2588848963, 53.739067, 2774094101, 2127, 32.021392
node[0], 2357136044, 53.739067, 2774094101, 2127, 64.153296
node[1], 2588848963, 53.745746, 2357136044, 2128, 32.132000
node[2], 2774094101, 53.745746, 2357136044, 2128, 64.153296
node[3], 1277901399, 53.745746, 2357136044, 2128, 96.285264
node[2], 2774094101, 53.824192, 1277901399, 2129, 32.132000
node[1], 2588848963, 53.824192, 1277901399, 2129, 64.153296
node[0], 2357136044, 53.824192, 1277901399, 2129, 96.285264
node[0], 2357136044, 53.841043, 2588848963, 2130, 32.132000
node[2], 2774094101, 53.841043, 2588848963, 2130, 32.021392
node[3], 1277901399, 53.841043, 2588848963, 2130, 64.153296
node[3], 1277901399, 53.854067, 2774094101, 2131, 32.132000
node[1], 2588848963, 53.854067, 2774094101, 2131, 32.021392
node[0], 2357136044, 53.854067, 2774094101, 2131, 64.153296
node[1], 2588848963, 53.860745, 2357136044, 2132, 32.132000
node[2], 2774094101, 53.860745, 2357136044, 2132, 64.153296
node[3], 1277901399, 53.860745, 2357136044, 2132, 96.285264
node[2], 2774094101, 53.903192, 1277901399, 2133, 32.132000
node[1], 2588848963, 53.903192, 1277901399, 2133, 64.153296
node[0], 2357136044, 53.903192, 1277901399, 2133, 96.285264
node[0], 2357136044, 53.925044, 2588848963, 2134, 32.132000
node[2], 2774094101, 53.925044, 2588848963, 2134, 32.021392
node[3], 1277901399, 53.925044, 2588848963, 2134, 64.153296
node[3], 1277901399, 53.940067, 2774094101, 2135, 32.132000
node[1], 2588848963, 53.940067, 2774094101, 2135, 32.021392
node[0], 2357136044, 53.940067, 2774094101, 2135, 64.153296
node[1], 2588848963, 53.945746, 2357136044, 2136, 32.132000
node[2], 2774094101, 53.945746, 2357136044, 2136, 64.153296
node[3], 1277901399, 53.945746, 2357136044, 2136, 96.285264
node[2], 2774094101, 54.001193, 1277901399, 2137, 32.132000
node[1], 2588848963, 54.001193, 1277901399, 2137, 64.153296
node[0], 2357136044, 54.001193, 1277901399, 2137, 96.285264
node[0], 2357136044, 54.033043, 2588848963, 2138, 32.132000
node[2], 2774094101, 54.033043, 2588848963, 2138, 32.021392
node[3], 1277901399, 54.033043, 2588848963, 2138, 64.153296
node[3], 1277901399, 54.039067, 2774094101, 2139, 32.132000
node[1], 2588848963, 54.039067, 2774094101, 2139, 32.021392
node[0], 2357136044, 54.039067, 2774094101, 2139, 64.153296
node[1], 2588848963, 54.045746, 2357136044, 2140, 32.132000
node[2], 2774094101, 54.045746, 2357136044, 2140, 64.153296
node[3], 1277901399, 54.045746, 2357136044, 2140, 96.285264
node[2], 2774094101, 54.108192, 1277901399, 2141, 32.132000
node[1], 2588848963, 54.108192, 1277901399, 2141, 64.153296
node[0], 2357136044, 54.108192, 1277901399, 2141, 96.285264
node[0], 2357136044, 54.126043, 2588848963, 2142, 32.132000
node[2], 2774094101, 54.126043, 2588848963, 2142, 32.021392
node[3], 1277901399, 54.126043, 2588848963, 2142, 64.153296
node[3], 1277901399, 54.139440, 2774094101, 2143, 32.132000
node[1], 2588848963, 54.139440, 2774094101, 2143, 32.021392
node[0], 2357136044, 54.139440, 2774094101, 2143, 64.153296
node[1], 2588848963, 54.163745, 2357136044, 2144, 32.132000
node[2], 2774094101, 54.163745, 2357136044, 2144, 64.153296
node[3], 1277901399, 54.163745, 2357136044, 2144, 96.285264
node[2], 2774094101, 54.201193, 1277901399, 2145, 32.132000
node[1], 2588848963, 54.201193, 1277901399, 2145, 64.153296
node[0], 2357136044, 54.201193, 1277901399, 2145, 96.285264
node[0], 2357136044, 54.225044, 2588848963, 2146, 32.132000
node[2], 2774094101, 54.225044, 2588848963, 2146, 32.021392
node[3], 1277901399, 54.225044, 2588848963, 2146, 64.153296
node[3], 1277901399, 54.239067, 2774094101, 2147, 32.132000
node[1], 2588848963, 54.239067, 2774094101, 2147, 32.021392
node[0], 2357136044, 54.239067, 2774094101, 2147, 64.153296
node[1], 2588848963, 54.245746, 2357136044, 2148, 32.132000
node[2], 2774094101, 54.245746, 2357136044, 2148, 64.153296
node[3], 1277901399, 54.245746, 2357136044, 2148, 96.285264
node[2], 2774094101, 54.301193, 1277901399, 2149, 32.132000
node[1], 2588848963, 54.301193, 1277901399, 2149, 64.153296
node[0], 2357136044, 54.301193, 1277901399, 2149, 96.285264
node[0], 2357136044, 54.325044, 2588848963, 2150, 32.132000
node[2], 2774094101, 54.325044, 2588848963, 2150, 32.021392
node[3], 1277901399, 54.325044, 2588848963, 2150, 64.153296
node[3], 1277901399, 54.339067, 2774094101, 2151, 32.132000
node[1], 2588848963, 54.339067, 2774094101, 2151, 32.021392
node[0], 2357136044, 54.339067, 2774094101, 2151, 64.153296
node[1], 2588848963, 54.348745, 2357136044, 2152, 32.132000
node[2], 2774094101, 54.348745, 2357136044, 2152, 64.153296
node[3], 1277901399, 54.348745, 2357136044, 2152, 96.285264
node[2], 2774094101, 54.409192, 1277901399, 2153, 32.132000
node[1], 2588848963, 54.409192, 1277901399, 2153, 64.153296
node[0], 2357136044, 54.409192, 1277901399, 2153, 96.285264
node[3], 1277901399, 54.439067, 2774094101, 2155, 32.132000
node[1], 2588848963, 54.439067, 2774094101, 2155, 32.021392
node[0], 2357136044, 54.439067, 2774094101, 2155, 64.153296
node[0], 2357136044, 54.440043, 2588848963, 2154, 32.132000
node[2], 2774094101, 54.440043, 2588848963, 2154, 32.021392
node[3], 1277901399, 54.440043, 2588848963, 2154, 64.153296
node[1], 2588848963, 54.445746, 2357136044, 2156, 32.132000
node[2], 2774094101, 54.445746, 2357136044, 2156, 64.153296
node[3], 1277901399, 54.445746, 2357136044, 2156, 96.285264
node[2], 2774094101, 54.501193, 1277901399, 2157, 32.132000
node[1], 2588848963, 54.501193, 1277901399, 2157, 64.153296
node[0], 2357136044, 54.501193, 1277901399, 2157, 96.285264
node[0], 2357136044, 54.525044, 2588848963, 2158, 32.132000
node[2], 2774094101, 54.525044, 2588848963, 2158, 32.021392
node[3], 1277901399, 54.525044, 2588848963, 2158, 64.153296
node[3], 1277901399, 54.539067, 2774094101, 2159, 32.132000
node[1], 2588848963, 54.539067, 2774094101, 2159, 32.021392
node[0], 2357136044, 54.539067, 2774094101, 2159, 64.153296
node[1], 2588848963, 54.559745, 2357136044, 2160, 32.132000
node[2], 2774094101, 54.559745, 2357136044, 2160, 64.153296
node[3], 1277901399, 54.559745, 2357136044, 2160, 96.285264
node[2], 2774094101, 54.601920, 1277901399, 2161, 32.132000
node[1], 2588848963, 54.601920, 1277901399, 2161, 64.153296
node[0], 2357136044, 54.601920, 1277901399, 2161, 96.285264
node[0], 2357136044, 54.626043, 2588848963, 2162, 32.132000
node[2], 2774094101, 54.626043, 2588848963, 2162, 32.021392
node[3], 1277901399, 54.626043, 2588848963, 2162, 64.153296
node[3], 1277901399, 54.639067, 2774094101, 2163, 32.132000
node[1], 2588848963, 54.639067, 2774094101, 2163, 32.021392
node[0], 2357136044, 54.639067, 2774094101, 2163, 64.153296
node[1], 2588848963, 54.645746, 2357136044, 2164, 32.132000
node[2], 2774094101, 54.645746, 2357136044, 2164, 64.153296
node[3], 1277901399, 54.645746, 2357136044, 2164, 96.285264
node[2], 2774094101, 54.701193, 1277901399, 2165, 32.132000
node[1], 2588848963, 54.701193, 1277901399, 2165, 64.153296
node[0], 2357136044, 54.701193, 1277901399, 2165, 96.285264
node[0], 2357136044, 54.728043, 2588848963, 2166, 32.132000
node[2], 2774094101, 54.728043, 2588848963, 2166, 32.021392
node[3], 1277901399, 54.728043, 2588848963, 2166, 64.153296
node[3], 1277901399, 54.739067, 2774094101, 2167, 32.132000
node[1], 2588848963, 54.739067, 2774094101, 2167, 32.021392
node[0], 2357136044, 54.739067, 2774094101, 2167, 64.153296
node[1], 2588848963, 54.769816, 2357136044, 2168, 32.132000
node[2], 2774094101, 54.769816, 2357136044, 2168, 64.153296
node[3], 1277901399, 54.769816, 2357136044, 2168, 96.285264
node[2], 2774094101, 54.802816, 1277901399, 2169, 32.132000
node[1], 2588848963, 54.802816, 1277901399, 2169, 64.153296
node[0], 2357136044, 54.802816, 1277901399, 2169, 96.285264
node[0], 2357136044, 54.827043, 2588848963, 2170, 32.132000
node[2], 2774094101, 54.827043, 2588848963, 2170, 32.021392
node[3], 1277901399, 54.827043, 2588848963, 2170, 64.153296
node[3], 1277901399, 54.839067, 2774094101, 2171, 32.132000
node[1], 2588848963, 54.839067, 2774094101, 2171, 32.021392
node[0], 2357136044, 54.839067, 2774094101, 2171, 64.153296
node[1], 2588848963, 54.845746, 2357136044, 2172, 32.132000
node[2], 2774094101, 54.845746, 2357136044, 2172, 64.153296
node[3], 1277901399, 54.845746, 2357136044, 2172, 96.285264
node[2], 2774094101, 54.901193, 1277901399, 2173, 32.132000
node[1], 2588848963, 54.901193, 1277901399, 2173, 64.153296
node[0], 2357136044, 54.901193, 1277901399, 2173, 96.285264
node[0], 2357136044, 54.943043, 2588848963, 2174, 32.132000
node[2], 2774094101, 54.943043, 2588848963, 2174, 32.021392
node[3], 1277901399, 54.943043, 2588848963, 2174, 64.153296
node[1], 2588848963, 54.945746, 2357136044, 2176, 32.132000
node[2], 2774094101, 54.945746, 2357136044, 2176, 64.153296
node[3], 1277901399, 54.945746, 2357136044, 2176, 96.285264
node[3], 1277901399, 54.961067, 2774094101, 2175, 32.132000
node[1], 2588848963, 54.961067, 2774094101, 2175, 32.021392
node[0], 2357136044, 54.961067, 2774094101, 2175, 64.153296
node[2], 2774094101, 55.015192, 1277901399, 2177, 32.132000
node[1], 2588848963, 55.015192, 1277901399, 2177, 64.153296
node[0], 2357136044, 55.015192, 1277901399, 2177, 96.285264
node[0], 2357136044, 55.038043, 2588848963, 2178, 32.132000
node[2], 2774094101, 55.038043, 2588848963, 2178, 32.021392
node[3], 1277901399, 55.038043, 2588848963, 2178, 64.153296
node[3], 1277901399, 55.056067, 2774094101, 2179, 32.132000
node[1], 2588848963, 55.056067, 2774094101, 2179, 32.021392
node[0], 2357136044, 55.056067, 2774094101, 2179, 64.153296
node[1], 2588848963, 55.060745, 2357136044, 2180, 32.132000
node[2], 2774094101, 55.060745, 2357136044, 2180, 64.153296
node[3], 1277901399, 55.060745, 2357136044, 2180, 96.285264
node[2], 2774094101, 55.101193, 1277901399, 2181, 32.132000
node[1], 2588848963, 55.101193, 1277901399, 2181, 64.153296
node[0], 2357136044, 55.101193, 1277901399, 2181, 96.285264
node[3], 1277901399, 55.139067, 2774094101, 2183, 32.132000
node[1], 2588848963, 55.139067, 2774094101, 2183, 32.021392
node[0], 2357136044, 55.139067, 2774094101, 2183, 64.153296
node[0], 2357136044, 55.141043, 2588848963, 2182, 32.132000
node[2], 2774094101, 55.141043, 2588848963, 2182, 32.021392
node[3], 1277901399, 55.141043, 2588848963, 2182, 64.153296
node[1], 2588848963, 55.145746, 2357136044, 2184, 32.132000
node[2], 2774094101, 55.145746, 2357136044, 2184, 64.153296
node[3], 1277901399, 55.145746, 2357136044, 2184, 96.285264
node[2], 2774094101, 55.201193, 1277901399, 2185, 32.132000
node[1], 2588848963, 55.201193, 1277901399, 2185, 64.153296
node[0], 2357136044, 55.201193, 1277901399, 2185, 96.285264
node[0], 2357136044, 55.225044, 2588848963, 2186, 32.132000
node[2], 2774094101, 55.225044, 2588848963, 2186, 32.021392
node[3], 1277901399, 55.225044, 2588848963, 2186, 64.153296
node[3], 1277901399, 55.254067, 2774094101, 2187, 32.132000
node[1], 2588848963, 55.254067, 2774094101, 2187, 32.021392
node[0], 2357136044, 55.254067, 2774094101, 2187, 64.153296
node[1], 2588848963, 55.266745, 2357136044, 2188, 32.132000
node[2], 2774094101, 55.266745, 2357136044, 2188, 64.153296
node[3], 1277901399, 55.266745, 2357136044, 2188, 96.285264
node[2], 2774094101, 55.313192, 1277901399, 2189, 32.132000
node[1], 2588848963, 55.313192, 1277901399, 2189, 64.153296
node[0], 2357136044, 55.313192, 1277901399, 2189, 96.285264
node[0], 2357136044, 55.325044, 2588848963, 2190, 32.132000
node[2], 2774094101, 55.325044, 2588848963, 2190, 32.021392
node[3], 1277901399, 55.325044, 2588848963, 2190, 64.153296
node[3], 1277901399, 55.339067, 2774094101, 2191, 32.132000
node[1], 2588848963, 55.339067, 2774094101, 2191, 32.021392
node[0], 2357136044, 55.339067, 2774094101, 2191, 64.153296
node[1], 2588848963, 55.345746, 2357136044, 2192, 32.132000
node[2], 2774094101, 55.345746, 2357136044, 2192, 64.153296
node[3], 1277901399, 55.345746, 2357136044, 2192, 96.285264
node[2], 2774094101, 55.405192, 1277901399, 2193, 32.132000
node[1], 2588848963, 55.405192, 1277901399, 2193, 64.153296
node[0], 2357136044, 55.405192, 1277901399, 2193, 96.285264
node[3], 1277901399, 55.439067, 2774094101, 2195, 32.132000
node[1], 2588848963, 55.439067, 2774094101, 2195, 32.021392
node[0], 2357136044, 55.439067, 2774094101, 2195, 64.153296
node[1], 2588848963, 55.445746, 2357136044, 2196, 32.132000
node[2], 2774094101, 55.445746, 2357136044, 2196, 64.153296
node[3], 1277901399, 55.445746, 2357136044, 2196, 96.285264
node[0], 2357136044, 55.448043, 2588848963, 2194, 32.132000
node[2], 2774094101, 55.448043, 2588848963, 2194, 32.021392
node[3], 1277901399, 55.448043, 2588848963, 2194, 64.153296
node[2], 2774094101, 55.501193, 1277901399, 2197, 32.132000
node[1], 2588848963, 55.501193, 1277901399, 2197, 64.153296
node[0], 2357136044, 55.501193, 1277901399, 2197, 96.285264
node[3], 1277901399, 55.539067, 2774094101, 2199, 32.132000
node[1], 2588848963, 55.539067, 2774094101, 2199, 32.021392
node[0], 2357136044, 55.539067, 2774094101, 2199, 64.153296
node[1], 2588848963, 55.545746, 2357136044, 2200, 32.132000
node[2], 2774094101, 55.545746, 2357136044, 2200, 64.153296
node[3], 1277901399, 55.545746, 2357136044, 2200, 96.285264
node[0], 2357136044, 55.546401, 2588848963, 2198, 32.132000
node[2], 2774094101, 55.546401, 2588848963, 2198, 32.021392
node[3], 1277901399, 55.546401, 2588848963, 2198, 64.153296
node[2], 2774094101, 55.611192, 1277901399, 2201, 32.132000
node[1], 2588848963, 55.611192, 1277901399, 2201, 64.153296
node[0], 2357136044, 55.611192, 1277901399, 2201, 96.285264
node[0], 2357136044, 55.625044, 2588848963, 2202, 32.132000
node[2], 2774094101, 55.625044, 2588848963, 2202, 32.021392
node[3], 1277901399, 55.625044, 2588848963, 2202, 64.153296
node[3], 1277901399, 55.639067, 2774094101, 2203, 32.132000
node[1], 2588848963, 55.639067, 2774094101, 2203, 32.021392
node[0], 2357136044, 55.639067, 2774094101, 2203, 64.153296
node[1], 2588848963, 55.654745, 2357136044, 2204, 32.132000
node[2], 2774094101, 55.654745, 2357136044, 2204, 64.153296
node[3], 1277901399, 55.654745, 2357136044, 2204, 96.285264
node[2], 2774094101, 55.725192, 1277901399, 2205, 32.132000
node[1], 2588848963, 55.725192, 1277901399, 2205, 64.153296
node[0], 2357136044, 55.725192, 1277901399, 2205, 96.285264
node[3], 1277901399, 55.739067, 2774094101, 2207, 32.132000
node[1], 2588848963, 55.739067, 2774094101, 2207, 32.021392
node[0], 2357136044, 55.739067, 2774094101, 2207, 64.153296
node[0], 2357136044, 55.742043, 2588848963, 2206, 32.132000
node[2], 2774094101, 55.742043, 2588848963, 2206, 32.021392
node[3], 1277901399, 55.742043, 2588848963, 2206, 64.153296
node[1], 2588848963, 55.747745, 2357136044, 2208, 32.132000
node[2], 2774094101, 55.747745, 2357136044, 2208, 64.153296
node[3], 1277901399, 55.747745, 2357136044, 2208, 96.285264
node[2], 2774094101, 55.801193, 1277901399, 2209, 32.132000
node[1], 2588848963, 55.801193, 1277901399, 2209, 64.153296
node[0], 2357136044, 55.801193, 1277901399, 2209, 96.285264
node[0], 2357136044, 55.825044, 2588848963, 2210, 32.132000
node[2], 2774094101, 55.825044, 2588848963, 2210, 32.021392
node[3], 1277901399, 55.825044, 2588848963, 2210, 64.153296
node[3], 1277901399, 55.839067, 2774094101, 2211, 32.132000
node[1], 2588848963, 55.839067, 2774094101, 2211, 32.021392
node[0], 2357136044, 55.839067, 2774094101, 2211, 64.153296
node[1], 2588848963, 55.854745, 2357136044, 2212, 32.132000
node[2], 2774094101, 55.854745, 2357136044, 2212, 64.153296
node[3], 1277901399, 55.854745, 2357136044, 2212, 96.285264
node[2], 2774094101, 55.901193, 1277901399, 2213, 32.132000
node[1], 2588848963, 55.901193, 1277901399, 2213, 64.153296
node[0], 2357136044, 55.901193, 1277901399, 2213, 96.285264
node[0], 2357136044, 55.925044, 2588848963, 2214, 32.132000
node[2], 2774094101, 55.925044, 2588848963, 2214, 32.021392
node[3], 1277901399, 55.925044, 2588848963, 2214, 64.153296
node[3], 1277901399, 55.939067, 2774094101, 2215, 32.132000
node[1], 2588848963, 55.939067, 2774094101, 2215, 32.021392
node[0], 2357136044, 55.939067, 2774094101, 2215, 64.153296
node[1], 2588848963, 55.965745, 2357136044, 2216, 32.132000
node[2], 2774094101, 55.965745, 2357136044, 2216, 64.153296
node[3], 1277901399, 55.965745, 2357136044, 2216, 96.285264
node[2], 2774094101, 56.001193, 1277901399, 2217, 32.132000
node[1], 2588848963, 56.001193, 1277901399, 2217, 64.153296
node[0], 2357136044, 56.001193, 1277901399, 2217, 96.285264
node[0], 2357136044, 56.031043, 2588848963, 2218, 32.132000
node[2], 2774094101, 56.031043, 2588848963, 2218, 32.021392
node[3], 1277901399, 56.031043, 2588848963, 2218, 64.153296
node[3], 1277901399, 56.039067, 2774094101, 2219, 32.132000
node[1], 2588848963, 56.039067, 2774094101, 2219, 32.021392
node[0], 2357136044, 56.039067, 2774094101, 2219, 64.153296
node[1], 2588848963, 56.052745, 2357136044, 2220, 32.132000
node[2], 2774094101, 56.052745, 2357136044, 2220, 64.153296
node[3], 1277901399, 56.052745, 2357136044, 2220, 96.285264
node[2], 2774094101, 56.101904, 1277901399, 2221, 32.132000
node[1], 2588848963, 56.101905, 1277901399, 2221, 64.153296
node[0], 2357136044, 56.101905, 1277901399, 2221, 96.285264
node[0], 2357136044, 56.125044, 2588848963, 2222, 32.132000
node[2], 2774094101, 56.125044, 2588848963, 2222, 32.021392
node[3], 1277901399, 56.125044, 2588848963, 2222, 64.153296
node[3], 1277901399, 56.139067, 2774094101, 2223, 32.132000
node[1], 2588848963, 56.139067, 2774094101, 2223, 32.021392
node[0], 2357136044, 56.139067, 2774094101, 2223, 64.153296
node[1], 2588848963, 56.152745, 2357136044, 2224, 32.132000
node[2], 2774094101, 56.152745, 2357136044, 2224, 64.153296
node[3], 1277901399, 56.152745, 2357136044, 2224, 96.285264
node[2], 2774094101, 56.213192, 1277901399, 2225, 32.132000
node[1], 2588848963, 56.213192, 1277901399, 2225, 64.153296
node[0], 2357136044, 56.213192, 1277901399, 2225, 96.285264
node[0], 2357136044, 56.225044, 2588848963, 2226, 32.132000
node[2], 2774094101, 56.225044, 2588848963, 2226, 32.021392
node[3], 1277901399, 56.225044, 2588848963, 2226, 64.153296
node[3], 1277901399, 56.239067, 2774094101, 2227, 32.132000
node[1], 2588848963, 56.239067, 2774094101, 2227, 32.021392
node[0], 2357136044, 56.239067, 2774094101, 2227, 64.153296
node[1], 2588848963, 56.245746, 2357136044, 2228, 32.132000
node[2], 2774094101, 56.245746, 2357136044, 2228, 64.153296
node[3], 1277901399, 56.245746, 2357136044, 2228, 96.285264
node[2], 2774094101, 56.301193, 1277901399, 2229, 32.132000
node[1], 2588848963, 56.301193, 1277901399, 2229, 64.153296
node[0], 2357136044, 56.301193, 1277901399, 2229, 96.285264
node[0], 2357136044, 56.325044, 2588848963, 2230, 32.132000
node[2], 2774094101, 56.325044, 2588848963, 2230, 32.021392
node[3], 1277901399, 56.325044, 2588848963, 2230, 64.153296
node[3], 1277901399, 56.339067, 2774094101, 2231, 32.132000
node[1], 2588848963, 56.339067, 2774094101, 2231, 32.021392
node[0], 2357136044, 56.339067, 2774094101, 2231, 64.153296
node[1], 2588848963, 56.345746, 2357136044, 2232, 32.132000
node[2], 2774094101, 56.345746, 2357136044, 2232, 64.153296
node[3], 1277901399, 56.345746, 2357136044, 2232, 96.285264
node[2], 2774094101, 56.422192, 1277901399, 2233, 32.132000
node[1], 2588848963, 56.422192, 1277901399, 2233, 64.153296
node[0], 2357136044, 56.422192, 1277901399, 2233, 96.285264
node[0], 2357136044, 56.425044, 2588848963, 2234, 32.132000
node[2], 2774094101, 56.425044, 2588848963, 2234, 32.021392
node[3], 1277901399, 56.425044, 2588848963, 2234, 64.153296
node[3], 1277901399, 56.445067, 2774094101, 2235, 32.132000
node[1], 2588848963, 56.445067, 2774094101, 2235, 32.021392
node[0], 2357136044, 56.445067, 2774094101, 2235, 64.153296
node[1], 2588848963, 56.445839, 2357136044, 2236, 32.132000
node[2], 2774094101, 56.445839, 2357136044, 2236, 64.153296
node[3], 1277901399, 56.445840, 2357136044, 2236, 96.285264
node[2], 2774094101, 56.501193, 1277901399, 2237, 32.132000
node[1], 2588848963, 56.501193, 1277901399, 2237, 64.153296
node[0], 2357136044, 56.501193, 1277901399, 2237, 96.285264
node[0], 2357136044, 56.525044, 2588848963, 2238, 32.132000
node[2], 2774094101, 56.525044, 2588848963, 2238, 32.021392
node[3], 1277901399, 56.525044, 2588848963, 2238, 64.153296
node[3], 1277901399, 56.539067, 2774094101, 2239, 32.132000
node[1], 2588848963, 56.539067, 2774094101, 2239, 32.021392
node[0], 2357136044, 56.539067, 2774094101, 2239, 64.153296
node[1], 2588848963, 56.545746, 2357136044, 2240, 32.132000
node[2], 2774094101, 56.545746, 2357136044, 2240, 64.153296
node[3], 1277901399, 56.545746, 2357136044, 2240, 96.285264
node[0], 2357136044, 56.625044, 2588848963, 2242, 32.132000
node[2], 2774094101, 56.625044, 2588848963, 2242, 32.021392
node[3], 1277901399, 56.625044, 2588848963, 2242, 64.153296
node[2], 2774094101, 56.625660, 1277901399, 2241, 32.132000
node[1], 2588848963, 56.625660, 1277901399, 2241, 64.153296
node[0], 2357136044, 56.625660, 1277901399, 2241, 96.285264
node[3], 1277901399, 56.639067, 2774094101, 2243, 32.132000
node[1], 2588848963, 56.639067, 2774094101, 2243, 32.021392
node[0], 2357136044, 56.639067, 2774094101, 2243, 64.153296
node[1], 2588848963, 56.655745, 2357136044, 2244, 32.132000
node[2], 2774094101, 56.655745, 2357136044, 2244, 64.153296
node[3], 1277901399, 56.655745, 2357136044, 2244, 96.285264
node[2], 2774094101, 56.701193, 1277901399, 2245, 32.132000
node[1], 2588848963, 56.701193, 1277901399, 2245, 64.153296
node[0], 2357136044, 56.701193, 1277901399, 2245, 96.285264
node[3], 1277901399, 56.739067, 2774094101, 2247, 32.132000
node[1], 2588848963, 56.739067, 2774094101, 2247, 32.021392
node[0], 2357136044, 56.739067, 2774094101, 2247, 64.153296
node[0], 2357136044, 56.741043, 2588848963, 2246, 32.132000
node[2], 2774094101, 56.741043, 2588848963, 2246, 32.021392
node[3], 1277901399, 56.741043, 2588848963, 2246, 64.153296
node[1], 2588848963, 56.750745, 2357136044, 2248, 32.132000
node[2], 2774094101, 56.750745, 2357136044, 2248, 64.153296
node[3], 1277901399, 56.750745, 2357136044, 2248, 96.285264
node[2], 2774094101, 56.822192, 1277901399, 2249, 32.132000
node[1], 2588848963, 56.822192, 1277901399, 2249, 64.153296
node[0], 2357136044, 56.822192, 1277901399, 2249, 96.285264
node[0], 2357136044, 56.833043, 2588848963, 2250, 32.132000
node[2], 2774094101, 56.833043, 2588848963, 2250, 32.021392
node[3], 1277901399, 56.833043, 2588848963, 2250, 64.153296
node[3], 1277901399, 56.839067, 2774094101, 2251, 32.132000
node[1], 2588848963, 56.839067, 2774094101, 2251, 32.021392
node[0], 2357136044, 56.839067, 2774094101, 2251, 64.153296
node[1], 2588848963, 56.845746, 2357136044, 2252, 32.132000
node[2], 2774094101, 56.845746, 2357136044, 2252, 64.153296
node[3], 1277901399, 56.845746, 2357136044, 2252, 96.285264
node[2], 2774094101, 56.901193, 1277901399, 2253, 32.132000
node[1], 2588848963, 56.901193, 1277901399, 2253, 64.153296
node[0], 2357136044, 56.901193, 1277901399, 2253, 96.285264
node[0], 2357136044, 56.925044, 2588848963, 2254, 32.132000
node[2], 2774094101, 56.925044, 2588848963, 2254, 32.021392
node[3], 1277901399, 56.925044, 2588848963, 2254, 64.153296
node[3], 1277901399, 56.939067, 2774094101, 2255, 32.132000
node[1], 2588848963, 56.939067, 2774094101, 2255, 32.021392
node[0], 2357136044, 56.939067, 2774094101, 2255, 64.153296
node[1], 2588848963, 56.968745, 2357136044, 2256, 32.132000
node[2], 2774094101, 56.968745, 2357136044, 2256, 64.153296
node[3], 1277901399, 56.968745, 2357136044, 2256, 96.285264
node[2], 2774094101, 57.011192, 1277901399, 2257, 32.132000
node[1], 2588848963, 57.011192, 1277901399, 2257, 64.153296
node[0], 2357136044, 57.011192, 1277901399, 2257, 96.285264
node[0], 2357136044, 57.025044, 2588848963, 2258, 32.132000
node[2], 2774094101, 57.025044, 2588848963, 2258, 32.021392
node[3], 1277901399, 57.025044, 2588848963, 2258, 64.153296
node[3], 1277901399, 57.039067, 2774094101, 2259, 32.132000
node[1], 2588848963, 57.039067, 2774094101, 2259, 32.021392
node[0], 2357136044, 57.039067, 2774094101, 2259, 64.153296
node[1], 2588848963, 57.060745, 2357136044, 2260, 32.132000
node[2], 2774094101, 57.060745, 2357136044, 2260, 64.153296
node[3], 1277901399, 57.060745, 2357136044, 2260, 96.285264
node[2], 2774094101, 57.111192, 1277901399, 2261, 32.132000
node[1], 2588848963, 57.111192, 1277901399, 2261, 64.153296
node[0], 2357136044, 57.111192, 1277901399, 2261, 96.285264
node[0], 2357136044, 57.130043, 2588848963, 2262, 32.132000
node[2], 2774094101, 57.130043, 2588848963, 2262, 32.021392
node[3], 1277901399, 57.130043, 2588848963, 2262, 64.153296
node[3], 1277901399, 57.139067, 2774094101, 2263, 32.132000
node[1], 2588848963, 57.139067, 2774094101, 2263, 32.021392
node[0], 2357136044, 57.139067, 2774094101, 2263, 64.153296
node[1], 2588848963, 57.153745, 2357136044, 2264, 32.132000
node[2], 2774094101, 57.153745, 2357136044, 2264, 64.153296
node[3], 1277901399, 57.153745, 2357136044, 2264, 96.285264
node[2], 2774094101, 57.201193, 1277901399, 2265, 32.132000
node[1], 2588848963, 57.201193, 1277901399, 2265, 64.153296
node[0], 2357136044, 57.201193, 1277901399, 2265, 96.285264
node[0], 2357136044, 57.225044, 2588848963, 2266, 32.132000
node[2], 2774094101, 57.225044, 2588848963, 2266, 32.021392
node[3], 1277901399, 57.225044, 2588848963, 2266, 64.153296
node[3], 1277901399, 57.239067, 2774094101, 2267, 32.132000
node[1], 2588848963, 57.239067, 2774094101, 2267, 32.021392
node[0], 2357136044, 57.239067, 2774094101, 2267, 64.153296
node[1], 2588848963, 57.245746, 2357136044, 2268, 32.132000
node[2], 2774094101, 57.245746, 2357136044, 2268, 64.153296
node[3], 1277901399, 57.245746, 2357136044, 2268, 96.285264
node[2], 2774094101, 57.306192, 1277901399, 2269, 32.132000
node[1], 2588848963, 57.306192, 1277901399, 2269, 64.153296
node[0], 2357136044, 57.306192, 1277901399, 2269, 96.285264
node[0], 2357136044, 57.325044, 2588848963, 2270, 32.132000
node[2], 2774094101, 57.325044, 2588848963, 2270, 32.021392
node[3], 1277901399, 57.325044, 2588848963, 2270, 64.153296
node[3], 1277901399, 57.339067, 2774094101, 2271, 32.132000
node[1], 2588848963, 57.339067, 2774094101, 2271, 32.021392
node[0], 2357136044, 57.339067, 2774094101, 2271, 64.153296
node[1], 2588848963, 57.345746, 2357136044, 2272, 32.132000
node[2], 2774094101, 57.345746, 2357136044, 2272, 64.153296
node[3], 1277901399, 57.345746, 2357136044, 2272, 96.285264
node[2], 2774094101, 57.401193, 1277901399, 2273, 32.132000
node[1], 2588848963, 57.401193, 1277901399, 2273, 64.153296
node[0], 2357136044, 57.401193, 1277901399, 2273, 96.285264
node[0], 2357136044, 57.425044, 2588848963, 2274, 32.132000
node[2], 2774094101, 57.425044, 2588848963, 2274, 32.021392
node[3], 1277901399, 57.425044, 2588848963, 2274, 64.153296
node[3], 1277901399, 57.446067, 2774094101, 2275, 32.132000
node[1], 2588848963, 57.446067, 2774094101, 2275, 32.021392
node[0], 2357136044, 57.446067, 2774094101, 2275, 64.153296
node[1], 2588848963, 57.462745, 2357136044, 2276, 32.132000
node[2], 2774094101, 57.462745, 2357136044, 2276, 64.153296
node[3], 1277901399, 57.462745, 2357136044, 2276, 96.285264
node[2], 2774094101, 57.501193, 1277901399, 2277, 32.132000
node[1], 2588848963, 57.501193, 1277901399, 2277, 64.153296
node[0], 2357136044, 57.501193, 1277901399, 2277, 96.285264
node[0], 2357136044, 57.525044, 2588848963, 2278, 32.132000
node[2], 2774094101, 57.525044, 2588848963, 2278, 32.021392
node[3], 1277901399, 57.525044, 2588848963, 2278, 64.153296
node[3], 1277901399, 57.539067, 2774094101, 2279, 32.132000
node[1], 2588848963, 57.539067, 2774094101, 2279, 32.021392
node[0], 2357136044, 57.539067, 2774094101, 2279, 64.153296
node[1], 2588848963, 57.545746, 2357136044, 2280, 32.132000
node[2], 2774094101, 57.545746, 2357136044, 2280, 64.153296
node[3], 1277901399, 57.545746, 2357136044, 2280, 96.285264
node[2], 2774094101, 57.601193, 1277901399, 2281, 32.132000
node[1], 2588848963, 57.601193, 1277901399, 2281, 64.153296
node[0], 2357136044, 57.601193, 1277901399, 2281, 96.285264
node[0], 2357136044, 57.633043, 2588848963, 2282, 32.132000
node[2], 2774094101, 57.633043, 2588848963, 2282, 32.021392
node[3], 1277901399, 57.633043, 2588848963, 2282, 64.153296
node[3], 1277901399, 57.644570, 2774094101, 2283, 32.132000
node[1], 2588848963, 57.644570, 2774094101, 2283, 32.021392
node[0], 2357136044, 57.644570, 2774094101, 2283, 64.153296
node[1], 2588848963, 57.668745, 2357136044, 2284, 32.132000
node[2], 2774094101, 57.668745, 2357136044, 2284, 64.153296
node[3], 1277901399, 57.668745, 2357136044, 2284, 96.285264
node[2], 2774094101, 57.723192, 1277901399, 2285, 32.132000
node[1], 2588848963, 57.723192, 1277901399, 2285, 64.153296
node[0], 2357136044, 57.723192, 1277901399, 2285, 96.285264
node[0], 2357136044, 57.725044, 2588848963, 2286, 32.132000
node[2], 2774094101, 57.725044, 2588848963, 2286, 32.021392
node[3], 1277901399, 57.725044, 2588848963, 2286, 64.153296
node[3], 1277901399, 57.739067, 2774094101, 2287, 32.132000
node[1], 2588848963, 57.739067, 2774094101, 2287, 32.021392
node[0], 2357136044, 57.739067, 2774094101, 2287, 64.153296
node[1], 2588848963, 57.766745, 2357136044, 2288, 32.132000
node[2], 2774094101, 57.766745, 2357136044, 2288, 64.153296
node[3], 1277901399, 57.766745, 2357136044, 2288, 96.285264
node[2], 2774094101, 57.801193, 1277901399, 2289, 32.132000
node[1], 2588848963, 57.801193, 1277901399, 2289, 64.153296
node[0], 2357136044, 57.801193, 1277901399, 2289, 96.285264
node[0], 2357136044, 57.825044, 2588848963, 2290, 32.132000
node[2], 2774094101, 57.825044, 2588848963, 2290, 32.021392
node[3], 1277901399, 57.825044, 2588848963, 2290, 64.153296
node[3], 1277901399, 57.839067, 2774094101, 2291, 32.132000
node[1], 2588848963, 57.839067, 2774094101, 2291, 32.021392
node[0], 2357136044, 57.839067, 2774094101, 2291, 64.153296
node[1], 2588848963, 57.845746, 2357136044, 2292, 32.132000
node[2], 2774094101, 57.845746, 2357136044, 2292, 64.153296
node[3], 1277901399, 57.845746, 2357136044, 2292, 96.285264
node[2], 2774094101, 57.923192, 1277901399, 2293, 32.132000
node[1], 2588848963, 57.923192, 1277901399, 2293, 64.153296
node[0], 2357136044, 57.923192, 1277901399, 2293, 96.285264
node[0], 2357136044, 57.925044, 2588848963, 2294, 32.132000
node[2], 2774094101, 57.925044, 2588848963, 2294, 32.021392
node[3], 1277901399, 57.925044, 2588848963, 2294, 64.153296
node[3], 1277901399, 57.939067, 2774094101, 2295, 32.132000
node[1], 2588848963, 57.939067, 2774094101, 2295, 32.021392
node[0], 2357136044, 57.939067, 2774094101, 2295, 64.153296
node[1], 2588848963, 57.945746, 2357136044, 2296, 32.132000
node[2], 2774094101, 57.945746, 2357136044, 2296, 64.153296
node[3], 1277901399, 57.945746, 2357136044, 2296, 96.285264
node[2], 2774094101, 58.011192, 1277901399, 2297, 32.132000
node[1], 2588848963, 58.011192, 1277901399, 2297, 64.153296
node[0], 2357136044, 58.011192, 1277901399, 2297, 96.285264
node[0], 2357136044, 58.025044, 2588848963, 2298, 32.132000
node[2], 2774094101, 58.025044, 2588848963, 2298, 32.021392
node[3], 1277901399, 58.025044, 2588848963, 2298, 64.153296
node[1], 2588848963, 58.045746, 2357136044, 2300, 32.132000
node[2], 2774094101, 58.045746, 2357136044, 2300, 64.153296
node[3], 1277901399, 58.045746, 2357136044, 2300, 96.285264
node[3], 1277901399, 58.049067, 2774094101, 2299, 32.132000
node[1], 2588848963, 58.049067, 2774094101, 2299, 32.021392
node[0], 2357136044, 58.049067, 2774094101, 2299, 64.153296
node[2], 2774094101, 58.101193, 1277901399, 2301, 32.132000
node[1], 2588848963, 58.101193, 1277901399, 2301, 64.153296
node[0], 2357136044, 58.101193, 1277901399, 2301, 96.285264
node[0], 2357136044, 58.125044, 2588848963, 2302, 32.132000
node[2], 2774094101, 58.125044, 2588848963, 2302, 32.021392
node[3], 1277901399, 58.125044, 2588848963, 2302, 64.153296
node[3], 1277901399, 58.139067, 2774094101, 2303, 32.132000
node[1], 2588848963, 58.139067, 2774094101, 2303, 32.021392
node[0], 2357136044, 58.139067, 2774094101, 2303, 64.153296
node[1], 2588848963, 58.145746, 2357136044, 2304, 32.132000
node[2], 2774094101, 58.145746, 2357136044, 2304, 64.153296
node[3], 1277901399, 58.145746, 2357136044, 2304, 96.285264
node[2], 2774094101, 58.201193, 1277901399, 2305, 32.132000
node[1], 2588848963, 58.201193, 1277901399, 2305, 64.153296
node[0], 2357136044, 58.201193, 1277901399, 2305, 96.285264
node[0], 2357136044, 58.225044, 2588848963, 2306, 32.132000
node[2], 2774094101, 58.225044, 2588848963, 2306, 32.021392
node[3], 1277901399, 58.225044, 2588848963, 2306, 64.153296
node[3], 1277901399, 58.239067, 2774094101, 2307, 32.132000
node[1], 2588848963, 58.239067, 2774094101, 2307, 32.021392
node[0], 2357136044, 58.239067, 2774094101, 2307, 64.153296
node[1], 2588848963, 58.245746, 2357136044, 2308, 32.132000
node[2], 2774094101, 58.245746, 2357136044, 2308, 64.153296
node[3], 1277901399, 58.245746, 2357136044, 2308, 96.285264
node[2], 2774094101, 58.309192, 1277901399, 2309, 32.132000
node[1], 2588848963, 58.309192, 1277901399, 2309, 64.153296
node[0], 2357136044, 58.309192, 1277901399, 2309, 96.285264
node[0], 2357136044, 58.325044, 2588848963, 2310, 32.132000
node[2], 2774094101, 58.325044, 2588848963, 2310, 32.021392
node[3], 1277901399, 58.325044, 2588848963, 2310, 64.153296
node[3], 1277901399, 58.339067, 2774094101, 2311, 32.132000
node[1], 2588848963, 58.339067, 2774094101, 2311, 32.021392
node[0], 2357136044, 58.339067, 2774094101, 2311, 64.153296
node[1], 2588848963, 58.348745, 2357136044, 2312, 32.132000
node[2], 2774094101, 58.348745, 2357136044, 2312, 64.153296
node[3], 1277901399, 58.348745, 2357136044, 2312, 96.285264
node[2], 2774094101, 58.401193, 1277901399, 2313, 32.132000
node[1], 2588848963, 58.401193, 1277901399, 2313, 64.153296
node[0], 2357136044, 58.401193, 1277901399, 2313, 96.285264
node[0], 2357136044, 58.436043, 2588848963, 2314, 32.132000
node[2], 2774094101, 58.436043, 2588848963, 2314, 32.021392
node[3], 1277901399, 58.436043, 2588848963, 2314, 64.153296
node[3], 1277901399, 58.439067, 2774094101, 2315, 32.132000
node[1], 2588848963, 58.439067, 2774094101, 2315, 32.021392
node[0], 2357136044, 58.439067, 2774094101, 2315, 64.153296
node[1], 2588848963, 58.445746, 2357136044, 2316, 32.132000
node[2], 2774094101, 58.445746, 2357136044, 2316, 64.153296
node[3], 1277901399, 58.445746, 2357136044, 2316, 96.285264
node[2], 2774094101, 58.501193, 1277901399, 2317, 32.132000
node[1], 2588848963, 58.501193, 1277901399, 2317, 64.153296
node[0], 2357136044, 58.501193, 1277901399, 2317, 96.285264
node[0], 2357136044, 58.525044, 2588848963, 2318, 32.132000
node[2], 2774094101, 58.525044, 2588848963, 2318, 32.021392
node[3], 1277901399, 58.525044, 2588848963, 2318, 64.153296
node[3], 1277901399, 58.539067, 2774094101, 2319, 32.132000
node[1], 2588848963, 58.539067, 2774094101, 2319, 32.021392
node[0], 2357136044, 58.539067, 2774094101, 2319, 64.153296
node[1], 2588848963, 58.545746, 2357136044, 2320, 32.132000
node[2], 2774094101, 58.545746, 2357136044, 2320, 64.153296
node[3], 1277901399, 58.545746, 2357136044, 2320, 96.285264
node[2], 2774094101, 58.601193, 1277901399, 2321, 32.132000
node[1], 2588848963, 58.601193, 1277901399, 2321, 64.153296
node[0], 2357136044, 58.601193, 1277901399, 2321, 96.285264
node[0], 2357136044, 58.625044, 2588848963, 2322, 32.132000
node[2], 2774094101, 58.625044, 2588848963, 2322, 32.021392
node[3], 1277901399, 58.625044, 2588848963, 2322, 64.153296
node[3], 1277901399, 58.639067, 2774094101, 2323, 32.132000
node[1], 2588848963, 58.639067, 2774094101, 2323, 32.021392
node[0], 2357136044, 58.639067, 2774094101, 2323, 64.153296
node[1], 2588848963, 58.645746, 2357136044, 2324, 32.132000
node[2], 2774094101, 58.645746, 2357136044, 2324, 64.153296
node[3], 1277901399, 58.645746, 2357136044, 2324, 96.285264
node[2], 2774094101, 58.701193, 1277901399, 2325, 32.132000
node[1], 2588848963, 58.701193, 1277901399, 2325, 64.153296
node[0], 2357136044, 58.701193, 1277901399, 2325, 96.285264
node[0], 2357136044, 58.725044, 2588848963, 2326, 32.132000
node[2], 2774094101, 58.725044, 2588848963, 2326, 32.021392
node[3], 1277901399, 58.725044, 2588848963, 2326, 64.153296
node[3], 1277901399, 58.739067, 2774094101, 2327, 32.132000
node[1], 2588848963, 58.739067, 2774094101, 2327, 32.021392
node[0], 2357136044, 58.739067, 2774094101, 2327, 64.153296
node[1], 2588848963, 58.745746, 2357136044, 2328, 32.132000
node[2], 2774094101, 58.745746, 2357136044, 2328, 64.153296
node[3], 1277901399, 58.745746, 2357136044, 2328, 96.285264
node[2], 2774094101, 58.813192, 1277901399, 2329, 32.132000
node[1], 2588848963, 58.813192, 1277901399, 2329, 64.153296
node[0], 2357136044, 58.813192, 1277901399, 2329, 96.285264
node[0], 2357136044, 58.827043, 2588848963, 2330, 32.132000
node[2], 2774094101, 58.827043, 2588848963, 2330, 32.021392
node[3], 1277901399, 58.827043, 2588848963, 2330, 64.153296
node[3], 1277901399, 58.839067, 2774094101, 2331, 32.132000
node[1], 2588848963, 58.839067, 2774094101, 2331, 32.021392
node[0], 2357136044, 58.839067, 2774094101, 2331, 64.153296
node[1], 2588848963, 58.845746, 2357136044, 2332, 32.132000
node[2], 2774094101, 58.845746, 2357136044, 2332, 64.153296
node[3], 1277901399, 58.845746, 2357136044, 2332, 96.285264
node[2], 2774094101, 58.901193, 1277901399, 2333, 32.132000
node[1], 2588848963, 58.901193, 1277901399, 2333, 64.153296
node[0], 2357136044, 58.901193, 1277901399, 2333, 96.285264
node[0], 2357136044, 58.925044, 2588848963, 2334, 32.132000
node[2], 2774094101, 58.925044, 2588848963, 2334, 32.021392
node[3], 1277901399, 58.925044, 2588848963, 2334, 64.153296
node[3], 1277901399, 58.939067, 2774094101, 2335, 32.132000
node[1], 2588848963, 58.939067, 2774094101, 2335, 32.021392
node[0], 2357136044, 58.939067, 2774094101, 2335, 64.153296
node[1], 2588848963, 58.945746, 2357136044, 2336, 32.132000
node[2], 2774094101, 58.945746, 2357136044, 2336, 64.153296
node[3], 1277901399, 58.945746, 2357136044, 2336, 96.285264
node[2], 2774094101, 59.011192, 1277901399, 2337, 32.132000
node[1], 2588848963, 59.011192, 1277901399, 2337, 64.153296
node[0], 2357136044, 59.011192, 1277901399, 2337, 96.285264
node[0], 2357136044, 59.026043, 2588848963, 2338, 32.132000
node[2], 2774094101, 59.026043, 2588848963, 2338, 32.021392
node[3], 1277901399, 59.026043, 2588848963, 2338, 64.153296
node[3], 1277901399, 59.039067, 2774094101, 2339, 32.132000
node[1], 2588848963, 59.039067, 2774094101, 2339, 32.021392
node[0], 2357136044, 59.039067, 2774094101, 2339, 64.153296
node[1], 2588848963, 59.045746, 2357136044, 2340, 32.132000
node[2], 2774094101, 59.045746, 2357136044, 2340, 64.153296
node[3], 1277901399, 59.045746, 2357136044, 2340, 96.285264
node[2], 2774094101, 59.123192, 1277901399, 2341, 32.132000
node[1], 2588848963, 59.123192, 1277901399, 2341, 64.153296
node[0], 2357136044, 59.123192, 1277901399, 2341, 96.285264
node[0], 2357136044, 59.145043, 2588848963, 2342, 32.132000
node[2], 2774094101, 59.145043, 2588848963, 2342, 32.021392
node[3], 1277901399, 59.145043, 2588848963, 2342, 64.153296
node[1], 2588848963, 59.145776, 2357136044, 2344, 32.132000
node[2], 2774094101, 59.145776, 2357136044, 2344, 64.153296
node[3], 1277901399, 59.145776, 2357136044, 2344, 96.285264
node[3], 1277901399, 59.146405, 2774094101, 2343, 32.132000
node[1], 2588848963, 59.146405, 2774094101, 2343, 32.021392
node[0], 2357136044, 59.146406, 2774094101, 2343, 64.153296
node[2], 2774094101, 59.210192, 1277901399, 2345, 32.132000
node[1], 2588848963, 59.210192, 1277901399, 2345, 64.153296
node[0], 2357136044, 59.210192, 1277901399, 2345, 96.285264
node[0], 2357136044, 59.225044, 2588848963, 2346, 32.132000
node[2], 2774094101, 59.225044, 2588848963, 2346, 32.021392
node[3], 1277901399, 59.225044, 2588848963, 2346, 64.153296
node[3], 1277901399, 59.239067, 2774094101, 2347, 32.132000
node[1], 2588848963, 59.239067, 2774094101, 2347, 32.021392
node[0], 2357136044, 59.239067, 2774094101, 2347, 64.153296
node[1], 2588848963, 59.245746, 2357136044, 2348, 32.132000
node[2], 2774094101, 59.245746, 2357136044, 2348, 64.153296
node[3], 1277901399, 59.245746, 2357136044, 2348, 96.285264
node[2], 2774094101, 59.304192, 1277901399, 2349, 32.132000
node[1], 2588848963, 59.304192, 1277901399, 2349, 64.153296
node[0], 2357136044, 59.304192, 1277901399, 2349, 96.285264
node[0], 2357136044, 59.325596, 2588848963, 2350, 32.132000
node[2], 2774094101, 59.325596, 2588848963, 2350, 32.021392
node[3], 1277901399, 59.325596, 2588848963, 2350, 64.153296
node[3], 1277901399, 59.339067, 2774094101, 2351, 32.132000
node[1], 2588848963, 59.339067, 2774094101, 2351, 32.021392
node[0], 2357136044, 59.339067, 2774094101, 2351, 64.153296
node[1], 2588848963, 59.349745, 2357136044, 2352, 32.132000
node[2], 2774094101, 59.349745, 2357136044, 2352, 64.153296
node[3], 1277901399, 59.349745, 2357136044, 2352, 96.285264
node[2], 2774094101, 59.401557, 1277901399, 2353, 32.132000
node[1], 2588848963, 59.401557, 1277901399, 2353, 64.153296
node[0], 2357136044, 59.401557, 1277901399, 2353, 96.285264
node[0], 2357136044, 59.439043, 2588848963, 2354, 32.132000
node[2], 2774094101, 59.439043, 2588848963, 2354, 32.021392
node[3], 1277901399, 59.439043, 2588848963, 2354, 64.153296
node[3], 1277901399, 59.439815, 2774094101, 2355, 32.132000
node[1], 2588848963, 59.439815, 2774094101, 2355, 32.021392
node[0], 2357136044, 59.439815, 2774094101, 2355, 64.153296
node[1], 2588848963, 59.445746, 2357136044, 2356, 32.132000
node[2], 2774094101, 59.445746, 2357136044, 2356, 64.153296
node[3], 1277901399, 59.445746, 2357136044, 2356, 96.285264
node[2], 2774094101, 59.501193, 1277901399, 2357, 32.132000
node[1], 2588848963, 59.501193, 1277901399, 2357, 64.153296
node[0], 2357136044, 59.501193, 1277901399, 2357, 96.285264
node[0], 2357136044, 59.535043, 2588848963, 2358, 32.132000
node[2], 2774094101, 59.535043, 2588848963, 2358, 32.021392
node[3], 1277901399, 59.535043, 2588848963, 2358, 64.153296
node[1], 2588848963, 59.545746, 2357136044, 2360, 32.132000
node[2], 2774094101, 59.545746, 2357136044, 2360, 64.153296
node[3], 1277901399, 59.545746, 2357136044, 2360, 96.285264
node[3], 1277901399, 59.560067, 2774094101, 2359, 32.132000
node[1], 2588848963, 59.560067, 2774094101, 2359, 32.021392
node[0], 2357136044, 59.560067, 2774094101, 2359, 64.153296
node[2], 2774094101, 59.601193, 1277901399, 2361, 32.132000
node[1], 2588848963, 59.601193, 1277901399, 2361, 64.153296
node[0], 2357136044, 59.601193, 1277901399, 2361, 96.285264
node[0], 2357136044, 59.625044, 2588848963, 2362, 32.132000
node[2], 2774094101, 59.625044, 2588848963, 2362, 32.021392
node[3], 1277901399, 59.625044, 2588848963, 2362, 64.153296
node[3], 1277901399, 59.639067, 2774094101, 2363, 32.132000
node[1], 2588848963, 59.639067, 2774094101, 2363, 32.021392
node[0], 2357136044, 59.639067, 2774094101, 2363, 64.153296
node[1], 2588848963, 59.645746, 2357136044, 2364, 32.132000
node[2], 2774094101, 59.645746, 2357136044, 2364, 64.153296
node[3], 1277901399, 59.645746, 2357136044, 2364, 96.285264
node[2], 2774094101, 59.703192, 1277901399, 2365, 32.132000
node[1], 2588848963, 59.703192, 1277901399, 2365, 64.153296
node[0], 2357136044, 59.703192, 1277901399, 2365, 96.285264
node[0], 2357136044, 59.725044, 2588848963, 2366, 32.132000
node[2], 2774094101, 59.725044, 2588848963, 2366, 32.021392
node[3], 1277901399, 59.725044, 2588848963, 2366, 64.153296
node[3], 1277901399, 59.739067, 2774094101, 2367, 32.132000
node[1], 2588848963, 59.739067, 2774094101, 2367, 32.021392
node[0], 2357136044, 59.739067, 2774094101, 2367, 64.153296
node[1], 2588848963, 59.745746, 2357136044, 2368, 32.132000
node[2], 2774094101, 59.745746, 2357136044, 2368, 64.153296
node[3], 1277901399, 59.745746, 2357136044, 2368, 96.285264
node[2], 2774094101, 59.801193, 1277901399, 2369, 32.132000
node[1], 2588848963, 59.801193, 1277901399, 2369, 64.153296
node[0], 2357136044, 59.801193, 1277901399, 2369, 96.285264
node[0], 2357136044, 59.825044, 2588848963, 2370, 32.132000
node[2], 2774094101, 59.825044, 2588848963, 2370, 32.021392
node[3], 1277901399, 59.825044, 2588848963, 2370, 64.153296
node[3], 1277901399, 59.839067, 2774094101, 2371, 32.132000
node[1], 2588848963, 59.839067, 2774094101, 2371, 32.021392
node[0], 2357136044, 59.839067, 2774094101, 2371, 64.153296
node[1], 2588848963, 59.845746, 2357136044, 2372, 32.132000
node[2], 2774094101, 59.845746, 2357136044, 2372, 64.153296
node[3], 1277901399, 59.845746, 2357136044, 2372, 96.285264
node[2], 2774094101, 59.901193, 1277901399, 2373, 32.132000
node[1], 2588848963, 59.901193, 1277901399, 2373, 64.153296
node[0], 2357136044, 59.901193, 1277901399, 2373, 96.285264
node[0], 2357136044, 59.925044, 2588848963, 2374, 32.132000
node[2], 2774094101, 59.925044, 2588848963, 2374, 32.021392
node[3], 1277901399, 59.925044, 2588848963, 2374, 64.153296
node[3], 1277901399, 59.939067, 2774094101, 2375, 32.132000
node[1], 2588848963, 59.939067, 2774094101, 2375, 32.021392
node[0], 2357136044, 59.939067, 2774094101, 2375, 64.153296
node[1], 2588848963, 59.945746, 2357136044, 2376, 32.132000
node[2], 2774094101, 59.945746, 2357136044, 2376, 64.153296
node[3], 1277901399, 59.945746, 2357136044, 2376, 96.285264
