nodeName,timestamp,channel,size
node[2],0.258297,180,320
node[1],0.258297,180,320
node[0],0.258297,180,320
node[2],0.298297,180,320
node[1],0.298297,180,320
node[0],0.298297,180,320
node[2],0.344297,172,320
node[1],0.344297,172,320
node[0],0.344297,172,320
node[2],0.356297,180,320
node[1],0.356297,180,320
node[0],0.356297,180,320
node[2],0.360297,176,320
node[1],0.360297,176,320
node[0],0.360297,176,320
node[2],0.377297,172,320
node[1],0.377297,172,320
node[0],0.377297,172,320
node[2],0.396297,176,320
node[1],0.396297,176,320
node[0],0.396297,176,320
node[2],0.418297,172,320
node[1],0.418297,172,320
node[0],0.418297,172,320
node[2],0.421297,176,320
node[1],0.421297,176,320
node[0],0.421297,176,320
node[2],0.455297,176,320
node[1],0.455297,176,320
node[0],0.455297,176,320
node[2],0.465297,172,320
node[1],0.465297,172,320
node[0],0.465297,172,320
node[2],0.489297,180,320
node[1],0.489297,180,320
node[0],0.489297,180,320
node[2],0.501297,172,320
node[1],0.501297,172,320
node[0],0.501297,172,320
node[2],0.504297,176,320
node[1],0.504297,176,320
node[0],0.504297,176,320
node[2],0.531297,176,320
node[1],0.531297,176,320
node[0],0.531297,176,320
node[2],0.566297,180,320
node[1],0.566297,180,320
node[0],0.566297,180,320
node[2],0.581297,176,320
node[1],0.581297,176,320
node[0],0.581297,176,320
node[2],0.608297,176,320
node[1],0.608297,176,320
node[0],0.608297,176,320
node[2],0.616297,172,320
node[1],0.616297,172,320
node[0],0.616297,172,320
node[1],0.639171,176,320
node[3],0.639171,176,320
node[0],0.639171,176,320
node[2],0.641297,180,320
node[1],0.641297,180,320
node[0],0.641297,180,320
node[1],0.643171,172,320
node[3],0.643171,172,320
node[0],0.643171,172,320
node[2],0.644297,172,320
node[1],0.644297,172,320
node[0],0.644297,172,320
node[2],0.662297,176,320
node[1],0.662297,176,320
node[0],0.662297,176,320
node[1],0.664171,180,320
node[3],0.664171,180,320
node[0],0.664171,180,320
node[2],0.671297,180,320
node[1],0.671297,180,320
node[0],0.671297,180,320
node[1],0.680171,176,320
node[3],0.680171,176,320
node[0],0.680171,176,320
node[2],0.681297,172,320
node[1],0.681297,172,320
node[0],0.681297,172,320
node[2],0.699297,176,320
node[1],0.699297,176,320
node[0],0.699297,176,320
node[1],0.710171,172,320
node[3],0.710171,172,320
node[0],0.710171,172,320
node[2],0.721297,172,320
node[1],0.721297,172,320
node[0],0.721297,172,320
node[1],0.757171,176,320
node[3],0.757171,176,320
node[0],0.757171,176,320
node[1],0.758171,172,320
node[3],0.758171,172,320
node[0],0.758171,172,320
node[1],0.764171,180,320
node[3],0.764171,180,320
node[0],0.764171,180,320
node[2],0.768297,176,320
node[1],0.768297,176,320
node[0],0.768297,176,320
node[1],0.782171,176,320
node[3],0.782171,176,320
node[0],0.782171,176,320
node[2],0.783297,180,320
node[1],0.783297,180,320
node[0],0.783297,180,320
node[1],0.794171,180,320
node[3],0.794171,180,320
node[0],0.794171,180,320
node[1],0.809171,176,320
node[3],0.809171,176,320
node[0],0.809171,176,320
node[2],0.809297,172,320
node[1],0.809297,172,320
node[0],0.809297,172,320
node[0],0.825148,180,320
node[2],0.825148,180,320
node[3],0.825148,180,320
node[1],0.846171,172,320
node[3],0.846171,172,320
node[0],0.846171,172,320
node[0],0.855148,176,320
node[2],0.855148,176,320
node[3],0.855148,176,320
node[2],0.863297,172,320
node[1],0.863297,172,320
node[0],0.863297,172,320
node[0],0.879148,180,320
node[2],0.879148,180,320
node[3],0.879148,180,320
node[2],0.890297,180,320
node[1],0.890297,180,320
node[0],0.890297,180,320
node[2],0.893297,172,320
node[1],0.893297,172,320
node[0],0.893297,172,320
node[0],0.914148,176,320
node[2],0.914148,176,320
node[3],0.914148,176,320
node[2],0.915297,176,320
node[1],0.915297,176,320
node[0],0.915297,176,320
node[1],0.925171,176,320
node[3],0.925171,176,320
node[0],0.925171,176,320
node[0],0.929148,172,320
node[2],0.929148,172,320
node[3],0.929148,172,320
node[2],0.930297,172,320
node[1],0.930297,172,320
node[0],0.930297,172,320
node[1],0.940171,172,320
node[3],0.940171,172,320
node[0],0.940171,172,320
node[1],0.945850,172,320
node[2],0.945850,172,320
node[3],0.945850,172,320
node[1],0.958171,176,320
node[3],0.958171,176,320
node[0],0.958171,176,320
node[0],0.961148,172,320
node[2],0.961148,172,320
node[3],0.961148,172,320
node[0],0.977148,176,320
node[2],0.977148,176,320
node[3],0.977148,176,320
node[1],0.980171,172,320
node[3],0.980171,172,320
node[0],0.980171,172,320
node[1],0.981171,180,320
node[3],0.981171,180,320
node[0],0.981171,180,320
node[0],0.989148,180,320
node[2],0.989148,180,320
node[3],0.989148,180,320
node[2],0.989297,176,320
node[1],0.989297,176,320
node[0],0.989297,176,320
node[1],0.993850,176,320
node[2],0.993850,176,320
node[3],0.993850,176,320
node[2],0.994297,172,320
node[1],0.994297,172,320
node[0],0.994297,172,320
node[0],1.006148,176,320
node[2],1.006148,176,320
node[3],1.006148,176,320
node[0],1.008148,172,320
node[2],1.008148,172,320
node[3],1.008148,172,320
node[1],1.014171,180,320
node[3],1.014171,180,320
node[0],1.014171,180,320
node[2],1.017297,176,320
node[1],1.017297,176,320
node[0],1.017297,176,320
node[2],1.038297,172,320
node[1],1.038297,172,320
node[0],1.038297,172,320
node[2],1.045297,180,320
node[1],1.045297,180,320
node[0],1.045297,180,320
node[1],1.049171,172,320
node[3],1.049171,172,320
node[0],1.049171,172,320
node[1],1.051171,176,320
node[3],1.051171,176,320
node[0],1.051171,176,320
node[2],1.062297,176,320
node[1],1.062297,176,320
node[0],1.062297,176,320
node[2],1.063297,172,320
node[1],1.063297,172,320
node[0],1.063297,172,320
node[1],1.064171,180,320
node[3],1.064171,180,320
node[0],1.064171,180,320
node[1],1.066850,172,320
node[2],1.066850,172,320
node[3],1.066850,172,320
node[2],1.092297,180,320
node[1],1.092297,180,320
node[0],1.092297,180,320
node[1],1.098850,176,320
node[2],1.098850,176,320
node[3],1.098850,176,320
node[0],1.130148,172,320
node[2],1.130148,172,320
node[3],1.130148,172,320
node[2],1.152297,180,320
node[1],1.152297,180,320
node[0],1.152297,180,320
node[1],1.152850,172,320
node[2],1.152850,172,320
node[3],1.152850,172,320
node[3],1.155171,172,320
node[1],1.155171,172,320
node[0],1.155171,172,320
node[3],1.162171,176,320
node[1],1.162171,176,320
node[0],1.162171,176,320
node[3],1.172171,180,320
node[1],1.172171,180,320
node[0],1.172171,180,320
node[0],1.175148,176,320
node[2],1.175148,176,320
node[3],1.175148,176,320
node[1],1.182850,172,320
node[2],1.182850,172,320
node[3],1.182850,172,320
node[1],1.188850,176,320
node[2],1.188850,176,320
node[3],1.188850,176,320
node[3],1.191171,172,320
node[1],1.191171,172,320
node[0],1.191171,172,320
node[2],1.207297,172,320
node[1],1.207297,172,320
node[0],1.207297,172,320
node[0],1.208148,176,320
node[2],1.208148,176,320
node[3],1.208148,176,320
node[2],1.213297,176,320
node[1],1.213297,176,320
node[0],1.213297,176,320
node[1],1.217850,172,320
node[2],1.217850,172,320
node[3],1.217850,172,320
node[3],1.223171,172,320
node[1],1.223171,172,320
node[0],1.223171,172,320
node[3],1.232171,176,320
node[1],1.232171,176,320
node[0],1.232171,176,320
node[3],1.234171,180,320
node[1],1.234171,180,320
node[0],1.234171,180,320
node[0],1.241148,176,320
node[2],1.241148,176,320
node[3],1.241148,176,320
node[2],1.248297,180,320
node[1],1.248297,180,320
node[0],1.248297,180,320
node[1],1.252850,176,320
node[2],1.252850,176,320
node[3],1.252850,176,320
node[2],1.265297,176,320
node[1],1.265297,176,320
node[0],1.265297,176,320
node[1],1.276850,172,320
node[2],1.276850,172,320
node[3],1.276850,172,320
node[1],1.293850,176,320
node[2],1.293850,176,320
node[3],1.293850,176,320
node[3],1.301171,172,320
node[1],1.301171,172,320
node[0],1.301171,172,320
node[2],1.318297,172,320
node[1],1.318297,172,320
node[0],1.318297,172,320
node[1],1.340850,176,320
node[2],1.340850,176,320
node[3],1.340850,176,320
node[0],1.345148,176,320
node[2],1.345148,176,320
node[3],1.345148,176,320
node[0],1.351148,180,320
node[2],1.351148,180,320
node[3],1.351148,180,320
node[1],1.354850,172,320
node[2],1.354850,172,320
node[3],1.354850,172,320
node[1],1.376850,176,320
node[2],1.376850,176,320
node[3],1.376850,176,320
node[1],1.390850,180,320
node[2],1.390850,180,320
node[3],1.390850,180,320
node[3],1.393171,180,320
node[1],1.393171,180,320
node[0],1.393171,180,320
node[3],1.394171,172,320
node[1],1.394171,172,320
node[0],1.394171,172,320
node[1],1.402171,176,320
node[3],1.402171,176,320
node[0],1.402171,176,320
node[1],1.418171,180,320
node[3],1.418171,180,320
node[0],1.418171,180,320
node[2],1.424297,176,320
node[1],1.424297,176,320
node[0],1.424297,176,320
node[2],1.427297,172,320
node[1],1.427297,172,320
node[0],1.427297,172,320
node[1],1.428850,172,320
node[2],1.428850,172,320
node[3],1.428850,172,320
node[1],1.438171,172,320
node[3],1.438171,172,320
node[0],1.438171,172,320
node[2],1.444297,180,320
node[1],1.444297,180,320
node[0],1.444297,180,320
node[0],1.450148,180,320
node[2],1.450148,180,320
node[3],1.450148,180,320
node[1],1.453171,176,320
node[3],1.453171,176,320
node[0],1.453171,176,320
node[1],1.457850,172,320
node[2],1.457850,172,320
node[3],1.457850,172,320
node[1],1.458850,176,320
node[2],1.458850,176,320
node[3],1.458850,176,320
node[2],1.462297,176,320
node[1],1.462297,176,320
node[0],1.462297,176,320
node[1],1.463171,172,320
node[3],1.463171,172,320
node[0],1.463171,172,320
node[1],1.470849,180,320
node[2],1.470849,180,320
node[3],1.470849,180,320
node[2],1.479297,180,320
node[1],1.479297,180,320
node[0],1.479297,180,320
node[1],1.482849,172,320
node[2],1.482849,172,320
node[3],1.482849,172,320
node[0],1.488148,180,320
node[2],1.488148,180,320
node[3],1.488148,180,320
node[2],1.496297,172,320
node[1],1.496297,172,320
node[0],1.496297,172,320
node[1],1.500850,180,320
node[2],1.500850,180,320
node[3],1.500850,180,320
node[2],1.509297,176,320
node[1],1.509297,176,320
node[0],1.509297,176,320
node[0],1.515148,176,320
node[2],1.515148,176,320
node[3],1.515148,176,320
node[1],1.526171,180,320
node[3],1.526171,180,320
node[0],1.526171,180,320
node[1],1.557171,176,320
node[3],1.557171,176,320
node[0],1.557171,176,320
node[1],1.559850,172,320
node[2],1.559850,172,320
node[3],1.559850,172,320
node[0],1.568148,176,320
node[2],1.568148,176,320
node[3],1.568148,176,320
node[2],1.570297,172,320
node[1],1.570297,172,320
node[0],1.570297,172,320
node[1],1.590171,180,320
node[3],1.590171,180,320
node[0],1.590171,180,320
node[2],1.595297,176,320
node[1],1.595297,176,320
node[0],1.595297,176,320
node[1],1.599850,172,320
node[2],1.599850,172,320
node[3],1.599850,172,320
node[1],1.614850,180,320
node[2],1.614850,180,320
node[3],1.614850,180,320
node[2],1.621297,172,320
node[1],1.621297,172,320
node[0],1.621297,172,320
node[1],1.624850,176,320
node[2],1.624850,176,320
node[3],1.624850,176,320
node[2],1.633297,176,320
node[1],1.633297,176,320
node[0],1.633297,176,320
node[2],1.636297,180,320
node[1],1.636297,180,320
node[0],1.636297,180,320
node[0],1.645148,172,320
node[2],1.645148,172,320
node[3],1.645148,172,320
node[0],1.646148,176,320
node[2],1.646148,176,320
node[3],1.646148,176,320
node[2],1.646296,172,320
node[1],1.646296,172,320
node[0],1.646296,172,320
node[2],1.658296,176,320
node[1],1.658296,176,320
node[0],1.658296,176,320
node[2],1.661296,180,320
node[1],1.661296,180,320
node[0],1.661296,180,320
node[2],1.671296,172,320
node[1],1.671296,172,320
node[0],1.671296,172,320
node[1],1.671850,180,320
node[2],1.671850,180,320
node[3],1.671850,180,320
node[0],1.673148,180,320
node[2],1.673148,180,320
node[3],1.673148,180,320
node[1],1.673850,172,320
node[2],1.673850,172,320
node[3],1.673850,172,320
node[2],1.683296,176,320
node[1],1.683296,176,320
node[0],1.683296,176,320
node[1],1.683938,176,320
node[2],1.683939,176,320
node[3],1.683939,176,320
node[1],1.712850,172,320
node[2],1.712850,172,320
node[3],1.712850,172,320
node[1],1.713171,176,320
node[3],1.713171,176,320
node[0],1.713171,176,320
node[0],1.715148,172,320
node[2],1.715148,172,320
node[3],1.715148,172,320
node[1],1.722171,172,320
node[3],1.722171,172,320
node[0],1.722171,172,320
node[0],1.727148,176,320
node[2],1.727148,176,320
node[3],1.727148,176,320
node[1],1.731850,180,320
node[2],1.731850,180,320
node[3],1.731850,180,320
node[1],1.735171,180,320
node[3],1.735171,180,320
node[0],1.735171,180,320
node[0],1.740147,172,320
node[2],1.740147,172,320
node[3],1.740147,172,320
node[0],1.750147,180,320
node[2],1.750147,180,320
node[3],1.750147,180,320
node[0],1.752147,176,320
node[2],1.752147,176,320
node[3],1.752147,176,320
node[1],1.765171,172,320
node[3],1.765171,172,320
node[0],1.765171,172,320
node[2],1.767297,180,320
node[1],1.767297,180,320
node[0],1.767297,180,320
node[2],1.779297,176,320
node[1],1.779297,176,320
node[0],1.779297,176,320
node[1],1.798171,172,320
node[3],1.798171,172,320
node[0],1.798171,172,320
node[0],1.806148,176,320
node[2],1.806148,176,320
node[3],1.806148,176,320
node[1],1.807171,180,320
node[3],1.807171,180,320
node[0],1.807171,180,320
node[2],1.808297,176,320
node[1],1.808297,176,320
node[0],1.808297,176,320
node[0],1.824148,180,320
node[2],1.824148,180,320
node[3],1.824148,180,320
node[1],1.827171,172,320
node[3],1.827171,172,320
node[0],1.827171,172,320
node[1],1.837850,180,320
node[2],1.837850,180,320
node[3],1.837850,180,320
node[2],1.843297,176,320
node[1],1.843297,176,320
node[0],1.843297,176,320
node[1],1.851850,172,320
node[2],1.851850,172,320
node[3],1.851850,172,320
node[1],1.858171,172,320
node[3],1.858171,172,320
node[0],1.858171,172,320
node[0],1.911148,172,320
node[2],1.911148,172,320
node[3],1.911148,172,320
node[1],1.915171,180,320
node[3],1.915171,180,320
node[0],1.915171,180,320
node[2],1.924297,176,320
node[1],1.924297,176,320
node[0],1.924297,176,320
node[2],1.943297,172,320
node[1],1.943297,172,320
node[0],1.943297,172,320
node[1],1.946171,172,320
node[3],1.946171,172,320
node[0],1.946171,172,320
node[1],1.949171,176,320
node[3],1.949171,176,320
node[0],1.949171,176,320
node[1],1.949850,176,320
node[2],1.949850,176,320
node[3],1.949850,176,320
node[1],1.983171,172,320
node[3],1.983171,172,320
node[0],1.983171,172,320
node[2],1.993297,180,320
node[1],1.993297,180,320
node[0],1.993297,180,320
node[0],1.999148,172,320
node[2],1.999148,172,320
node[3],1.999148,172,320
node[0],2.000148,180,320
node[2],2.000148,180,320
node[3],2.000148,180,320
node[2],2.002297,172,320
node[1],2.002297,172,320
node[0],2.002297,172,320
node[1],2.009171,172,320
node[3],2.009171,172,320
node[0],2.009171,172,320
node[2],2.016297,176,320
node[1],2.016297,176,320
node[0],2.016297,176,320
node[0],2.019148,176,320
node[2],2.019148,176,320
node[3],2.019148,176,320
node[1],2.022850,180,320
node[2],2.022850,180,320
node[3],2.022850,180,320
node[2],2.027296,172,320
node[1],2.027296,172,320
node[0],2.027296,172,320
node[1],2.034171,176,320
node[3],2.034171,176,320
node[0],2.034171,176,320
node[1],2.038850,176,320
node[2],2.038850,176,320
node[3],2.038850,176,320
node[0],2.039148,172,320
node[2],2.039148,172,320
node[3],2.039148,172,320
node[1],2.062171,172,320
node[3],2.062171,172,320
node[0],2.062171,172,320
node[1],2.065850,172,320
node[2],2.065850,172,320
node[3],2.065850,172,320
node[1],2.092171,172,320
node[3],2.092171,172,320
node[0],2.092171,172,320
node[2],2.095297,176,320
node[1],2.095297,176,320
node[0],2.095297,176,320
node[0],2.102148,180,320
node[2],2.102148,180,320
node[3],2.102148,180,320
node[1],2.109850,176,320
node[2],2.109850,176,320
node[3],2.109850,176,320
node[2],2.115297,172,320
node[1],2.115297,172,320
node[0],2.115297,172,320
node[2],2.120297,176,320
node[1],2.120297,176,320
node[0],2.120297,176,320
node[2],2.128297,180,320
node[1],2.128297,180,320
node[0],2.128297,180,320
node[2],2.140296,172,320
node[1],2.140296,172,320
node[0],2.140296,172,320
node[1],2.146171,176,320
node[3],2.146171,176,320
node[0],2.146171,176,320
node[2],2.156297,180,320
node[1],2.156297,180,320
node[0],2.156297,180,320
node[1],2.157171,172,320
node[3],2.157171,172,320
node[0],2.157171,172,320
node[1],2.165171,180,320
node[3],2.165171,180,320
node[0],2.165171,180,320
node[0],2.167148,176,320
node[2],2.167148,176,320
node[3],2.167148,176,320
node[2],2.168297,172,320
node[1],2.168297,172,320
node[0],2.168297,172,320
node[1],2.173850,172,320
node[2],2.173850,172,320
node[3],2.173850,172,320
node[0],2.182148,180,320
node[2],2.182148,180,320
node[3],2.182148,180,320
node[1],2.184171,172,320
node[3],2.184171,172,320
node[0],2.184171,172,320
node[1],2.185850,176,320
node[2],2.185850,176,320
node[3],2.185850,176,320
node[2],2.187297,176,320
node[1],2.187297,176,320
node[0],2.187297,176,320
node[2],2.194297,180,320
node[1],2.194297,180,320
node[0],2.194297,180,320
node[1],2.195850,180,320
node[2],2.195850,180,320
node[3],2.195850,180,320
node[2],2.206297,172,320
node[1],2.206297,172,320
node[0],2.206297,172,320
node[1],2.213171,180,320
node[3],2.213171,180,320
node[0],2.213171,180,320
node[1],2.218850,176,320
node[2],2.218850,176,320
node[3],2.218850,176,320
node[1],2.224171,176,320
node[3],2.224171,176,320
node[0],2.224171,176,320
node[1],2.231850,180,320
node[2],2.231850,180,320
node[3],2.231850,180,320
node[1],2.239171,180,320
node[3],2.239171,180,320
node[0],2.239171,180,320
node[1],2.239850,172,320
node[2],2.239850,172,320
node[3],2.239850,172,320
node[1],2.247850,176,320
node[2],2.247850,176,320
node[3],2.247850,176,320
node[0],2.270148,172,320
node[2],2.270148,172,320
node[3],2.270148,172,320
node[1],2.276171,176,320
node[3],2.276171,176,320
node[0],2.276171,176,320
node[1],2.280171,172,320
node[3],2.280171,172,320
node[0],2.280171,172,320
node[1],2.284850,180,320
node[2],2.284850,180,320
node[3],2.284850,180,320
node[2],2.295297,176,320
node[1],2.295297,176,320
node[0],2.295297,176,320
node[2],2.299297,180,320
node[1],2.299297,180,320
node[0],2.299297,180,320
node[1],2.315171,180,320
node[3],2.315171,180,320
node[0],2.315171,180,320
node[0],2.322148,176,320
node[2],2.322148,176,320
node[3],2.322148,176,320
node[2],2.326297,176,320
node[1],2.326297,176,320
node[0],2.326297,176,320
node[0],2.327148,172,320
node[2],2.327148,172,320
node[3],2.327148,172,320
node[1],2.333171,172,320
node[3],2.333171,172,320
node[0],2.333171,172,320
node[2],2.343297,172,320
node[1],2.343297,172,320
node[0],2.343297,172,320
node[0],2.347147,176,320
node[2],2.347147,176,320
node[3],2.347147,176,320
node[2],2.356297,180,320
node[1],2.356297,180,320
node[0],2.356297,180,320
node[0],2.359148,180,320
node[2],2.359148,180,320
node[3],2.359148,180,320
node[0],2.374148,176,320
node[2],2.374148,176,320
node[3],2.374148,176,320
node[1],2.382171,172,320
node[3],2.382171,172,320
node[0],2.382171,172,320
node[1],2.387850,180,320
node[2],2.387850,180,320
node[3],2.387850,180,320
node[2],2.388297,176,320
node[1],2.388297,176,320
node[0],2.388297,176,320
node[0],2.399148,176,320
node[2],2.399148,176,320
node[3],2.399148,176,320
node[1],2.400850,172,320
node[2],2.400850,172,320
node[3],2.400850,172,320
node[2],2.401297,180,320
node[1],2.401297,180,320
node[0],2.401297,180,320
node[1],2.402199,180,320
node[3],2.402199,180,320
node[0],2.402199,180,320
node[2],2.402297,172,320
node[1],2.402297,172,320
node[0],2.402297,172,320
node[1],2.421171,176,320
node[3],2.421171,176,320
node[0],2.421171,176,320
node[0],2.427148,172,320
node[2],2.427148,172,320
node[3],2.427148,172,320
node[1],2.429850,180,320
node[2],2.429850,180,320
node[3],2.429850,180,320
node[0],2.430148,176,320
node[2],2.430148,176,320
node[3],2.430148,176,320
node[1],2.432850,172,320
node[2],2.432850,172,320
node[3],2.432850,172,320
node[0],2.450147,180,320
node[2],2.450147,180,320
node[3],2.450147,180,320
node[1],2.458171,172,320
node[3],2.458171,172,320
node[0],2.458171,172,320
node[1],2.472171,180,320
node[3],2.472171,180,320
node[0],2.472171,180,320
node[0],2.481148,176,320
node[2],2.481148,176,320
node[3],2.481148,176,320
node[0],2.482148,180,320
node[2],2.482148,180,320
node[3],2.482148,180,320
node[1],2.487850,172,320
node[2],2.487850,172,320
node[3],2.487850,172,320
node[0],2.495148,172,320
node[2],2.495148,172,320
node[3],2.495148,172,320
node[0],2.511148,180,320
node[2],2.511148,180,320
node[3],2.511148,180,320
node[1],2.511907,180,320
node[3],2.511907,180,320
node[0],2.511907,180,320
node[0],2.523148,176,320
node[2],2.523148,176,320
node[3],2.523148,176,320
node[2],2.523297,172,320
node[1],2.523297,172,320
node[0],2.523297,172,320
node[2],2.525297,176,320
node[1],2.525297,176,320
node[0],2.525297,176,320
node[1],2.540171,172,320
node[3],2.540171,172,320
node[0],2.540171,172,320
node[2],2.549297,180,320
node[1],2.549297,180,320
node[0],2.549297,180,320
node[1],2.550850,176,320
node[2],2.550850,176,320
node[3],2.550850,176,320
node[1],2.564850,172,320
node[2],2.564850,172,320
node[3],2.564850,172,320
node[2],2.567297,176,320
node[1],2.567297,176,320
node[0],2.567297,176,320
node[2],2.570297,172,320
node[1],2.570297,172,320
node[0],2.570297,172,320
node[0],2.571148,176,320
node[2],2.571148,176,320
node[3],2.571148,176,320
node[2],2.580297,180,320
node[1],2.580297,180,320
node[0],2.580297,180,320
node[0],2.586148,172,320
node[2],2.586148,172,320
node[3],2.586148,172,320
node[1],2.594171,172,320
node[3],2.594171,172,320
node[0],2.594171,172,320
node[1],2.601171,176,320
node[3],2.601171,176,320
node[0],2.601171,176,320
node[1],2.606171,180,320
node[3],2.606171,180,320
node[0],2.606171,180,320
node[1],2.617850,180,320
node[2],2.617850,180,320
node[3],2.617850,180,320
node[2],2.618297,172,320
node[1],2.618297,172,320
node[0],2.618297,172,320
node[1],2.619171,172,320
node[3],2.619171,172,320
node[0],2.619171,172,320
node[1],2.632850,176,320
node[2],2.632850,176,320
node[3],2.632850,176,320
node[1],2.633171,180,320
node[3],2.633171,180,320
node[0],2.633171,180,320
node[1],2.634171,176,320
node[3],2.634171,176,320
node[0],2.634171,176,320
node[0],2.643148,172,320
node[2],2.643148,172,320
node[3],2.643148,172,320
node[2],2.665297,176,320
node[1],2.665297,176,320
node[0],2.665297,176,320
node[0],2.666148,180,320
node[2],2.666148,180,320
node[3],2.666148,180,320
node[0],2.667148,176,320
node[2],2.667148,176,320
node[3],2.667148,176,320
node[1],2.671850,176,320
node[2],2.671850,176,320
node[3],2.671850,176,320
node[1],2.687171,172,320
node[3],2.687171,172,320
node[0],2.687171,172,320
node[1],2.694850,172,320
node[2],2.694850,172,320
node[3],2.694850,172,320
node[1],2.710171,180,320
node[3],2.710171,180,320
node[0],2.710171,180,320
node[1],2.717171,172,320
node[3],2.717171,172,320
node[0],2.717171,172,320
node[1],2.722850,176,320
node[2],2.722850,176,320
node[3],2.722850,176,320
node[1],2.723531,176,320
node[3],2.723531,176,320
node[0],2.723531,176,320
node[0],2.733148,176,320
node[2],2.733148,176,320
node[3],2.733148,176,320
node[2],2.733829,176,320
node[1],2.733829,176,320
node[0],2.733829,176,320
node[1],2.735171,180,320
node[3],2.735171,180,320
node[0],2.735171,180,320
node[0],2.736148,172,320
node[2],2.736148,172,320
node[3],2.736148,172,320
node[2],2.738297,172,320
node[1],2.738297,172,320
node[0],2.738297,172,320
node[1],2.741850,172,320
node[2],2.741850,172,320
node[3],2.741850,172,320
node[1],2.742505,172,320
node[3],2.742505,172,320
node[0],2.742505,172,320
node[1],2.743850,180,320
node[2],2.743850,180,320
node[3],2.743850,180,320
node[1],2.747849,176,320
node[2],2.747849,176,320
node[3],2.747849,176,320
node[1],2.748504,176,320
node[3],2.748504,176,320
node[0],2.748504,176,320
node[2],2.755297,180,320
node[1],2.755297,180,320
node[0],2.755297,180,320
node[0],2.764148,172,320
node[2],2.764148,172,320
node[3],2.764148,172,320
node[1],2.767171,172,320
node[3],2.767171,172,320
node[0],2.767171,172,320
node[2],2.775297,176,320
node[1],2.775297,176,320
node[0],2.775297,176,320
node[2],2.776297,172,320
node[1],2.776297,172,320
node[0],2.776297,172,320
node[1],2.788850,172,320
node[2],2.788850,172,320
node[3],2.788850,172,320
node[0],2.795148,180,320
node[2],2.795148,180,320
node[3],2.795148,180,320
node[1],2.797171,172,320
node[3],2.797171,172,320
node[0],2.797171,172,320
node[1],2.800171,180,320
node[3],2.800171,180,320
node[0],2.800171,180,320
node[1],2.804171,176,320
node[3],2.804171,176,320
node[0],2.804171,176,320
node[1],2.830171,176,320
node[3],2.830171,176,320
node[0],2.830171,176,320
node[1],2.835850,172,320
node[2],2.835850,172,320
node[3],2.835850,172,320
node[2],2.839969,180,320
node[1],2.839970,180,320
node[0],2.839970,180,320
node[1],2.850171,172,320
node[3],2.850171,172,320
node[0],2.850171,172,320
node[1],2.850850,176,320
node[2],2.850850,176,320
node[3],2.850850,176,320
node[1],2.856171,176,320
node[3],2.856171,176,320
node[0],2.856171,176,320
node[1],2.862850,172,320
node[2],2.862850,172,320
node[3],2.862850,172,320
node[0],2.865148,172,320
node[2],2.865148,172,320
node[3],2.865148,172,320
node[0],2.877148,180,320
node[2],2.877148,180,320
node[3],2.877148,180,320
node[1],2.885171,176,320
node[3],2.885171,176,320
node[0],2.885171,176,320
node[0],2.892148,176,320
node[2],2.892148,176,320
node[3],2.892148,176,320
node[1],2.903171,172,320
node[3],2.903171,172,320
node[0],2.903171,172,320
node[0],2.929148,172,320
node[2],2.929148,172,320
node[3],2.929148,172,320
node[1],2.933171,176,320
node[3],2.933171,176,320
node[0],2.933171,176,320
node[2],2.935297,180,320
node[1],2.935297,180,320
node[0],2.935297,180,320
node[1],2.945850,172,320
node[2],2.945850,172,320
node[3],2.945850,172,320
node[0],2.951148,180,320
node[2],2.951148,180,320
node[3],2.951148,180,320
node[1],2.958850,176,320
node[2],2.958850,176,320
node[3],2.958850,176,320
node[0],2.963148,172,320
node[2],2.963148,172,320
node[3],2.963148,172,320
node[2],2.970297,176,320
node[1],2.970297,176,320
node[0],2.970297,176,320
node[1],2.980850,172,320
node[2],2.980850,172,320
node[3],2.980850,172,320
node[0],2.982148,176,320
node[2],2.982148,176,320
node[3],2.982148,176,320
node[1],2.987850,180,320
node[2],2.987850,180,320
node[3],2.987850,180,320
node[0],2.989148,172,320
node[2],2.989148,172,320
node[3],2.989148,172,320
node[2],2.991297,180,320
node[1],2.991297,180,320
node[0],2.991297,180,320
node[2],2.996297,172,320
node[1],2.996297,172,320
node[0],2.996297,172,320
node[1],2.998850,176,320
node[2],2.998850,176,320
node[3],2.998850,176,320
node[1],3.003171,172,320
node[3],3.003171,172,320
node[0],3.003171,172,320
node[1],3.009850,172,320
node[2],3.009850,172,320
node[3],3.009850,172,320
node[2],3.014297,176,320
node[1],3.014297,176,320
node[0],3.014297,176,320
node[1],3.020850,180,320
node[2],3.020850,180,320
node[3],3.020850,180,320
node[0],3.025148,176,320
node[2],3.025148,176,320
node[3],3.025148,176,320
node[0],3.040148,172,320
node[2],3.040148,172,320
node[3],3.040148,172,320
node[2],3.057297,176,320
node[1],3.057297,176,320
node[0],3.057297,176,320
node[2],3.060297,180,320
node[1],3.060297,180,320
node[0],3.060297,180,320
node[2],3.064297,172,320
node[1],3.064297,172,320
node[0],3.064297,172,320
node[0],3.076148,176,320
node[2],3.076148,176,320
node[3],3.076148,176,320
node[2],3.082296,176,320
node[1],3.082296,176,320
node[0],3.082296,176,320
node[1],3.098171,176,320
node[3],3.098171,176,320
node[0],3.098171,176,320
node[0],3.110148,176,320
node[2],3.110148,176,320
node[3],3.110148,176,320
node[1],3.112850,180,320
node[2],3.112850,180,320
node[3],3.112850,180,320
node[0],3.120148,180,320
node[2],3.120148,180,320
node[3],3.120148,180,320
node[1],3.137171,172,320
node[3],3.137171,172,320
node[0],3.137171,172,320
node[1],3.145850,172,320
node[2],3.145850,172,320
node[3],3.145850,172,320
node[0],3.151148,172,320
node[2],3.151148,172,320
node[3],3.151148,172,320
node[1],3.152171,176,320
node[3],3.152171,176,320
node[0],3.152171,176,320
node[1],3.155850,176,320
node[2],3.155850,176,320
node[3],3.155850,176,320
node[2],3.169297,172,320
node[1],3.169297,172,320
node[0],3.169297,172,320
node[1],3.171171,172,320
node[3],3.171171,172,320
node[0],3.171171,172,320
node[1],3.173171,180,320
node[3],3.173171,180,320
node[0],3.173171,180,320
node[1],3.178171,176,320
node[3],3.178171,176,320
node[0],3.178171,176,320
node[1],3.178850,180,320
node[2],3.178850,180,320
node[3],3.178850,180,320
node[2],3.181297,180,320
node[1],3.181297,180,320
node[0],3.181297,180,320
node[0],3.185148,180,320
node[2],3.185148,180,320
node[3],3.185148,180,320
node[1],3.185850,172,320
node[2],3.185850,172,320
node[3],3.185850,172,320
node[2],3.190297,176,320
node[1],3.190297,176,320
node[0],3.190297,176,320
node[1],3.196171,172,320
node[3],3.196171,172,320
node[0],3.196171,172,320
node[0],3.199148,172,320
node[2],3.199148,172,320
node[3],3.199148,172,320
node[1],3.203171,176,320
node[3],3.203171,176,320
node[0],3.203171,176,320
node[2],3.215297,172,320
node[1],3.215297,172,320
node[0],3.215297,172,320
node[1],3.224850,176,320
node[2],3.224850,176,320
node[3],3.224850,176,320
node[2],3.226297,176,320
node[1],3.226297,176,320
node[0],3.226297,176,320
node[0],3.237148,172,320
node[2],3.237148,172,320
node[3],3.237148,172,320
node[2],3.237297,180,320
node[1],3.237297,180,320
node[0],3.237297,180,320
node[1],3.250850,172,320
node[2],3.250850,172,320
node[3],3.250850,172,320
node[0],3.252148,180,320
node[2],3.252148,180,320
node[3],3.252148,180,320
node[1],3.256171,176,320
node[3],3.256171,176,320
node[0],3.256171,176,320
node[2],3.256852,176,320
node[1],3.256853,176,320
node[0],3.256853,176,320
node[2],3.257297,172,320
node[1],3.257297,172,320
node[0],3.257297,172,320
node[0],3.258148,176,320
node[2],3.258148,176,320
node[3],3.258148,176,320
node[2],3.271297,180,320
node[1],3.271297,180,320
node[0],3.271297,180,320
node[1],3.273171,180,320
node[3],3.273171,180,320
node[0],3.273171,180,320
node[0],3.274148,172,320
node[2],3.274148,172,320
node[3],3.274148,172,320
node[1],3.283850,176,320
node[2],3.283850,176,320
node[3],3.283850,176,320
node[1],3.286850,180,320
node[2],3.286850,180,320
node[3],3.286850,180,320
node[0],3.288148,180,320
node[2],3.288148,180,320
node[3],3.288148,180,320
node[0],3.289148,176,320
node[2],3.289148,176,320
node[3],3.289148,176,320
node[1],3.290171,176,320
node[3],3.290171,176,320
node[0],3.290171,176,320
node[1],3.293171,172,320
node[3],3.293171,172,320
node[0],3.293171,172,320
node[0],3.299147,172,320
node[2],3.299147,172,320
node[3],3.299147,172,320
node[0],3.313147,180,320
node[2],3.313147,180,320
node[3],3.313147,180,320
node[1],3.313850,172,320
node[2],3.313850,172,320
node[3],3.313850,172,320
node[1],3.317850,180,320
node[2],3.317850,180,320
node[3],3.317850,180,320
node[0],3.322148,176,320
node[2],3.322148,176,320
node[3],3.322148,176,320
node[3],3.329171,180,320
node[1],3.329171,180,320
node[0],3.329171,180,320
node[2],3.338297,176,320
node[1],3.338297,176,320
node[0],3.338297,176,320
node[3],3.340171,172,320
node[1],3.340171,172,320
node[0],3.340171,172,320
node[3],3.341171,176,320
node[1],3.341171,176,320
node[0],3.341171,176,320
node[2],3.341297,172,320
node[1],3.341297,172,320
node[0],3.341297,172,320
node[1],3.342850,176,320
node[2],3.342850,176,320
node[3],3.342850,176,320
node[0],3.353148,172,320
node[2],3.353148,172,320
node[3],3.353148,172,320
node[3],3.365171,172,320
node[1],3.365171,172,320
node[0],3.365171,172,320
node[3],3.366171,176,320
node[1],3.366171,176,320
node[0],3.366171,176,320
node[0],3.369148,180,320
node[2],3.369148,180,320
node[3],3.369148,180,320
node[3],3.379171,180,320
node[1],3.379171,180,320
node[0],3.379171,180,320
node[3],3.390171,172,320
node[1],3.390171,172,320
node[0],3.390171,172,320
node[0],3.401148,172,320
node[2],3.401148,172,320
node[3],3.401148,172,320
node[2],3.408297,172,320
node[1],3.408297,172,320
node[0],3.408297,172,320
node[2],3.433297,176,320
node[1],3.433297,176,320
node[0],3.433297,176,320
node[2],3.437297,180,320
node[1],3.437297,180,320
node[0],3.437297,180,320
node[1],3.448850,172,320
node[2],3.448850,172,320
node[3],3.448850,172,320
node[0],3.449148,176,320
node[2],3.449148,176,320
node[3],3.449148,176,320
node[1],3.449531,172,320
node[3],3.449531,172,320
node[0],3.449531,172,320
node[2],3.451297,172,320
node[1],3.451297,172,320
node[0],3.451297,172,320
node[1],3.457850,176,320
node[2],3.457850,176,320
node[3],3.457850,176,320
node[2],3.458492,176,320
node[1],3.458492,176,320
node[0],3.458492,176,320
node[0],3.459148,180,320
node[2],3.459148,180,320
node[3],3.459148,180,320
node[2],3.465297,180,320
node[1],3.465297,180,320
node[0],3.465297,180,320
node[1],3.470850,180,320
node[2],3.470850,180,320
node[3],3.470850,180,320
node[2],3.476296,172,320
node[1],3.476296,172,320
node[0],3.476296,172,320
node[0],3.490148,172,320
node[2],3.490148,172,320
node[3],3.490148,172,320
node[2],3.511297,176,320
node[1],3.511297,176,320
node[0],3.511297,176,320
node[1],3.521171,172,320
node[3],3.521171,172,320
node[0],3.521171,172,320
node[2],3.522297,172,320
node[1],3.522297,172,320
node[0],3.522297,172,320
node[0],3.525148,172,320
node[2],3.525148,172,320
node[3],3.525148,172,320
node[2],3.534297,180,320
node[1],3.534297,180,320
node[0],3.534297,180,320
node[1],3.536171,176,320
node[3],3.536171,176,320
node[0],3.536171,176,320
node[0],3.559148,176,320
node[2],3.559148,176,320
node[3],3.559148,176,320
node[1],3.581850,180,320
node[2],3.581850,180,320
node[3],3.581850,180,320
node[0],3.587148,180,320
node[2],3.587148,180,320
node[3],3.587148,180,320
node[1],3.593850,172,320
node[2],3.593850,172,320
node[3],3.593850,172,320
node[2],3.602297,172,320
node[1],3.602297,172,320
node[0],3.602297,172,320
node[1],3.609171,176,320
node[3],3.609171,176,320
node[0],3.609171,176,320
node[1],3.610171,180,320
node[3],3.610171,180,320
node[0],3.610171,180,320
node[2],3.614297,176,320
node[1],3.614297,176,320
node[0],3.614297,176,320
node[0],3.619148,180,320
node[2],3.619148,180,320
node[3],3.619148,180,320
node[1],3.620171,172,320
node[3],3.620171,172,320
node[0],3.620171,172,320
node[0],3.630148,172,320
node[2],3.630148,172,320
node[3],3.630148,172,320
node[0],3.643148,176,320
node[2],3.643148,176,320
node[3],3.643148,176,320
node[1],3.654850,176,320
node[2],3.654850,176,320
node[3],3.654850,176,320
node[0],3.655147,172,320
node[2],3.655147,172,320
node[3],3.655147,172,320
node[1],3.663171,172,320
node[3],3.663171,172,320
node[0],3.663171,172,320
node[2],3.669297,176,320
node[1],3.669297,176,320
node[0],3.669297,176,320
node[2],3.681297,172,320
node[1],3.681297,172,320
node[0],3.681297,172,320
node[1],3.682171,180,320
node[3],3.682171,180,320
node[0],3.682171,180,320
node[0],3.683148,180,320
node[2],3.683148,180,320
node[3],3.683148,180,320
node[1],3.688171,172,320
node[3],3.688171,172,320
node[0],3.688171,172,320
node[0],3.692148,172,320
node[2],3.692148,172,320
node[3],3.692148,172,320
node[2],3.697297,180,320
node[1],3.697297,180,320
node[0],3.697297,180,320
node[1],3.712850,176,320
node[2],3.712850,176,320
node[3],3.712850,176,320
node[2],3.713518,176,320
node[1],3.713518,176,320
node[0],3.713518,176,320
node[3],3.714173,176,320
node[0],3.714173,176,320
node[1],3.715171,172,320
node[3],3.715171,172,320
node[0],3.715171,172,320
node[1],3.718850,180,320
node[2],3.718850,180,320
node[3],3.718850,180,320
node[1],3.729171,180,320
node[3],3.729171,180,320
node[0],3.729171,180,320
node[0],3.735148,172,320
node[2],3.735148,172,320
node[3],3.735148,172,320
node[1],3.745171,172,320
node[3],3.745171,172,320
node[0],3.745171,172,320
node[1],3.781850,172,320
node[2],3.781850,172,320
node[3],3.781850,172,320
node[1],3.795171,176,320
node[3],3.795171,176,320
node[0],3.795171,176,320
node[3],3.803171,180,320
node[1],3.803171,180,320
node[0],3.803171,180,320
node[3],3.808171,172,320
node[1],3.808171,172,320
node[0],3.808171,172,320
node[2],3.826297,172,320
node[1],3.826297,172,320
node[0],3.826297,172,320
node[2],3.827297,176,320
node[1],3.827297,176,320
node[0],3.827297,176,320
node[3],3.829171,180,320
node[1],3.829171,180,320
node[0],3.829171,180,320
node[3],3.841171,172,320
node[1],3.841171,172,320
node[0],3.841171,172,320
node[1],3.845850,176,320
node[2],3.845850,176,320
node[3],3.845850,176,320
node[3],3.851171,176,320
node[1],3.851171,176,320
node[0],3.851171,176,320
node[1],3.857850,172,320
node[2],3.857850,172,320
node[3],3.857850,172,320
node[0],3.877148,172,320
node[2],3.877148,172,320
node[3],3.877148,172,320
node[3],3.896171,176,320
node[1],3.896171,176,320
node[0],3.896171,176,320
node[1],3.901850,172,320
node[2],3.901850,172,320
node[3],3.901850,172,320
node[1],3.904850,176,320
node[2],3.904850,176,320
node[3],3.904850,176,320
node[0],3.907148,176,320
node[2],3.907148,176,320
node[3],3.907148,176,320
node[0],3.929148,172,320
node[2],3.929148,172,320
node[3],3.929148,172,320
node[2],3.929297,176,320
node[1],3.929297,176,320
node[0],3.929297,176,320
node[1],3.931171,180,320
node[3],3.931171,180,320
node[0],3.931171,180,320
node[1],3.932171,172,320
node[3],3.932171,172,320
node[0],3.932171,172,320
node[1],3.941850,176,320
node[2],3.941850,176,320
node[3],3.941850,176,320
node[0],3.960148,180,320
node[2],3.960148,180,320
node[3],3.960148,180,320
node[2],3.967297,180,320
node[1],3.967297,180,320
node[0],3.967297,180,320
node[1],3.968850,172,320
node[2],3.968850,172,320
node[3],3.968850,172,320
node[0],3.981148,176,320
node[2],3.981148,176,320
node[3],3.981148,176,320
node[1],3.983171,176,320
node[3],3.983171,176,320
node[0],3.983171,176,320
node[1],3.986171,180,320
node[3],3.986171,180,320
node[0],3.986171,180,320
node[1],3.987850,180,320
node[2],3.987850,180,320
node[3],3.987850,180,320
node[0],3.989148,180,320
node[2],3.989148,180,320
node[3],3.989148,180,320
node[2],3.995297,180,320
node[1],3.995297,180,320
node[0],3.995297,180,320
node[0],3.998148,172,320
node[2],3.998148,172,320
node[3],3.998148,172,320
node[1],4.001850,172,320
node[2],4.001850,172,320
node[3],4.001850,172,320
node[2],4.007297,172,320
node[1],4.007297,172,320
node[0],4.007297,172,320
node[2],4.010297,176,320
node[1],4.010297,176,320
node[0],4.010297,176,320
node[1],4.012171,176,320
node[3],4.012171,176,320
node[0],4.012171,176,320
node[0],4.014148,176,320
node[2],4.014148,176,320
node[3],4.014148,176,320
node[1],4.038850,172,320
node[2],4.038850,172,320
node[3],4.038850,172,320
node[2],4.042297,172,320
node[1],4.042297,172,320
node[0],4.042297,172,320
node[2],4.045297,180,320
node[1],4.045297,180,320
node[0],4.045297,180,320
node[2],4.052297,176,320
node[1],4.052297,176,320
node[0],4.052297,176,320
node[0],4.053148,180,320
node[2],4.053148,180,320
node[3],4.053148,180,320
node[2],4.067296,172,320
node[1],4.067296,172,320
node[0],4.067296,172,320
node[0],4.072148,176,320
node[2],4.072148,176,320
node[3],4.072148,176,320
node[1],4.079850,180,320
node[2],4.079850,180,320
node[3],4.079850,180,320
node[2],4.080297,176,320
node[1],4.080297,176,320
node[0],4.080297,176,320
node[1],4.091171,172,320
node[3],4.091171,172,320
node[0],4.091171,172,320
node[1],4.096171,176,320
node[3],4.096171,176,320
node[0],4.096171,176,320
node[0],4.100148,176,320
node[2],4.100148,176,320
node[3],4.100148,176,320
node[1],4.106171,180,320
node[3],4.106171,180,320
node[0],4.106171,180,320
node[2],4.106297,172,320
node[1],4.106297,172,320
node[0],4.106297,172,320
node[0],4.117148,180,320
node[2],4.117148,180,320
node[3],4.117148,180,320
node[1],4.121850,180,320
node[2],4.121850,180,320
node[3],4.121850,180,320
node[0],4.123148,172,320
node[2],4.123148,172,320
node[3],4.123148,172,320
node[1],4.124171,176,320
node[3],4.124171,176,320
node[0],4.124171,176,320
node[0],4.125148,176,320
node[2],4.125148,176,320
node[3],4.125148,176,320
node[1],4.125850,172,320
node[2],4.125850,172,320
node[3],4.125850,172,320
node[1],4.127850,176,320
node[2],4.127850,176,320
node[3],4.127850,176,320
node[1],4.130171,172,320
node[3],4.130171,172,320
node[0],4.130171,172,320
node[0],4.148147,172,320
node[2],4.148147,172,320
node[3],4.148147,172,320
node[1],4.150849,172,320
node[2],4.150849,172,320
node[3],4.150849,172,320
node[2],4.164297,180,320
node[1],4.164297,180,320
node[0],4.164297,180,320
node[1],4.166850,176,320
node[2],4.166850,176,320
node[3],4.166850,176,320
node[1],4.171849,180,320
node[2],4.171849,180,320
node[3],4.171849,180,320
node[1],4.183850,172,320
node[2],4.183850,172,320
node[3],4.183850,172,320
node[1],4.194850,176,320
node[2],4.194850,176,320
node[3],4.194850,176,320
node[1],4.203850,180,320
node[2],4.203850,180,320
node[3],4.203850,180,320
node[0],4.204148,172,320
node[2],4.204148,172,320
node[3],4.204148,172,320
node[2],4.219297,172,320
node[1],4.219297,172,320
node[0],4.219297,172,320
node[0],4.244148,176,320
node[2],4.244148,176,320
node[3],4.244148,176,320
node[1],4.263850,172,320
node[2],4.263850,172,320
node[3],4.263850,172,320
node[1],4.266850,176,320
node[2],4.266850,176,320
node[3],4.266850,176,320
node[2],4.273297,172,320
node[1],4.273297,172,320
node[0],4.273297,172,320
node[1],4.286171,172,320
node[3],4.286171,172,320
node[0],4.286171,172,320
node[0],4.292148,180,320
node[2],4.292148,180,320
node[3],4.292148,180,320
node[1],4.293024,180,320
node[3],4.293024,180,320
node[0],4.293024,180,320
node[0],4.293148,172,320
node[2],4.293148,172,320
node[3],4.293148,172,320
node[1],4.297171,176,320
node[3],4.297171,176,320
node[0],4.297171,176,320
node[0],4.310148,176,320
node[2],4.310148,176,320
node[3],4.310148,176,320
node[2],4.310297,172,320
node[1],4.310297,172,320
node[0],4.310297,172,320
node[1],4.311171,172,320
node[3],4.311171,172,320
node[0],4.311171,172,320
node[1],4.325972,180,320
node[2],4.325972,180,320
node[3],4.325972,180,320
node[0],4.342148,176,320
node[2],4.342148,176,320
node[3],4.342148,176,320
node[1],4.346171,172,320
node[3],4.346171,172,320
node[0],4.346171,172,320
node[1],4.347171,176,320
node[3],4.347171,176,320
node[0],4.347171,176,320
node[0],4.350148,172,320
node[2],4.350148,172,320
node[3],4.350148,172,320
node[1],4.354850,176,320
node[2],4.354850,176,320
node[3],4.354850,176,320
node[1],4.364171,180,320
node[3],4.364171,180,320
node[0],4.364171,180,320
node[0],4.381148,172,320
node[2],4.381148,172,320
node[3],4.381148,172,320
node[2],4.394297,172,320
node[1],4.394297,172,320
node[0],4.394297,172,320
node[1],4.396171,172,320
node[3],4.396171,172,320
node[0],4.396171,172,320
node[0],4.402148,180,320
node[2],4.402148,180,320
node[3],4.402148,180,320
node[2],4.419297,172,320
node[1],4.419297,172,320
node[0],4.419297,172,320
node[1],4.433171,176,320
node[3],4.433171,176,320
node[0],4.433171,176,320
node[0],4.442148,172,320
node[2],4.442148,172,320
node[3],4.442148,172,320
node[1],4.443850,172,320
node[2],4.443850,172,320
node[3],4.443850,172,320
node[0],4.447148,176,320
node[2],4.447148,176,320
node[3],4.447148,176,320
node[2],4.451297,180,320
node[1],4.451297,180,320
node[0],4.451297,180,320
node[1],4.467171,172,320
node[3],4.467171,172,320
node[0],4.467171,172,320
node[2],4.468297,176,320
node[1],4.468297,176,320
node[0],4.468297,176,320
node[1],4.483171,180,320
node[3],4.483171,180,320
node[0],4.483171,180,320
node[1],4.486171,176,320
node[3],4.486171,176,320
node[0],4.486171,176,320
node[2],4.499297,176,320
node[1],4.499297,176,320
node[0],4.499297,176,320
node[1],4.503171,172,320
node[3],4.503171,172,320
node[0],4.503171,172,320
node[1],4.508850,176,320
node[2],4.508850,176,320
node[3],4.508850,176,320
node[1],4.514171,180,320
node[3],4.514171,180,320
node[0],4.514171,180,320
node[2],4.527297,180,320
node[1],4.527297,180,320
node[0],4.527297,180,320
node[1],4.544850,176,320
node[2],4.544850,176,320
node[3],4.544850,176,320
node[2],4.545505,176,320
node[1],4.545505,176,320
node[0],4.545505,176,320
node[0],4.549148,176,320
node[2],4.549148,176,320
node[3],4.549148,176,320
node[2],4.557297,180,320
node[1],4.557297,180,320
node[0],4.557297,180,320
node[2],4.558297,172,320
node[1],4.558297,172,320
node[0],4.558297,172,320
node[1],4.559850,172,320
node[2],4.559850,172,320
node[3],4.559850,172,320
node[1],4.572850,176,320
node[2],4.572850,176,320
node[3],4.572850,176,320
node[1],4.578171,176,320
node[3],4.578171,176,320
node[0],4.578171,176,320
node[1],4.579171,172,320
node[3],4.579171,172,320
node[0],4.579171,172,320
node[1],4.579850,180,320
node[2],4.579850,180,320
node[3],4.579850,180,320
node[0],4.582148,172,320
node[2],4.582148,172,320
node[3],4.582148,172,320
node[0],4.585148,176,320
node[2],4.585148,176,320
node[3],4.585148,176,320
node[0],4.593148,180,320
node[2],4.593148,180,320
node[3],4.593148,180,320
node[1],4.593959,180,320
node[3],4.593959,180,320
node[0],4.593959,180,320
node[2],4.607297,172,320
node[1],4.607297,172,320
node[0],4.607297,172,320
node[1],4.623850,180,320
node[2],4.623850,180,320
node[3],4.623850,180,320
node[1],4.626850,176,320
node[2],4.626850,176,320
node[3],4.626850,176,320
node[0],4.655148,172,320
node[2],4.655148,172,320
node[3],4.655148,172,320
node[1],4.656171,176,320
node[3],4.656171,176,320
node[0],4.656171,176,320
node[1],4.658171,172,320
node[3],4.658171,172,320
node[0],4.658171,172,320
node[1],4.660850,176,320
node[2],4.660850,176,320
node[3],4.660850,176,320
node[1],4.664171,180,320
node[3],4.664171,180,320
node[0],4.664171,180,320
node[0],4.668148,176,320
node[2],4.668148,176,320
node[3],4.668148,176,320
node[1],4.696171,172,320
node[3],4.696171,172,320
node[0],4.696171,172,320
node[2],4.706297,172,320
node[1],4.706297,172,320
node[0],4.706297,172,320
node[1],4.707171,176,320
node[3],4.707171,176,320
node[0],4.707171,176,320
node[2],4.707813,176,320
node[1],4.707814,176,320
node[0],4.707814,176,320
node[1],4.707850,180,320
node[2],4.707850,180,320
node[3],4.707850,180,320
node[1],4.708850,176,320
node[2],4.708850,176,320
node[3],4.708850,176,320
node[1],4.723171,180,320
node[3],4.723171,180,320
node[0],4.723171,180,320
node[1],4.724850,172,320
node[2],4.724850,172,320
node[3],4.724850,172,320
node[2],4.726296,180,320
node[1],4.726296,180,320
node[0],4.726296,180,320
node[1],4.739171,172,320
node[3],4.739171,172,320
node[0],4.739171,172,320
node[1],4.740171,176,320
node[3],4.740171,176,320
node[0],4.740171,176,320
node[1],4.753850,172,320
node[2],4.753850,172,320
node[3],4.753850,172,320
node[0],4.781148,176,320
node[2],4.781148,176,320
node[3],4.781148,176,320
node[0],4.796148,172,320
node[2],4.796148,172,320
node[3],4.796148,172,320
node[2],4.802297,176,320
node[1],4.802297,176,320
node[0],4.802297,176,320
node[2],4.807297,172,320
node[1],4.807297,172,320
node[0],4.807297,172,320
node[1],4.821171,176,320
node[3],4.821171,176,320
node[0],4.821171,176,320
node[1],4.826850,176,320
node[2],4.826850,176,320
node[3],4.826850,176,320
node[1],4.833850,180,320
node[2],4.833850,180,320
node[3],4.833850,180,320
node[0],4.834148,176,320
node[2],4.834148,176,320
node[3],4.834148,176,320
node[1],4.848850,172,320
node[2],4.848850,172,320
node[3],4.848850,172,320
node[1],4.860850,176,320
node[2],4.860850,176,320
node[3],4.860850,176,320
node[0],4.882148,176,320
node[2],4.882148,176,320
node[3],4.882148,176,320
node[2],4.883297,176,320
node[1],4.883297,176,320
node[0],4.883297,176,320
node[2],4.895297,172,320
node[1],4.895297,172,320
node[0],4.895297,172,320
node[1],4.901850,172,320
node[2],4.901850,172,320
node[3],4.901850,172,320
node[2],4.908296,176,320
node[1],4.908296,176,320
node[0],4.908296,176,320
node[1],4.931171,176,320
node[3],4.931171,176,320
node[0],4.931171,176,320
node[2],4.951297,172,320
node[1],4.951297,172,320
node[0],4.951297,172,320
node[1],4.959850,176,320
node[2],4.959850,176,320
node[3],4.959850,176,320
node[1],4.963850,172,320
node[2],4.963850,172,320
node[3],4.963850,172,320
node[1],4.976171,176,320
node[3],4.976171,176,320
node[0],4.976171,176,320
node[0],4.984148,176,320
node[2],4.984148,176,320
node[3],4.984148,176,320
node[1],4.988171,172,320
node[3],4.988171,172,320
node[0],4.988171,172,320
node[2],4.995297,172,320
node[1],4.995297,172,320
node[0],4.995297,172,320
node[2],4.997297,176,320
node[1],4.997297,176,320
node[0],4.997297,176,320
node[0],5.005148,180,320
node[2],5.005148,180,320
node[3],5.005148,180,320
node[0],5.008148,172,320
node[2],5.008148,172,320
node[3],5.008148,172,320
node[1],5.010850,180,320
node[2],5.010850,180,320
node[3],5.010850,180,320
node[2],5.020296,172,320
node[1],5.020296,172,320
node[0],5.020296,172,320
node[1],5.022171,180,320
node[3],5.022171,180,320
node[0],5.022171,180,320
node[2],5.022296,176,320
node[1],5.022296,176,320
node[0],5.022296,176,320
node[1],5.023171,176,320
node[3],5.023171,176,320
node[0],5.023171,176,320
node[2],5.026296,180,320
node[1],5.026296,180,320
node[0],5.026296,180,320
node[0],5.052148,172,320
node[2],5.052148,172,320
node[3],5.052148,172,320
node[1],5.054171,176,320
node[3],5.054171,176,320
node[0],5.054171,176,320
node[1],5.055850,172,320
node[2],5.055850,172,320
node[3],5.055850,172,320
node[1],5.061850,176,320
node[2],5.061850,176,320
node[3],5.061850,176,320
node[0],5.069148,180,320
node[2],5.069148,180,320
node[3],5.069148,180,320
node[1],5.070849,180,320
node[2],5.070849,180,320
node[3],5.070849,180,320
node[2],5.073297,172,320
node[1],5.073297,172,320
node[0],5.073297,172,320
node[1],5.093171,172,320
node[3],5.093171,172,320
node[0],5.093171,172,320
node[2],5.100297,180,320
node[1],5.100297,180,320
node[0],5.100297,180,320
node[1],5.102171,180,320
node[3],5.102171,180,320
node[0],5.102171,180,320
node[2],5.110297,176,320
node[1],5.110297,176,320
node[0],5.110297,176,320
node[0],5.116148,180,320
node[2],5.116148,180,320
node[3],5.116148,180,320
node[0],5.148148,172,320
node[2],5.148148,172,320
node[3],5.148148,172,320
node[1],5.149171,172,320
node[3],5.149171,172,320
node[0],5.149171,172,320
node[0],5.152148,176,320
node[2],5.152148,176,320
node[3],5.152148,176,320
node[1],5.160850,172,320
node[2],5.160850,172,320
node[3],5.160850,172,320
node[0],5.168148,180,320
node[2],5.168148,180,320
node[3],5.168148,180,320
node[2],5.172297,176,320
node[1],5.172297,176,320
node[0],5.172297,176,320
node[0],5.173147,172,320
node[2],5.173147,172,320
node[3],5.173147,172,320
node[0],5.177148,176,320
node[2],5.177148,176,320
node[3],5.177148,176,320
node[0],5.193147,180,320
node[2],5.193147,180,320
node[3],5.193147,180,320
node[1],5.195171,180,320
node[3],5.195171,180,320
node[0],5.195171,180,320
node[1],5.195983,180,320
node[2],5.195983,180,320
node[3],5.195983,180,320
node[2],5.196781,180,320
node[1],5.196781,180,320
node[0],5.196781,180,320
node[0],5.210148,172,320
node[2],5.210148,172,320
node[3],5.210148,172,320
node[2],5.213297,176,320
node[1],5.213297,176,320
node[0],5.213297,176,320
node[1],5.220171,172,320
node[3],5.220171,172,320
node[0],5.220171,172,320
node[2],5.224297,172,320
node[1],5.224297,172,320
node[0],5.224297,172,320
node[0],5.235148,172,320
node[2],5.235148,172,320
node[3],5.235148,172,320
node[1],5.239850,176,320
node[2],5.239850,176,320
node[3],5.239850,176,320
node[0],5.245148,176,320
node[2],5.245148,176,320
node[3],5.245148,176,320
node[2],5.245816,176,320
node[1],5.245816,176,320
node[0],5.245816,176,320
node[1],5.255171,172,320
node[3],5.255171,172,320
node[0],5.255171,172,320
node[2],5.256297,180,320
node[1],5.256297,180,320
node[0],5.256297,180,320
node[2],5.262297,172,320
node[1],5.262297,172,320
node[0],5.262297,172,320
node[0],5.272148,176,320
node[2],5.272148,176,320
node[3],5.272148,176,320
node[2],5.300297,176,320
node[1],5.300297,176,320
node[0],5.300297,176,320
node[0],5.302148,180,320
node[2],5.302148,180,320
node[3],5.302148,180,320
node[1],5.303171,180,320
node[3],5.303171,180,320
node[0],5.303171,180,320
node[1],5.303850,172,320
node[2],5.303850,172,320
node[3],5.303850,172,320
node[0],5.307148,172,320
node[2],5.307148,172,320
node[3],5.307148,172,320
node[0],5.313148,176,320
node[2],5.313148,176,320
node[3],5.313148,176,320
node[1],5.315850,180,320
node[2],5.315850,180,320
node[3],5.315850,180,320
node[2],5.320297,172,320
node[1],5.320297,172,320
node[0],5.320297,172,320
node[0],5.332147,172,320
node[2],5.332147,172,320
node[3],5.332147,172,320
node[0],5.340148,176,320
node[2],5.340148,176,320
node[3],5.340148,176,320
node[2],5.343297,180,320
node[1],5.343297,180,320
node[0],5.343297,180,320
node[2],5.347297,172,320
node[1],5.347297,172,320
node[0],5.347297,172,320
node[0],5.354148,180,320
node[2],5.354148,180,320
node[3],5.354148,180,320
node[0],5.357148,172,320
node[2],5.357148,172,320
node[3],5.357148,172,320
node[1],5.377171,176,320
node[3],5.377171,176,320
node[0],5.377171,176,320
node[1],5.390171,180,320
node[3],5.390171,180,320
node[0],5.390171,180,320
node[1],5.393171,172,320
node[3],5.393171,172,320
node[0],5.393171,172,320
node[2],5.393297,180,320
node[1],5.393297,180,320
node[0],5.393297,180,320
node[1],5.393850,172,320
node[2],5.393850,172,320
node[3],5.393850,172,320
node[2],5.396297,176,320
node[1],5.396297,176,320
node[0],5.396297,176,320
node[0],5.400148,180,320
node[2],5.400148,180,320
node[3],5.400148,180,320
node[0],5.408148,176,320
node[2],5.408148,176,320
node[3],5.408148,176,320
node[1],5.417171,176,320
node[3],5.417171,176,320
node[0],5.417171,176,320
node[2],5.428297,172,320
node[1],5.428297,172,320
node[0],5.428297,172,320
node[1],5.434850,180,320
node[2],5.434850,180,320
node[3],5.434850,180,320
node[0],5.439148,176,320
node[2],5.439148,176,320
node[3],5.439148,176,320
node[1],5.444850,172,320
node[2],5.444850,172,320
node[3],5.444850,172,320
node[0],5.446148,172,320
node[2],5.446148,172,320
node[3],5.446148,172,320
node[2],5.466297,172,320
node[1],5.466297,172,320
node[0],5.466297,172,320
node[1],5.472171,176,320
node[3],5.472171,176,320
node[0],5.472171,176,320
node[1],5.476171,180,320
node[3],5.476171,180,320
node[0],5.476171,180,320
node[1],5.479850,172,320
node[2],5.479850,172,320
node[3],5.479850,172,320
node[1],5.480850,176,320
node[2],5.480850,176,320
node[3],5.480850,176,320
node[2],5.487297,176,320
node[1],5.487297,176,320
node[0],5.487297,176,320
node[1],5.493171,172,320
node[3],5.493171,172,320
node[0],5.493171,172,320
node[1],5.498171,176,320
node[3],5.498171,176,320
node[0],5.498171,176,320
node[2],5.511297,172,320
node[1],5.511297,172,320
node[0],5.511297,172,320
node[0],5.512148,176,320
node[2],5.512148,176,320
node[3],5.512148,176,320
node[2],5.518297,176,320
node[1],5.518297,176,320
node[0],5.518297,176,320
node[1],5.522171,180,320
node[3],5.522171,180,320
node[0],5.522171,180,320
node[0],5.524148,180,320
node[2],5.524148,180,320
node[3],5.524148,180,320
node[2],5.536297,180,320
node[1],5.536297,180,320
node[0],5.536297,180,320
node[0],5.544148,172,320
node[2],5.544148,172,320
node[3],5.544148,172,320
node[2],5.556297,172,320
node[1],5.556297,172,320
node[0],5.556297,172,320
node[2],5.561297,176,320
node[1],5.561297,176,320
node[0],5.561297,176,320
node[1],5.564850,176,320
node[2],5.564850,176,320
node[3],5.564850,176,320
node[1],5.575171,180,320
node[3],5.575171,180,320
node[0],5.575171,180,320
node[0],5.582148,180,320
node[2],5.582148,180,320
node[3],5.582148,180,320
node[2],5.591297,176,320
node[1],5.591297,176,320
node[0],5.591297,176,320
node[1],5.599850,180,320
node[2],5.599850,180,320
node[3],5.599850,180,320
node[0],5.612148,172,320
node[2],5.612148,172,320
node[3],5.612148,172,320
node[2],5.623297,172,320
node[1],5.623297,172,320
node[0],5.623297,172,320
node[2],5.628297,180,320
node[1],5.628297,180,320
node[0],5.628297,180,320
node[1],5.632850,180,320
node[2],5.632850,180,320
node[3],5.632850,180,320
node[0],5.633148,176,320
node[2],5.633148,176,320
node[3],5.633148,176,320
node[0],5.638148,172,320
node[2],5.638148,172,320
node[3],5.638148,172,320
node[0],5.650148,180,320
node[2],5.650148,180,320
node[3],5.650148,180,320
node[2],5.655297,176,320
node[1],5.655297,176,320
node[0],5.655297,176,320
node[0],5.662148,176,320
node[2],5.662148,176,320
node[3],5.662148,176,320
node[2],5.662297,172,320
node[1],5.662297,172,320
node[0],5.662297,172,320
node[1],5.663171,172,320
node[3],5.663171,172,320
node[0],5.663171,172,320
node[1],5.664850,176,320
node[2],5.664850,176,320
node[3],5.664850,176,320
node[0],5.667148,172,320
node[2],5.667148,172,320
node[3],5.667148,172,320
node[2],5.670297,180,320
node[1],5.670297,180,320
node[0],5.670297,180,320
node[1],5.680171,180,320
node[3],5.680171,180,320
node[0],5.680171,180,320
node[1],5.680850,172,320
node[2],5.680850,172,320
node[3],5.680850,172,320
node[0],5.684148,180,320
node[2],5.684148,180,320
node[3],5.684148,180,320
node[1],5.685171,176,320
node[3],5.685171,176,320
node[0],5.685171,176,320
node[0],5.695148,176,320
node[2],5.695148,176,320
node[3],5.695148,176,320
node[0],5.723148,176,320
node[2],5.723148,176,320
node[3],5.723148,176,320
node[1],5.728850,180,320
node[2],5.728850,180,320
node[3],5.728850,180,320
node[1],5.729171,176,320
node[3],5.729171,176,320
node[0],5.729171,176,320
node[1],5.731171,180,320
node[3],5.731171,180,320
node[0],5.731171,180,320
node[1],5.731850,176,320
node[2],5.731850,176,320
node[3],5.731850,176,320
node[1],5.738171,172,320
node[3],5.738171,172,320
node[0],5.738171,172,320
node[0],5.761148,172,320
node[2],5.761148,172,320
node[3],5.761148,172,320
node[1],5.761850,176,320
node[2],5.761850,176,320
node[3],5.761850,176,320
node[2],5.770297,180,320
node[1],5.770297,180,320
node[0],5.770297,180,320
node[1],5.775171,172,320
node[3],5.775171,172,320
node[0],5.775171,172,320
node[2],5.786297,176,320
node[1],5.786297,176,320
node[0],5.786297,176,320
node[1],5.788171,176,320
node[3],5.788171,176,320
node[0],5.788171,176,320
node[1],5.801171,172,320
node[3],5.801171,172,320
node[0],5.801171,172,320
node[2],5.814297,172,320
node[1],5.814297,172,320
node[0],5.814297,172,320
node[0],5.829148,176,320
node[2],5.829148,176,320
node[3],5.829148,176,320
node[0],5.830148,172,320
node[2],5.830148,172,320
node[3],5.830148,172,320
node[2],5.833297,176,320
node[1],5.833297,176,320
node[0],5.833297,176,320
node[1],5.841850,180,320
node[2],5.841850,180,320
node[3],5.841850,180,320
node[1],5.842171,176,320
node[3],5.842171,176,320
node[0],5.842171,176,320
node[1],5.847171,172,320
node[3],5.847171,172,320
node[0],5.847171,172,320
node[0],5.853148,180,320
node[2],5.853148,180,320
node[3],5.853148,180,320
node[1],5.863850,176,320
node[2],5.863850,176,320
node[3],5.863850,176,320
node[0],5.866148,172,320
node[2],5.866148,172,320
node[3],5.866148,172,320
node[1],5.869850,172,320
node[2],5.869850,172,320
node[3],5.869850,172,320
node[1],5.870171,180,320
node[3],5.870171,180,320
node[0],5.870171,180,320
node[0],5.874148,176,320
node[2],5.874148,176,320
node[3],5.874148,176,320
node[2],5.876297,180,320
node[1],5.876297,180,320
node[0],5.876297,180,320
node[1],5.877171,172,320
node[3],5.877171,172,320
node[0],5.877171,172,320
node[0],5.880148,180,320
node[2],5.880148,180,320
node[3],5.880148,180,320
node[0],5.891148,172,320
node[2],5.891148,172,320
node[3],5.891148,172,320
node[1],5.891171,176,320
node[3],5.891171,176,320
node[0],5.891171,176,320
node[1],5.897171,180,320
node[3],5.897171,180,320
node[0],5.897171,180,320
node[3],5.906171,172,320
node[1],5.906171,172,320
node[0],5.906171,172,320
node[0],5.909148,176,320
node[2],5.909148,176,320
node[3],5.909148,176,320
node[2],5.911297,176,320
node[1],5.911297,176,320
node[0],5.911297,176,320
node[3],5.916171,176,320
node[1],5.916171,176,320
node[0],5.916171,176,320
node[1],5.918850,172,320
node[2],5.918850,172,320
node[3],5.918850,172,320
node[2],5.920297,172,320
node[1],5.920297,172,320
node[0],5.920297,172,320
node[3],5.922171,180,320
node[1],5.922171,180,320
node[0],5.922171,180,320
node[2],5.926296,180,320
node[1],5.926296,180,320
node[0],5.926296,180,320
node[0],5.940148,176,320
node[2],5.940148,176,320
node[3],5.940148,176,320
node[3],5.940171,172,320
node[1],5.940171,172,320
node[0],5.940171,172,320
node[3],5.941171,176,320
node[1],5.941171,176,320
node[0],5.941171,176,320
node[1],5.944850,172,320
node[2],5.944850,172,320
node[3],5.944850,172,320
node[0],5.953148,180,320
node[2],5.953148,180,320
node[3],5.953148,180,320
node[1],5.959850,176,320
node[2],5.959850,176,320
node[3],5.959850,176,320
node[3],5.965171,172,320
node[1],5.965171,172,320
node[0],5.965171,172,320
node[3],5.966171,176,320
node[1],5.966171,176,320
node[0],5.966171,176,320
node[0],5.974148,172,320
node[2],5.974148,172,320
node[3],5.974148,172,320
node[0],5.997148,176,320
node[2],5.997148,176,320
node[3],5.997148,176,320
node[3],6.015171,172,320
node[1],6.015171,172,320
node[0],6.015171,172,320
node[2],6.025297,172,320
node[1],6.025297,172,320
node[0],6.025297,172,320
node[0],6.031148,172,320
node[2],6.031148,172,320
node[3],6.031148,172,320
node[0],6.035148,176,320
node[2],6.035148,176,320
node[3],6.035148,176,320
node[3],6.037171,180,320
node[1],6.037171,180,320
node[0],6.037171,180,320
node[3],6.057171,176,320
node[1],6.057171,176,320
node[0],6.057171,176,320
node[1],6.060850,172,320
node[2],6.060850,172,320
node[3],6.060850,172,320
node[0],6.063148,172,320
node[2],6.063148,172,320
node[3],6.063148,172,320
node[2],6.072297,172,320
node[1],6.072297,172,320
node[0],6.072297,172,320
node[1],6.076850,180,320
node[2],6.076850,180,320
node[3],6.076850,180,320
node[0],6.085148,180,320
node[2],6.085148,180,320
node[3],6.085148,180,320
node[3],6.090171,172,320
node[1],6.090171,172,320
node[0],6.090171,172,320
node[2],6.098297,176,320
node[1],6.098297,176,320
node[0],6.098297,176,320
node[1],6.115850,172,320
node[2],6.115850,172,320
node[3],6.115850,172,320
node[0],6.131148,176,320
node[2],6.131148,176,320
node[3],6.131148,176,320
node[3],6.135171,176,320
node[1],6.135171,176,320
node[0],6.135171,176,320
node[1],6.137850,180,320
node[2],6.137850,180,320
node[3],6.137850,180,320
node[1],6.151850,176,320
node[2],6.151850,176,320
node[3],6.151850,176,320
node[2],6.154297,180,320
node[1],6.154297,180,320
node[0],6.154297,180,320
node[0],6.155148,180,320
node[2],6.155148,180,320
node[3],6.155148,180,320
node[2],6.168297,172,320
node[1],6.168297,172,320
node[0],6.168297,172,320
node[1],6.170850,172,320
node[2],6.170850,172,320
node[3],6.170850,172,320
node[0],6.176148,172,320
node[2],6.176148,172,320
node[3],6.176148,172,320
node[1],6.176850,176,320
node[2],6.176850,176,320
node[3],6.176850,176,320
node[0],6.181148,176,320
node[2],6.181148,176,320
node[3],6.181148,176,320
node[0],6.183148,180,320
node[2],6.183148,180,320
node[3],6.183148,180,320
node[2],6.195297,180,320
node[1],6.195297,180,320
node[0],6.195297,180,320
node[2],6.203297,176,320
node[1],6.203297,176,320
node[0],6.203297,176,320
node[1],6.214171,176,320
node[3],6.214171,176,320
node[0],6.214171,176,320
node[1],6.230171,180,320
node[3],6.230171,180,320
node[0],6.230171,180,320
node[0],6.241148,172,320
node[2],6.241148,172,320
node[3],6.241148,172,320
node[1],6.244850,176,320
node[2],6.244850,176,320
node[3],6.244850,176,320
node[2],6.251297,176,320
node[1],6.251297,176,320
node[0],6.251297,176,320
node[0],6.254148,176,320
node[2],6.254148,176,320
node[3],6.254148,176,320
node[2],6.257297,180,320
node[1],6.257297,180,320
node[0],6.257297,180,320
node[1],6.258171,172,320
node[3],6.258171,172,320
node[0],6.258171,172,320
node[1],6.260171,176,320
node[3],6.260171,176,320
node[0],6.260171,176,320
node[0],6.266148,180,320
node[2],6.266148,180,320
node[3],6.266148,180,320
node[1],6.270850,180,320
node[2],6.270850,180,320
node[3],6.270850,180,320
node[0],6.274148,172,320
node[2],6.274148,172,320
node[3],6.274148,172,320
node[1],6.280171,180,320
node[3],6.280171,180,320
node[0],6.280171,180,320
node[0],6.281148,176,320
node[2],6.281148,176,320
node[3],6.281148,176,320
node[2],6.289297,172,320
node[1],6.289297,172,320
node[0],6.289297,172,320
node[0],6.305148,172,320
node[2],6.305148,172,320
node[3],6.305148,172,320
node[0],6.314148,176,320
node[2],6.314148,176,320
node[3],6.314148,176,320
node[0],6.316148,180,320
node[2],6.316148,180,320
node[3],6.316148,180,320
node[2],6.319297,176,320
node[1],6.319297,176,320
node[0],6.319297,176,320
node[1],6.327850,180,320
node[2],6.327850,180,320
node[3],6.327850,180,320
node[2],6.348297,180,320
node[1],6.348297,180,320
node[0],6.348297,180,320
node[1],6.366171,176,320
node[3],6.366171,176,320
node[0],6.366171,176,320
node[2],6.368297,172,320
node[1],6.368297,172,320
node[0],6.368297,172,320
node[0],6.377148,180,320
node[2],6.377148,180,320
node[3],6.377148,180,320
node[2],6.391297,180,320
node[1],6.391297,180,320
node[0],6.391297,180,320
node[3],6.402171,172,320
node[1],6.402171,172,320
node[0],6.402171,172,320
node[3],6.415171,180,320
node[1],6.415171,180,320
node[0],6.415171,180,320
node[3],6.419171,176,320
node[1],6.419171,176,320
node[0],6.419171,176,320
node[0],6.425148,176,320
node[2],6.425148,176,320
node[3],6.425148,176,320
node[1],6.426850,172,320
node[2],6.426850,172,320
node[3],6.426850,172,320
node[1],6.430850,180,320
node[2],6.430850,180,320
node[3],6.430850,180,320
node[2],6.436297,176,320
node[1],6.436297,176,320
node[0],6.436297,176,320
node[1],6.439850,176,320
node[2],6.439850,176,320
node[3],6.439850,176,320
node[2],6.447297,180,320
node[1],6.447297,180,320
node[0],6.447297,180,320
node[2],6.450297,172,320
node[1],6.450297,172,320
node[0],6.450297,172,320
node[3],6.452171,176,320
node[1],6.452171,176,320
node[0],6.452171,176,320
node[3],6.457171,172,320
node[1],6.457171,172,320
node[0],6.457171,172,320
node[0],6.472148,176,320
node[2],6.472148,176,320
node[3],6.472148,176,320
node[0],6.480148,180,320
node[2],6.480148,180,320
node[3],6.480148,180,320
node[0],6.481148,172,320
node[2],6.481148,172,320
node[3],6.481148,172,320
node[2],6.485297,180,320
node[1],6.485297,180,320
node[0],6.485297,180,320
node[0],6.497147,176,320
node[2],6.497147,176,320
node[3],6.497147,176,320
node[3],6.499171,172,320
node[1],6.499171,172,320
node[0],6.499171,172,320
node[0],6.505147,180,320
node[2],6.505147,180,320
node[3],6.505147,180,320
node[0],6.516148,172,320
node[2],6.516148,172,320
node[3],6.516148,172,320
node[0],6.529148,176,320
node[2],6.529148,176,320
node[3],6.529148,176,320
node[1],6.537171,176,320
node[3],6.537171,176,320
node[0],6.537171,176,320
node[1],6.540171,172,320
node[3],6.540171,172,320
node[0],6.540171,172,320
node[2],6.550297,176,320
node[1],6.550297,176,320
node[0],6.550297,176,320
node[1],6.556850,172,320
node[2],6.556850,172,320
node[3],6.556850,172,320
node[2],6.557297,180,320
node[1],6.557297,180,320
node[0],6.557297,180,320
node[1],6.560850,176,320
node[2],6.560850,176,320
node[3],6.560850,176,320
node[2],6.561297,172,320
node[1],6.561297,172,320
node[0],6.561297,172,320
node[1],6.562171,176,320
node[3],6.562171,176,320
node[0],6.562171,176,320
node[0],6.565148,176,320
node[2],6.565148,176,320
node[3],6.565148,176,320
node[1],6.567171,180,320
node[3],6.567171,180,320
node[0],6.567171,180,320
node[1],6.578850,180,320
node[2],6.578850,180,320
node[3],6.578850,180,320
node[2],6.581297,176,320
node[1],6.581297,176,320
node[0],6.581297,176,320
node[1],6.585171,172,320
node[3],6.585171,172,320
node[0],6.585171,172,320
node[1],6.585850,172,320
node[2],6.585850,172,320
node[3],6.585850,172,320
node[1],6.586850,176,320
node[2],6.586850,176,320
node[3],6.586850,176,320
node[2],6.596297,172,320
node[1],6.596297,172,320
node[0],6.596297,172,320
node[0],6.600148,176,320
node[2],6.600148,176,320
node[3],6.600148,176,320
node[2],6.601297,180,320
node[1],6.601297,180,320
node[0],6.601297,180,320
node[3],6.604171,176,320
node[1],6.604171,176,320
node[0],6.604171,176,320
node[1],6.608850,180,320
node[2],6.608850,180,320
node[3],6.608850,180,320
node[0],6.612148,180,320
node[2],6.612148,180,320
node[3],6.612148,180,320
node[1],6.616850,176,320
node[2],6.616850,176,320
node[3],6.616850,176,320
node[3],6.618171,180,320
node[1],6.618171,180,320
node[0],6.618171,180,320
node[3],6.633171,172,320
node[1],6.633171,172,320
node[0],6.633171,172,320
node[2],6.642297,176,320
node[1],6.642297,176,320
node[0],6.642297,176,320
node[3],6.649171,176,320
node[1],6.649171,176,320
node[0],6.649171,176,320
node[2],6.649297,172,320
node[1],6.649297,172,320
node[0],6.649297,172,320
node[0],6.668148,176,320
node[2],6.668148,176,320
node[3],6.668148,176,320
node[2],6.686297,172,320
node[1],6.686297,172,320
node[0],6.686297,172,320
node[1],6.698850,180,320
node[2],6.698850,180,320
node[3],6.698850,180,320
node[1],6.719171,176,320
node[3],6.719171,176,320
node[0],6.719171,176,320
node[0],6.724148,176,320
node[2],6.724148,176,320
node[3],6.724148,176,320
node[1],6.740171,172,320
node[3],6.740171,172,320
node[0],6.740171,172,320
node[0],6.747148,172,320
node[2],6.747148,172,320
node[3],6.747148,172,320
node[0],6.750148,180,320
node[2],6.750148,180,320
node[3],6.750148,180,320
node[1],6.750171,176,320
node[3],6.750171,176,320
node[0],6.750171,176,320
node[0],6.753148,176,320
node[2],6.753148,176,320
node[3],6.753148,176,320
node[0],6.772147,172,320
node[2],6.772147,172,320
node[3],6.772147,172,320
node[1],6.772850,172,320
node[2],6.772850,172,320
node[3],6.772850,172,320
node[1],6.784850,180,320
node[2],6.784850,180,320
node[3],6.784850,180,320
node[2],6.785297,176,320
node[1],6.785297,176,320
node[0],6.785297,176,320
node[2],6.805297,172,320
node[1],6.805297,172,320
node[0],6.805297,172,320
node[3],6.815171,180,320
node[1],6.815171,180,320
node[0],6.815171,180,320
node[0],6.817148,176,320
node[2],6.817148,176,320
node[3],6.817148,176,320
node[3],6.817790,176,320
node[1],6.817790,176,320
node[0],6.817790,176,320
node[1],6.821850,176,320
node[2],6.821850,176,320
node[3],6.821850,176,320
node[2],6.830297,172,320
node[1],6.830297,172,320
node[0],6.830297,172,320
node[3],6.831171,172,320
node[1],6.831171,172,320
node[0],6.831171,172,320
node[0],6.835148,172,320
node[2],6.835148,172,320
node[3],6.835148,172,320
node[2],6.839297,180,320
node[1],6.839297,180,320
node[0],6.839297,180,320
node[2],6.845297,176,320
node[1],6.845297,176,320
node[0],6.845297,176,320
node[2],6.860297,172,320
node[1],6.860297,172,320
node[0],6.860297,172,320
node[0],6.863148,172,320
node[2],6.863148,172,320
node[3],6.863148,172,320
node[3],6.865171,180,320
node[1],6.865171,180,320
node[0],6.865171,180,320
node[3],6.866171,176,320
node[1],6.866171,176,320
node[0],6.866171,176,320
node[2],6.869297,180,320
node[1],6.869297,180,320
node[0],6.869297,180,320
node[3],6.870171,172,320
node[1],6.870171,172,320
node[0],6.870171,172,320
node[2],6.873297,176,320
node[1],6.873297,176,320
node[0],6.873297,176,320
node[1],6.878850,176,320
node[2],6.878850,176,320
node[3],6.878850,176,320
node[0],6.882148,176,320
node[2],6.882148,176,320
node[3],6.882148,176,320
node[1],6.894850,172,320
node[2],6.894850,172,320
node[3],6.894850,172,320
node[1],6.900850,180,320
node[2],6.900850,180,320
node[3],6.900850,180,320
node[1],6.907850,176,320
node[2],6.907850,176,320
node[3],6.907850,176,320
node[3],6.927171,176,320
node[1],6.927171,176,320
node[0],6.927171,176,320
node[0],6.931148,176,320
node[2],6.931148,176,320
node[3],6.931148,176,320
node[1],6.931850,172,320
node[2],6.931850,172,320
node[3],6.931850,172,320
node[3],6.949171,172,320
node[1],6.949171,172,320
node[0],6.949171,172,320
node[1],6.950850,176,320
node[2],6.950850,176,320
node[3],6.950850,176,320
node[2],6.953297,172,320
node[1],6.953297,172,320
node[0],6.953297,172,320
node[2],6.957297,176,320
node[1],6.957297,176,320
node[0],6.957297,176,320
node[0],6.968148,176,320
node[2],6.968148,176,320
node[3],6.968148,176,320
node[1],6.974850,180,320
node[2],6.974850,180,320
node[3],6.974850,180,320
node[3],6.979171,172,320
node[1],6.979171,172,320
node[0],6.979171,172,320
node[0],6.980148,180,320
node[2],6.980148,180,320
node[3],6.980148,180,320
node[3],6.980933,180,320
node[1],6.980933,180,320
node[0],6.980933,180,320
node[3],6.988171,176,320
node[1],6.988171,176,320
node[0],6.988171,176,320
node[3],7.005171,180,320
node[1],7.005171,180,320
node[0],7.005171,180,320
node[3],7.019171,172,320
node[1],7.019171,172,320
node[0],7.019171,172,320
node[0],7.020148,172,320
node[2],7.020148,172,320
node[3],7.020148,172,320
node[0],7.023148,176,320
node[2],7.023148,176,320
node[3],7.023148,176,320
node[3],7.026171,176,320
node[1],7.026171,176,320
node[0],7.026171,176,320
node[3],7.044171,172,320
node[1],7.044171,172,320
node[0],7.044171,172,320
node[0],7.045147,172,320
node[2],7.045147,172,320
node[3],7.045147,172,320
node[2],7.059297,180,320
node[1],7.059297,180,320
node[0],7.059297,180,320
node[3],7.060171,176,320
node[1],7.060171,176,320
node[0],7.060171,176,320
node[0],7.068148,180,320
node[2],7.068148,180,320
node[3],7.068148,180,320
node[2],7.075297,172,320
node[1],7.075297,172,320
node[0],7.075297,172,320
node[0],7.079148,176,320
node[2],7.079148,176,320
node[3],7.079148,176,320
node[3],7.079171,180,320
node[1],7.079171,180,320
node[0],7.079171,180,320
node[1],7.082850,180,320
node[2],7.082850,180,320
node[3],7.082850,180,320
node[2],7.084297,180,320
node[1],7.084297,180,320
node[0],7.084297,180,320
node[2],7.102297,172,320
node[1],7.102297,172,320
node[0],7.102297,172,320
node[3],7.110171,172,320
node[1],7.110171,172,320
node[0],7.110171,172,320
node[1],7.110850,180,320
node[2],7.110850,180,320
node[3],7.110850,180,320
node[2],7.115297,176,320
node[1],7.115297,176,320
node[0],7.115297,176,320
node[0],7.116148,176,320
node[2],7.116148,176,320
node[3],7.116148,176,320
node[2],7.127296,172,320
node[1],7.127296,172,320
node[0],7.127296,172,320
node[3],7.157171,172,320
node[1],7.157171,172,320
node[0],7.157171,172,320
node[0],7.159148,176,320
node[2],7.159148,176,320
node[3],7.159148,176,320
node[3],7.168171,176,320
node[1],7.168171,176,320
node[0],7.168171,176,320
node[0],7.170148,180,320
node[2],7.170148,180,320
node[3],7.170148,180,320
node[0],7.173148,172,320
node[2],7.173148,172,320
node[3],7.173148,172,320
node[1],7.181850,172,320
node[2],7.181850,172,320
node[3],7.181850,172,320
node[2],7.185297,172,320
node[1],7.185297,172,320
node[0],7.185297,172,320
node[0],7.194148,176,320
node[2],7.194148,176,320
node[3],7.194148,176,320
node[3],7.205171,180,320
node[1],7.205171,180,320
node[0],7.205171,180,320
node[2],7.206297,176,320
node[1],7.206297,176,320
node[0],7.206297,176,320
node[1],7.207850,176,320
node[2],7.207850,176,320
node[3],7.207850,176,320
node[0],7.228148,176,320
node[2],7.228148,176,320
node[3],7.228148,176,320
node[0],7.255148,180,320
node[2],7.255148,180,320
node[3],7.255148,180,320
node[3],7.260171,176,320
node[1],7.260171,176,320
node[0],7.260171,176,320
node[0],7.269148,172,320
node[2],7.269148,172,320
node[3],7.269148,172,320
node[2],7.273297,176,320
node[1],7.273297,176,320
node[0],7.273297,176,320
node[1],7.285850,180,320
node[2],7.285850,180,320
node[3],7.285850,180,320
node[3],7.287171,176,320
node[1],7.287171,176,320
node[0],7.287171,176,320
node[0],7.303148,176,320
node[2],7.303148,176,320
node[3],7.303148,176,320
node[2],7.305297,176,320
node[1],7.305297,176,320
node[0],7.305297,176,320
node[2],7.318297,172,320
node[1],7.318297,172,320
node[0],7.318297,172,320
node[2],7.326296,180,320
node[1],7.326296,180,320
node[0],7.326296,180,320
node[3],7.356171,172,320
node[1],7.356171,172,320
node[0],7.356171,172,320
node[1],7.360850,172,320
node[2],7.360850,172,320
node[3],7.360850,172,320
node[3],7.366171,180,320
node[1],7.366171,180,320
node[0],7.366171,180,320
node[2],7.369297,176,320
node[1],7.369297,176,320
node[0],7.369297,176,320
node[2],7.374297,180,320
node[1],7.374297,180,320
node[0],7.374297,180,320
node[1],7.375850,180,320
node[2],7.375850,180,320
node[3],7.375850,180,320
node[0],7.380148,172,320
node[2],7.380148,172,320
node[3],7.380148,172,320
node[3],7.390171,172,320
node[1],7.390171,172,320
node[0],7.390171,172,320
node[3],7.394171,180,320
node[1],7.394171,180,320
node[0],7.394171,180,320
node[1],7.396850,172,320
node[2],7.396850,172,320
node[3],7.396850,172,320
node[2],7.397297,176,320
node[1],7.397297,176,320
node[0],7.397297,176,320
node[3],7.402171,176,320
node[1],7.402171,176,320
node[0],7.402171,176,320
node[1],7.403850,180,320
node[2],7.403850,180,320
node[3],7.403850,180,320
node[1],7.411850,176,320
node[2],7.411850,176,320
node[3],7.411850,176,320
node[3],7.418171,172,320
node[1],7.418171,172,320
node[0],7.418171,172,320
node[3],7.423171,180,320
node[1],7.423171,180,320
node[0],7.423171,180,320
node[2],7.423297,176,320
node[1],7.423297,176,320
node[0],7.423297,176,320
node[1],7.440850,172,320
node[2],7.440850,172,320
node[3],7.440850,172,320
node[3],7.448171,176,320
node[1],7.448171,176,320
node[0],7.448171,176,320
node[0],7.451148,180,320
node[2],7.451148,180,320
node[3],7.451148,180,320
node[0],7.456148,176,320
node[2],7.456148,176,320
node[3],7.456148,176,320
node[1],7.462850,176,320
node[2],7.462850,176,320
node[3],7.462850,176,320
node[1],7.489850,176,320
node[2],7.489850,176,320
node[3],7.489850,176,320
node[3],7.494171,176,320
node[1],7.494171,176,320
node[0],7.494171,176,320
node[3],7.497171,180,320
node[1],7.497171,180,320
node[0],7.497171,180,320
node[2],7.498060,180,320
node[1],7.498061,180,320
node[0],7.498061,180,320
node[3],7.501171,172,320
node[1],7.501171,172,320
node[0],7.501171,172,320
node[2],7.517297,172,320
node[1],7.517297,172,320
node[0],7.517297,172,320
node[2],7.535297,176,320
node[1],7.535297,176,320
node[0],7.535297,176,320
node[1],7.565850,172,320
node[2],7.565850,172,320
node[3],7.565850,172,320
node[1],7.566850,176,320
node[2],7.566850,176,320
node[3],7.566850,176,320
node[2],7.588297,176,320
node[1],7.588297,176,320
node[0],7.588297,176,320
node[3],7.590171,176,320
node[1],7.590171,176,320
node[0],7.590171,176,320
node[1],7.598850,176,320
node[2],7.598850,176,320
node[3],7.598850,176,320
node[2],7.609297,172,320
node[1],7.609297,172,320
node[0],7.609297,172,320
node[1],7.617850,180,320
node[2],7.617850,180,320
node[3],7.617850,180,320
node[0],7.618148,176,320
node[2],7.618148,176,320
node[3],7.618148,176,320
node[0],7.621148,180,320
node[2],7.621148,180,320
node[3],7.621148,180,320
node[3],7.644171,176,320
node[1],7.644171,176,320
node[0],7.644171,176,320
node[0],7.651148,176,320
node[2],7.651148,176,320
node[3],7.651148,176,320
node[1],7.653850,176,320
node[2],7.653850,176,320
node[3],7.653850,176,320
node[2],7.658297,176,320
node[1],7.658297,176,320
node[0],7.658297,176,320
node[0],7.665148,172,320
node[2],7.665148,172,320
node[3],7.665148,172,320
node[0],7.674148,180,320
node[2],7.674148,180,320
node[3],7.674148,180,320
node[3],7.693171,176,320
node[1],7.693171,176,320
node[0],7.693171,176,320
node[3],7.724171,176,320
node[1],7.724171,176,320
node[0],7.724171,176,320
node[3],7.731171,172,320
node[1],7.731171,172,320
node[0],7.731171,172,320
node[0],7.732148,176,320
node[2],7.732148,176,320
node[3],7.732148,176,320
node[2],7.741297,172,320
node[1],7.741297,172,320
node[0],7.741297,172,320
node[2],7.743297,180,320
node[1],7.743297,180,320
node[0],7.743297,180,320
node[3],7.749171,176,320
node[1],7.749171,176,320
node[0],7.749171,176,320
node[1],7.751850,176,320
node[2],7.751850,176,320
node[3],7.751850,176,320
node[2],7.755297,176,320
node[1],7.755297,176,320
node[0],7.755297,176,320
node[3],7.766171,180,320
node[1],7.766171,180,320
node[0],7.766171,180,320
node[2],7.766296,172,320
node[1],7.766296,172,320
node[0],7.766296,172,320
node[0],7.786148,172,320
node[2],7.786148,172,320
node[3],7.786148,172,320
node[2],7.787297,180,320
node[1],7.787297,180,320
node[0],7.787297,180,320
node[2],7.792297,176,320
node[1],7.792297,176,320
node[0],7.792297,176,320
node[2],7.810297,172,320
node[1],7.810297,172,320
node[0],7.810297,172,320
node[3],7.817171,176,320
node[1],7.817171,176,320
node[0],7.817171,176,320
node[0],7.818148,176,320
node[2],7.818148,176,320
node[3],7.818148,176,320
node[0],7.819148,180,320
node[2],7.819148,180,320
node[3],7.819148,180,320
node[1],7.819959,180,320
node[2],7.819959,180,320
node[3],7.819959,180,320
node[0],7.829148,172,320
node[2],7.829148,172,320
node[3],7.829148,172,320
node[3],7.832171,172,320
node[1],7.832171,172,320
node[0],7.832171,172,320
node[0],7.843147,176,320
node[2],7.843147,176,320
node[3],7.843147,176,320
node[1],7.843850,176,320
node[2],7.843850,176,320
node[3],7.843850,176,320
node[0],7.854147,172,320
node[2],7.854147,172,320
node[3],7.854147,172,320
node[1],7.866850,172,320
node[2],7.866850,172,320
node[3],7.866850,172,320
node[0],7.868147,176,320
node[2],7.868147,176,320
node[3],7.868147,176,320
node[0],7.869147,180,320
node[2],7.869147,180,320
node[3],7.869147,180,320
node[3],7.872171,176,320
node[1],7.872171,176,320
node[0],7.872171,176,320
node[0],7.889148,172,320
node[2],7.889148,172,320
node[3],7.889148,172,320
node[0],7.900148,176,320
node[2],7.900148,176,320
node[3],7.900148,176,320
node[1],7.927850,180,320
node[2],7.927850,180,320
node[3],7.927850,180,320
node[0],7.928148,172,320
node[2],7.928148,172,320
node[3],7.928148,172,320
node[2],7.930297,176,320
node[1],7.930297,176,320
node[0],7.930297,176,320
node[2],7.946297,172,320
node[1],7.946297,172,320
node[0],7.946297,172,320
node[1],7.957850,172,320
node[2],7.957850,172,320
node[3],7.957850,172,320
node[3],7.960171,172,320
node[1],7.960171,172,320
node[0],7.960171,172,320
node[3],7.974171,180,320
node[1],7.974171,180,320
node[0],7.974171,180,320
node[2],7.976297,172,320
node[1],7.976297,172,320
node[0],7.976297,172,320
node[2],7.977297,180,320
node[1],7.977297,180,320
node[0],7.977297,180,320
node[3],7.983171,176,320
node[1],7.983171,176,320
node[0],7.983171,176,320
node[1],7.984850,172,320
node[2],7.984850,172,320
node[3],7.984850,172,320
node[0],7.992148,172,320
node[2],7.992148,172,320
node[3],7.992148,172,320
node[0],8.002148,180,320
node[2],8.002148,180,320
node[3],8.002148,180,320
node[1],8.007850,180,320
node[2],8.007850,180,320
node[3],8.007850,180,320
node[3],8.008778,180,320
node[1],8.008778,180,320
node[0],8.008778,180,320
node[1],8.025850,172,320
node[2],8.025850,172,320
node[3],8.025850,172,320
node[0],8.029148,172,320
node[2],8.029148,172,320
node[3],8.029148,172,320
node[2],8.053297,180,320
node[1],8.053297,180,320
node[0],8.053297,180,320
node[1],8.060850,172,320
node[2],8.060850,172,320
node[3],8.060850,172,320
node[3],8.075171,176,320
node[1],8.075171,176,320
node[0],8.075171,176,320
node[0],8.081148,172,320
node[2],8.081148,172,320
node[3],8.081148,172,320
node[0],8.090148,176,320
node[2],8.090148,176,320
node[3],8.090148,176,320
node[3],8.090171,172,320
node[1],8.090171,172,320
node[0],8.090171,172,320
node[1],8.090850,176,320
node[2],8.090850,176,320
node[3],8.090850,176,320
node[3],8.093171,180,320
node[1],8.093171,180,320
node[0],8.093171,180,320
node[3],8.100171,176,320
node[1],8.100171,176,320
node[0],8.100171,176,320
node[3],8.115171,172,320
node[1],8.115171,172,320
node[0],8.115171,172,320
node[3],8.118171,180,320
node[1],8.118171,180,320
node[0],8.118171,180,320
node[3],8.125171,176,320
node[1],8.125171,176,320
node[0],8.125171,176,320
node[3],8.140171,172,320
node[1],8.140171,172,320
node[0],8.140171,172,320
node[0],8.143148,172,320
node[2],8.143148,172,320
node[3],8.143148,172,320
node[2],8.153297,172,320
node[1],8.153297,172,320
node[0],8.153297,172,320
node[2],8.154297,180,320
node[1],8.154297,180,320
node[0],8.154297,180,320
node[1],8.161850,176,320
node[2],8.161850,176,320
node[3],8.161850,176,320
node[3],8.166171,172,320
node[1],8.166171,172,320
node[0],8.166171,172,320
node[2],8.172297,176,320
node[1],8.172297,176,320
node[0],8.172297,176,320
node[1],8.181850,180,320
node[2],8.181850,180,320
node[3],8.181850,180,320
node[3],8.183171,180,320
node[1],8.183171,180,320
node[0],8.183171,180,320
node[1],8.186850,172,320
node[2],8.186850,172,320
node[3],8.186850,172,320
node[1],8.200850,176,320
node[2],8.200850,176,320
node[3],8.200850,176,320
node[2],8.225297,176,320
node[1],8.225297,176,320
node[0],8.225297,176,320
node[3],8.230171,176,320
node[1],8.230171,176,320
node[0],8.230171,176,320
node[0],8.232148,172,320
node[2],8.232148,172,320
node[3],8.232148,172,320
node[3],8.233171,172,320
node[1],8.233171,172,320
node[0],8.233171,172,320
node[1],8.238850,180,320
node[2],8.238850,180,320
node[3],8.238850,180,320
node[2],8.243297,172,320
node[1],8.243297,172,320
node[0],8.243297,172,320
node[3],8.255171,176,320
node[1],8.255171,176,320
node[0],8.255171,176,320
node[0],8.256148,180,320
node[2],8.256148,180,320
node[3],8.256148,180,320
node[0],8.257148,176,320
node[2],8.257148,176,320
node[3],8.257148,176,320
node[0],8.271148,172,320
node[2],8.271148,172,320
node[3],8.271148,172,320
node[2],8.273297,180,320
node[1],8.273297,180,320
node[0],8.273297,180,320
node[2],8.278297,172,320
node[1],8.278297,172,320
node[0],8.278297,172,320
node[2],8.280297,176,320
node[1],8.280297,176,320
node[0],8.280297,176,320
node[0],8.301148,180,320
node[2],8.301148,180,320
node[3],8.301148,180,320
node[2],8.309297,176,320
node[1],8.309297,176,320
node[0],8.309297,176,320
node[2],8.318297,172,320
node[1],8.318297,172,320
node[0],8.318297,172,320
node[1],8.321850,176,320
node[2],8.321850,176,320
node[3],8.321850,176,320
node[3],8.322171,172,320
node[1],8.322171,172,320
node[0],8.322171,172,320
node[1],8.329850,172,320
node[2],8.329850,172,320
node[3],8.329850,172,320
node[2],8.333297,180,320
node[1],8.333297,180,320
node[0],8.333297,180,320
node[0],8.346148,172,320
node[2],8.346148,172,320
node[3],8.346148,172,320
node[1],8.352850,176,320
node[2],8.352850,176,320
node[3],8.352850,176,320
node[1],8.364850,172,320
node[2],8.364850,172,320
node[3],8.364850,172,320
node[1],8.373850,180,320
node[2],8.373850,180,320
node[3],8.373850,180,320
node[2],8.374765,180,320
node[1],8.374765,180,320
node[0],8.374765,180,320
node[2],8.377297,176,320
node[1],8.377297,176,320
node[0],8.377297,176,320
node[0],8.380148,176,320
node[2],8.380148,176,320
node[3],8.380148,176,320
node[1],8.387850,176,320
node[2],8.387850,176,320
node[3],8.387850,176,320
node[2],8.391297,172,320
node[1],8.391297,172,320
node[0],8.391297,172,320
node[3],8.392171,172,320
node[1],8.392171,172,320
node[0],8.392171,172,320
node[0],8.424148,172,320
node[2],8.424148,172,320
node[3],8.424148,172,320
node[1],8.433850,176,320
node[2],8.433850,176,320
node[3],8.433850,176,320
node[1],8.435850,180,320
node[2],8.435850,180,320
node[3],8.435850,180,320
node[0],8.436148,176,320
node[2],8.436148,176,320
node[3],8.436148,176,320
node[3],8.438171,180,320
node[1],8.438171,180,320
node[0],8.438171,180,320
node[2],8.441297,176,320
node[1],8.441297,176,320
node[0],8.441297,176,320
node[1],8.446850,172,320
node[2],8.446850,172,320
node[3],8.446850,172,320
node[3],8.455171,176,320
node[1],8.455171,176,320
node[0],8.455171,176,320
node[0],8.459148,172,320
node[2],8.459148,172,320
node[3],8.459148,172,320
node[3],8.466171,172,320
node[1],8.466171,172,320
node[0],8.466171,172,320
node[3],8.480171,176,320
node[1],8.480171,176,320
node[0],8.480171,176,320
node[0],8.481148,180,320
node[2],8.481148,180,320
node[3],8.481148,180,320
node[1],8.486850,180,320
node[2],8.486850,180,320
node[3],8.486850,180,320
node[1],8.499850,172,320
node[2],8.499850,172,320
node[3],8.499850,172,320
node[0],8.501148,172,320
node[2],8.501148,172,320
node[3],8.501148,172,320
node[3],8.506171,176,320
node[1],8.506171,176,320
node[0],8.506171,176,320
node[0],8.507148,176,320
node[2],8.507148,176,320
node[3],8.507148,176,320
node[0],8.521148,180,320
node[2],8.521148,180,320
node[3],8.521148,180,320
node[3],8.527171,180,320
node[1],8.527171,180,320
node[0],8.527171,180,320
node[2],8.529297,176,320
node[1],8.529297,176,320
node[0],8.529297,176,320
node[2],8.534297,172,320
node[1],8.534297,172,320
node[0],8.534297,172,320
node[3],8.539171,176,320
node[1],8.539171,176,320
node[0],8.539171,176,320
node[3],8.543171,172,320
node[1],8.543171,172,320
node[0],8.543171,172,320
node[1],8.543850,180,320
node[2],8.543850,180,320
node[3],8.543850,180,320
node[2],8.570297,180,320
node[1],8.570297,180,320
node[0],8.570297,180,320
node[2],8.573297,172,320
node[1],8.573297,172,320
node[0],8.573297,172,320
node[3],8.584171,176,320
node[1],8.584171,176,320
node[0],8.584171,176,320
node[0],8.589148,176,320
node[2],8.589148,176,320
node[3],8.589148,176,320
node[2],8.595297,180,320
node[1],8.595297,180,320
node[0],8.595297,180,320
node[1],8.597850,180,320
node[2],8.597850,180,320
node[3],8.597850,180,320
node[1],8.600850,172,320
node[2],8.600850,172,320
node[3],8.600850,172,320
node[3],8.606171,180,320
node[1],8.606171,180,320
node[0],8.606171,180,320
node[0],8.614148,176,320
node[2],8.614148,176,320
node[3],8.614148,176,320
node[2],8.624297,172,320
node[1],8.624297,172,320
node[0],8.624297,172,320
node[3],8.628171,176,320
node[1],8.628171,176,320
node[0],8.628171,176,320
node[2],8.629297,176,320
node[1],8.629297,176,320
node[0],8.629297,176,320
node[0],8.637148,172,320
node[2],8.637148,172,320
node[3],8.637148,172,320
node[3],8.643171,172,320
node[1],8.643171,172,320
node[0],8.643171,172,320
node[2],8.645296,180,320
node[1],8.645296,180,320
node[0],8.645296,180,320
node[1],8.646850,176,320
node[2],8.646850,176,320
node[3],8.646850,176,320
node[2],8.649296,172,320
node[1],8.649296,172,320
node[0],8.649296,172,320
node[3],8.666171,180,320
node[1],8.666171,180,320
node[0],8.666171,180,320
node[0],8.669148,180,320
node[2],8.669148,180,320
node[3],8.669148,180,320
node[1],8.669850,172,320
node[2],8.669850,172,320
node[3],8.669850,172,320
node[0],8.680148,176,320
node[2],8.680148,176,320
node[3],8.680148,176,320
node[3],8.681171,176,320
node[1],8.681171,176,320
node[0],8.681171,176,320
node[1],8.683850,180,320
node[2],8.683850,180,320
node[3],8.683850,180,320
node[2],8.693297,180,320
node[1],8.693297,180,320
node[0],8.693297,180,320
node[3],8.695171,180,320
node[1],8.695171,180,320
node[0],8.695171,180,320
node[2],8.699297,172,320
node[1],8.699297,172,320
node[0],8.699297,172,320
node[3],8.701171,172,320
node[1],8.701171,172,320
node[0],8.701171,172,320
node[1],8.705850,176,320
node[2],8.705850,176,320
node[3],8.705850,176,320
node[0],8.707148,176,320
node[2],8.707148,176,320
node[3],8.707148,176,320
node[0],8.709148,172,320
node[2],8.709148,172,320
node[3],8.709148,172,320
node[2],8.718297,176,320
node[1],8.718297,176,320
node[0],8.718297,176,320
node[2],8.731297,172,320
node[1],8.731297,172,320
node[0],8.731297,172,320
node[3],8.734171,180,320
node[1],8.734171,180,320
node[0],8.734171,180,320
node[3],8.737171,172,320
node[1],8.737171,172,320
node[0],8.737171,172,320
node[1],8.738850,176,320
node[2],8.738850,176,320
node[3],8.738850,176,320
node[0],8.742148,176,320
node[2],8.742148,176,320
node[3],8.742148,176,320
node[1],8.744850,180,320
node[2],8.744850,180,320
node[3],8.744850,180,320
node[3],8.745171,176,320
node[1],8.745171,176,320
node[0],8.745171,176,320
node[1],8.751850,172,320
node[2],8.751850,172,320
node[3],8.751850,172,320
node[1],8.765850,176,320
node[2],8.765850,176,320
node[3],8.765850,176,320
node[0],8.766148,172,320
node[2],8.766148,172,320
node[3],8.766148,172,320
node[0],8.773148,176,320
node[2],8.773148,176,320
node[3],8.773148,176,320
node[1],8.776849,172,320
node[2],8.776849,172,320
node[3],8.776849,172,320
node[3],8.780171,176,320
node[1],8.780171,176,320
node[0],8.780171,176,320
node[2],8.791297,176,320
node[1],8.791297,176,320
node[0],8.791297,176,320
node[2],8.794297,180,320
node[1],8.794297,180,320
node[0],8.794297,180,320
node[0],8.796148,180,320
node[2],8.796148,180,320
node[3],8.796148,180,320
node[3],8.810171,180,320
node[1],8.810171,180,320
node[0],8.810171,180,320
node[2],8.816297,172,320
node[1],8.816297,172,320
node[0],8.816297,172,320
node[2],8.817297,176,320
node[1],8.817297,176,320
node[0],8.817297,176,320
node[0],8.832148,176,320
node[2],8.832148,176,320
node[3],8.832148,176,320
node[2],8.841296,172,320
node[1],8.841296,172,320
node[0],8.841296,172,320
node[2],8.842296,176,320
node[1],8.842296,176,320
node[0],8.842296,176,320
node[2],8.848297,180,320
node[1],8.848297,180,320
node[0],8.848297,180,320
node[3],8.873171,172,320
node[1],8.873171,172,320
node[0],8.873171,172,320
node[3],8.882171,180,320
node[1],8.882171,180,320
node[0],8.882171,180,320
node[1],8.883850,180,320
node[2],8.883850,180,320
node[3],8.883850,180,320
node[1],8.901850,172,320
node[2],8.901850,172,320
node[3],8.901850,172,320
node[1],8.907850,176,320
node[2],8.907850,176,320
node[3],8.907850,176,320
node[3],8.909171,176,320
node[1],8.909171,176,320
node[0],8.909171,176,320
node[2],8.920297,172,320
node[1],8.920297,172,320
node[0],8.920297,172,320
node[0],8.926148,172,320
node[2],8.926148,172,320
node[3],8.926148,172,320
node[0],8.934148,176,320
node[2],8.934148,176,320
node[3],8.934148,176,320
node[2],8.936297,176,320
node[1],8.936297,176,320
node[0],8.936297,176,320
node[3],8.938171,180,320
node[1],8.938171,180,320
node[0],8.938171,180,320
node[1],8.944850,180,320
node[2],8.944850,180,320
node[3],8.944850,180,320
node[2],8.951297,180,320
node[1],8.951297,180,320
node[0],8.951297,180,320
node[3],8.953171,172,320
node[1],8.953171,172,320
node[0],8.953171,172,320
node[1],8.954850,172,320
node[2],8.954850,172,320
node[3],8.954850,172,320
node[3],8.956171,176,320
node[1],8.956171,176,320
node[0],8.956171,176,320
node[2],8.969297,176,320
node[1],8.969297,176,320
node[0],8.969297,176,320
node[3],8.978171,172,320
node[1],8.978171,172,320
node[0],8.978171,172,320
node[1],8.979850,176,320
node[2],8.979850,176,320
node[3],8.979850,176,320
node[3],8.981171,176,320
node[1],8.981171,176,320
node[0],8.981171,176,320
node[0],8.982148,180,320
node[2],8.982148,180,320
node[3],8.982148,180,320
node[0],8.987148,172,320
node[2],8.987148,172,320
node[3],8.987148,172,320
node[1],8.999850,172,320
node[2],8.999850,172,320
node[3],8.999850,172,320
node[0],9.013148,172,320
node[2],9.013148,172,320
node[3],9.013148,172,320
node[1],9.022850,180,320
node[2],9.022850,180,320
node[3],9.022850,180,320
node[2],9.037297,180,320
node[1],9.037297,180,320
node[0],9.037297,180,320
node[1],9.043850,172,320
node[2],9.043850,172,320
node[3],9.043850,172,320
node[3],9.049171,172,320
node[1],9.049171,172,320
node[0],9.049171,172,320
node[3],9.052171,176,320
node[1],9.052171,176,320
node[0],9.052171,176,320
node[3],9.064171,180,320
node[1],9.064171,180,320
node[0],9.064171,180,320
node[0],9.065148,176,320
node[2],9.065148,176,320
node[3],9.065148,176,320
node[3],9.074171,172,320
node[1],9.074171,172,320
node[0],9.074171,172,320
node[2],9.074297,176,320
node[1],9.074297,176,320
node[0],9.074297,176,320
node[1],9.074978,176,320
node[2],9.074979,176,320
node[3],9.074979,176,320
node[1],9.078850,172,320
node[2],9.078850,172,320
node[3],9.078850,172,320
node[0],9.083148,180,320
node[2],9.083148,180,320
node[3],9.083148,180,320
node[0],9.086148,172,320
node[2],9.086148,172,320
node[3],9.086148,172,320
node[0],9.090147,176,320
node[2],9.090147,176,320
node[3],9.090147,176,320
node[1],9.093850,180,320
node[2],9.093850,180,320
node[3],9.093850,180,320
node[3],9.099171,180,320
node[1],9.099171,180,320
node[0],9.099171,180,320
node[2],9.102297,172,320
node[1],9.102297,172,320
node[0],9.102297,172,320
node[0],9.120148,176,320
node[2],9.120148,176,320
node[3],9.120148,176,320
node[2],9.121297,176,320
node[1],9.121297,176,320
node[0],9.121297,176,320
node[2],9.131297,172,320
node[1],9.131297,172,320
node[0],9.131297,172,320
node[1],9.135850,172,320
node[2],9.135850,172,320
node[3],9.135850,172,320
node[1],9.145850,176,320
node[2],9.145850,176,320
node[3],9.145850,176,320
node[1],9.160849,172,320
node[2],9.160849,172,320
node[3],9.160849,172,320
node[2],9.166297,176,320
node[1],9.166297,176,320
node[0],9.166297,176,320
node[1],9.170849,180,320
node[2],9.170849,180,320
node[3],9.170849,180,320
node[1],9.173850,176,320
node[2],9.173850,176,320
node[3],9.173850,176,320
node[0],9.191148,176,320
node[2],9.191148,176,320
node[3],9.191148,176,320
node[3],9.193171,172,320
node[1],9.193171,172,320
node[0],9.193171,172,320
node[0],9.201148,180,320
node[2],9.201148,180,320
node[3],9.201148,180,320
node[1],9.203850,180,320
node[2],9.203850,180,320
node[3],9.203850,180,320
node[0],9.211148,172,320
node[2],9.211148,172,320
node[3],9.211148,172,320
node[2],9.215297,172,320
node[1],9.215297,172,320
node[0],9.215297,172,320
node[3],9.226171,176,320
node[1],9.226171,176,320
node[0],9.226171,176,320
node[2],9.231297,180,320
node[1],9.231297,180,320
node[0],9.231297,180,320
node[1],9.232850,180,320
node[2],9.232850,180,320
node[3],9.232850,180,320
node[1],9.238850,176,320
node[2],9.238850,176,320
node[3],9.238850,176,320
node[3],9.244171,172,320
node[1],9.244171,172,320
node[0],9.244171,172,320
node[0],9.245148,176,320
node[2],9.245148,176,320
node[3],9.245148,176,320
node[1],9.249850,172,320
node[2],9.249850,172,320
node[3],9.249850,172,320
node[2],9.254297,176,320
node[1],9.254297,176,320
node[0],9.254297,176,320
node[3],9.262171,176,320
node[1],9.262171,176,320
node[0],9.262171,176,320
node[0],9.308148,176,320
node[2],9.308148,176,320
node[3],9.308148,176,320
node[3],9.327171,172,320
node[1],9.327171,172,320
node[0],9.327171,172,320
node[3],9.328171,180,320
node[1],9.328171,180,320
node[0],9.328171,180,320
node[3],9.332171,176,320
node[1],9.332171,176,320
node[0],9.332171,176,320
node[2],9.332297,180,320
node[1],9.332297,180,320
node[0],9.332297,180,320
node[1],9.332853,176,320
node[2],9.332853,176,320
node[3],9.332853,176,320
node[2],9.343297,176,320
node[1],9.343297,176,320
node[0],9.343297,176,320
node[1],9.356850,172,320
node[2],9.356850,172,320
node[3],9.356850,172,320
node[0],9.365148,176,320
node[2],9.365148,176,320
node[3],9.365148,176,320
node[2],9.369297,172,320
node[1],9.369297,172,320
node[0],9.369297,172,320
node[3],9.371171,176,320
node[1],9.371171,176,320
node[0],9.371171,176,320
node[1],9.378850,180,320
node[2],9.378850,180,320
node[3],9.378850,180,320
node[1],9.385850,176,320
node[2],9.385850,176,320
node[3],9.385850,176,320
node[2],9.388297,180,320
node[1],9.388297,180,320
node[0],9.388297,180,320
node[0],9.389148,172,320
node[2],9.389148,172,320
node[3],9.389148,172,320
node[2],9.394297,172,320
node[1],9.394297,172,320
node[0],9.394297,172,320
node[0],9.403148,180,320
node[2],9.403148,180,320
node[3],9.403148,180,320
node[0],9.407148,176,320
node[2],9.407148,176,320
node[3],9.407148,176,320
node[1],9.408850,172,320
node[2],9.408850,172,320
node[3],9.408850,172,320
node[2],9.413297,176,320
node[1],9.413297,176,320
node[0],9.413297,176,320
node[1],9.414850,176,320
node[2],9.414850,176,320
node[3],9.414850,176,320
node[1],9.417850,180,320
node[2],9.417850,180,320
node[3],9.417850,180,320
node[2],9.427297,172,320
node[1],9.427297,172,320
node[0],9.427297,172,320
node[3],9.432171,172,320
node[1],9.432171,172,320
node[0],9.432171,172,320
node[0],9.438148,172,320
node[2],9.438148,172,320
node[3],9.438148,172,320
node[0],9.443148,176,320
node[2],9.443148,176,320
node[3],9.443148,176,320
node[0],9.453147,180,320
node[2],9.453147,180,320
node[3],9.453147,180,320
node[1],9.458850,176,320
node[2],9.458850,176,320
node[3],9.458850,176,320
node[0],9.463147,172,320
node[2],9.463147,172,320
node[3],9.463147,172,320
node[2],9.468297,180,320
node[1],9.468297,180,320
node[0],9.468297,180,320
node[2],9.472297,176,320
node[1],9.472297,176,320
node[0],9.472297,176,320
node[3],9.473171,176,320
node[1],9.473171,176,320
node[0],9.473171,176,320
node[0],9.475148,176,320
node[2],9.475148,176,320
node[3],9.475148,176,320
node[2],9.475297,172,320
node[1],9.475297,172,320
node[0],9.475297,172,320
node[0],9.478148,180,320
node[2],9.478148,180,320
node[3],9.478148,180,320
node[3],9.483171,180,320
node[1],9.483171,180,320
node[0],9.483171,180,320
node[1],9.488850,176,320
node[2],9.488850,176,320
node[3],9.488850,176,320
node[1],9.512850,180,320
node[2],9.512850,180,320
node[3],9.512850,180,320
node[0],9.535148,172,320
node[2],9.535148,172,320
node[3],9.535148,172,320
node[0],9.536148,176,320
node[2],9.536148,176,320
node[3],9.536148,176,320
node[2],9.545297,176,320
node[1],9.545297,176,320
node[0],9.545297,176,320
node[1],9.556850,172,320
node[2],9.556850,172,320
node[3],9.556850,172,320
node[1],9.557850,176,320
node[2],9.557850,176,320
node[3],9.557850,176,320
node[3],9.563171,172,320
node[1],9.563171,172,320
node[0],9.563171,172,320
node[1],9.578850,180,320
node[2],9.578850,180,320
node[3],9.578850,180,320
node[1],9.585850,176,320
node[2],9.585850,176,320
node[3],9.585850,176,320
node[0],9.589148,172,320
node[2],9.589148,172,320
node[3],9.589148,172,320
node[1],9.606850,172,320
node[2],9.606850,172,320
node[3],9.606850,172,320
node[2],9.613297,176,320
node[1],9.613297,176,320
node[0],9.613297,176,320
node[0],9.617148,172,320
node[2],9.617148,172,320
node[3],9.617148,172,320
node[3],9.621171,176,320
node[1],9.621171,176,320
node[0],9.621171,176,320
node[2],9.629297,180,320
node[1],9.629297,180,320
node[0],9.629297,180,320
node[1],9.639944,180,320
node[2],9.639944,180,320
node[3],9.639944,180,320
node[2],9.640297,172,320
node[1],9.640297,172,320
node[0],9.640297,172,320
node[2],9.646297,176,320
node[1],9.646297,176,320
node[0],9.646297,176,320
node[2],9.654297,180,320
node[1],9.654297,180,320
node[0],9.654297,180,320
node[0],9.662148,172,320
node[2],9.662148,172,320
node[3],9.662148,172,320
node[3],9.667171,176,320
node[1],9.667171,176,320
node[0],9.667171,176,320
node[3],9.668171,180,320
node[1],9.668171,180,320
node[0],9.668171,180,320
node[2],9.685297,172,320
node[1],9.685297,172,320
node[0],9.685297,172,320
node[3],9.690171,172,320
node[1],9.690171,172,320
node[0],9.690171,172,320
node[3],9.719171,180,320
node[1],9.719171,180,320
node[0],9.719171,180,320
node[1],9.723850,180,320
node[2],9.723850,180,320
node[3],9.723850,180,320
node[3],9.736171,172,320
node[1],9.736171,172,320
node[0],9.736171,172,320
node[2],9.736297,180,320
node[1],9.736297,180,320
node[0],9.736297,180,320
node[2],9.738297,176,320
node[1],9.738297,176,320
node[0],9.738297,176,320
node[2],9.742297,172,320
node[1],9.742297,172,320
node[0],9.742297,172,320
node[0],9.746148,176,320
node[2],9.746148,176,320
node[3],9.746148,176,320
node[3],9.757171,176,320
node[1],9.757171,176,320
node[0],9.757171,176,320
node[1],9.764850,176,320
node[2],9.764850,176,320
node[3],9.764850,176,320
node[3],9.767171,172,320
node[1],9.767171,172,320
node[0],9.767171,172,320
node[1],9.770850,172,320
node[2],9.770850,172,320
node[3],9.770850,172,320
node[1],9.773850,180,320
node[2],9.773850,180,320
node[3],9.773850,180,320
node[3],9.779171,180,320
node[1],9.779171,180,320
node[0],9.779171,180,320
node[0],9.780148,176,320
node[2],9.780148,176,320
node[3],9.780148,176,320
node[1],9.789849,176,320
node[2],9.789849,176,320
node[3],9.789849,176,320
node[2],9.799297,176,320
node[1],9.799297,176,320
node[0],9.799297,176,320
node[2],9.811297,172,320
node[1],9.811297,172,320
node[0],9.811297,172,320
node[0],9.817148,176,320
node[2],9.817148,176,320
node[3],9.817148,176,320
node[3],9.826171,176,320
node[1],9.826171,176,320
node[0],9.826171,176,320
node[3],9.829171,180,320
node[1],9.829171,180,320
node[0],9.829171,180,320
node[0],9.834148,172,320
node[2],9.834148,172,320
node[3],9.834148,172,320
node[0],9.842147,176,320
node[2],9.842147,176,320
node[3],9.842147,176,320
node[0],9.850147,180,320
node[2],9.850147,180,320
node[3],9.850147,180,320
node[3],9.850171,172,320
node[1],9.850171,172,320
node[0],9.850171,172,320
node[1],9.850850,176,320
node[2],9.850850,176,320
node[3],9.850850,176,320
node[2],9.857297,172,320
node[1],9.857297,172,320
node[0],9.857297,172,320
node[3],9.864171,176,320
node[1],9.864171,176,320
node[0],9.864171,176,320
node[2],9.874297,180,320
node[1],9.874297,180,320
node[0],9.874297,180,320
node[1],9.876850,176,320
node[2],9.876850,176,320
node[3],9.876850,176,320
node[1],9.886850,172,320
node[2],9.886850,172,320
node[3],9.886850,172,320
node[2],9.891297,172,320
node[1],9.891297,172,320
node[0],9.891297,172,320
node[3],9.900171,176,320
node[1],9.900171,176,320
node[0],9.900171,176,320
node[1],9.900850,180,320
node[2],9.900850,180,320
node[3],9.900850,180,320
node[3],9.902171,172,320
node[1],9.902171,172,320
node[0],9.902171,172,320
node[2],9.917297,172,320
node[1],9.917297,172,320
node[0],9.917297,172,320
node[3],9.925972,180,320
node[1],9.925972,180,320
node[0],9.925972,180,320
node[2],9.933297,180,320
node[1],9.933297,180,320
node[0],9.933297,180,320
node[1],9.933850,172,320
node[2],9.933850,172,320
node[3],9.933850,172,320
node[1],9.934850,176,320
node[2],9.934850,176,320
node[3],9.934850,176,320
node[3],9.951171,176,320
node[1],9.951171,176,320
node[0],9.951171,176,320
node[0],9.962148,176,320
node[2],9.962148,176,320
node[3],9.962148,176,320
node[2],9.973297,180,320
node[1],9.973297,180,320
node[0],9.973297,180,320
node[1],9.977850,176,320
node[2],9.977850,176,320
node[3],9.977850,176,320
node[1],9.988850,172,320
node[2],9.988850,172,320
node[3],9.988850,172,320
node[3],10.002171,180,320
node[1],10.002171,180,320
node[0],10.002171,180,320
node[3],10.013171,172,320
node[1],10.013171,172,320
node[0],10.013171,172,320
node[0],10.018148,180,320
node[2],10.018148,180,320
node[3],10.018148,180,320
node[0],10.024148,172,320
node[2],10.024148,172,320
node[3],10.024148,172,320
node[3],10.024171,176,320
node[1],10.024171,176,320
node[0],10.024171,176,320
node[2],10.045297,176,320
node[1],10.045297,176,320
node[0],10.045297,176,320
node[3],10.053171,172,320
node[1],10.053171,172,320
node[0],10.053171,172,320
node[2],10.054297,180,320
node[1],10.054297,180,320
node[0],10.054297,180,320
node[3],10.064171,176,320
node[1],10.064171,176,320
node[0],10.064171,176,320
node[1],10.067850,172,320
node[2],10.067850,172,320
node[3],10.067850,172,320
node[1],10.068850,176,320
node[2],10.068850,176,320
node[3],10.068850,176,320
node[2],10.074297,172,320
node[1],10.074297,172,320
node[0],10.074297,172,320
node[2],10.076297,176,320
node[1],10.076297,176,320
node[0],10.076297,176,320
node[2],10.092297,180,320
node[1],10.092297,180,320
node[0],10.092297,180,320
node[0],10.103148,172,320
node[2],10.103148,172,320
node[3],10.103148,172,320
node[1],10.112850,176,320
node[2],10.112850,176,320
node[3],10.112850,176,320
node[1],10.113850,180,320
node[2],10.113850,180,320
node[3],10.113850,180,320
node[1],10.115850,172,320
node[2],10.115850,172,320
node[3],10.115850,172,320
node[2],10.128297,172,320
node[1],10.128297,172,320
node[0],10.128297,172,320
node[0],10.129148,176,320
node[2],10.129148,176,320
node[3],10.129148,176,320
node[1],10.137849,176,320
node[2],10.137849,176,320
node[3],10.137849,176,320
node[1],10.138850,180,320
node[2],10.138850,180,320
node[3],10.138850,180,320
node[2],10.142297,180,320
node[1],10.142297,180,320
node[0],10.142297,180,320
node[3],10.143171,172,320
node[1],10.143171,172,320
node[0],10.143171,172,320
node[2],10.144297,176,320
node[1],10.144297,176,320
node[0],10.144297,176,320
node[3],10.157171,176,320
node[1],10.157171,176,320
node[0],10.157171,176,320
node[2],10.158297,172,320
node[1],10.158297,172,320
node[0],10.158297,172,320
node[0],10.160148,176,320
node[2],10.160148,176,320
node[3],10.160148,176,320
node[1],10.163850,176,320
node[2],10.163850,176,320
node[3],10.163850,176,320
node[0],10.177148,180,320
node[2],10.177148,180,320
node[3],10.177148,180,320
node[2],10.177297,176,320
node[1],10.177297,176,320
node[0],10.177297,176,320
node[0],10.193148,176,320
node[2],10.193148,176,320
node[3],10.193148,176,320
node[1],10.196850,176,320
node[2],10.196850,176,320
node[3],10.196850,176,320
node[0],10.204148,180,320
node[2],10.204148,180,320
node[3],10.204148,180,320
node[1],10.207850,172,320
node[2],10.207850,172,320
node[3],10.207850,172,320
node[0],10.210148,172,320
node[2],10.210148,172,320
node[3],10.210148,172,320
node[0],10.220148,176,320
node[2],10.220148,176,320
node[3],10.220148,176,320
node[3],10.230171,180,320
node[1],10.230171,180,320
node[0],10.230171,180,320
node[2],10.230297,176,320
node[1],10.230297,176,320
node[0],10.230297,176,320
node[1],10.230918,180,320
node[2],10.230918,180,320
node[3],10.230918,180,320
node[0],10.235147,172,320
node[2],10.235147,172,320
node[3],10.235147,172,320
node[0],10.245147,176,320
node[2],10.245147,176,320
node[3],10.245147,176,320
node[1],10.250850,176,320
node[2],10.250850,176,320
node[3],10.250850,176,320
node[0],10.254147,180,320
node[2],10.254147,180,320
node[3],10.254147,180,320
node[2],10.254297,172,320
node[1],10.254297,172,320
node[0],10.254297,172,320
node[3],10.274171,176,320
node[1],10.274171,176,320
node[0],10.274171,176,320
node[1],10.277850,172,320
node[2],10.277850,172,320
node[3],10.277850,172,320
node[0],10.292148,172,320
node[2],10.292148,172,320
node[3],10.292148,172,320
node[2],10.296297,172,320
node[1],10.296297,172,320
node[0],10.296297,172,320
node[2],10.298297,176,320
node[1],10.298297,176,320
node[0],10.298297,176,320
node[3],10.299171,180,320
node[1],10.299171,180,320
node[0],10.299171,180,320
node[3],10.307171,172,320
node[1],10.307171,172,320
node[0],10.307171,172,320
node[0],10.316148,180,320
node[2],10.316148,180,320
node[3],10.316148,180,320
node[3],10.316171,176,320
node[1],10.316171,176,320
node[0],10.316171,176,320
node[2],10.321297,172,320
node[1],10.321297,172,320
node[0],10.321297,172,320
node[3],10.325171,180,320
node[1],10.325171,180,320
node[0],10.325171,180,320
node[2],10.344297,176,320
node[1],10.344297,176,320
node[0],10.344297,176,320
node[2],10.353297,180,320
node[1],10.353297,180,320
node[0],10.353297,180,320
node[0],10.356148,172,320
node[2],10.356148,172,320
node[3],10.356148,172,320
node[2],10.359297,172,320
node[1],10.359297,172,320
node[0],10.359297,172,320
node[3],10.362171,176,320
node[1],10.362171,176,320
node[0],10.362171,176,320
node[1],10.364850,172,320
node[2],10.364850,172,320
node[3],10.364850,172,320
node[3],10.367171,172,320
node[1],10.367171,172,320
node[0],10.367171,172,320
node[3],10.375171,180,320
node[1],10.375171,180,320
node[0],10.375171,180,320
node[0],10.384148,176,320
node[2],10.384148,176,320
node[3],10.384148,176,320
node[2],10.384816,176,320
node[1],10.384816,176,320
node[0],10.384816,176,320
node[3],10.387171,176,320
node[1],10.387171,176,320
node[0],10.387171,176,320
node[2],10.387297,172,320
node[1],10.387297,172,320
node[0],10.387297,172,320
node[0],10.394148,180,320
node[2],10.394148,180,320
node[3],10.394148,180,320
node[0],10.405148,172,320
node[2],10.405148,172,320
node[3],10.405148,172,320
node[0],10.409147,176,320
node[2],10.409147,176,320
node[3],10.409147,176,320
node[3],10.412171,180,320
node[1],10.412171,180,320
node[0],10.412171,180,320
node[3],10.416171,172,320
node[1],10.416171,172,320
node[0],10.416171,172,320
node[0],10.421148,180,320
node[2],10.421148,180,320
node[3],10.421148,180,320
node[3],10.433171,176,320
node[1],10.433171,176,320
node[0],10.433171,176,320
node[2],10.436297,180,320
node[1],10.436297,180,320
node[0],10.436297,180,320
node[1],10.439850,172,320
node[2],10.439850,172,320
node[3],10.439850,172,320
node[1],10.444850,176,320
node[2],10.444850,176,320
node[3],10.444850,176,320
node[3],10.453171,172,320
node[1],10.453171,172,320
node[0],10.453171,172,320
node[0],10.454148,176,320
node[2],10.454148,176,320
node[3],10.454148,176,320
node[2],10.456297,172,320
node[1],10.456297,172,320
node[0],10.456297,172,320
node[1],10.464849,172,320
node[2],10.464849,172,320
node[3],10.464849,172,320
node[1],10.469849,176,320
node[2],10.469849,176,320
node[3],10.469849,176,320
node[1],10.470849,180,320
node[2],10.470849,180,320
node[3],10.470849,180,320
node[1],10.489849,172,320
node[2],10.489849,172,320
node[3],10.489849,172,320
node[2],10.490297,176,320
node[1],10.490297,176,320
node[0],10.490297,176,320
node[1],10.494849,176,320
node[2],10.494849,176,320
node[3],10.494849,176,320
node[2],10.513297,172,320
node[1],10.513297,172,320
node[0],10.513297,172,320
node[1],10.524850,180,320
node[2],10.524850,180,320
node[3],10.524850,180,320
node[2],10.525297,176,320
node[1],10.525297,176,320
node[0],10.525297,176,320
node[3],10.530171,172,320
node[1],10.530171,172,320
node[0],10.530171,172,320
node[2],10.536297,180,320
node[1],10.536297,180,320
node[0],10.536297,180,320
node[2],10.538296,172,320
node[1],10.538296,172,320
node[0],10.538296,172,320
node[3],10.547171,176,320
node[1],10.547171,176,320
node[0],10.547171,176,320
node[2],10.550296,176,320
node[1],10.550296,176,320
node[0],10.550296,176,320
node[0],10.552148,180,320
node[2],10.552148,180,320
node[3],10.552148,180,320
node[1],10.552850,172,320
node[2],10.552850,172,320
node[3],10.552850,172,320
node[1],10.558850,176,320
node[2],10.558850,176,320
node[3],10.558850,176,320
node[2],10.561296,180,320
node[1],10.561296,180,320
node[0],10.561296,180,320
node[3],10.568171,180,320
node[1],10.568171,180,320
node[0],10.568171,180,320
node[3],10.575171,176,320
node[1],10.575171,176,320
node[0],10.575171,176,320
node[0],10.579148,176,320
node[2],10.579148,176,320
node[3],10.579148,176,320
node[0],10.585148,172,320
node[2],10.585148,172,320
node[3],10.585148,172,320
node[3],10.599171,180,320
node[1],10.599171,180,320
node[0],10.599171,180,320
node[1],10.600850,180,320
node[2],10.600850,180,320
node[3],10.600850,180,320
node[2],10.604297,172,320
node[1],10.604297,172,320
node[0],10.604297,172,320
node[1],10.607850,172,320
node[2],10.607850,172,320
node[3],10.607850,172,320
node[2],10.608297,176,320
node[1],10.608297,176,320
node[0],10.608297,176,320
node[0],10.618148,176,320
node[2],10.618148,176,320
node[3],10.618148,176,320
node[0],10.625148,172,320
node[2],10.625148,172,320
node[3],10.625148,172,320
node[3],10.642171,172,320
node[1],10.642171,172,320
node[0],10.642171,172,320
node[0],10.643147,176,320
node[2],10.643147,176,320
node[3],10.643147,176,320
node[3],10.644171,176,320
node[1],10.644171,176,320
node[0],10.644171,176,320
node[2],10.646297,176,320
node[1],10.646297,176,320
node[0],10.646297,176,320
node[1],10.650850,172,320
node[2],10.650850,172,320
node[3],10.650850,172,320
node[1],10.679850,172,320
node[2],10.679850,172,320
node[3],10.679850,172,320
node[3],10.691171,180,320
node[1],10.691171,180,320
node[0],10.691171,180,320
node[1],10.696850,176,320
node[2],10.696850,176,320
node[3],10.696850,176,320
node[2],10.713297,176,320
node[1],10.713297,176,320
node[0],10.713297,176,320
node[0],10.717148,176,320
node[2],10.717148,176,320
node[3],10.717148,176,320
node[2],10.719297,172,320
node[1],10.719297,172,320
node[0],10.719297,172,320
node[2],10.726296,180,320
node[1],10.726296,180,320
node[0],10.726296,180,320
node[3],10.731171,176,320
node[1],10.731171,176,320
node[0],10.731171,176,320
node[3],10.738171,180,320
node[1],10.738171,180,320
node[0],10.738171,180,320
node[2],10.742297,176,320
node[1],10.742297,176,320
node[0],10.742297,176,320
node[1],10.742939,176,320
node[2],10.742940,176,320
node[3],10.742940,176,320
node[0],10.751148,176,320
node[2],10.751148,176,320
node[3],10.751148,176,320
node[0],10.756148,180,320
node[2],10.756148,180,320
node[3],10.756148,180,320
node[1],10.757850,172,320
node[2],10.757850,172,320
node[3],10.757850,172,320
node[3],10.763171,172,320
node[1],10.763171,172,320
node[0],10.763171,172,320
node[2],10.769297,176,320
node[1],10.769297,176,320
node[0],10.769297,176,320
node[2],10.773297,172,320
node[1],10.773297,172,320
node[0],10.773297,172,320
node[1],10.774850,180,320
node[2],10.774850,180,320
node[3],10.774850,180,320
node[0],10.782148,176,320
node[2],10.782148,176,320
node[3],10.782148,176,320
node[3],10.787171,176,320
node[1],10.787171,176,320
node[0],10.787171,176,320
node[3],10.796171,180,320
node[1],10.796171,180,320
node[0],10.796171,180,320
node[2],10.797297,176,320
node[1],10.797297,176,320
node[0],10.797297,176,320
node[1],10.812850,172,320
node[2],10.812850,172,320
node[3],10.812850,172,320
node[2],10.829297,180,320
node[1],10.829297,180,320
node[0],10.829297,180,320
node[3],10.830186,180,320
node[1],10.830186,180,320
node[0],10.830186,180,320
node[0],10.841148,172,320
node[2],10.841148,172,320
node[3],10.841148,172,320
node[3],10.843171,172,320
node[1],10.843171,172,320
node[0],10.843171,172,320
node[3],10.844171,176,320
node[1],10.844171,176,320
node[0],10.844171,176,320
node[1],10.850850,172,320
node[2],10.850850,172,320
node[3],10.850850,172,320
node[1],10.853850,176,320
node[2],10.853850,176,320
node[3],10.853850,176,320
node[2],10.860297,180,320
node[1],10.860297,180,320
node[0],10.860297,180,320
node[3],10.868171,172,320
node[1],10.868171,172,320
node[0],10.868171,172,320
node[1],10.870849,180,320
node[2],10.870849,180,320
node[3],10.870849,180,320
node[1],10.885850,176,320
node[2],10.885850,176,320
node[3],10.885850,176,320
node[1],10.888850,172,320
node[2],10.888850,172,320
node[3],10.888850,172,320
node[2],10.893297,180,320
node[1],10.893297,180,320
node[0],10.893297,180,320
node[3],10.900171,180,320
node[1],10.900171,180,320
node[0],10.900171,180,320
node[0],10.902148,176,320
node[2],10.902148,176,320
node[3],10.902148,176,320
node[2],10.902297,172,320
node[1],10.902297,172,320
node[0],10.902297,172,320
node[0],10.909148,172,320
node[2],10.909148,172,320
node[3],10.909148,172,320
node[3],10.918171,172,320
node[1],10.918171,172,320
node[0],10.918171,172,320
node[1],10.919850,176,320
node[2],10.919850,176,320
node[3],10.919850,176,320
node[2],10.921297,176,320
node[1],10.921297,176,320
node[0],10.921297,176,320
node[3],10.922171,176,320
node[1],10.922171,176,320
node[0],10.922171,176,320
node[2],10.927296,172,320
node[1],10.927296,172,320
node[0],10.927296,172,320
node[2],10.945297,180,320
node[1],10.945297,180,320
node[0],10.945297,180,320
node[0],10.948148,172,320
node[2],10.948148,172,320
node[3],10.948148,172,320
node[0],10.956148,180,320
node[2],10.956148,180,320
node[3],10.956148,180,320
node[2],10.959297,172,320
node[1],10.959297,172,320
node[0],10.959297,172,320
node[0],10.969148,176,320
node[2],10.969148,176,320
node[3],10.969148,176,320
node[2],10.974297,180,320
node[1],10.974297,180,320
node[0],10.974297,180,320
node[3],10.977171,176,320
node[1],10.977171,176,320
node[0],10.977171,176,320
node[2],10.978297,176,320
node[1],10.978297,176,320
node[0],10.978297,176,320
node[0],10.980148,172,320
node[2],10.980148,172,320
node[3],10.980148,172,320
node[3],10.987171,172,320
node[1],10.987171,172,320
node[0],10.987171,172,320
node[3],10.988171,180,320
node[1],10.988171,180,320
node[0],10.988171,180,320
node[2],10.988297,172,320
node[1],10.988297,172,320
node[0],10.988297,172,320
node[1],10.991850,180,320
node[2],10.991850,180,320
node[3],10.991850,180,320
node[1],10.996850,172,320
node[2],10.996850,172,320
node[3],10.996850,172,320
node[3],11.002171,176,320
node[1],11.002171,176,320
node[0],11.002171,176,320
node[3],11.012171,172,320
node[1],11.012171,172,320
node[0],11.012171,172,320
node[3],11.013171,180,320
node[1],11.013171,180,320
node[0],11.013171,180,320
node[0],11.014148,180,320
node[2],11.014148,180,320
node[3],11.014148,180,320
node[0],11.015148,176,320
node[2],11.015148,176,320
node[3],11.015148,176,320
node[3],11.027171,176,320
node[1],11.027171,176,320
node[0],11.027171,176,320
node[1],11.028850,176,320
node[2],11.028850,176,320
node[3],11.028850,176,320
node[3],11.037171,172,320
node[1],11.037171,172,320
node[0],11.037171,172,320
node[1],11.037850,180,320
node[2],11.037850,180,320
node[3],11.037850,180,320
node[0],11.051148,176,320
node[2],11.051148,176,320
node[3],11.051148,176,320
node[1],11.054850,176,320
node[2],11.054850,176,320
node[3],11.054850,176,320
node[3],11.060171,176,320
node[1],11.060171,176,320
node[0],11.060171,176,320
node[0],11.063148,172,320
node[2],11.063148,172,320
node[3],11.063148,172,320
node[3],11.064171,180,320
node[1],11.064171,180,320
node[0],11.064171,180,320
node[3],11.065171,172,320
node[1],11.065171,172,320
node[0],11.065171,172,320
node[1],11.076850,172,320
node[2],11.076850,172,320
node[3],11.076850,172,320
node[2],11.079297,180,320
node[1],11.079297,180,320
node[0],11.079297,180,320
node[0],11.099148,172,320
node[2],11.099148,172,320
node[3],11.099148,172,320
node[1],11.102850,180,320
node[2],11.102850,180,320
node[3],11.102850,180,320
node[1],11.105850,172,320
node[2],11.105850,172,320
node[3],11.105850,172,320
node[3],11.108171,176,320
node[1],11.108171,176,320
node[0],11.108171,176,320
node[3],11.110171,180,320
node[1],11.110171,180,320
node[0],11.110171,180,320
node[1],11.115850,176,320
node[2],11.115850,176,320
node[3],11.115850,176,320
node[0],11.121148,180,320
node[2],11.121148,180,320
node[3],11.121148,180,320
node[0],11.125148,176,320
node[2],11.125148,176,320
node[3],11.125148,176,320
node[2],11.125297,172,320
node[1],11.125297,172,320
node[0],11.125297,172,320
node[3],11.130171,172,320
node[1],11.130171,172,320
node[0],11.130171,172,320
node[0],11.137148,172,320
node[2],11.137148,172,320
node[3],11.137148,172,320
node[3],11.137171,176,320
node[1],11.137171,176,320
node[0],11.137171,176,320
node[2],11.137826,176,320
node[1],11.137827,176,320
node[0],11.137827,176,320
node[1],11.137850,180,320
node[2],11.137850,180,320
node[3],11.137850,180,320
node[1],11.149850,172,320
node[2],11.149850,172,320
node[3],11.149850,172,320
node[0],11.150147,176,320
node[2],11.150147,176,320
node[3],11.150147,176,320
node[2],11.151297,172,320
node[1],11.151297,172,320
node[0],11.151297,172,320
node[1],11.153850,176,320
node[2],11.153850,176,320
node[3],11.153850,176,320
node[3],11.155171,172,320
node[1],11.155171,172,320
node[0],11.155171,172,320
node[0],11.162147,172,320
node[2],11.162147,172,320
node[3],11.162147,172,320
node[0],11.171147,180,320
node[2],11.171147,180,320
node[3],11.171147,180,320
node[1],11.174849,172,320
node[2],11.174849,172,320
node[3],11.174849,172,320
node[1],11.178849,176,320
node[2],11.178849,176,320
node[3],11.178849,176,320
node[3],11.185171,180,320
node[1],11.185171,180,320
node[0],11.185171,180,320
node[0],11.191148,176,320
node[2],11.191148,176,320
node[3],11.191148,176,320
node[3],11.195171,172,320
node[1],11.195171,172,320
node[0],11.195171,172,320
node[0],11.197148,172,320
node[2],11.197148,172,320
node[3],11.197148,172,320
node[3],11.205171,176,320
node[1],11.205171,176,320
node[0],11.205171,176,320
node[0],11.223148,180,320
node[2],11.223148,180,320
node[3],11.223148,180,320
node[3],11.237171,180,320
node[1],11.237171,180,320
node[0],11.237171,180,320
node[0],11.241148,172,320
node[2],11.241148,172,320
node[3],11.241148,172,320
node[2],11.254297,176,320
node[1],11.254297,176,320
node[0],11.254297,176,320
node[2],11.257297,172,320
node[1],11.257297,172,320
node[0],11.257297,172,320
node[3],11.264171,172,320
node[1],11.264171,172,320
node[0],11.264171,172,320
node[3],11.280171,176,320
node[1],11.280171,176,320
node[0],11.280171,176,320
node[3],11.302171,172,320
node[1],11.302171,172,320
node[0],11.302171,172,320
node[1],11.304850,172,320
node[2],11.304850,172,320
node[3],11.304850,172,320
node[3],11.316171,176,320
node[1],11.316171,176,320
node[0],11.316171,176,320
node[0],11.326148,172,320
node[2],11.326148,172,320
node[3],11.326148,172,320
node[2],11.331297,180,320
node[1],11.331297,180,320
node[0],11.331297,180,320
node[3],11.335171,180,320
node[1],11.335171,180,320
node[0],11.335171,180,320
node[1],11.338850,180,320
node[2],11.338850,180,320
node[3],11.338850,180,320
node[2],11.348297,176,320
node[1],11.348297,176,320
node[0],11.348297,176,320
node[0],11.352148,172,320
node[2],11.352148,172,320
node[3],11.352148,172,320
node[0],11.360148,176,320
node[2],11.360148,176,320
node[3],11.360148,176,320
node[3],11.362171,172,320
node[1],11.362171,172,320
node[0],11.362171,172,320
node[1],11.362850,176,320
node[2],11.362850,176,320
node[3],11.362850,176,320
node[3],11.363492,176,320
node[1],11.363492,176,320
node[0],11.363492,176,320
node[1],11.366850,172,320
node[2],11.366850,172,320
node[3],11.366850,172,320
node[2],11.373297,176,320
node[1],11.373297,176,320
node[0],11.373297,176,320
node[3],11.385171,180,320
node[1],11.385171,180,320
node[0],11.385171,180,320
node[3],11.387171,172,320
node[1],11.387171,172,320
node[0],11.387171,172,320
node[1],11.387849,176,320
node[2],11.387849,176,320
node[3],11.387849,176,320
node[3],11.388491,176,320
node[1],11.388491,176,320
node[0],11.388491,176,320
node[0],11.398148,176,320
node[2],11.398148,176,320
node[3],11.398148,176,320
node[2],11.399297,176,320
node[1],11.399297,176,320
node[0],11.399297,176,320
node[2],11.402297,172,320
node[1],11.402297,172,320
node[0],11.402297,172,320
node[1],11.409850,172,320
node[2],11.409850,172,320
node[3],11.409850,172,320
node[3],11.410171,180,320
node[1],11.410171,180,320
node[0],11.410171,180,320
node[1],11.413850,180,320
node[2],11.413850,180,320
node[3],11.413850,180,320
node[0],11.421148,180,320
node[2],11.421148,180,320
node[3],11.421148,180,320
node[2],11.424296,176,320
node[1],11.424296,176,320
node[0],11.424296,176,320
node[0],11.426148,172,320
node[2],11.426148,172,320
node[3],11.426148,172,320
node[2],11.426296,180,320
node[1],11.426296,180,320
node[0],11.426296,180,320
node[0],11.431148,176,320
node[2],11.431148,176,320
node[3],11.431148,176,320
node[3],11.456171,176,320
node[1],11.456171,176,320
node[0],11.456171,176,320
node[1],11.460850,172,320
node[2],11.460850,172,320
node[3],11.460850,172,320
node[2],11.461297,180,320
node[1],11.461297,180,320
node[0],11.461297,180,320
node[0],11.466148,176,320
node[2],11.466148,176,320
node[3],11.466148,176,320
node[0],11.494148,176,320
node[2],11.494148,176,320
node[3],11.494148,176,320
node[0],11.499148,180,320
node[2],11.499148,180,320
node[3],11.499148,180,320
node[3],11.505171,176,320
node[1],11.505171,176,320
node[0],11.505171,176,320
node[0],11.514148,172,320
node[2],11.514148,172,320
node[3],11.514148,172,320
node[2],11.534297,180,320
node[1],11.534297,180,320
node[0],11.534297,180,320
node[1],11.535850,172,320
node[2],11.535850,172,320
node[3],11.535850,172,320
node[1],11.544850,180,320
node[2],11.544850,180,320
node[3],11.544850,180,320
node[3],11.547171,176,320
node[1],11.547171,176,320
node[0],11.547171,176,320
node[3],11.551171,172,320
node[1],11.551171,172,320
node[0],11.551171,172,320
node[1],11.553850,176,320
node[2],11.553850,176,320
node[3],11.553850,176,320
node[0],11.555148,176,320
node[2],11.555148,176,320
node[3],11.555148,176,320
node[3],11.579171,176,320
node[1],11.579171,176,320
node[0],11.579171,176,320
node[0],11.597148,176,320
node[2],11.597148,176,320
node[3],11.597148,176,320
node[2],11.597816,176,320
node[1],11.597816,176,320
node[0],11.597816,176,320
node[3],11.598171,172,320
node[1],11.598171,172,320
node[0],11.598171,172,320
node[3],11.600171,180,320
node[1],11.600171,180,320
node[0],11.600171,180,320
node[2],11.604297,172,320
node[1],11.604297,172,320
node[0],11.604297,172,320
node[1],11.616850,172,320
node[2],11.616850,172,320
node[3],11.616850,172,320
node[1],11.618850,176,320
node[2],11.618850,176,320
node[3],11.618850,176,320
node[3],11.619505,176,320
node[1],11.619505,176,320
node[0],11.619505,176,320
node[1],11.623850,180,320
node[2],11.623850,180,320
node[3],11.623850,180,320
node[2],11.629297,180,320
node[1],11.629297,180,320
node[0],11.629297,180,320
node[2],11.635297,176,320
node[1],11.635297,176,320
node[0],11.635297,176,320
node[1],11.646850,176,320
node[2],11.646850,176,320
node[3],11.646850,176,320
node[0],11.654148,180,320
node[2],11.654148,180,320
node[3],11.654148,180,320
node[3],11.658171,176,320
node[1],11.658171,176,320
node[0],11.658171,176,320
node[3],11.661171,172,320
node[1],11.661171,172,320
node[0],11.661171,172,320
node[1],11.661850,172,320
node[2],11.661850,172,320
node[3],11.661850,172,320
node[2],11.671297,176,320
node[1],11.671297,176,320
node[0],11.671297,176,320
node[1],11.671978,176,320
node[2],11.671979,176,320
node[3],11.671979,176,320
node[1],11.676850,180,320
node[2],11.676850,180,320
node[3],11.676850,180,320
node[2],11.727297,180,320
node[1],11.727297,180,320
node[0],11.727297,180,320
node[0],11.735148,176,320
node[2],11.735148,176,320
node[3],11.735148,176,320
node[0],11.741148,172,320
node[2],11.741148,172,320
node[3],11.741148,172,320
node[2],11.749297,176,320
node[1],11.749297,176,320
node[0],11.749297,176,320
node[3],11.777171,180,320
node[1],11.777171,180,320
node[0],11.777171,180,320
node[2],11.781297,180,320
node[1],11.781297,180,320
node[0],11.781297,180,320
node[2],11.782297,176,320
node[1],11.782297,176,320
node[0],11.782297,176,320
node[0],11.788148,176,320
node[2],11.788148,176,320
node[3],11.788148,176,320
node[3],11.790171,172,320
node[1],11.790171,172,320
node[0],11.790171,172,320
node[3],11.798171,176,320
node[1],11.798171,176,320
node[0],11.798171,176,320
node[3],11.806171,180,320
node[1],11.806171,180,320
node[0],11.806171,180,320
node[0],11.808148,172,320
node[2],11.808148,172,320
node[3],11.808148,172,320
node[1],11.816850,172,320
node[2],11.816850,172,320
node[3],11.816850,172,320
node[3],11.825171,172,320
node[1],11.825171,172,320
node[0],11.825171,172,320
node[3],11.835171,180,320
node[1],11.835171,180,320
node[0],11.835171,180,320
node[2],11.836297,176,320
node[1],11.836297,176,320
node[0],11.836297,176,320
node[2],11.845297,180,320
node[1],11.845297,180,320
node[0],11.845297,180,320
node[0],11.846148,172,320
node[2],11.846148,172,320
node[3],11.846148,172,320
node[2],11.848297,172,320
node[1],11.848297,172,320
node[0],11.848297,172,320
node[1],11.856850,172,320
node[2],11.856850,172,320
node[3],11.856850,172,320
node[1],11.872850,176,320
node[2],11.872850,176,320
node[3],11.872850,176,320
node[1],11.881850,172,320
node[2],11.881850,172,320
node[3],11.881850,172,320
node[2],11.882492,172,320
node[1],11.882492,172,320
node[0],11.882492,172,320
node[3],11.892171,176,320
node[1],11.892171,176,320
node[0],11.892171,176,320
node[3],11.916171,172,320
node[1],11.916171,172,320
node[0],11.916171,172,320
node[3],11.917171,176,320
node[1],11.917171,176,320
node[0],11.917171,176,320
node[0],11.918148,180,320
node[2],11.918148,180,320
node[3],11.918148,180,320
node[3],11.921171,180,320
node[1],11.921171,180,320
node[0],11.921171,180,320
node[2],11.939297,176,320
node[1],11.939297,176,320
node[0],11.939297,176,320
node[0],11.940148,176,320
node[2],11.940148,176,320
node[3],11.940148,176,320
node[3],11.953171,172,320
node[1],11.953171,172,320
node[0],11.953171,172,320
node[3],11.961171,176,320
node[1],11.961171,176,320
node[0],11.961171,176,320
node[0],11.974148,172,320
node[2],11.974148,172,320
node[3],11.974148,172,320
node[3],11.979171,172,320
node[1],11.979171,172,320
node[0],11.979171,172,320
node[1],11.988850,172,320
node[2],11.988850,172,320
node[3],11.988850,172,320
node[2],11.998297,176,320
node[1],11.998297,176,320
node[0],11.998297,176,320
node[2],12.005297,172,320
node[1],12.005297,172,320
node[0],12.005297,172,320
node[0],12.022148,172,320
node[2],12.022148,172,320
node[3],12.022148,172,320
node[2],12.035297,172,320
node[1],12.035297,172,320
node[0],12.035297,172,320
node[2],12.038297,176,320
node[1],12.038297,176,320
node[0],12.038297,176,320
node[1],12.039892,180,320
node[2],12.039892,180,320
node[3],12.039892,180,320
node[0],12.041148,176,320
node[2],12.041148,176,320
node[3],12.041148,176,320
node[1],12.046850,172,320
node[2],12.046850,172,320
node[3],12.046850,172,320
node[2],12.055297,180,320
node[1],12.055297,180,320
node[0],12.055297,180,320
node[2],12.060296,172,320
node[1],12.060296,172,320
node[0],12.060296,172,320
node[1],12.072850,172,320
node[2],12.072850,172,320
node[3],12.072850,172,320
node[0],12.083148,172,320
node[2],12.083148,172,320
node[3],12.083148,172,320
node[2],12.085297,172,320
node[1],12.085297,172,320
node[0],12.085297,172,320
node[2],12.088297,176,320
node[1],12.088297,176,320
node[0],12.088297,176,320
node[0],12.091148,180,320
node[2],12.091148,180,320
node[3],12.091148,180,320
node[3],12.097171,180,320
node[1],12.097171,180,320
node[0],12.097171,180,320
node[0],12.102148,176,320
node[2],12.102148,176,320
node[3],12.102148,176,320
node[3],12.115171,172,320
node[1],12.115171,172,320
node[0],12.115171,172,320
node[3],12.120171,176,320
node[1],12.120171,176,320
node[0],12.120171,176,320
node[0],12.152148,172,320
node[2],12.152148,172,320
node[3],12.152148,172,320
node[2],12.159297,180,320
node[1],12.159297,180,320
node[0],12.159297,180,320
node[1],12.162850,172,320
node[2],12.162850,172,320
node[3],12.162850,172,320
node[1],12.163850,176,320
node[2],12.163850,176,320
node[3],12.163850,176,320
node[3],12.166171,176,320
node[1],12.166171,176,320
node[0],12.166171,176,320
node[0],12.171148,180,320
node[2],12.171148,180,320
node[3],12.171148,180,320
node[2],12.171297,172,320
node[1],12.171297,172,320
node[0],12.171297,172,320
node[3],12.179171,172,320
node[1],12.179171,172,320
node[0],12.179171,172,320
node[2],12.183297,176,320
node[1],12.183297,176,320
node[0],12.183297,176,320
node[0],12.186148,176,320
node[2],12.186148,176,320
node[3],12.186148,176,320
node[2],12.197297,180,320
node[1],12.197297,180,320
node[0],12.197297,180,320
node[0],12.210148,180,320
node[2],12.210148,180,320
node[3],12.210148,180,320
node[2],12.222297,172,320
node[1],12.222297,172,320
node[0],12.222297,172,320
node[1],12.226850,176,320
node[2],12.226850,176,320
node[3],12.226850,176,320
node[1],12.237850,180,320
node[2],12.237850,180,320
node[3],12.237850,180,320
node[2],12.238297,176,320
node[1],12.238297,176,320
node[0],12.238297,176,320
node[1],12.238850,172,320
node[2],12.238850,172,320
node[3],12.238850,172,320
node[2],12.247296,180,320
node[2],12.247296,172,320
node[1],12.247296,180,320
node[1],12.247296,172,320
node[0],12.247296,180,320
node[0],12.247296,172,320
node[0],12.257148,176,320
node[2],12.257148,176,320
node[3],12.257148,176,320
node[0],12.267148,172,320
node[2],12.267148,172,320
node[3],12.267148,172,320
node[3],12.269171,176,320
node[1],12.269171,176,320
node[0],12.269171,176,320
node[2],12.272297,172,320
node[1],12.272297,172,320
node[0],12.272297,172,320
node[2],12.277297,176,320
node[1],12.277297,176,320
node[0],12.277297,176,320
node[3],12.279171,172,320
node[1],12.279171,172,320
node[0],12.279171,172,320
node[2],12.286297,180,320
node[1],12.286297,180,320
node[0],12.286297,180,320
node[3],12.291171,180,320
node[1],12.291171,180,320
node[0],12.291171,180,320
node[3],12.297171,176,320
node[1],12.297171,176,320
node[0],12.297171,176,320
node[3],12.304171,172,320
node[1],12.304171,172,320
node[0],12.304171,172,320
node[0],12.307148,176,320
node[2],12.307148,176,320
node[3],12.307148,176,320
node[2],12.308297,172,320
node[1],12.308297,172,320
node[0],12.308297,172,320
node[3],12.319171,180,320
node[1],12.319171,180,320
node[0],12.319171,180,320
node[2],12.321297,176,320
node[1],12.321297,176,320
node[0],12.321297,176,320
node[2],12.333297,172,320
node[1],12.333297,172,320
node[0],12.333297,172,320
node[2],12.342297,180,320
node[1],12.342297,180,320
node[0],12.342297,180,320
node[3],12.343171,176,320
node[1],12.343171,176,320
node[0],12.343171,176,320
node[2],12.346296,176,320
node[1],12.346296,176,320
node[0],12.346296,176,320
node[0],12.348148,176,320
node[2],12.348148,176,320
node[3],12.348148,176,320
node[0],12.361148,172,320
node[2],12.361148,172,320
node[3],12.361148,172,320
node[1],12.361850,172,320
node[2],12.361850,172,320
node[3],12.361850,172,320
node[0],12.367148,180,320
node[2],12.367148,180,320
node[3],12.367148,180,320
node[1],12.367850,176,320
node[2],12.367850,176,320
node[3],12.367850,176,320
node[1],12.370850,180,320
node[2],12.370850,180,320
node[3],12.370850,180,320
node[2],12.373297,176,320
node[1],12.373297,176,320
node[0],12.373297,176,320
node[3],12.381171,176,320
node[1],12.381171,176,320
node[0],12.381171,176,320
node[2],12.382297,180,320
node[1],12.382297,180,320
node[0],12.382297,180,320
node[2],12.389297,172,320
node[1],12.389297,172,320
node[0],12.389297,172,320
node[3],12.402171,180,320
node[1],12.402171,180,320
node[0],12.402171,180,320
node[0],12.408148,180,320
node[2],12.408148,180,320
node[3],12.408148,180,320
node[3],12.417171,172,320
node[1],12.417171,172,320
node[0],12.417171,172,320
node[1],12.421850,172,320
node[2],12.421850,172,320
node[3],12.421850,172,320
node[3],12.424171,176,320
node[1],12.424171,176,320
node[0],12.424171,176,320
node[3],12.427171,180,320
node[1],12.427171,180,320
node[0],12.427171,180,320
node[1],12.441850,180,320
node[2],12.441850,180,320
node[3],12.441850,180,320
node[3],12.443171,172,320
node[1],12.443171,172,320
node[0],12.443171,172,320
node[1],12.446850,172,320
node[2],12.446850,172,320
node[3],12.446850,172,320
node[3],12.449171,176,320
node[1],12.449171,176,320
node[0],12.449171,176,320
node[0],12.457148,176,320
node[2],12.457148,176,320
node[3],12.457148,176,320
node[0],12.459148,180,320
node[2],12.459148,180,320
node[3],12.459148,180,320
node[3],12.468171,172,320
node[1],12.468171,172,320
node[0],12.468171,172,320
node[2],12.472297,176,320
node[1],12.472297,176,320
node[0],12.472297,176,320
node[3],12.474171,176,320
node[1],12.474171,176,320
node[0],12.474171,176,320
node[1],12.474850,176,320
node[2],12.474850,176,320
node[3],12.474850,176,320
node[2],12.482297,172,320
node[1],12.482297,172,320
node[0],12.482297,172,320
node[0],12.495148,180,320
node[2],12.495148,180,320
node[3],12.495148,180,320
node[3],12.496171,180,320
node[1],12.496171,180,320
node[0],12.496171,180,320
node[2],12.502297,176,320
node[1],12.502297,176,320
node[0],12.502297,176,320
node[1],12.504850,176,320
node[2],12.504850,176,320
node[3],12.504850,176,320
node[3],12.508171,172,320
node[1],12.508171,172,320
node[0],12.508171,172,320
node[1],12.514850,172,320
node[2],12.514850,172,320
node[3],12.514850,172,320
node[0],12.524148,180,320
node[2],12.524148,180,320
node[3],12.524148,180,320
node[3],12.527171,180,320
node[1],12.527171,180,320
node[0],12.527171,180,320
node[2],12.527297,172,320
node[1],12.527297,172,320
node[0],12.527297,172,320
node[0],12.550148,176,320
node[2],12.550148,176,320
node[3],12.550148,176,320
node[1],12.553850,176,320
node[2],12.553850,176,320
node[3],12.553850,176,320
node[0],12.555148,172,320
node[2],12.555148,172,320
node[3],12.555148,172,320
node[2],12.567297,172,320
node[1],12.567297,172,320
node[0],12.567297,172,320
node[1],12.568850,172,320
node[2],12.568850,172,320
node[3],12.568850,172,320
node[0],12.574147,180,320
node[2],12.574147,180,320
node[3],12.574147,180,320
node[1],12.589850,176,320
node[2],12.589850,176,320
node[3],12.589850,176,320
node[0],12.590531,176,320
node[2],12.590531,176,320
node[3],12.590531,176,320
node[0],12.598148,172,320
node[2],12.598148,172,320
node[3],12.598148,172,320
node[1],12.599850,172,320
node[2],12.599850,172,320
node[3],12.599850,172,320
node[2],12.603297,172,320
node[1],12.603297,172,320
node[0],12.603297,172,320
node[0],12.608148,180,320
node[2],12.608148,180,320
node[3],12.608148,180,320
node[0],12.616148,176,320
node[2],12.616148,176,320
node[3],12.616148,176,320
node[0],12.623147,172,320
node[2],12.623147,172,320
node[3],12.623147,172,320
node[3],12.625171,176,320
node[1],12.625171,176,320
node[0],12.625171,176,320
node[2],12.646297,176,320
node[1],12.646297,176,320
node[0],12.646297,176,320
node[2],12.653297,172,320
node[1],12.653297,172,320
node[0],12.653297,172,320
node[2],12.659297,180,320
node[1],12.659297,180,320
node[0],12.659297,180,320
node[0],12.663148,176,320
node[2],12.663148,176,320
node[3],12.663148,176,320
node[0],12.709148,172,320
node[2],12.709148,172,320
node[3],12.709148,172,320
node[0],12.737148,172,320
node[2],12.737148,172,320
node[3],12.737148,172,320
node[1],12.748850,176,320
node[2],12.748850,176,320
node[3],12.748850,176,320
node[0],12.750148,176,320
node[2],12.750148,176,320
node[3],12.750148,176,320
node[0],12.757148,180,320
node[2],12.757148,180,320
node[3],12.757148,180,320
node[0],12.762147,172,320
node[2],12.762147,172,320
node[3],12.762147,172,320
node[2],12.770297,176,320
node[1],12.770297,176,320
node[0],12.770297,176,320
node[0],12.795148,180,320
node[2],12.795148,180,320
node[3],12.795148,180,320
node[1],12.795850,172,320
node[2],12.795850,172,320
node[3],12.795850,172,320
node[3],12.801171,176,320
node[1],12.801171,176,320
node[0],12.801171,176,320
node[1],12.803850,180,320
node[2],12.803850,180,320
node[3],12.803850,180,320
node[2],12.805297,172,320
node[1],12.805297,172,320
node[0],12.805297,172,320
node[0],12.807148,172,320
node[2],12.807148,172,320
node[3],12.807148,172,320
node[2],12.813297,176,320
node[1],12.813297,176,320
node[0],12.813297,176,320
node[0],12.820148,180,320
node[2],12.820148,180,320
node[3],12.820148,180,320
node[2],12.826296,180,320
node[1],12.826296,180,320
node[0],12.826296,180,320
node[1],12.826850,176,320
node[2],12.826850,176,320
node[3],12.826850,176,320
node[2],12.830296,172,320
node[1],12.830296,172,320
node[0],12.830296,172,320
node[3],12.836171,180,320
node[1],12.836171,180,320
node[0],12.836171,180,320
node[0],12.851148,176,320
node[2],12.851148,176,320
node[3],12.851148,176,320
node[2],12.855297,180,320
node[1],12.855297,180,320
node[0],12.855297,180,320
node[0],12.867148,172,320
node[2],12.867148,172,320
node[3],12.867148,172,320
node[2],12.878297,176,320
node[1],12.878297,176,320
node[0],12.878297,176,320
node[2],12.880297,180,320
node[1],12.880297,180,320
node[0],12.880297,180,320
node[1],12.885850,176,320
node[2],12.885850,176,320
node[3],12.885850,176,320
node[2],12.886297,172,320
node[1],12.886297,172,320
node[0],12.886297,172,320
node[1],12.890850,180,320
node[2],12.890850,180,320
node[3],12.890850,180,320
node[1],12.893850,172,320
node[2],12.893850,172,320
node[3],12.893850,172,320
node[0],12.897148,176,320
node[2],12.897148,176,320
node[3],12.897148,176,320
node[3],12.899171,176,320
node[1],12.899171,176,320
node[0],12.899171,176,320
node[3],12.900171,172,320
node[1],12.900171,172,320
node[0],12.900171,172,320
node[2],12.903296,176,320
node[1],12.903296,176,320
node[0],12.903296,176,320
node[1],12.910849,176,320
node[2],12.910849,176,320
node[3],12.910849,176,320
node[2],12.911296,172,320
node[1],12.911296,172,320
node[0],12.911296,172,320
node[1],12.915849,180,320
node[2],12.915849,180,320
node[3],12.915849,180,320
node[1],12.919850,172,320
node[2],12.919850,172,320
node[3],12.919850,172,320
node[3],12.922171,180,320
node[1],12.922171,180,320
node[0],12.922171,180,320
node[3],12.924171,176,320
node[1],12.924171,176,320
node[0],12.924171,176,320
node[2],12.928296,176,320
node[1],12.928296,176,320
node[0],12.928296,176,320
node[3],12.930171,172,320
node[1],12.930171,172,320
node[0],12.930171,172,320
node[2],12.933297,180,320
node[1],12.933297,180,320
node[0],12.933297,180,320
node[0],12.936148,172,320
node[2],12.936148,172,320
node[3],12.936148,172,320
node[2],12.945297,172,320
node[1],12.945297,172,320
node[0],12.945297,172,320
node[1],12.946850,172,320
node[2],12.946850,172,320
node[3],12.946850,172,320
node[1],12.968850,176,320
node[2],12.968850,176,320
node[3],12.968850,176,320
node[2],12.969492,176,320
node[1],12.969492,176,320
node[0],12.969492,176,320
node[1],12.972850,180,320
node[2],12.972850,180,320
node[3],12.972850,180,320
node[2],12.975297,180,320
node[1],12.975297,180,320
node[0],12.975297,180,320
node[0],12.976160,180,320
node[2],12.976160,180,320
node[3],12.976160,180,320
node[1],12.976850,172,320
node[2],12.976850,172,320
node[3],12.976850,172,320
node[0],12.978148,172,320
node[2],12.978148,172,320
node[3],12.978148,172,320
node[3],12.988171,176,320
node[1],12.988171,176,320
node[0],12.988171,176,320
node[2],13.001297,180,320
node[1],13.001297,180,320
node[0],13.001297,180,320
node[0],13.011148,172,320
node[2],13.011148,172,320
node[3],13.011148,172,320
node[1],13.012850,176,320
node[2],13.012850,176,320
node[3],13.012850,176,320
node[3],13.017171,176,320
node[1],13.017171,176,320
node[0],13.017171,176,320
node[2],13.023297,172,320
node[1],13.023297,172,320
node[0],13.023297,172,320
node[3],13.027171,172,320
node[1],13.027171,172,320
node[0],13.027171,172,320
node[1],13.032850,180,320
node[2],13.032850,180,320
node[3],13.032850,180,320
node[3],13.076171,180,320
node[1],13.076171,180,320
node[0],13.076171,180,320
node[0],13.079148,176,320
node[2],13.079148,176,320
node[3],13.079148,176,320
node[2],13.085297,172,320
node[1],13.085297,172,320
node[0],13.085297,172,320
node[1],13.086850,172,320
node[2],13.086850,172,320
node[3],13.086850,172,320
node[2],13.109297,176,320
node[1],13.109297,176,320
node[0],13.109297,176,320
node[2],13.110297,172,320
node[1],13.110297,172,320
node[0],13.110297,172,320
node[1],13.130850,176,320
node[2],13.130850,176,320
node[3],13.130850,176,320
node[0],13.141148,172,320
node[2],13.141148,172,320
node[3],13.141148,172,320
node[1],13.148850,172,320
node[2],13.148850,172,320
node[3],13.148850,172,320
node[0],13.153148,176,320
node[2],13.153148,176,320
node[3],13.153148,176,320
node[2],13.162297,176,320
node[1],13.162297,176,320
node[0],13.162297,176,320
node[3],13.169171,180,320
node[1],13.169171,180,320
node[0],13.169171,180,320
node[0],13.173148,172,320
node[2],13.173148,172,320
node[3],13.173148,172,320
node[1],13.204850,176,320
node[2],13.204850,176,320
node[3],13.204850,176,320
node[3],13.206171,172,320
node[1],13.206171,172,320
node[0],13.206171,172,320
node[1],13.206850,180,320
node[2],13.206850,180,320
node[3],13.206850,180,320
node[1],13.213850,172,320
node[2],13.213850,172,320
node[3],13.213850,172,320
node[3],13.220171,180,320
node[1],13.220171,180,320
node[0],13.220171,180,320
node[3],13.224171,176,320
node[1],13.224171,176,320
node[0],13.224171,176,320
node[3],13.231171,172,320
node[1],13.231171,172,320
node[0],13.231171,172,320
node[2],13.236297,176,320
node[1],13.236297,176,320
node[0],13.236297,176,320
node[2],13.246625,180,320
node[1],13.246625,180,320
node[0],13.246625,180,320
node[3],13.249171,176,320
node[1],13.249171,176,320
node[0],13.249171,176,320
node[2],13.249297,172,320
node[1],13.249297,172,320
node[0],13.249297,172,320
node[0],13.273148,172,320
node[2],13.273148,172,320
node[3],13.273148,172,320
node[0],13.279148,180,320
node[2],13.279148,180,320
node[3],13.279148,180,320
node[0],13.281148,176,320
node[2],13.281148,176,320
node[3],13.281148,176,320
node[1],13.292850,172,320
node[2],13.292850,172,320
node[3],13.292850,172,320
node[3],13.300171,180,320
node[1],13.300171,180,320
node[0],13.300171,180,320
node[0],13.302148,172,320
node[2],13.302148,172,320
node[3],13.302148,172,320
node[1],13.303850,180,320
node[2],13.303850,180,320
node[3],13.303850,180,320
node[3],13.308171,172,320
node[1],13.308171,172,320
node[0],13.308171,172,320
node[0],13.311148,180,320
node[2],13.311148,180,320
node[3],13.311148,180,320
node[1],13.312850,176,320
node[2],13.312850,176,320
node[3],13.312850,176,320
node[0],13.314148,176,320
node[2],13.314148,176,320
node[3],13.314148,176,320
node[3],13.315171,176,320
node[1],13.315171,176,320
node[0],13.315171,176,320
node[1],13.317849,172,320
node[2],13.317849,172,320
node[3],13.317849,172,320
node[3],13.325171,180,320
node[1],13.325171,180,320
node[0],13.325171,180,320
node[2],13.325297,176,320
node[1],13.325297,176,320
node[0],13.325297,176,320
node[0],13.331148,172,320
node[2],13.331148,172,320
node[3],13.331148,172,320
node[2],13.342297,172,320
node[1],13.342297,172,320
node[0],13.342297,172,320
node[3],13.346171,176,320
node[1],13.346171,176,320
node[0],13.346171,176,320
node[1],13.350850,176,320
node[2],13.350850,176,320
node[3],13.350850,176,320
node[0],13.368148,172,320
node[2],13.368148,172,320
node[3],13.368148,172,320
node[3],13.370171,172,320
node[1],13.370171,172,320
node[0],13.370171,172,320
node[2],13.372297,172,320
node[1],13.372297,172,320
node[0],13.372297,172,320
node[0],13.385148,180,320
node[2],13.385148,180,320
node[3],13.385148,180,320
node[1],13.392850,172,320
node[2],13.392850,172,320
node[3],13.392850,172,320
node[1],13.399850,180,320
node[2],13.399850,180,320
node[3],13.399850,180,320
node[1],13.406850,176,320
node[2],13.406850,176,320
node[3],13.406850,176,320
node[1],13.417849,172,320
node[2],13.417849,172,320
node[3],13.417849,172,320
node[0],13.420148,176,320
node[2],13.420148,176,320
node[3],13.420148,176,320
node[3],13.423171,176,320
node[1],13.423171,176,320
node[0],13.423171,176,320
node[2],13.426297,172,320
node[1],13.426297,172,320
node[0],13.426297,172,320
node[2],13.430297,176,320
node[1],13.430297,176,320
node[0],13.430297,176,320
node[0],13.440148,172,320
node[2],13.440148,172,320
node[3],13.440148,172,320
node[3],13.446171,172,320
node[1],13.446171,172,320
node[0],13.446171,172,320
node[1],13.453850,176,320
node[2],13.453850,176,320
node[3],13.453850,176,320
node[2],13.460297,176,320
node[1],13.460297,176,320
node[0],13.460297,176,320
node[1],13.467850,172,320
node[2],13.467850,172,320
node[3],13.467850,172,320
node[0],13.468492,172,320
node[2],13.468492,172,320
node[3],13.468492,172,320
node[2],13.484297,172,320
node[1],13.484297,172,320
node[0],13.484297,172,320
node[0],13.499148,176,320
node[2],13.499148,176,320
node[3],13.499148,176,320
node[1],13.499850,176,320
node[2],13.499850,176,320
node[3],13.499850,176,320
node[0],13.505148,172,320
node[2],13.505148,172,320
node[3],13.505148,172,320
node[2],13.548297,176,320
node[1],13.548297,176,320
node[0],13.548297,176,320
node[3],13.557171,176,320
node[1],13.557171,176,320
node[0],13.557171,176,320
node[2],13.566297,172,320
node[1],13.566297,172,320
node[0],13.566297,172,320
node[0],13.572148,176,320
node[2],13.572148,176,320
node[3],13.572148,176,320
node[2],13.580297,176,320
node[1],13.580297,176,320
node[0],13.580297,176,320
node[0],13.584148,180,320
node[2],13.584148,180,320
node[3],13.584148,180,320
node[3],13.585171,176,320
node[1],13.585171,176,320
node[0],13.585171,176,320
node[1],13.590850,180,320
node[2],13.590850,180,320
node[3],13.590850,180,320
node[1],13.592850,172,320
node[2],13.592850,172,320
node[3],13.592850,172,320
node[0],13.593518,172,320
node[2],13.593518,172,320
node[3],13.593518,172,320
node[3],13.594173,172,320
node[1],13.594173,172,320
node[0],13.594173,172,320
node[0],13.598148,176,320
node[2],13.598148,176,320
node[3],13.598148,176,320
node[1],13.611850,176,320
node[2],13.611850,176,320
node[3],13.611850,176,320
node[1],13.627850,180,320
node[2],13.627850,180,320
node[3],13.627850,180,320
node[1],13.630850,172,320
node[2],13.630850,172,320
node[3],13.630850,172,320
node[2],13.643297,172,320
node[1],13.643297,172,320
node[0],13.643297,172,320
node[0],13.649148,172,320
node[2],13.649148,172,320
node[3],13.649148,172,320
node[1],13.652850,176,320
node[2],13.652850,176,320
node[3],13.652850,176,320
node[2],13.654297,180,320
node[1],13.654297,180,320
node[0],13.654297,180,320
node[2],13.662297,176,320
node[1],13.662297,176,320
node[0],13.662297,176,320
node[1],13.670850,172,320
node[2],13.670850,172,320
node[3],13.670850,172,320
node[0],13.676148,176,320
node[2],13.676148,176,320
node[3],13.676148,176,320
node[1],13.677849,180,320
node[2],13.677849,180,320
node[3],13.677849,180,320
node[3],13.686171,176,320
node[1],13.686171,176,320
node[0],13.686171,176,320
node[2],13.698297,176,320
node[1],13.698297,176,320
node[0],13.698297,176,320
node[3],13.705171,180,320
node[1],13.705171,180,320
node[0],13.705171,180,320
node[1],13.708850,176,320
node[2],13.708850,176,320
node[3],13.708850,176,320
node[3],13.718171,172,320
node[1],13.718171,172,320
node[0],13.718171,172,320
node[0],13.731148,172,320
node[2],13.731148,172,320
node[3],13.731148,172,320
node[3],13.731171,176,320
node[1],13.731171,176,320
node[0],13.731171,176,320
node[1],13.731850,172,320
node[2],13.731850,172,320
node[3],13.731850,172,320
node[2],13.736297,176,320
node[1],13.736297,176,320
node[0],13.736297,176,320
node[0],13.742148,176,320
node[2],13.742148,176,320
node[3],13.742148,176,320
node[2],13.752297,180,320
node[1],13.752297,180,320
node[0],13.752297,180,320
node[2],13.765297,176,320
node[1],13.765297,176,320
node[0],13.765297,176,320
node[3],13.773171,172,320
node[1],13.773171,172,320
node[0],13.773171,172,320
node[2],13.780297,180,320
node[1],13.780297,180,320
node[0],13.780297,180,320
node[1],13.783850,172,320
node[2],13.783850,172,320
node[3],13.783850,172,320
node[0],13.787148,180,320
node[2],13.787148,180,320
node[3],13.787148,180,320
node[3],13.787920,180,320
node[1],13.787920,180,320
node[0],13.787920,180,320
node[3],13.795171,176,320
node[1],13.795171,176,320
node[0],13.795171,176,320
node[0],13.803148,176,320
node[2],13.803148,176,320
node[3],13.803148,176,320
node[0],13.806148,172,320
node[2],13.806148,172,320
node[3],13.806148,172,320
node[2],13.822297,176,320
node[1],13.822297,176,320
node[0],13.822297,176,320
node[3],13.825171,172,320
node[1],13.825171,172,320
node[0],13.825171,172,320
node[2],13.828297,172,320
node[1],13.828297,172,320
node[0],13.828297,172,320
node[1],13.848850,172,320
node[2],13.848850,172,320
node[3],13.848850,172,320
node[3],13.850171,176,320
node[1],13.850171,176,320
node[0],13.850171,176,320
node[2],13.850813,176,320
node[1],13.850814,176,320
node[0],13.850814,176,320
node[0],13.854148,180,320
node[2],13.854148,180,320
node[3],13.854148,180,320
node[0],13.855148,172,320
node[2],13.855148,172,320
node[3],13.855148,172,320
node[1],13.863850,176,320
node[2],13.863850,176,320
node[3],13.863850,176,320
node[2],13.869297,180,320
node[1],13.869297,180,320
node[0],13.869297,180,320
node[2],13.883297,172,320
node[1],13.883297,172,320
node[0],13.883297,172,320
node[3],13.899171,172,320
node[1],13.899171,172,320
node[0],13.899171,172,320
node[2],13.901297,180,320
node[1],13.901297,180,320
node[0],13.901297,180,320
node[0],13.903148,176,320
node[2],13.903148,176,320
node[3],13.903148,176,320
node[3],13.903171,180,320
node[1],13.903171,180,320
node[0],13.903171,180,320
node[0],13.912148,180,320
node[2],13.912148,180,320
node[3],13.912148,180,320
node[3],13.925171,176,320
node[1],13.925171,176,320
node[0],13.925171,176,320
node[2],13.929297,172,320
node[1],13.929297,172,320
node[0],13.929297,172,320
node[0],13.930148,172,320
node[2],13.930148,172,320
node[3],13.930148,172,320
node[0],13.941148,176,320
node[2],13.941148,176,320
node[3],13.941148,176,320
node[1],13.941850,172,320
node[2],13.941850,172,320
node[3],13.941850,172,320
node[3],13.953171,176,320
node[1],13.953171,176,320
node[0],13.953171,176,320
node[3],13.961171,172,320
node[1],13.961171,172,320
node[0],13.961171,172,320
node[3],13.975171,180,320
node[1],13.975171,180,320
node[0],13.975171,180,320
node[2],13.977297,172,320
node[1],13.977297,172,320
node[0],13.977297,172,320
node[0],13.981148,180,320
node[2],13.981148,180,320
node[3],13.981148,180,320
node[2],13.988297,176,320
node[1],13.988297,176,320
node[0],13.988297,176,320
node[3],14.009171,172,320
node[1],14.009171,172,320
node[0],14.009171,172,320
node[3],14.010171,176,320
node[1],14.010171,176,320
node[0],14.010171,176,320
node[2],14.022297,172,320
node[1],14.022297,172,320
node[0],14.022297,172,320
node[3],14.023171,180,320
node[1],14.023171,180,320
node[0],14.023171,180,320
node[1],14.025850,176,320
node[2],14.025850,176,320
node[3],14.025850,176,320
node[1],14.027850,172,320
node[2],14.027850,172,320
node[3],14.027850,172,320
node[2],14.029297,180,320
node[1],14.029297,180,320
node[0],14.029297,180,320
node[3],14.034171,172,320
node[1],14.034171,172,320
node[0],14.034171,172,320
node[1],14.035850,180,320
node[2],14.035850,180,320
node[3],14.035850,180,320
node[3],14.043171,176,320
node[1],14.043171,176,320
node[0],14.043171,176,320
node[2],14.045297,176,320
node[1],14.045297,176,320
node[0],14.045297,176,320
node[0],14.050148,172,320
node[2],14.050148,172,320
node[3],14.050148,172,320
node[0],14.057148,180,320
node[2],14.057148,180,320
node[3],14.057148,180,320
node[3],14.059171,172,320
node[1],14.059171,172,320
node[0],14.059171,172,320
node[2],14.066297,172,320
node[1],14.066297,172,320
node[0],14.066297,172,320
node[2],14.079297,180,320
node[1],14.079297,180,320
node[0],14.079297,180,320
node[0],14.089148,180,320
node[2],14.089148,180,320
node[3],14.089148,180,320
node[2],14.100297,172,320
node[1],14.100297,172,320
node[0],14.100297,172,320
node[1],14.103850,180,320
node[2],14.103850,180,320
node[3],14.103850,180,320
node[1],14.118850,172,320
node[2],14.118850,172,320
node[3],14.118850,172,320
node[2],14.120297,176,320
node[1],14.120297,176,320
node[0],14.120297,176,320
node[3],14.132171,172,320
node[1],14.132171,172,320
node[0],14.132171,172,320
node[3],14.134171,180,320
node[1],14.134171,180,320
node[0],14.134171,180,320
node[0],14.137148,176,320
node[2],14.137148,176,320
node[3],14.137148,176,320
node[3],14.156171,176,320
node[1],14.156171,176,320
node[0],14.156171,176,320
node[0],14.166148,180,320
node[2],14.166148,180,320
node[3],14.166148,180,320
node[2],14.168297,176,320
node[1],14.168297,176,320
node[0],14.168297,176,320
node[1],14.171850,180,320
node[2],14.171850,180,320
node[3],14.171850,180,320
node[2],14.179297,172,320
node[1],14.179297,172,320
node[0],14.179297,172,320
node[1],14.180850,172,320
node[2],14.180850,172,320
node[3],14.180850,172,320
node[3],14.187171,172,320
node[1],14.187171,172,320
node[0],14.187171,172,320
node[3],14.195171,176,320
node[1],14.195171,176,320
node[0],14.195171,176,320
node[1],14.205850,176,320
node[2],14.205850,176,320
node[3],14.205850,176,320
node[2],14.212297,172,320
node[1],14.212297,172,320
node[0],14.212297,172,320
node[2],14.216297,176,320
node[1],14.216297,176,320
node[0],14.216297,176,320
node[1],14.234850,180,320
node[2],14.234850,180,320
node[3],14.234850,180,320
node[3],14.238171,176,320
node[1],14.238171,176,320
node[0],14.238171,176,320
node[3],14.249171,172,320
node[1],14.249171,172,320
node[0],14.249171,172,320
node[2],14.252297,180,320
node[1],14.252297,180,320
node[0],14.252297,180,320
node[1],14.252850,176,320
node[2],14.252850,176,320
node[3],14.252850,176,320
node[0],14.256148,176,320
node[2],14.256148,176,320
node[3],14.256148,176,320
node[3],14.263171,176,320
node[1],14.263171,176,320
node[0],14.263171,176,320
node[3],14.264171,180,320
node[1],14.264171,180,320
node[0],14.264171,180,320
node[3],14.274171,172,320
node[1],14.274171,172,320
node[0],14.274171,172,320
node[3],14.288171,176,320
node[1],14.288171,176,320
node[0],14.288171,176,320
node[3],14.289171,180,320
node[1],14.289171,180,320
node[0],14.289171,180,320
node[0],14.301148,176,320
node[2],14.301148,176,320
node[3],14.301148,176,320
node[2],14.311297,172,320
node[1],14.311297,172,320
node[0],14.311297,172,320
node[1],14.319850,176,320
node[2],14.319850,176,320
node[3],14.319850,176,320
node[2],14.324297,176,320
node[1],14.324297,176,320
node[0],14.324297,176,320
node[1],14.334850,180,320
node[2],14.334850,180,320
node[3],14.334850,180,320
node[1],14.336850,172,320
node[2],14.336850,172,320
node[3],14.336850,172,320
node[3],14.337492,172,320
node[1],14.337492,172,320
node[0],14.337492,172,320
node[3],14.338171,180,320
node[1],14.338171,180,320
node[0],14.338171,180,320
node[1],14.344849,176,320
node[2],14.344849,176,320
node[3],14.344849,176,320
node[2],14.360297,176,320
node[1],14.360297,176,320
node[0],14.360297,176,320
node[2],14.366297,180,320
node[1],14.366297,180,320
node[0],14.366297,180,320
node[2],14.386297,172,320
node[1],14.386297,172,320
node[0],14.386297,172,320
node[2],14.387297,176,320
node[1],14.387297,176,320
node[0],14.387297,176,320
node[1],14.397850,172,320
node[2],14.397850,172,320
node[3],14.397850,172,320
node[3],14.409171,180,320
node[1],14.409171,180,320
node[0],14.409171,180,320
node[0],14.410148,176,320
node[2],14.410148,176,320
node[3],14.410148,176,320
node[2],14.429297,176,320
node[1],14.429297,176,320
node[0],14.429297,176,320
node[3],14.432171,176,320
node[1],14.432171,176,320
node[0],14.432171,176,320
node[2],14.432297,180,320
node[1],14.432297,180,320
node[0],14.432297,180,320
node[1],14.459850,172,320
node[2],14.459850,172,320
node[3],14.459850,172,320
node[3],14.473171,176,320
node[1],14.473171,176,320
node[0],14.473171,176,320
node[0],14.480148,172,320
node[2],14.480148,172,320
node[3],14.480148,172,320
node[1],14.502850,180,320
node[2],14.502850,180,320
node[3],14.502850,180,320
node[3],14.511171,180,320
node[1],14.511171,180,320
node[0],14.511171,180,320
node[0],14.519148,180,320
node[2],14.519148,180,320
node[3],14.519148,180,320
node[3],14.528171,172,320
node[1],14.528171,172,320
node[0],14.528171,172,320
node[2],14.540297,172,320
node[1],14.540297,172,320
node[0],14.540297,172,320
node[1],14.543850,180,320
node[2],14.543850,180,320
node[3],14.543850,180,320
node[2],14.552297,180,320
node[1],14.552297,180,320
node[0],14.552297,180,320
node[0],14.558148,172,320
node[2],14.558148,172,320
node[3],14.558148,172,320
node[2],14.571297,176,320
node[1],14.571297,176,320
node[0],14.571297,176,320
node[0],14.575148,176,320
node[2],14.575148,176,320
node[3],14.575148,176,320
node[0],14.583148,180,320
node[2],14.583148,180,320
node[3],14.583148,180,320
node[3],14.585171,180,320
node[1],14.585171,180,320
node[0],14.585171,180,320
node[0],14.594148,172,320
node[2],14.594148,172,320
node[3],14.594148,172,320
node[0],14.611148,176,320
node[2],14.611148,176,320
node[3],14.611148,176,320
node[0],14.625148,180,320
node[2],14.625148,180,320
node[3],14.625148,180,320
node[3],14.627171,180,320
node[1],14.627171,180,320
node[0],14.627171,180,320
node[0],14.630148,172,320
node[2],14.630148,172,320
node[3],14.630148,172,320
node[0],14.636147,176,320
node[2],14.636147,176,320
node[3],14.636147,176,320
node[3],14.643171,172,320
node[1],14.643171,172,320
node[0],14.643171,172,320
node[1],14.653850,172,320
node[2],14.653850,172,320
node[3],14.653850,172,320
node[1],14.654850,176,320
node[2],14.654850,176,320
node[3],14.654850,176,320
node[0],14.655147,172,320
node[2],14.655147,172,320
node[3],14.655147,172,320
node[2],14.659297,176,320
node[1],14.659297,176,320
node[0],14.659297,176,320
node[3],14.661171,176,320
node[1],14.661171,176,320
node[0],14.661171,176,320
node[0],14.663148,176,320
node[2],14.663148,176,320
node[3],14.663148,176,320
node[3],14.674171,172,320
node[1],14.674171,172,320
node[0],14.674171,172,320
node[2],14.674839,172,320
node[1],14.674840,172,320
node[0],14.674840,172,320
node[0],14.675147,180,320
node[2],14.675147,180,320
node[3],14.675147,180,320
node[2],14.675880,180,320
node[1],14.675880,180,320
node[0],14.675881,180,320
node[3],14.677171,180,320
node[1],14.677171,180,320
node[0],14.677171,180,320
node[2],14.684296,176,320
node[1],14.684296,176,320
node[0],14.684296,176,320
node[0],14.685148,172,320
node[2],14.685148,172,320
node[3],14.685148,172,320
node[3],14.686171,176,320
node[1],14.686171,176,320
node[0],14.686171,176,320
node[1],14.689850,176,320
node[2],14.689850,176,320
node[3],14.689850,176,320
node[1],14.699850,172,320
node[2],14.699850,172,320
node[3],14.699850,172,320
node[3],14.703171,172,320
node[1],14.703171,172,320
node[0],14.703171,172,320
node[0],14.710148,180,320
node[2],14.710148,180,320
node[3],14.710148,180,320
node[1],14.713850,180,320
node[2],14.713850,180,320
node[3],14.713850,180,320
node[1],14.724850,176,320
node[2],14.724850,176,320
node[3],14.724850,176,320
node[1],14.726850,172,320
node[2],14.726850,172,320
node[3],14.726850,172,320
node[3],14.731171,172,320
node[1],14.731171,172,320
node[0],14.731171,172,320
node[2],14.732297,176,320
node[1],14.732297,176,320
node[0],14.732297,176,320
node[1],14.738849,180,320
node[2],14.738849,180,320
node[3],14.738849,180,320
node[1],14.749849,176,320
node[2],14.749849,176,320
node[3],14.749849,176,320
node[1],14.751849,172,320
node[2],14.751849,172,320
node[3],14.751849,172,320
node[0],14.768148,180,320
node[2],14.768148,180,320
node[3],14.768148,180,320
node[0],14.769148,172,320
node[2],14.769148,172,320
node[3],14.769148,172,320
node[0],14.772148,176,320
node[2],14.772148,176,320
node[3],14.772148,176,320
node[0],14.793148,180,320
node[2],14.793148,180,320
node[3],14.793148,180,320
node[0],14.797148,172,320
node[2],14.797148,172,320
node[3],14.797148,172,320
node[1],14.815850,176,320
node[2],14.815850,176,320
node[3],14.815850,176,320
node[1],14.828850,172,320
node[2],14.828850,172,320
node[3],14.828850,172,320
node[3],14.847171,172,320
node[1],14.847171,172,320
node[0],14.847171,172,320
node[0],14.850148,172,320
node[2],14.850148,172,320
node[3],14.850148,172,320
node[2],14.858297,180,320
node[1],14.858297,180,320
node[0],14.858297,180,320
node[0],14.862148,180,320
node[2],14.862148,180,320
node[3],14.862148,180,320
node[3],14.864171,176,320
node[1],14.864171,176,320
node[0],14.864171,176,320
node[1],14.875850,180,320
node[2],14.875850,180,320
node[3],14.875850,180,320
node[1],14.877850,172,320
node[2],14.877850,172,320
node[3],14.877850,172,320
node[1],14.878850,176,320
node[2],14.878850,176,320
node[3],14.878850,176,320
node[0],14.881148,176,320
node[2],14.881148,176,320
node[3],14.881148,176,320
node[3],14.882171,180,320
node[1],14.882171,180,320
node[0],14.882171,180,320
node[2],14.882297,172,320
node[1],14.882297,172,320
node[0],14.882297,172,320
node[3],14.886171,172,320
node[1],14.886171,172,320
node[0],14.886171,172,320
node[3],14.906171,176,320
node[1],14.906171,176,320
node[0],14.906171,176,320
node[2],14.909297,172,320
node[1],14.909297,172,320
node[0],14.909297,172,320
node[0],14.917148,176,320
node[2],14.917148,176,320
node[3],14.917148,176,320
node[1],14.918850,172,320
node[2],14.918850,172,320
node[3],14.918850,172,320
node[1],14.924850,180,320
node[2],14.924850,180,320
node[3],14.924850,180,320
node[0],14.937148,172,320
node[2],14.937148,172,320
node[3],14.937148,172,320
node[3],14.946171,172,320
node[1],14.946171,172,320
node[0],14.946171,172,320
node[3],14.952171,176,320
node[1],14.952171,176,320
node[0],14.952171,176,320
node[0],14.956148,176,320
node[2],14.956148,176,320
node[3],14.956148,176,320
node[3],14.964171,180,320
node[1],14.964171,180,320
node[0],14.964171,180,320
node[2],14.969297,180,320
node[1],14.969297,180,320
node[0],14.969297,180,320
node[1],14.970850,172,320
node[2],14.970850,172,320
node[3],14.970850,172,320
node[2],14.972297,176,320
node[1],14.972297,176,320
node[0],14.972297,176,320
node[1],14.982850,180,320
node[2],14.982850,180,320
node[3],14.982850,180,320
node[0],14.986148,180,320
node[2],14.986148,180,320
node[3],14.986148,180,320
node[1],14.992850,176,320
node[2],14.992850,176,320
node[3],14.992850,176,320
node[1],15.004850,172,320
node[2],15.004850,172,320
node[3],15.004850,172,320
node[2],15.008297,172,320
node[1],15.008297,172,320
node[0],15.008297,172,320
node[2],15.011297,176,320
node[1],15.011297,176,320
node[0],15.011297,176,320
node[3],15.013171,176,320
node[1],15.013171,176,320
node[0],15.013171,176,320
node[0],15.021148,180,320
node[2],15.021148,180,320
node[3],15.021148,180,320
node[1],15.023850,176,320
node[2],15.023850,176,320
node[3],15.023850,176,320
node[2],15.026296,180,320
node[1],15.026296,180,320
node[0],15.026296,180,320
node[1],15.028850,180,320
node[2],15.028850,180,320
node[3],15.028850,180,320
node[2],15.033296,172,320
node[1],15.033296,172,320
node[0],15.033296,172,320
node[2],15.039297,176,320
node[1],15.039297,176,320
node[0],15.039297,176,320
node[0],15.048148,172,320
node[2],15.048148,172,320
node[3],15.048148,172,320
node[0],15.051148,176,320
node[2],15.051148,176,320
node[3],15.051148,176,320
node[1],15.056850,172,320
node[2],15.056850,172,320
node[3],15.056850,172,320
node[1],15.057850,176,320
node[2],15.057850,176,320
node[3],15.057850,176,320
node[2],15.067297,180,320
node[1],15.067297,180,320
node[0],15.067297,180,320
node[0],15.071147,180,320
node[2],15.071147,180,320
node[3],15.071147,180,320
node[3],15.072171,180,320
node[1],15.072171,180,320
node[0],15.072171,180,320
node[2],15.076297,172,320
node[1],15.076297,172,320
node[0],15.076297,172,320
node[1],15.091850,176,320
node[2],15.091850,176,320
node[3],15.091850,176,320
node[0],15.096148,180,320
node[2],15.096148,180,320
node[3],15.096148,180,320
node[1],15.098850,172,320
node[2],15.098850,172,320
node[3],15.098850,172,320
node[2],15.101297,176,320
node[1],15.101297,176,320
node[0],15.101297,176,320
node[1],15.113850,180,320
node[2],15.113850,180,320
node[3],15.113850,180,320
node[2],15.121297,172,320
node[1],15.121297,172,320
node[0],15.121297,172,320
node[0],15.143148,172,320
node[2],15.143148,172,320
node[3],15.143148,172,320
node[1],15.144850,176,320
node[2],15.144850,176,320
node[3],15.144850,176,320
node[0],15.147148,176,320
node[2],15.147148,176,320
node[3],15.147148,176,320
node[0],15.150147,180,320
node[2],15.150147,180,320
node[3],15.150147,180,320
node[1],15.151850,172,320
node[2],15.151850,172,320
node[3],15.151850,172,320
node[2],15.164297,176,320
node[1],15.164297,176,320
node[0],15.164297,176,320
node[3],15.167171,172,320
node[1],15.167171,172,320
node[0],15.167171,172,320
node[1],15.183850,180,320
node[2],15.183850,180,320
node[3],15.183850,180,320
node[3],15.190171,176,320
node[1],15.190171,176,320
node[0],15.190171,176,320
node[2],15.190826,176,320
node[1],15.190827,176,320
node[0],15.190827,176,320
node[3],15.199171,180,320
node[1],15.199171,180,320
node[0],15.199171,180,320
node[1],15.216850,172,320
node[2],15.216850,172,320
node[3],15.216850,172,320
node[2],15.228297,180,320
node[1],15.228297,180,320
node[0],15.228297,180,320
node[1],15.235850,180,320
node[2],15.235850,180,320
node[3],15.235850,180,320
node[3],15.236171,176,320
node[1],15.236171,176,320
node[0],15.236171,176,320
node[1],15.240850,176,320
node[2],15.240850,176,320
node[3],15.240850,176,320
node[3],15.246171,172,320
node[1],15.246171,172,320
node[0],15.246171,172,320
node[0],15.256148,176,320
node[2],15.256148,176,320
node[3],15.256148,176,320
node[0],15.257148,180,320
node[2],15.257148,180,320
node[3],15.257148,180,320
node[1],15.264850,172,320
node[2],15.264850,172,320
node[3],15.264850,172,320
node[2],15.268297,172,320
node[1],15.268297,172,320
node[0],15.268297,172,320
node[3],15.271171,176,320
node[1],15.271171,176,320
node[0],15.271171,176,320
node[1],15.273850,176,320
node[2],15.273850,176,320
node[3],15.273850,176,320
node[0],15.283148,180,320
node[2],15.283148,180,320
node[3],15.283148,180,320
node[1],15.289850,180,320
node[2],15.289850,180,320
node[3],15.289850,180,320
node[3],15.291171,180,320
node[1],15.291171,180,320
node[0],15.291171,180,320
node[0],15.302148,172,320
node[2],15.302148,172,320
node[3],15.302148,172,320
node[3],15.308171,172,320
node[1],15.308171,172,320
node[0],15.308171,172,320
node[2],15.320297,176,320
node[1],15.320297,176,320
node[0],15.320297,176,320
node[1],15.322850,176,320
node[2],15.322850,176,320
node[3],15.322850,176,320
node[2],15.327297,180,320
node[1],15.327297,180,320
node[0],15.327297,180,320
node[3],15.338171,176,320
node[1],15.338171,176,320
node[0],15.338171,176,320
node[1],15.339850,172,320
node[2],15.339850,172,320
node[3],15.339850,172,320
node[2],15.341297,172,320
node[1],15.341297,172,320
node[0],15.341297,172,320
node[1],15.342850,180,320
node[2],15.342850,180,320
node[3],15.342850,180,320
node[2],15.347297,176,320
node[1],15.347297,176,320
node[0],15.347297,176,320
node[3],15.350171,172,320
node[1],15.350171,172,320
node[0],15.350171,172,320
node[0],15.365148,180,320
node[2],15.365148,180,320
node[3],15.365148,180,320
node[0],15.366148,176,320
node[2],15.366148,176,320
node[3],15.366148,176,320
node[0],15.381148,172,320
node[2],15.381148,172,320
node[3],15.381148,172,320
node[2],15.387297,180,320
node[1],15.387297,180,320
node[0],15.387297,180,320
node[0],15.390148,180,320
node[2],15.390148,180,320
node[3],15.390148,180,320
node[1],15.398850,180,320
node[2],15.398850,180,320
node[3],15.398850,180,320
node[2],15.410297,172,320
node[1],15.410297,172,320
node[0],15.410297,172,320
node[1],15.424850,176,320
node[2],15.424850,176,320
node[3],15.424850,176,320
node[3],15.428171,176,320
node[1],15.428171,176,320
node[0],15.428171,176,320
node[1],15.435850,172,320
node[2],15.435850,172,320
node[3],15.435850,172,320
node[3],15.439171,180,320
node[1],15.439171,180,320
node[0],15.439171,180,320
node[3],15.443171,172,320
node[1],15.443171,172,320
node[0],15.443171,172,320
node[0],15.453148,172,320
node[2],15.453148,172,320
node[3],15.453148,172,320
node[3],15.453171,176,320
node[1],15.453171,176,320
node[0],15.453171,176,320
node[2],15.457297,176,320
node[1],15.457297,176,320
node[0],15.457297,176,320
node[1],15.469850,176,320
node[2],15.469850,176,320
node[3],15.469850,176,320
node[1],15.470850,180,320
node[2],15.470850,180,320
node[3],15.470850,180,320
node[0],15.473148,180,320
node[2],15.473148,180,320
node[3],15.473148,180,320
node[3],15.473171,172,320
node[1],15.473171,172,320
node[0],15.473171,172,320
node[2],15.475297,172,320
node[1],15.475297,172,320
node[0],15.475297,172,320
node[0],15.483148,176,320
node[2],15.483148,176,320
node[3],15.483148,176,320
node[3],15.491171,176,320
node[1],15.491171,176,320
node[0],15.491171,176,320
node[2],15.497297,180,320
node[1],15.497297,180,320
node[0],15.497297,180,320
node[2],15.500297,172,320
node[1],15.500297,172,320
node[0],15.500297,172,320
node[3],15.503171,180,320
node[1],15.503171,180,320
node[0],15.503171,180,320
node[3],15.518171,172,320
node[1],15.518171,172,320
node[0],15.518171,172,320
node[0],15.529148,172,320
node[2],15.529148,172,320
node[3],15.529148,172,320
node[1],15.532850,180,320
node[2],15.532850,180,320
node[3],15.532850,180,320
node[2],15.534297,176,320
node[1],15.534297,176,320
node[0],15.534297,176,320
node[0],15.536148,176,320
node[2],15.536148,176,320
node[3],15.536148,176,320
node[2],15.541297,172,320
node[1],15.541297,172,320
node[0],15.541297,172,320
node[1],15.543850,172,320
node[2],15.543850,172,320
node[3],15.543850,172,320
node[3],15.548171,176,320
node[1],15.548171,176,320
node[0],15.548171,176,320
node[3],15.549171,172,320
node[1],15.549171,172,320
node[0],15.549171,172,320
node[1],15.550850,176,320
node[2],15.550850,176,320
node[3],15.550850,176,320
node[0],15.553148,180,320
node[2],15.553148,180,320
node[3],15.553148,180,320
node[2],15.559297,176,320
node[1],15.559297,176,320
node[0],15.559297,176,320
node[0],15.560148,172,320
node[2],15.560148,172,320
node[3],15.560148,172,320
node[1],15.568849,172,320
node[2],15.568849,172,320
node[3],15.568849,172,320
node[2],15.571297,172,320
node[1],15.571297,172,320
node[0],15.571297,172,320
node[0],15.573148,176,320
node[2],15.573148,176,320
node[3],15.573148,176,320
node[1],15.575849,176,320
node[2],15.575849,176,320
node[3],15.575849,176,320
node[2],15.585297,176,320
node[1],15.585297,176,320
node[0],15.585297,176,320
node[1],15.586850,180,320
node[2],15.586850,180,320
node[3],15.586850,180,320
node[2],15.587726,180,320
node[1],15.587726,180,320
node[0],15.587726,180,320
node[1],15.593849,172,320
node[2],15.593849,172,320
node[3],15.593849,172,320
node[3],15.611171,172,320
node[1],15.611171,172,320
node[0],15.611171,172,320
node[3],15.615171,176,320
node[1],15.615171,176,320
node[0],15.615171,176,320
node[2],15.616297,172,320
node[1],15.616297,172,320
node[0],15.616297,172,320
node[0],15.620148,176,320
node[2],15.620148,176,320
node[3],15.620148,176,320
node[3],15.634171,180,320
node[1],15.634171,180,320
node[0],15.634171,180,320
node[3],15.638171,172,320
node[1],15.638171,172,320
node[0],15.638171,172,320
node[1],15.641850,172,320
node[2],15.641850,172,320
node[3],15.641850,172,320
node[0],15.650148,180,320
node[2],15.650148,180,320
node[3],15.650148,180,320
node[1],15.653850,176,320
node[2],15.653850,176,320
node[3],15.653850,176,320
node[0],15.667148,172,320
node[2],15.667148,172,320
node[3],15.667148,172,320
node[0],15.681148,176,320
node[2],15.681148,176,320
node[3],15.681148,176,320
node[3],15.683171,172,320
node[1],15.683171,172,320
node[0],15.683171,172,320
node[0],15.685148,180,320
node[2],15.685148,180,320
node[3],15.685148,180,320
node[0],15.692147,172,320
node[2],15.692147,172,320
node[3],15.692147,172,320
node[2],15.704297,176,320
node[1],15.704297,176,320
node[0],15.704297,176,320
node[2],15.710297,172,320
node[1],15.710297,172,320
node[0],15.710297,172,320
node[2],15.726296,180,320
node[1],15.726296,180,320
node[0],15.726296,180,320
node[3],15.727171,172,320
node[1],15.727171,172,320
node[0],15.727171,172,320
node[0],15.730148,172,320
node[2],15.730148,172,320
node[3],15.730148,172,320
node[1],15.732850,172,320
node[2],15.732850,172,320
node[3],15.732850,172,320
node[1],15.737850,180,320
node[2],15.737850,180,320
node[3],15.737850,180,320
node[1],15.743850,176,320
node[2],15.743850,176,320
node[3],15.743850,176,320
node[0],15.769148,180,320
node[2],15.769148,180,320
node[3],15.769148,180,320
node[2],15.775297,176,320
node[1],15.775297,176,320
node[0],15.775297,176,320
node[2],15.777297,172,320
node[1],15.777297,172,320
node[0],15.777297,172,320
node[3],15.788171,176,320
node[1],15.788171,176,320
node[0],15.788171,176,320
node[0],15.794148,180,320
node[2],15.794148,180,320
node[3],15.794148,180,320
node[1],15.794850,176,320
node[2],15.794850,176,320
node[3],15.794850,176,320
node[3],15.795171,172,320
node[1],15.795171,172,320
node[0],15.795171,172,320
node[2],15.797297,180,320
node[1],15.797297,180,320
node[0],15.797297,180,320
node[0],15.814148,172,320
node[2],15.814148,172,320
node[3],15.814148,172,320
node[3],15.817171,180,320
node[1],15.817171,180,320
node[0],15.817171,180,320
node[3],15.819171,176,320
node[1],15.819171,176,320
node[0],15.819171,176,320
node[0],15.830148,176,320
node[2],15.830148,176,320
node[3],15.830148,176,320
node[1],15.833850,176,320
node[2],15.833850,176,320
node[3],15.833850,176,320
node[0],15.839147,172,320
node[2],15.839147,172,320
node[3],15.839147,172,320
node[3],15.842171,172,320
node[1],15.842171,172,320
node[0],15.842171,172,320
node[3],15.858171,176,320
node[1],15.858171,176,320
node[0],15.858171,176,320
node[1],15.860850,176,320
node[2],15.860850,176,320
node[3],15.860850,176,320
node[1],15.865850,172,320
node[2],15.865850,172,320
node[3],15.865850,172,320
node[3],15.884171,172,320
node[1],15.884171,172,320
node[0],15.884171,172,320
node[2],15.890297,172,320
node[1],15.890297,172,320
node[0],15.890297,172,320
node[0],15.895148,176,320
node[2],15.895148,176,320
node[3],15.895148,176,320
node[0],15.901148,180,320
node[2],15.901148,180,320
node[3],15.901148,180,320
node[3],15.909171,172,320
node[1],15.909171,172,320
node[0],15.909171,172,320
node[0],15.914148,172,320
node[2],15.914148,172,320
node[3],15.914148,172,320
node[0],15.920148,176,320
node[2],15.920148,176,320
node[3],15.920148,176,320
node[3],15.924171,180,320
node[1],15.924171,180,320
node[0],15.924171,180,320
node[2],15.924297,172,320
node[1],15.924297,172,320
node[0],15.924297,172,320
node[3],15.934171,172,320
node[1],15.934171,172,320
node[0],15.934171,172,320
node[0],15.939147,172,320
node[2],15.939147,172,320
node[3],15.939147,172,320
node[0],15.945148,176,320
node[2],15.945148,176,320
node[3],15.945148,176,320
node[3],15.948171,176,320
node[1],15.948171,176,320
node[0],15.948171,176,320
node[0],15.951147,180,320
node[2],15.951147,180,320
node[3],15.951147,180,320
node[2],15.965297,180,320
node[1],15.965297,180,320
node[0],15.965297,180,320
node[1],15.972850,176,320
node[2],15.972850,176,320
node[3],15.972850,176,320
node[1],15.977850,180,320
node[2],15.977850,180,320
node[3],15.977850,180,320
node[3],15.983171,172,320
node[1],15.983171,172,320
node[0],15.983171,172,320
node[1],15.983850,172,320
node[2],15.983850,172,320
node[3],15.983850,172,320
node[3],15.992171,176,320
node[1],15.992171,176,320
node[0],15.992171,176,320
node[1],15.997849,176,320
node[2],15.997849,176,320
node[3],15.997849,176,320
node[0],15.999148,180,320
node[2],15.999148,180,320
node[3],15.999148,180,320
node[2],15.999297,172,320
node[1],15.999297,172,320
node[0],15.999297,172,320
node[3],16.001171,180,320
node[1],16.001171,180,320
node[0],16.001171,180,320
node[1],16.002849,180,320
node[2],16.002849,180,320
node[3],16.002849,180,320
node[3],16.013171,172,320
node[1],16.013171,172,320
node[0],16.013171,172,320
node[1],16.016850,172,320
node[2],16.016850,172,320
node[3],16.016850,172,320
node[0],16.027148,176,320
node[2],16.027148,176,320
node[3],16.027148,176,320
node[0],16.032148,172,320
node[2],16.032148,172,320
node[3],16.032148,172,320
node[3],16.038171,172,320
node[1],16.038171,172,320
node[0],16.038171,172,320
node[2],16.041297,176,320
node[1],16.041297,176,320
node[0],16.041297,176,320
node[1],16.051850,176,320
node[2],16.051850,176,320
node[3],16.051850,176,320
node[2],16.064297,180,320
node[1],16.064297,180,320
node[0],16.064297,180,320
node[3],16.065171,176,320
node[1],16.065171,176,320
node[0],16.065171,176,320
node[0],16.079148,176,320
node[2],16.079148,176,320
node[3],16.079148,176,320
node[2],16.084297,176,320
node[1],16.084297,176,320
node[0],16.084297,176,320
node[2],16.092297,180,320
node[1],16.092297,180,320
node[0],16.092297,180,320
node[3],16.098171,176,320
node[1],16.098171,176,320
node[0],16.098171,176,320
node[3],16.110171,180,320
node[1],16.110171,180,320
node[0],16.110171,180,320
node[1],16.111100,180,320
node[2],16.111100,180,320
node[3],16.111100,180,320
node[1],16.116850,176,320
node[2],16.116850,176,320
node[3],16.116850,176,320
node[1],16.119850,172,320
node[2],16.119850,172,320
node[3],16.119850,172,320
node[1],16.157850,172,320
node[2],16.157850,172,320
node[3],16.157850,172,320
node[3],16.165171,176,320
node[1],16.165171,176,320
node[0],16.165171,176,320
node[2],16.174297,176,320
node[1],16.174297,176,320
node[0],16.174297,176,320
node[3],16.178171,180,320
node[1],16.178171,180,320
node[0],16.178171,180,320
node[2],16.183297,180,320
node[1],16.183297,180,320
node[0],16.183297,180,320
node[2],16.184297,172,320
node[1],16.184297,172,320
node[0],16.184297,172,320
node[1],16.193850,180,320
node[2],16.193850,180,320
node[3],16.193850,180,320
node[1],16.204850,172,320
node[2],16.204850,172,320
node[3],16.204850,172,320
node[0],16.221148,180,320
node[2],16.221148,180,320
node[3],16.221148,180,320
node[2],16.224297,172,320
node[1],16.224297,172,320
node[0],16.224297,172,320
node[2],16.226297,176,320
node[1],16.226297,176,320
node[0],16.226297,176,320
node[1],16.229850,172,320
node[2],16.229850,172,320
node[3],16.229850,172,320
node[2],16.233296,180,320
node[1],16.233296,180,320
node[0],16.233296,180,320
node[0],16.237148,172,320
node[2],16.237148,172,320
node[3],16.237148,172,320
node[3],16.244171,172,320
node[1],16.244171,172,320
node[0],16.244171,172,320
node[2],16.249296,172,320
node[1],16.249296,172,320
node[0],16.249296,172,320
node[1],16.249850,176,320
node[2],16.249850,176,320
node[3],16.249850,176,320
node[2],16.257297,176,320
node[1],16.257297,176,320
node[0],16.257297,176,320
node[0],16.268148,176,320
node[2],16.268148,176,320
node[3],16.268148,176,320
node[3],16.268171,180,320
node[1],16.268171,180,320
node[0],16.268171,180,320
node[0],16.275148,180,320
node[2],16.275148,180,320
node[3],16.275148,180,320
node[2],16.277297,180,320
node[1],16.277297,180,320
node[0],16.277297,180,320
node[1],16.279850,180,320
node[2],16.279850,180,320
node[3],16.279850,180,320
node[1],16.282850,176,320
node[2],16.282850,176,320
node[3],16.282850,176,320
node[0],16.283148,172,320
node[2],16.283148,172,320
node[3],16.283148,172,320
node[3],16.295171,180,320
node[1],16.295171,180,320
node[0],16.295171,180,320
node[2],16.313297,172,320
node[1],16.313297,172,320
node[0],16.313297,172,320
node[1],16.320850,180,320
node[2],16.320850,180,320
node[3],16.320850,180,320
node[0],16.321148,172,320
node[2],16.321148,172,320
node[3],16.321148,172,320
node[3],16.325171,176,320
node[1],16.325171,176,320
node[0],16.325171,176,320
node[3],16.332171,180,320
node[1],16.332171,180,320
node[0],16.332171,180,320
node[0],16.339148,176,320
node[2],16.339148,176,320
node[3],16.339148,176,320
node[2],16.339297,180,320
node[1],16.339297,180,320
node[0],16.339297,180,320
node[3],16.350171,176,320
node[1],16.350171,176,320
node[0],16.350171,176,320
node[3],16.356171,172,320
node[1],16.356171,172,320
node[0],16.356171,172,320
node[0],16.361148,180,320
node[2],16.361148,180,320
node[3],16.361148,180,320
node[3],16.375171,176,320
node[1],16.375171,176,320
node[0],16.375171,176,320
node[1],16.382850,180,320
node[2],16.382850,180,320
node[3],16.382850,180,320
node[0],16.384148,172,320
node[2],16.384148,172,320
node[3],16.384148,172,320
node[3],16.384171,180,320
node[1],16.384171,180,320
node[0],16.384171,180,320
node[1],16.393850,172,320
node[2],16.393850,172,320
node[3],16.393850,172,320
node[3],16.397171,172,320
node[1],16.397171,172,320
node[0],16.397171,172,320
node[2],16.401297,172,320
node[1],16.401297,172,320
node[0],16.401297,172,320
node[1],16.424850,180,320
node[2],16.424850,180,320
node[3],16.424850,180,320
node[2],16.441297,172,320
node[1],16.441297,172,320
node[0],16.441297,172,320
node[2],16.447297,180,320
node[1],16.447297,180,320
node[0],16.447297,180,320
node[0],16.462148,172,320
node[2],16.462148,172,320
node[3],16.462148,172,320
node[1],16.462850,176,320
node[2],16.462850,176,320
node[3],16.462850,176,320
node[1],16.464850,172,320
node[2],16.464850,172,320
node[3],16.464850,172,320
node[1],16.474850,180,320
node[2],16.474850,180,320
node[3],16.474850,180,320
node[3],16.483171,176,320
node[1],16.483171,176,320
node[0],16.483171,176,320
node[3],16.486171,180,320
node[1],16.486171,180,320
node[0],16.486171,180,320
node[1],16.499850,172,320
node[2],16.499850,172,320
node[3],16.499850,172,320
node[0],16.500492,172,320
node[2],16.500492,172,320
node[3],16.500492,172,320
node[1],16.502850,176,320
node[2],16.502850,176,320
node[3],16.502850,176,320
node[3],16.504171,172,320
node[1],16.504171,172,320
node[0],16.504171,172,320
node[3],16.510171,176,320
node[1],16.510171,176,320
node[0],16.510171,176,320
node[2],16.512297,172,320
node[1],16.512297,172,320
node[0],16.512297,172,320
node[3],16.514171,180,320
node[1],16.514171,180,320
node[0],16.514171,180,320
node[0],16.515148,180,320
node[2],16.515148,180,320
node[3],16.515148,180,320
node[0],16.517148,176,320
node[2],16.517148,176,320
node[3],16.517148,176,320
node[1],16.521850,180,320
node[2],16.521850,180,320
node[3],16.521850,180,320
node[3],16.529171,172,320
node[1],16.529171,172,320
node[0],16.529171,172,320
node[1],16.530850,172,320
node[2],16.530850,172,320
node[3],16.530850,172,320
node[1],16.536850,176,320
node[2],16.536850,176,320
node[3],16.536850,176,320
node[2],16.537297,180,320
node[1],16.537297,180,320
node[0],16.537297,180,320
node[0],16.552148,172,320
node[2],16.552148,172,320
node[3],16.552148,172,320
node[1],16.556850,172,320
node[2],16.556850,172,320
node[3],16.556850,172,320
node[3],16.557171,176,320
node[1],16.557171,176,320
node[0],16.557171,176,320
node[1],16.561849,176,320
node[2],16.561849,176,320
node[3],16.561849,176,320
node[0],16.564148,176,320
node[2],16.564148,176,320
node[3],16.564148,176,320
node[3],16.570171,180,320
node[1],16.570171,180,320
node[0],16.570171,180,320
node[1],16.571849,180,320
node[2],16.571849,180,320
node[3],16.571849,180,320
node[3],16.572171,172,320
node[1],16.572171,172,320
node[0],16.572171,172,320
node[3],16.582171,176,320
node[1],16.582171,176,320
node[0],16.582171,176,320
node[0],16.585148,180,320
node[2],16.585148,180,320
node[3],16.585148,180,320
node[0],16.595148,172,320
node[2],16.595148,172,320
node[3],16.595148,172,320
node[3],16.595171,180,320
node[1],16.595171,180,320
node[0],16.595171,180,320
node[0],16.617148,180,320
node[2],16.617148,180,320
node[3],16.617148,180,320
node[3],16.622171,176,320
node[1],16.622171,176,320
node[0],16.622171,176,320
node[2],16.623297,172,320
node[1],16.623297,172,320
node[0],16.623297,172,320
node[2],16.632297,180,320
node[1],16.632297,180,320
node[0],16.632297,180,320
node[3],16.637171,172,320
node[1],16.637171,172,320
node[0],16.637171,172,320
node[0],16.638148,172,320
node[2],16.638148,172,320
node[3],16.638148,172,320
node[2],16.641297,176,320
node[1],16.641297,176,320
node[0],16.641297,176,320
node[0],16.645148,176,320
node[2],16.645148,176,320
node[3],16.645148,176,320
node[3],16.650171,176,320
node[1],16.650171,176,320
node[0],16.650171,176,320
node[2],16.657297,180,320
node[1],16.657297,180,320
node[0],16.657297,180,320
node[2],16.687297,176,320
node[1],16.687297,176,320
node[0],16.687297,176,320
node[3],16.693171,176,320
node[1],16.693171,176,320
node[0],16.693171,176,320
node[0],16.699148,176,320
node[2],16.699148,176,320
node[3],16.699148,176,320
node[1],16.699850,176,320
node[2],16.699850,176,320
node[3],16.699850,176,320
node[3],16.714171,172,320
node[1],16.714171,172,320
node[0],16.714171,172,320
node[2],16.715297,176,320
node[1],16.715297,176,320
node[0],16.715297,176,320
node[3],16.723171,180,320
node[1],16.723171,180,320
node[0],16.723171,180,320
node[0],16.726148,176,320
node[2],16.726148,176,320
node[3],16.726148,176,320
node[3],16.728171,176,320
node[1],16.728171,176,320
node[0],16.728171,176,320
node[3],16.739171,172,320
node[1],16.739171,172,320
node[0],16.739171,172,320
node[1],16.752850,172,320
node[2],16.752850,172,320
node[3],16.752850,172,320
node[3],16.753171,176,320
node[1],16.753171,176,320
node[0],16.753171,176,320
node[0],16.754148,176,320
node[2],16.754148,176,320
node[3],16.754148,176,320
node[3],16.764171,172,320
node[1],16.764171,172,320
node[0],16.764171,172,320
node[1],16.771850,176,320
node[2],16.771850,176,320
node[3],16.771850,176,320
node[0],16.780148,176,320
node[2],16.780148,176,320
node[3],16.780148,176,320
node[1],16.784850,180,320
node[2],16.784850,180,320
node[3],16.784850,180,320
node[1],16.785850,172,320
node[2],16.785850,172,320
node[3],16.785850,172,320
node[3],16.792171,172,320
node[1],16.792171,172,320
node[0],16.792171,172,320
node[0],16.796148,180,320
node[2],16.796148,180,320
node[3],16.796148,180,320
node[0],16.797148,172,320
node[2],16.797148,172,320
node[3],16.797148,172,320
node[0],16.805147,176,320
node[2],16.805147,176,320
node[3],16.805147,176,320
node[3],16.805828,176,320
node[1],16.805828,176,320
node[0],16.805828,176,320
node[0],16.821147,180,320
node[2],16.821147,180,320
node[3],16.821147,180,320
node[2],16.835297,172,320
node[1],16.835297,172,320
node[0],16.835297,172,320
node[1],16.837850,176,320
node[2],16.837850,176,320
node[3],16.837850,176,320
node[2],16.840297,180,320
node[1],16.840297,180,320
node[0],16.840297,180,320
node[3],16.850171,172,320
node[1],16.850171,172,320
node[0],16.850171,172,320
node[3],16.851171,176,320
node[1],16.851171,176,320
node[0],16.851171,176,320
node[2],16.854297,176,320
node[1],16.854297,176,320
node[0],16.854297,176,320
node[0],16.859148,172,320
node[2],16.859148,172,320
node[3],16.859148,172,320
node[2],16.860297,172,320
node[1],16.860297,172,320
node[0],16.860297,172,320
node[2],16.865296,180,320
node[1],16.865296,180,320
node[0],16.865296,180,320
node[0],16.876148,180,320
node[2],16.876148,180,320
node[3],16.876148,180,320
node[1],16.879850,172,320
node[2],16.879850,172,320
node[3],16.879850,172,320
node[2],16.881297,176,320
node[1],16.881297,176,320
node[0],16.881297,176,320
node[3],16.883171,176,320
node[1],16.883171,176,320
node[0],16.883171,176,320
node[2],16.885297,172,320
node[1],16.885297,172,320
node[0],16.885297,172,320
node[0],16.887148,172,320
node[2],16.887148,172,320
node[3],16.887148,172,320
node[2],16.900297,180,320
node[1],16.900297,180,320
node[0],16.900297,180,320
node[3],16.906171,180,320
node[1],16.906171,180,320
node[0],16.906171,180,320
node[1],16.912850,172,320
node[2],16.912850,172,320
node[3],16.912850,172,320
node[1],16.914850,180,320
node[2],16.914850,180,320
node[3],16.914850,180,320
node[0],16.924148,176,320
node[2],16.924148,176,320
node[3],16.924148,176,320
node[1],16.930850,176,320
node[2],16.930850,176,320
node[3],16.930850,176,320
node[1],16.937849,172,320
node[2],16.937849,172,320
node[3],16.937849,172,320
node[3],16.940171,176,320
node[1],16.940171,176,320
node[0],16.940171,176,320
node[2],16.950297,176,320
node[1],16.950297,176,320
node[0],16.950297,176,320
node[1],16.955849,176,320
node[2],16.955849,176,320
node[3],16.955849,176,320
node[1],16.962849,172,320
node[2],16.962849,172,320
node[3],16.962849,172,320
node[2],16.964297,180,320
node[1],16.964297,180,320
node[0],16.964297,180,320
node[2],16.968297,172,320
node[1],16.968297,172,320
node[0],16.968297,172,320
node[1],16.970849,180,320
node[2],16.970849,180,320
node[3],16.970849,180,320
node[2],16.977297,176,320
node[1],16.977297,176,320
node[0],16.977297,176,320
node[3],16.980171,172,320
node[1],16.980171,172,320
node[0],16.980171,172,320
node[3],16.982171,176,320
node[1],16.982171,176,320
node[0],16.982171,176,320
node[0],16.983148,180,320
node[2],16.983148,180,320
node[3],16.983148,180,320
node[0],16.987148,176,320
node[2],16.987148,176,320
node[3],16.987148,176,320
node[2],16.989296,180,320
node[1],16.989296,180,320
node[0],16.989296,180,320
node[0],16.991148,172,320
node[2],16.991148,172,320
node[3],16.991148,172,320
node[2],17.003297,172,320
node[1],17.003297,172,320
node[0],17.003297,172,320
node[0],17.008147,180,320
node[2],17.008147,180,320
node[3],17.008147,180,320
node[2],17.008297,176,320
node[1],17.008297,176,320
node[0],17.008297,176,320
node[3],17.011171,172,320
node[1],17.011171,172,320
node[0],17.011171,172,320
node[1],17.018850,176,320
node[2],17.018850,176,320
node[3],17.018850,176,320
node[2],17.028296,172,320
node[1],17.028296,172,320
node[0],17.028296,172,320
node[1],17.033880,180,320
node[2],17.033880,180,320
node[3],17.033880,180,320
node[0],17.034148,172,320
node[2],17.034148,172,320
node[3],17.034148,172,320
node[0],17.038148,176,320
node[2],17.038148,176,320
node[3],17.038148,176,320
node[3],17.042171,172,320
node[1],17.042171,172,320
node[0],17.042171,172,320
node[3],17.055171,176,320
node[1],17.055171,176,320
node[0],17.055171,176,320
node[0],17.058147,180,320
node[2],17.058147,180,320
node[3],17.058147,180,320
node[2],17.064297,172,320
node[1],17.064297,172,320
node[0],17.064297,172,320
node[3],17.069171,172,320
node[1],17.069171,172,320
node[0],17.069171,172,320
node[2],17.070297,176,320
node[1],17.070297,176,320
node[0],17.070297,176,320
node[3],17.072171,180,320
node[1],17.072171,180,320
node[0],17.072171,180,320
node[3],17.083171,176,320
node[1],17.083171,176,320
node[0],17.083171,176,320
node[2],17.094297,180,320
node[1],17.094297,180,320
node[0],17.094297,180,320
node[1],17.099850,176,320
node[2],17.099850,176,320
node[3],17.099850,176,320
node[2],17.107297,176,320
node[1],17.107297,176,320
node[0],17.107297,176,320
node[1],17.110850,172,320
node[2],17.110850,172,320
node[3],17.110850,172,320
node[3],17.125790,180,320
node[1],17.125790,180,320
node[0],17.125790,180,320
node[1],17.126850,176,320
node[2],17.126850,176,320
node[3],17.126850,176,320
node[3],17.127171,172,320
node[1],17.127171,172,320
node[0],17.127171,172,320
node[3],17.132171,176,320
node[1],17.132171,176,320
node[0],17.132171,176,320
node[2],17.136297,172,320
node[1],17.136297,172,320
node[0],17.136297,172,320
node[2],17.139297,176,320
node[1],17.139297,176,320
node[0],17.139297,176,320
node[2],17.146570,180,320
node[1],17.146570,180,320
node[0],17.146570,180,320
node[1],17.151850,176,320
node[2],17.151850,176,320
node[3],17.151850,176,320
node[3],17.152171,172,320
node[1],17.152171,172,320
node[0],17.152171,172,320
node[1],17.160850,172,320
node[2],17.160850,172,320
node[3],17.160850,172,320
node[1],17.170849,180,320
node[2],17.170849,180,320
node[3],17.170849,180,320
node[3],17.187171,176,320
node[1],17.187171,176,320
node[0],17.187171,176,320
node[3],17.191171,180,320
node[1],17.191171,180,320
node[0],17.191171,180,320
node[1],17.193850,172,320
node[2],17.193850,172,320
node[3],17.193850,172,320
node[1],17.200850,176,320
node[2],17.200850,176,320
node[3],17.200850,176,320
node[0],17.206148,180,320
node[2],17.206148,180,320
node[3],17.206148,180,320
node[2],17.211297,172,320
node[1],17.211297,172,320
node[0],17.211297,172,320
node[1],17.211850,180,320
node[2],17.211850,180,320
node[3],17.211850,180,320
node[1],17.218849,172,320
node[2],17.218849,172,320
node[3],17.218849,172,320
node[3],17.238171,176,320
node[1],17.238171,176,320
node[0],17.238171,176,320
node[3],17.242171,172,320
node[1],17.242171,172,320
node[0],17.242171,172,320
node[1],17.256850,176,320
node[2],17.256850,176,320
node[3],17.256850,176,320
node[0],17.298148,180,320
node[2],17.298148,180,320
node[3],17.298148,180,320
node[3],17.304171,180,320
node[1],17.304171,180,320
node[0],17.304171,180,320
node[0],17.319148,172,320
node[2],17.319148,172,320
node[3],17.319148,172,320
node[1],17.322850,180,320
node[2],17.322850,180,320
node[3],17.322850,180,320
node[3],17.325171,172,320
node[1],17.325171,172,320
node[0],17.325171,172,320
node[3],17.329171,176,320
node[1],17.329171,176,320
node[0],17.329171,176,320
node[3],17.334171,180,320
node[1],17.334171,180,320
node[0],17.334171,180,320
node[0],17.339148,176,320
node[2],17.339148,176,320
node[3],17.339148,176,320
node[0],17.344147,172,320
node[2],17.344147,172,320
node[3],17.344147,172,320
node[1],17.344850,172,320
node[2],17.344850,172,320
node[3],17.344850,172,320
node[2],17.360297,172,320
node[1],17.360297,172,320
node[0],17.360297,172,320
node[0],17.383148,172,320
node[2],17.383148,172,320
node[3],17.383148,172,320
node[1],17.384850,176,320
node[2],17.384850,176,320
node[3],17.384850,176,320
node[3],17.389171,180,320
node[1],17.389171,180,320
node[0],17.389171,180,320
node[0],17.410148,172,320
node[2],17.410148,172,320
node[3],17.410148,172,320
node[0],17.411148,176,320
node[2],17.411148,176,320
node[3],17.411148,176,320
node[1],17.430850,172,320
node[2],17.430850,172,320
node[3],17.430850,172,320
node[0],17.435147,172,320
node[2],17.435147,172,320
node[3],17.435147,172,320
node[0],17.436147,176,320
node[2],17.436147,176,320
node[3],17.436147,176,320
node[3],17.442171,172,320
node[1],17.442171,172,320
node[0],17.442171,172,320
node[3],17.469171,180,320
node[1],17.469171,180,320
node[0],17.469171,180,320
node[3],17.472171,176,320
node[1],17.472171,176,320
node[0],17.472171,176,320
node[3],17.477171,172,320
node[1],17.477171,172,320
node[0],17.477171,172,320
node[1],17.478850,176,320
node[2],17.478850,176,320
node[3],17.478850,176,320
node[2],17.482297,172,320
node[1],17.482297,172,320
node[0],17.482297,172,320
node[2],17.483297,180,320
node[1],17.483297,180,320
node[0],17.483297,180,320
node[2],17.490297,176,320
node[1],17.490297,176,320
node[0],17.490297,176,320
node[0],17.493148,172,320
node[2],17.493148,172,320
node[3],17.493148,172,320
node[0],17.495148,176,320
node[2],17.495148,176,320
node[3],17.495148,176,320
node[0],17.498148,180,320
node[2],17.498148,180,320
node[3],17.498148,180,320
node[1],17.506850,176,320
node[2],17.506850,176,320
node[3],17.506850,176,320
node[2],17.507296,172,320
node[1],17.507296,172,320
node[0],17.507296,172,320
node[2],17.515296,176,320
node[1],17.515296,176,320
node[0],17.515296,176,320
node[2],17.532296,172,320
node[1],17.532296,172,320
node[0],17.532296,172,320
node[2],17.533296,180,320
node[1],17.533296,180,320
node[0],17.533296,180,320
node[0],17.537148,172,320
node[2],17.537148,172,320
node[3],17.537148,172,320
node[1],17.545850,172,320
node[2],17.545850,172,320
node[3],17.545850,172,320
node[0],17.562148,172,320
node[2],17.562148,172,320
node[3],17.562148,172,320
node[2],17.562816,172,320
node[1],17.562816,172,320
node[0],17.562816,172,320
node[2],17.569297,176,320
node[1],17.569297,176,320
node[0],17.569297,176,320
node[0],17.570148,180,320
node[2],17.570148,180,320
node[3],17.570148,180,320
node[2],17.571011,180,320
node[1],17.571011,180,320
node[0],17.571011,180,320
node[3],17.575171,172,320
node[1],17.575171,172,320
node[0],17.575171,172,320
node[1],17.578850,180,320
node[2],17.578850,180,320
node[3],17.578850,180,320
node[1],17.587850,172,320
node[2],17.587850,172,320
node[3],17.587850,172,320
node[0],17.590148,172,320
node[2],17.590148,172,320
node[3],17.590148,172,320
node[2],17.603297,172,320
node[1],17.603297,172,320
node[0],17.603297,172,320
node[0],17.605148,176,320
node[2],17.605148,176,320
node[3],17.605148,176,320
node[1],17.613850,176,320
node[2],17.613850,176,320
node[3],17.613850,176,320
node[1],17.614850,180,320
node[2],17.614850,180,320
node[3],17.614850,180,320
node[0],17.633148,172,320
node[2],17.633148,172,320
node[3],17.633148,172,320
node[0],17.635148,176,320
node[2],17.635148,176,320
node[3],17.635148,176,320
node[1],17.647850,176,320
node[2],17.647850,176,320
node[3],17.647850,176,320
node[1],17.652850,172,320
node[2],17.652850,172,320
node[3],17.652850,172,320
node[0],17.680148,172,320
node[2],17.680148,172,320
node[3],17.680148,172,320
node[0],17.691148,180,320
node[2],17.691148,180,320
node[3],17.691148,180,320
node[3],17.702171,172,320
node[1],17.702171,172,320
node[0],17.702171,172,320
node[1],17.707850,172,320
node[2],17.707850,172,320
node[3],17.707850,172,320
node[1],17.737850,176,320
node[2],17.737850,176,320
node[3],17.737850,176,320
node[0],17.738148,172,320
node[2],17.738148,172,320
node[3],17.738148,172,320
node[0],17.741148,176,320
node[2],17.741148,176,320
node[3],17.741148,176,320
node[3],17.753171,176,320
node[1],17.753171,176,320
node[0],17.753171,176,320
node[2],17.757297,176,320
node[1],17.757297,176,320
node[0],17.757297,176,320
node[1],17.757850,172,320
node[2],17.757850,172,320
node[3],17.757850,172,320
node[3],17.762171,172,320
node[1],17.762171,172,320
node[0],17.762171,172,320
node[3],17.768171,180,320
node[1],17.768171,180,320
node[0],17.768171,180,320
node[1],17.770850,176,320
node[2],17.770850,176,320
node[3],17.770850,176,320
node[3],17.778171,176,320
node[1],17.778171,176,320
node[0],17.778171,176,320
node[2],17.779297,172,320
node[1],17.779297,172,320
node[0],17.779297,172,320
node[2],17.781297,180,320
node[1],17.781297,180,320
node[0],17.781297,180,320
node[3],17.787171,172,320
node[1],17.787171,172,320
node[0],17.787171,172,320
node[0],17.794148,172,320
node[2],17.794148,172,320
node[3],17.794148,172,320
node[3],17.794171,180,320
node[1],17.794171,180,320
node[0],17.794171,180,320
node[1],17.808850,176,320
node[2],17.808850,176,320
node[3],17.808850,176,320
node[2],17.809518,176,320
node[1],17.809518,176,320
node[0],17.809518,176,320
node[1],17.812850,172,320
node[2],17.812850,172,320
node[3],17.812850,172,320
node[0],17.816148,180,320
node[2],17.816148,180,320
node[3],17.816148,180,320
node[2],17.821297,172,320
node[1],17.821297,172,320
node[0],17.821297,172,320
node[0],17.823148,176,320
node[2],17.823148,176,320
node[3],17.823148,176,320
node[3],17.827171,172,320
node[1],17.827171,172,320
node[0],17.827171,172,320
node[1],17.828850,180,320
node[2],17.828850,180,320
node[3],17.828850,180,320
node[2],17.831296,180,320
node[1],17.831296,180,320
node[0],17.831296,180,320
node[0],17.838148,172,320
node[2],17.838148,172,320
node[3],17.838148,172,320
node[2],17.847297,172,320
node[1],17.847297,172,320
node[0],17.847297,172,320
node[1],17.848850,172,320
node[2],17.848850,172,320
node[3],17.848850,172,320
node[3],17.851171,176,320
node[1],17.851171,176,320
node[0],17.851171,176,320
node[0],17.857148,176,320
node[2],17.857148,176,320
node[3],17.857148,176,320
node[1],17.858850,176,320
node[2],17.858850,176,320
node[3],17.858850,176,320
node[3],17.860171,172,320
node[1],17.860171,172,320
node[0],17.860171,172,320
node[0],17.865148,172,320
node[2],17.865148,172,320
node[3],17.865148,172,320
node[2],17.865297,176,320
node[1],17.865297,176,320
node[0],17.865297,176,320
node[2],17.875297,172,320
node[1],17.875297,172,320
node[0],17.875297,172,320
node[1],17.889850,176,320
node[2],17.889850,176,320
node[3],17.889850,176,320
node[2],17.895297,180,320
node[1],17.895297,180,320
node[0],17.895297,180,320
node[3],17.896171,176,320
node[1],17.896171,176,320
node[0],17.896171,176,320
node[0],17.899148,176,320
node[2],17.899148,176,320
node[3],17.899148,176,320
node[2],17.902297,172,320
node[1],17.902297,172,320
node[0],17.902297,172,320
node[2],17.913297,176,320
node[1],17.913297,176,320
node[0],17.913297,176,320
node[3],17.926171,176,320
node[1],17.926171,176,320
node[0],17.926171,176,320
node[3],17.928171,180,320
node[1],17.928171,180,320
node[0],17.928171,180,320
node[3],17.966171,172,320
node[1],17.966171,172,320
node[0],17.966171,172,320
node[1],17.978850,180,320
node[2],17.978850,180,320
node[3],17.978850,180,320
node[1],17.979850,172,320
node[2],17.979850,172,320
node[3],17.979850,172,320
node[2],17.980297,180,320
node[1],17.980297,180,320
node[0],17.980297,180,320
node[0],18.000148,172,320
node[2],18.000148,172,320
node[3],18.000148,172,320
node[1],18.004850,176,320
node[2],18.004850,176,320
node[3],18.004850,176,320
node[0],18.018148,180,320
node[2],18.018148,180,320
node[3],18.018148,180,320
node[1],18.019037,180,320
node[2],18.019037,180,320
node[3],18.019037,180,320
node[3],18.041171,172,320
node[1],18.041171,172,320
node[0],18.041171,172,320
node[0],18.042148,172,320
node[2],18.042148,172,320
node[3],18.042148,172,320
node[2],18.054297,172,320
node[1],18.054297,172,320
node[0],18.054297,172,320
node[3],18.057171,176,320
node[1],18.057171,176,320
node[0],18.057171,176,320
node[2],18.060297,180,320
node[1],18.060297,180,320
node[0],18.060297,180,320
node[3],18.064171,180,320
node[1],18.064171,180,320
node[0],18.064171,180,320
node[0],18.065148,176,320
node[2],18.065148,176,320
node[3],18.065148,176,320
node[3],18.066171,172,320
node[1],18.066171,172,320
node[0],18.066171,172,320
node[1],18.073850,172,320
node[2],18.073850,172,320
node[3],18.073850,172,320
node[1],18.078850,180,320
node[2],18.078850,180,320
node[3],18.078850,180,320
node[2],18.095297,180,320
node[1],18.095297,180,320
node[0],18.095297,180,320
node[1],18.101850,172,320
node[2],18.101850,172,320
node[3],18.101850,172,320
node[3],18.104171,180,320
node[1],18.104171,180,320
node[0],18.104171,180,320
node[1],18.108850,180,320
node[2],18.108850,180,320
node[3],18.108850,180,320
node[2],18.111297,176,320
node[1],18.111297,176,320
node[0],18.111297,176,320
node[3],18.112171,172,320
node[1],18.112171,172,320
node[0],18.112171,172,320
node[1],18.115850,176,320
node[2],18.115850,176,320
node[3],18.115850,176,320
node[0],18.121148,180,320
node[2],18.121148,180,320
node[3],18.121148,180,320
node[3],18.130171,176,320
node[1],18.130171,176,320
node[0],18.130171,176,320
node[0],18.147148,176,320
node[2],18.147148,176,320
node[3],18.147148,176,320
node[2],18.153297,172,320
node[1],18.153297,172,320
node[0],18.153297,172,320
node[3],18.154171,172,320
node[1],18.154171,172,320
node[0],18.154171,172,320
node[3],18.160171,176,320
node[1],18.160171,176,320
node[0],18.160171,176,320
node[3],18.193171,176,320
node[1],18.193171,176,320
node[0],18.193171,176,320
node[2],18.194297,172,320
node[1],18.194297,172,320
node[0],18.194297,172,320
node[2],18.237297,176,320
node[1],18.237297,176,320
node[0],18.237297,176,320
node[1],18.251850,172,320
node[2],18.251850,172,320
node[3],18.251850,172,320
node[3],18.255171,172,320
node[1],18.255171,172,320
node[0],18.255171,172,320
node[2],18.259297,172,320
node[1],18.259297,172,320
node[0],18.259297,172,320
node[1],18.260850,176,320
node[2],18.260850,176,320
node[3],18.260850,176,320
node[0],18.265148,176,320
node[2],18.265148,176,320
node[3],18.265148,176,320
node[1],18.270849,180,320
node[2],18.270849,180,320
node[3],18.270849,180,320
node[1],18.283850,172,320
node[2],18.283850,172,320
node[3],18.283850,172,320
node[2],18.284518,172,320
node[1],18.284518,172,320
node[0],18.284518,172,320
node[3],18.298171,172,320
node[1],18.298171,172,320
node[0],18.298171,172,320
node[1],18.308850,176,320
node[2],18.308850,176,320
node[3],18.308850,176,320
node[0],18.309531,176,320
node[2],18.309531,176,320
node[3],18.309531,176,320
node[2],18.314297,172,320
node[1],18.314297,172,320
node[0],18.314297,172,320
node[1],18.315850,180,320
node[2],18.315850,180,320
node[3],18.315850,180,320
node[3],18.321171,176,320
node[1],18.321171,176,320
node[0],18.321171,176,320
node[0],18.330148,172,320
node[2],18.330148,172,320
node[3],18.330148,172,320
node[2],18.336297,180,320
node[1],18.336297,180,320
node[0],18.336297,180,320
node[3],18.346171,176,320
node[1],18.346171,176,320
node[0],18.346171,176,320
node[3],18.350171,172,320
node[1],18.350171,172,320
node[0],18.350171,172,320
node[2],18.350839,172,320
node[1],18.350840,172,320
node[0],18.350840,172,320
node[3],18.364171,180,320
node[1],18.364171,180,320
node[0],18.364171,180,320
node[0],18.365148,176,320
node[2],18.365148,176,320
node[3],18.365148,176,320
node[3],18.379171,172,320
node[1],18.379171,172,320
node[0],18.379171,172,320
node[0],18.382148,180,320
node[2],18.382148,180,320
node[3],18.382148,180,320
node[3],18.387171,176,320
node[1],18.387171,176,320
node[0],18.387171,176,320
node[3],18.404171,180,320
node[1],18.404171,180,320
node[0],18.404171,180,320
node[0],18.405148,172,320
node[2],18.405148,172,320
node[3],18.405148,172,320
node[2],18.411297,172,320
node[1],18.411297,172,320
node[0],18.411297,172,320
node[3],18.414171,176,320
node[1],18.414171,176,320
node[0],18.414171,176,320
node[1],18.417850,172,320
node[2],18.417850,172,320
node[3],18.417850,172,320
node[0],18.440148,176,320
node[2],18.440148,176,320
node[3],18.440148,176,320
node[3],18.442171,176,320
node[1],18.442171,176,320
node[0],18.442171,176,320
node[1],18.445850,176,320
node[2],18.445850,176,320
node[3],18.445850,176,320
node[1],18.446850,172,320
node[2],18.446850,172,320
node[3],18.446850,172,320
node[1],18.472850,172,320
node[2],18.472850,172,320
node[3],18.472850,172,320
node[2],18.474297,172,320
node[1],18.474297,172,320
node[0],18.474297,172,320
node[2],18.478297,180,320
node[1],18.478297,180,320
node[0],18.478297,180,320
node[1],18.495850,180,320
node[2],18.495850,180,320
node[3],18.495850,180,320
node[3],18.498171,172,320
node[1],18.498171,172,320
node[0],18.498171,172,320
node[0],18.506148,172,320
node[2],18.506148,172,320
node[3],18.506148,172,320
node[0],18.518148,176,320
node[2],18.518148,176,320
node[3],18.518148,176,320
node[3],18.520171,176,320
node[1],18.520171,176,320
node[0],18.520171,176,320
node[3],18.524171,172,320
node[1],18.524171,172,320
node[0],18.524171,172,320
node[0],18.531147,172,320
node[2],18.531147,172,320
node[3],18.531147,172,320
node[1],18.532850,172,320
node[2],18.532850,172,320
node[3],18.532850,172,320
node[2],18.538297,180,320
node[1],18.538297,180,320
node[0],18.538297,180,320
node[0],18.543147,176,320
node[2],18.543147,176,320
node[3],18.543147,176,320
node[3],18.545171,176,320
node[1],18.545171,176,320
node[0],18.545171,176,320
node[1],18.545850,176,320
node[2],18.545850,176,320
node[3],18.545850,176,320
node[3],18.549171,172,320
node[1],18.549171,172,320
node[0],18.549171,172,320
node[2],18.554297,176,320
node[1],18.554297,176,320
node[0],18.554297,176,320
node[1],18.557849,172,320
node[2],18.557849,172,320
node[3],18.557849,172,320
node[0],18.559148,180,320
node[2],18.559148,180,320
node[3],18.559148,180,320
node[2],18.562297,172,320
node[1],18.562297,172,320
node[0],18.562297,172,320
node[3],18.564171,180,320
node[1],18.564171,180,320
node[0],18.564171,180,320
node[0],18.569148,172,320
node[2],18.569148,172,320
node[3],18.569148,172,320
node[1],18.570849,176,320
node[2],18.570849,176,320
node[3],18.570849,176,320
node[0],18.583148,176,320
node[2],18.583148,176,320
node[3],18.583148,176,320
node[0],18.585148,180,320
node[2],18.585148,180,320
node[3],18.585148,180,320
node[3],18.595171,176,320
node[1],18.595171,176,320
node[0],18.595171,176,320
node[3],18.596171,172,320
node[1],18.596171,172,320
node[0],18.596171,172,320
node[3],18.600171,180,320
node[1],18.600171,180,320
node[0],18.600171,180,320
node[1],18.602850,172,320
node[2],18.602850,172,320
node[3],18.602850,172,320
node[1],18.608850,180,320
node[2],18.608850,180,320
node[3],18.608850,180,320
node[1],18.609850,176,320
node[2],18.609850,176,320
node[3],18.609850,176,320
node[0],18.611148,180,320
node[2],18.611148,180,320
node[3],18.611148,180,320
node[0],18.620148,176,320
node[2],18.620148,176,320
node[3],18.620148,176,320
node[2],18.620297,172,320
node[1],18.620297,172,320
node[0],18.620297,172,320
node[1],18.627849,172,320
node[2],18.627849,172,320
node[3],18.627849,172,320
node[3],18.631171,180,320
node[1],18.631171,180,320
node[0],18.631171,180,320
node[1],18.633849,180,320
node[2],18.633849,180,320
node[3],18.633849,180,320
node[2],18.635297,176,320
node[1],18.635297,176,320
node[0],18.635297,176,320
node[1],18.639850,176,320
node[2],18.639850,176,320
node[3],18.639850,176,320
node[3],18.643171,172,320
node[1],18.643171,172,320
node[0],18.643171,172,320
node[1],18.652849,172,320
node[2],18.652849,172,320
node[3],18.652849,172,320
node[1],18.664849,176,320
node[2],18.664849,176,320
node[3],18.664849,176,320
node[2],18.670297,176,320
node[1],18.670297,176,320
node[0],18.670297,176,320
node[1],18.677849,172,320
node[2],18.677849,172,320
node[3],18.677849,172,320
node[1],18.683849,180,320
node[2],18.683849,180,320
node[3],18.683849,180,320
node[3],18.685171,176,320
node[1],18.685171,176,320
node[0],18.685171,176,320
node[1],18.689849,176,320
node[2],18.689849,176,320
node[3],18.689849,176,320
node[1],18.702849,172,320
node[2],18.702849,172,320
node[3],18.702849,172,320
node[2],18.715297,172,320
node[1],18.715297,172,320
node[0],18.715297,172,320
node[1],18.738850,172,320
node[2],18.738850,172,320
node[3],18.738850,172,320
node[2],18.746297,172,320
node[1],18.746297,172,320
node[0],18.746297,172,320
node[0],18.747148,176,320
node[2],18.747148,176,320
node[3],18.747148,176,320
node[1],18.761850,176,320
node[2],18.761850,176,320
node[3],18.761850,176,320
node[0],18.780148,172,320
node[2],18.780148,172,320
node[3],18.780148,172,320
node[2],18.795297,176,320
node[1],18.795297,176,320
node[0],18.795297,176,320
node[3],18.796171,180,320
node[1],18.796171,180,320
node[0],18.796171,180,320
node[2],18.796904,180,320
node[1],18.796905,180,320
node[0],18.796905,180,320
node[2],18.799297,172,320
node[1],18.799297,172,320
node[0],18.799297,172,320
node[0],18.804148,180,320
node[2],18.804148,180,320
node[3],18.804148,180,320
node[3],18.819171,176,320
node[1],18.819171,176,320
node[0],18.819171,176,320
node[2],18.821297,176,320
node[1],18.821297,176,320
node[0],18.821297,176,320
node[1],18.822850,176,320
node[2],18.822850,176,320
node[3],18.822850,176,320
node[2],18.828297,172,320
node[1],18.828297,172,320
node[0],18.828297,172,320
node[1],18.828939,172,320
node[2],18.828940,172,320
node[3],18.828940,172,320
node[1],18.832850,180,320
node[2],18.832850,180,320
node[3],18.832850,180,320
node[3],18.833583,180,320
node[1],18.833583,180,320
node[0],18.833583,180,320
node[3],18.843171,172,320
node[1],18.843171,172,320
node[0],18.843171,172,320
node[3],18.845171,176,320
node[1],18.845171,176,320
node[0],18.845171,176,320
node[2],18.846296,176,320
node[2],18.846296,180,320
node[1],18.846296,176,320
node[1],18.846296,180,320
node[0],18.846296,176,320
node[0],18.846296,180,320
node[2],18.858297,172,320
node[1],18.858297,172,320
node[0],18.858297,172,320
node[2],18.871296,176,320
node[1],18.871296,176,320
node[0],18.871296,176,320
node[3],18.881171,172,320
node[1],18.881171,172,320
node[0],18.881171,172,320
node[2],18.883297,172,320
node[1],18.883297,172,320
node[0],18.883297,172,320
node[0],18.884148,180,320
node[2],18.884148,180,320
node[3],18.884148,180,320
node[3],18.885171,176,320
node[1],18.885171,176,320
node[0],18.885171,176,320
node[1],18.903850,176,320
node[2],18.903850,176,320
node[3],18.903850,176,320
node[3],18.908171,180,320
node[1],18.908171,180,320
node[0],18.908171,180,320
node[3],18.910171,176,320
node[1],18.910171,176,320
node[0],18.910171,176,320
node[0],18.912148,176,320
node[2],18.912148,176,320
node[3],18.912148,176,320
node[3],18.912171,172,320
node[1],18.912171,172,320
node[0],18.912171,172,320
node[2],18.916297,172,320
node[1],18.916297,172,320
node[0],18.916297,172,320
node[0],18.928148,172,320
node[2],18.928148,172,320
node[3],18.928148,172,320
node[3],18.933171,180,320
node[1],18.933171,180,320
node[0],18.933171,180,320
node[1],18.940850,176,320
node[2],18.940850,176,320
node[3],18.940850,176,320
node[2],18.948297,176,320
node[1],18.948297,176,320
node[0],18.948297,176,320
node[1],18.959850,172,320
node[2],18.959850,172,320
node[3],18.959850,172,320
node[2],18.984297,172,320
node[1],18.984297,172,320
node[0],18.984297,172,320
node[1],18.992850,172,320
node[2],18.992850,172,320
node[3],18.992850,172,320
node[2],18.993297,180,320
node[1],18.993297,180,320
node[0],18.993297,180,320
node[0],19.007148,172,320
node[2],19.007148,172,320
node[3],19.007148,172,320
node[2],19.007297,176,320
node[1],19.007297,176,320
node[0],19.007297,176,320
node[2],19.017297,172,320
node[1],19.017297,172,320
node[0],19.017297,172,320
node[3],19.026171,180,320
node[1],19.026171,180,320
node[0],19.026171,180,320
node[2],19.032296,176,320
node[1],19.032296,176,320
node[0],19.032296,176,320
node[1],19.041850,176,320
node[2],19.041850,176,320
node[3],19.041850,176,320
node[2],19.042296,172,320
node[1],19.042296,172,320
node[0],19.042296,172,320
node[2],19.043296,180,320
node[1],19.043296,180,320
node[0],19.043296,180,320
node[0],19.046148,172,320
node[2],19.046148,172,320
node[3],19.046148,172,320
node[1],19.046850,172,320
node[2],19.046850,172,320
node[3],19.046850,172,320
node[2],19.057296,176,320
node[1],19.057296,176,320
node[0],19.057296,176,320
node[2],19.067296,172,320
node[1],19.067296,172,320
node[0],19.067296,172,320
node[1],19.067850,176,320
node[2],19.067850,176,320
node[3],19.067850,176,320
node[0],19.069148,180,320
node[2],19.069148,180,320
node[3],19.069148,180,320
node[0],19.071148,172,320
node[2],19.071148,172,320
node[3],19.071148,172,320
node[1],19.091850,172,320
node[2],19.091850,172,320
node[3],19.091850,172,320
node[0],19.092148,176,320
node[2],19.092148,176,320
node[3],19.092148,176,320
node[0],19.109148,172,320
node[2],19.109148,172,320
node[3],19.109148,172,320
node[3],19.122171,172,320
node[1],19.122171,172,320
node[0],19.122171,172,320
node[3],19.126171,180,320
node[1],19.126171,180,320
node[0],19.126171,180,320
node[1],19.135850,172,320
node[2],19.135850,172,320
node[3],19.135850,172,320
node[2],19.136297,176,320
node[1],19.136297,176,320
node[0],19.136297,176,320
node[0],19.145148,172,320
node[2],19.145148,172,320
node[3],19.145148,172,320
node[0],19.161148,180,320
node[2],19.161148,180,320
node[3],19.161148,180,320
node[0],19.165148,176,320
node[2],19.165148,176,320
node[3],19.165148,176,320
node[3],19.165171,172,320
node[1],19.165171,172,320
node[0],19.165171,172,320
node[3],19.166171,176,320
node[1],19.166171,176,320
node[0],19.166171,176,320
node[2],19.174297,180,320
node[1],19.174297,180,320
node[0],19.174297,180,320
node[0],19.185148,172,320
node[2],19.185148,172,320
node[3],19.185148,172,320
node[0],19.201148,180,320
node[2],19.201148,180,320
node[3],19.201148,180,320
node[3],19.209171,176,320
node[1],19.209171,176,320
node[0],19.209171,176,320
node[0],19.223148,172,320
node[2],19.223148,172,320
node[3],19.223148,172,320
node[1],19.224850,172,320
node[2],19.224850,172,320
node[3],19.224850,172,320
node[3],19.226919,180,320
node[1],19.226919,180,320
node[0],19.226919,180,320
node[2],19.230297,180,320
node[1],19.230297,180,320
node[0],19.230297,180,320
node[3],19.247171,176,320
node[1],19.247171,176,320
node[0],19.247171,176,320
node[3],19.253171,172,320
node[1],19.253171,172,320
node[0],19.253171,172,320
node[2],19.255297,176,320
node[1],19.255297,176,320
node[0],19.255297,176,320
node[0],19.256148,172,320
node[2],19.256148,172,320
node[3],19.256148,172,320
node[0],19.268148,176,320
node[2],19.268148,176,320
node[3],19.268148,176,320
node[3],19.276171,176,320
node[1],19.276171,176,320
node[0],19.276171,176,320
node[2],19.279297,172,320
node[1],19.279297,172,320
node[0],19.279297,172,320
node[3],19.280171,180,320
node[1],19.280171,180,320
node[0],19.280171,180,320
node[2],19.284297,180,320
node[1],19.284297,180,320
node[0],19.284297,180,320
node[1],19.288850,180,320
node[2],19.288850,180,320
node[3],19.288850,180,320
node[2],19.309297,172,320
node[1],19.309297,172,320
node[0],19.309297,172,320
node[0],19.313148,176,320
node[2],19.313148,176,320
node[3],19.313148,176,320
node[0],19.316148,180,320
node[2],19.316148,180,320
node[3],19.316148,180,320
node[2],19.323297,176,320
node[1],19.323297,176,320
node[0],19.323297,176,320
node[0],19.338148,172,320
node[2],19.338148,172,320
node[3],19.338148,172,320
node[1],19.344850,176,320
node[2],19.344850,176,320
node[3],19.344850,176,320
node[0],19.357148,176,320
node[2],19.357148,176,320
node[3],19.357148,176,320
node[1],19.358850,172,320
node[2],19.358850,172,320
node[3],19.358850,172,320
node[3],19.386171,172,320
node[1],19.386171,172,320
node[0],19.386171,172,320
node[1],19.390850,180,320
node[2],19.390850,180,320
node[3],19.390850,180,320
node[3],19.406171,176,320
node[1],19.406171,176,320
node[0],19.406171,176,320
node[3],19.411171,180,320
node[1],19.411171,180,320
node[0],19.411171,180,320
node[1],19.413850,172,320
node[2],19.413850,172,320
node[3],19.413850,172,320
node[0],19.420148,172,320
node[2],19.420148,172,320
node[3],19.420148,172,320
node[0],19.474148,172,320
node[2],19.474148,172,320
node[3],19.474148,172,320
node[1],19.476850,172,320
node[2],19.476850,172,320
node[3],19.476850,172,320
node[3],19.479171,172,320
node[1],19.479171,172,320
node[0],19.479171,172,320
node[1],19.498850,180,320
node[2],19.498850,180,320
node[3],19.498850,180,320
node[1],19.522850,172,320
node[2],19.522850,172,320
node[3],19.522850,172,320
node[3],19.538171,180,320
node[1],19.538171,180,320
node[0],19.538171,180,320
node[2],19.542297,180,320
node[1],19.542297,180,320
node[0],19.542297,180,320
node[3],19.544171,172,320
node[1],19.544171,172,320
node[0],19.544171,172,320
node[3],19.546171,176,320
node[1],19.546171,176,320
node[0],19.546171,176,320
node[2],19.555297,172,320
node[1],19.555297,172,320
node[0],19.555297,172,320
node[1],19.563850,172,320
node[2],19.563850,172,320
node[3],19.563850,172,320
node[3],19.569171,172,320
node[1],19.569171,172,320
node[0],19.569171,172,320
node[0],19.590148,176,320
node[2],19.590148,176,320
node[3],19.590148,176,320
node[3],19.595171,172,320
node[1],19.595171,172,320
node[0],19.595171,172,320
node[2],19.597297,176,320
node[1],19.597297,176,320
node[0],19.597297,176,320
node[2],19.611297,172,320
node[1],19.611297,172,320
node[0],19.611297,172,320
node[3],19.613171,176,320
node[1],19.613171,176,320
node[0],19.613171,176,320
node[3],19.614171,180,320
node[1],19.614171,180,320
node[0],19.614171,180,320
node[3],19.620171,172,320
node[1],19.620171,172,320
node[0],19.620171,172,320
node[2],19.622296,176,320
node[1],19.622296,176,320
node[0],19.622296,176,320
node[3],19.647171,176,320
node[1],19.647171,176,320
node[0],19.647171,176,320
node[1],19.663850,176,320
node[2],19.663850,176,320
node[3],19.663850,176,320
node[0],19.664148,172,320
node[2],19.664148,172,320
node[3],19.664148,172,320
node[2],19.668297,180,320
node[1],19.668297,180,320
node[0],19.668297,180,320
node[2],19.669297,176,320
node[1],19.669297,176,320
node[0],19.669297,176,320
node[0],19.670148,176,320
node[2],19.670148,176,320
node[3],19.670148,176,320
node[3],19.677171,176,320
node[1],19.677171,176,320
node[0],19.677171,176,320
node[2],19.679297,172,320
node[1],19.679297,172,320
node[0],19.679297,172,320
node[0],19.685148,180,320
node[2],19.685148,180,320
node[3],19.685148,180,320
node[3],19.693171,180,320
node[1],19.693171,180,320
node[0],19.693171,180,320
node[1],19.699850,176,320
node[2],19.699850,176,320
node[3],19.699850,176,320
node[0],19.707148,176,320
node[2],19.707148,176,320
node[3],19.707148,176,320
node[0],19.716148,180,320
node[2],19.716148,180,320
node[3],19.716148,180,320
node[3],19.719171,176,320
node[1],19.719171,176,320
node[0],19.719171,176,320
node[0],19.720148,172,320
node[2],19.720148,172,320
node[3],19.720148,172,320
node[0],19.732147,176,320
node[2],19.732147,176,320
node[3],19.732147,176,320
node[3],19.734171,172,320
node[1],19.734171,172,320
node[0],19.734171,172,320
node[0],19.745147,172,320
node[2],19.745147,172,320
node[3],19.745147,172,320
node[3],19.747171,176,320
node[1],19.747171,176,320
node[0],19.747171,176,320
node[2],19.752297,176,320
node[1],19.752297,176,320
node[0],19.752297,176,320
node[1],19.752850,172,320
node[2],19.752850,172,320
node[3],19.752850,172,320
node[0],19.757147,176,320
node[2],19.757147,176,320
node[3],19.757147,176,320
node[3],19.759171,172,320
node[1],19.759171,172,320
node[0],19.759171,172,320
node[3],19.775171,180,320
node[1],19.775171,180,320
node[0],19.775171,180,320
node[1],19.797850,176,320
node[2],19.797850,176,320
node[3],19.797850,176,320
node[2],19.812297,172,320
node[1],19.812297,172,320
node[0],19.812297,172,320
node[0],19.814148,176,320
node[2],19.814148,176,320
node[3],19.814148,176,320
node[2],19.818297,176,320
node[1],19.818297,176,320
node[0],19.818297,176,320
node[0],19.819148,172,320
node[2],19.819148,172,320
node[3],19.819148,172,320
node[2],19.826296,180,320
node[1],19.826296,180,320
node[0],19.826296,180,320
node[2],19.837296,172,320
node[1],19.837296,172,320
node[0],19.837296,172,320
node[3],19.839171,176,320
node[1],19.839171,176,320
node[0],19.839171,176,320
node[1],19.839983,180,320
node[2],19.839983,180,320
node[3],19.839983,180,320
node[1],19.840850,176,320
node[2],19.840850,176,320
node[3],19.840850,176,320
node[2],19.843296,176,320
node[1],19.843296,176,320
node[0],19.843296,176,320
node[2],19.851296,180,320
node[1],19.851296,180,320
node[0],19.851296,180,320
node[3],19.853171,172,320
node[1],19.853171,172,320
node[0],19.853171,172,320
node[2],19.862296,172,320
node[1],19.862296,172,320
node[0],19.862296,172,320
node[3],19.864171,180,320
node[1],19.864171,180,320
node[0],19.864171,180,320
node[1],19.866850,172,320
node[2],19.866850,172,320
node[3],19.866850,172,320
node[1],19.876850,176,320
node[2],19.876850,176,320
node[3],19.876850,176,320
node[1],19.889849,180,320
node[2],19.889849,180,320
node[3],19.889849,180,320
node[3],19.898171,176,320
node[1],19.898171,176,320
node[0],19.898171,176,320
node[3],19.902171,180,320
node[1],19.902171,180,320
node[0],19.902171,180,320
node[3],19.917171,172,320
node[1],19.917171,172,320
node[0],19.917171,172,320
node[0],19.928148,176,320
node[2],19.928148,176,320
node[3],19.928148,176,320
node[0],19.947148,172,320
node[2],19.947148,172,320
node[3],19.947148,172,320
node[2],19.947297,180,320
node[1],19.947297,180,320
node[0],19.947297,180,320
node[1],19.947850,176,320
node[2],19.947850,176,320
node[3],19.947850,176,320
node[1],19.959850,172,320
node[2],19.959850,172,320
node[3],19.959850,172,320
node[0],19.964148,180,320
node[2],19.964148,180,320
node[3],19.964148,180,320
node[0],19.966148,176,320
node[2],19.966148,176,320
node[3],19.966148,176,320
node[2],19.966829,176,320
node[1],19.966829,176,320
node[0],19.966829,176,320
node[2],19.979297,180,320
node[1],19.979297,180,320
node[0],19.979297,180,320
node[2],19.980297,172,320
node[1],19.980297,172,320
node[0],19.980297,172,320
node[0],19.985148,172,320
node[2],19.985148,172,320
node[3],19.985148,172,320
node[3],19.986171,176,320
node[1],19.986171,176,320
node[0],19.986171,176,320
node[3],19.991171,172,320
node[1],19.991171,172,320
node[0],19.991171,172,320
node[3],20.005171,180,320
node[1],20.005171,180,320
node[0],20.005171,180,320
node[1],20.005850,176,320
node[2],20.005850,176,320
node[3],20.005850,176,320
node[0],20.015148,180,320
node[2],20.015148,180,320
node[3],20.015148,180,320
node[1],20.021850,172,320
node[2],20.021850,172,320
node[3],20.021850,172,320
node[0],20.025148,176,320
node[2],20.025148,176,320
node[3],20.025148,176,320
node[3],20.025171,172,320
node[1],20.025171,172,320
node[0],20.025171,172,320
node[3],20.029171,176,320
node[1],20.029171,176,320
node[0],20.029171,176,320
node[0],20.033148,172,320
node[2],20.033148,172,320
node[3],20.033148,172,320
node[0],20.050147,176,320
node[2],20.050147,176,320
node[3],20.050147,176,320
node[2],20.051297,172,320
node[1],20.051297,172,320
node[0],20.051297,172,320
node[1],20.055850,176,320
node[2],20.055850,176,320
node[3],20.055850,176,320
node[3],20.057171,176,320
node[1],20.057171,176,320
node[0],20.057171,176,320
node[0],20.066148,172,320
node[2],20.066148,172,320
node[3],20.066148,172,320
node[2],20.074297,180,320
node[1],20.074297,180,320
node[0],20.074297,180,320
node[0],20.075148,176,320
node[2],20.075148,176,320
node[3],20.075148,176,320
node[0],20.088148,180,320
node[2],20.088148,180,320
node[3],20.088148,180,320
node[3],20.088171,172,320
node[1],20.088171,172,320
node[0],20.088171,172,320
node[3],20.090171,180,320
node[1],20.090171,180,320
node[0],20.090171,180,320
node[2],20.103297,176,320
node[1],20.103297,176,320
node[0],20.103297,176,320
node[1],20.109850,176,320
node[2],20.109850,176,320
node[3],20.109850,176,320
node[2],20.116297,172,320
node[1],20.116297,172,320
node[0],20.116297,172,320
node[0],20.118148,180,320
node[2],20.118148,180,320
node[3],20.118148,180,320
node[2],20.126296,180,320
node[1],20.126296,180,320
node[0],20.126296,180,320
node[2],20.147297,172,320
node[1],20.147297,172,320
node[0],20.147297,172,320
node[0],20.148148,172,320
node[2],20.148148,172,320
node[3],20.148148,172,320
node[2],20.153297,176,320
node[1],20.153297,176,320
node[0],20.153297,176,320
node[1],20.155850,172,320
node[2],20.155850,172,320
node[3],20.155850,172,320
node[1],20.173850,176,320
node[2],20.173850,176,320
node[3],20.173850,176,320
node[1],20.179850,180,320
node[2],20.179850,180,320
node[3],20.179850,180,320
node[1],20.180850,172,320
node[2],20.180850,172,320
node[3],20.180850,172,320
node[0],20.184148,176,320
node[2],20.184148,176,320
node[3],20.184148,176,320
node[1],20.212850,176,320
node[2],20.212850,176,320
node[3],20.212850,176,320
node[1],20.218850,172,320
node[2],20.218850,172,320
node[3],20.218850,172,320
node[2],20.219492,172,320
node[1],20.219492,172,320
node[0],20.219492,172,320
node[1],20.219850,180,320
node[2],20.219850,180,320
node[3],20.219850,180,320
node[0],20.222148,180,320
node[2],20.222148,180,320
node[3],20.222148,180,320
node[3],20.233171,172,320
node[1],20.233171,172,320
node[0],20.233171,172,320
node[1],20.237849,176,320
node[2],20.237849,176,320
node[3],20.237849,176,320
node[1],20.243849,172,320
node[2],20.243849,172,320
node[3],20.243849,172,320
node[0],20.245148,172,320
node[2],20.245148,172,320
node[3],20.245148,172,320
node[1],20.262849,176,320
node[2],20.262849,176,320
node[3],20.262849,176,320
node[2],20.268297,172,320
node[1],20.268297,172,320
node[0],20.268297,172,320
node[2],20.270297,180,320
node[1],20.270297,180,320
node[0],20.270297,180,320
node[3],20.277171,176,320
node[1],20.277171,176,320
node[0],20.277171,176,320
node[1],20.283850,180,320
node[2],20.283850,180,320
node[3],20.283850,180,320
node[2],20.290297,176,320
node[1],20.290297,176,320
node[0],20.290297,176,320
node[0],20.293148,172,320
node[2],20.293148,172,320
node[3],20.293148,172,320
node[2],20.300297,180,320
node[1],20.300297,180,320
node[0],20.300297,180,320
node[0],20.308148,180,320
node[2],20.308148,180,320
node[3],20.308148,180,320
node[3],20.312171,172,320
node[1],20.312171,172,320
node[0],20.312171,172,320
node[2],20.325297,172,320
node[1],20.325297,172,320
node[0],20.325297,172,320
node[2],20.335297,176,320
node[1],20.335297,176,320
node[0],20.335297,176,320
node[2],20.369297,176,320
node[1],20.369297,176,320
node[0],20.369297,176,320
node[1],20.380850,176,320
node[2],20.380850,176,320
node[3],20.380850,176,320
node[2],20.381297,180,320
node[1],20.381297,180,320
node[0],20.381297,180,320
node[1],20.382850,172,320
node[2],20.382850,172,320
node[3],20.382850,172,320
node[3],20.395171,176,320
node[1],20.395171,176,320
node[0],20.395171,176,320
node[2],20.396297,172,320
node[1],20.396297,172,320
node[0],20.396297,172,320
node[1],20.403850,180,320
node[2],20.403850,180,320
node[3],20.403850,180,320
node[0],20.406148,172,320
node[2],20.406148,172,320
node[3],20.406148,172,320
node[1],20.406850,176,320
node[2],20.406850,176,320
node[3],20.406850,176,320
node[0],20.413148,180,320
node[2],20.413148,180,320
node[3],20.413148,180,320
node[3],20.413171,172,320
node[1],20.413171,172,320
node[0],20.413171,172,320
node[3],20.415171,180,320
node[1],20.415171,180,320
node[0],20.415171,180,320
node[2],20.420297,176,320
node[1],20.420297,176,320
node[0],20.420297,176,320
node[0],20.431148,172,320
node[2],20.431148,172,320
node[3],20.431148,172,320
node[2],20.439297,180,320
node[1],20.439297,180,320
node[0],20.439297,180,320
node[2],20.452297,176,320
node[1],20.452297,176,320
node[0],20.452297,176,320
node[0],20.457148,176,320
node[2],20.457148,176,320
node[3],20.457148,176,320
node[0],20.461148,172,320
node[2],20.461148,172,320
node[3],20.461148,172,320
node[3],20.471171,176,320
node[1],20.471171,176,320
node[0],20.471171,176,320
node[2],20.472297,180,320
node[1],20.472297,180,320
node[0],20.472297,180,320
node[3],20.479171,180,320
node[1],20.479171,180,320
node[0],20.479171,180,320
node[0],20.488148,172,320
node[2],20.488148,172,320
node[3],20.488148,172,320
node[3],20.490171,172,320
node[1],20.490171,172,320
node[0],20.490171,172,320
node[3],20.496171,176,320
node[1],20.496171,176,320
node[0],20.496171,176,320
node[2],20.498297,176,320
node[1],20.498297,176,320
node[0],20.498297,176,320
node[0],20.499148,176,320
node[2],20.499148,176,320
node[3],20.499148,176,320
node[3],20.504171,180,320
node[1],20.504171,180,320
node[0],20.504171,180,320
node[0],20.516148,180,320
node[2],20.516148,180,320
node[3],20.516148,180,320
node[3],20.522171,176,320
node[1],20.522171,176,320
node[0],20.522171,176,320
node[3],20.524171,172,320
node[1],20.524171,172,320
node[0],20.524171,172,320
node[0],20.528148,172,320
node[2],20.528148,172,320
node[3],20.528148,172,320
node[2],20.539852,180,320
node[1],20.539853,180,320
node[0],20.539853,180,320
node[2],20.540297,176,320
node[1],20.540297,176,320
node[0],20.540297,176,320
node[1],20.548850,172,320
node[2],20.548850,172,320
node[3],20.548850,172,320
node[0],20.550148,176,320
node[2],20.550148,176,320
node[3],20.550148,176,320
node[0],20.553147,172,320
node[2],20.553147,172,320
node[3],20.553147,172,320
node[3],20.558171,172,320
node[1],20.558171,172,320
node[0],20.558171,172,320
node[0],20.566147,180,320
node[2],20.566147,180,320
node[3],20.566147,180,320
node[1],20.567850,176,320
node[2],20.567850,176,320
node[3],20.567850,176,320
node[0],20.582148,172,320
node[2],20.582148,172,320
node[3],20.582148,172,320
node[1],20.590850,172,320
node[2],20.590850,172,320
node[3],20.590850,172,320
node[1],20.597850,176,320
node[2],20.597850,176,320
node[3],20.597850,176,320
node[0],20.606148,176,320
node[2],20.606148,176,320
node[3],20.606148,176,320
node[1],20.607850,180,320
node[2],20.607850,180,320
node[3],20.607850,180,320
node[3],20.613171,172,320
node[1],20.613171,172,320
node[0],20.613171,172,320
node[1],20.615849,172,320
node[2],20.615849,172,320
node[3],20.615849,172,320
node[0],20.624148,172,320
node[2],20.624148,172,320
node[3],20.624148,172,320
node[0],20.636148,176,320
node[2],20.636148,176,320
node[3],20.636148,176,320
node[2],20.645297,172,320
node[1],20.645297,172,320
node[0],20.645297,172,320
node[2],20.646297,176,320
node[1],20.646297,176,320
node[0],20.646297,176,320
node[0],20.649147,172,320
node[2],20.649147,172,320
node[3],20.649147,172,320
node[3],20.653171,176,320
node[1],20.653171,176,320
node[0],20.653171,176,320
node[0],20.659148,180,320
node[2],20.659148,180,320
node[3],20.659148,180,320
node[1],20.659850,176,320
node[2],20.659850,176,320
node[3],20.659850,176,320
node[1],20.660850,172,320
node[2],20.660850,172,320
node[3],20.660850,172,320
node[1],20.670849,180,320
node[2],20.670849,180,320
node[3],20.670849,180,320
node[3],20.673171,172,320
node[1],20.673171,172,320
node[0],20.673171,172,320
node[0],20.674148,172,320
node[2],20.674148,172,320
node[3],20.674148,172,320
node[1],20.684849,176,320
node[2],20.684849,176,320
node[3],20.684849,176,320
node[2],20.686297,176,320
node[1],20.686297,176,320
node[0],20.686297,176,320
node[3],20.698171,180,320
node[1],20.698171,180,320
node[0],20.698171,180,320
node[0],20.700148,176,320
node[2],20.700148,176,320
node[3],20.700148,176,320
node[0],20.704148,172,320
node[2],20.704148,172,320
node[3],20.704148,172,320
node[0],20.706148,180,320
node[2],20.706148,180,320
node[3],20.706148,180,320
node[3],20.724171,176,320
node[1],20.724171,176,320
node[0],20.724171,176,320
node[0],20.729148,172,320
node[2],20.729148,172,320
node[3],20.729148,172,320
node[2],20.729790,172,320
node[1],20.729790,172,320
node[0],20.729790,172,320
node[2],20.735297,180,320
node[1],20.735297,180,320
node[0],20.735297,180,320
node[0],20.736148,176,320
node[2],20.736148,176,320
node[3],20.736148,176,320
node[2],20.751297,176,320
node[1],20.751297,176,320
node[0],20.751297,176,320
node[3],20.756171,172,320
node[1],20.756171,172,320
node[0],20.756171,172,320
node[2],20.759297,172,320
node[1],20.759297,172,320
node[0],20.759297,172,320
node[3],20.763171,176,320
node[1],20.763171,176,320
node[0],20.763171,176,320
node[3],20.770171,180,320
node[1],20.770171,180,320
node[0],20.770171,180,320
node[2],20.771297,180,320
node[1],20.771297,180,320
node[0],20.771297,180,320
node[1],20.777850,176,320
node[2],20.777850,176,320
node[3],20.777850,176,320
node[3],20.781171,172,320
node[1],20.781171,172,320
node[0],20.781171,172,320
node[2],20.787297,176,320
node[1],20.787297,176,320
node[0],20.787297,176,320
node[0],20.791148,180,320
node[2],20.791148,180,320
node[3],20.791148,180,320
node[2],20.798297,180,320
node[1],20.798297,180,320
node[0],20.798297,180,320
node[2],20.799297,172,320
node[1],20.799297,172,320
node[0],20.799297,172,320
node[3],20.809171,176,320
node[1],20.809171,176,320
node[0],20.809171,176,320
node[1],20.810850,172,320
node[2],20.810850,172,320
node[3],20.810850,172,320
node[2],20.817297,176,320
node[1],20.817297,176,320
node[0],20.817297,176,320
node[1],20.823850,176,320
node[2],20.823850,176,320
node[3],20.823850,176,320
node[1],20.842850,172,320
node[2],20.842850,172,320
node[3],20.842850,172,320
node[0],20.845148,172,320
node[2],20.845148,172,320
node[3],20.845148,172,320
node[0],20.879148,176,320
node[2],20.879148,176,320
node[3],20.879148,176,320
node[2],20.886297,176,320
node[1],20.886297,176,320
node[0],20.886297,176,320
node[2],20.888297,172,320
node[1],20.888297,172,320
node[0],20.888297,172,320
node[1],20.889850,176,320
node[2],20.889850,176,320
node[3],20.889850,176,320
node[3],20.893171,172,320
node[1],20.893171,172,320
node[0],20.893171,172,320
node[1],20.894850,180,320
node[2],20.894850,180,320
node[3],20.894850,180,320
node[3],20.905171,180,320
node[1],20.905171,180,320
node[0],20.905171,180,320
node[2],20.911296,176,320
node[1],20.911296,176,320
node[0],20.911296,176,320
node[2],20.913296,172,320
node[1],20.913296,172,320
node[0],20.913296,172,320
node[0],20.917148,176,320
node[2],20.917148,176,320
node[3],20.917148,176,320
node[3],20.920171,176,320
node[1],20.920171,176,320
node[0],20.920171,176,320
node[1],20.920850,176,320
node[2],20.920850,176,320
node[3],20.920850,176,320
node[2],20.926296,180,320
node[1],20.926296,180,320
node[0],20.926296,180,320
node[3],20.935171,172,320
node[1],20.935171,172,320
node[0],20.935171,172,320
node[2],20.936296,176,320
node[1],20.936296,176,320
node[0],20.936296,176,320
node[3],20.938171,180,320
node[1],20.938171,180,320
node[0],20.938171,180,320
node[2],20.938296,172,320
node[1],20.938296,172,320
node[0],20.938296,172,320
node[1],20.939850,180,320
node[2],20.939850,180,320
node[3],20.939850,180,320
node[3],20.946171,176,320
node[1],20.946171,176,320
node[0],20.946171,176,320
node[0],20.953148,180,320
node[2],20.953148,180,320
node[3],20.953148,180,320
node[2],20.959297,180,320
node[1],20.959297,180,320
node[0],20.959297,180,320
node[2],20.964297,172,320
node[1],20.964297,172,320
node[0],20.964297,172,320
node[1],20.964850,176,320
node[2],20.964850,176,320
node[3],20.964850,176,320
node[2],20.966297,176,320
node[1],20.966297,176,320
node[0],20.966297,176,320
node[2],20.984296,180,320
node[1],20.984296,180,320
node[0],20.984296,180,320
node[0],20.989148,180,320
node[2],20.989148,180,320
node[3],20.989148,180,320
node[3],20.995171,176,320
node[1],20.995171,176,320
node[0],20.995171,176,320
node[3],20.999171,172,320
node[1],20.999171,172,320
node[0],20.999171,172,320
node[3],21.003171,180,320
node[1],21.003171,180,320
node[0],21.003171,180,320
node[0],21.004148,176,320
node[2],21.004148,176,320
node[3],21.004148,176,320
node[1],21.005850,176,320
node[2],21.005850,176,320
node[3],21.005850,176,320
node[0],21.010148,172,320
node[2],21.010148,172,320
node[3],21.010148,172,320
node[2],21.015297,172,320
node[1],21.015297,172,320
node[0],21.015297,172,320
node[0],21.023148,180,320
node[2],21.023148,180,320
node[3],21.023148,180,320
node[3],21.023171,176,320
node[1],21.023171,176,320
node[0],21.023171,176,320
node[3],21.034171,172,320
node[1],21.034171,172,320
node[0],21.034171,172,320
node[0],21.057148,176,320
node[2],21.057148,176,320
node[3],21.057148,176,320
node[3],21.064171,180,320
node[1],21.064171,180,320
node[0],21.064171,180,320
node[3],21.071171,172,320
node[1],21.071171,172,320
node[0],21.071171,172,320
node[1],21.071850,176,320
node[2],21.071850,176,320
node[3],21.071850,176,320
node[0],21.085148,172,320
node[2],21.085148,172,320
node[3],21.085148,172,320
node[2],21.086297,180,320
node[1],21.086297,180,320
node[0],21.086297,180,320
node[2],21.105297,172,320
node[1],21.105297,172,320
node[0],21.105297,172,320
node[2],21.110297,176,320
node[1],21.110297,176,320
node[0],21.110297,176,320
node[0],21.117148,172,320
node[2],21.117148,172,320
node[3],21.117148,172,320
node[3],21.118171,176,320
node[1],21.118171,176,320
node[0],21.118171,176,320
node[3],21.125171,172,320
node[1],21.125171,172,320
node[0],21.125171,172,320
node[0],21.126148,176,320
node[2],21.126148,176,320
node[3],21.126148,176,320
node[2],21.130296,172,320
node[1],21.130296,172,320
node[0],21.130296,172,320
node[0],21.142147,172,320
node[2],21.142147,172,320
node[3],21.142147,172,320
node[2],21.145297,180,320
node[1],21.145297,180,320
node[0],21.145297,180,320
node[3],21.146171,176,320
node[1],21.146171,176,320
node[0],21.146171,176,320
node[0],21.158148,180,320
node[2],21.158148,180,320
node[3],21.158148,180,320
node[1],21.170850,172,320
node[2],21.170850,172,320
node[3],21.170850,172,320
node[1],21.187850,180,320
node[2],21.187850,180,320
node[3],21.187850,180,320
node[3],21.188622,180,320
node[1],21.188622,180,320
node[0],21.188622,180,320
node[1],21.189850,176,320
node[2],21.189850,176,320
node[3],21.189850,176,320
node[3],21.190171,172,320
node[1],21.190171,172,320
node[0],21.190171,172,320
node[3],21.197171,176,320
node[1],21.197171,176,320
node[0],21.197171,176,320
node[2],21.200297,176,320
node[1],21.200297,176,320
node[0],21.200297,176,320
node[2],21.201297,172,320
node[1],21.201297,172,320
node[0],21.201297,172,320
node[0],21.223148,176,320
node[2],21.223148,176,320
node[3],21.223148,176,320
node[2],21.225296,176,320
node[1],21.225296,176,320
node[0],21.225296,176,320
node[3],21.227171,176,320
node[1],21.227171,176,320
node[0],21.227171,176,320
node[3],21.233171,180,320
node[1],21.233171,180,320
node[0],21.233171,180,320
node[3],21.237171,172,320
node[1],21.237171,172,320
node[0],21.237171,172,320
node[1],21.240850,172,320
node[2],21.240850,172,320
node[3],21.240850,172,320
node[2],21.241297,180,320
node[1],21.241297,180,320
node[0],21.241297,180,320
node[3],21.252171,176,320
node[1],21.252171,176,320
node[0],21.252171,176,320
node[1],21.253850,176,320
node[2],21.253850,176,320
node[3],21.253850,176,320
node[1],21.271850,172,320
node[2],21.271850,172,320
node[3],21.271850,172,320
node[0],21.277148,180,320
node[2],21.277148,180,320
node[3],21.277148,180,320
node[1],21.280850,180,320
node[2],21.280850,180,320
node[3],21.280850,180,320
node[1],21.289850,176,320
node[2],21.289850,176,320
node[3],21.289850,176,320
node[2],21.305297,176,320
node[1],21.305297,176,320
node[0],21.305297,176,320
node[3],21.311171,172,320
node[1],21.311171,172,320
node[0],21.311171,172,320
node[1],21.313850,180,320
node[2],21.313850,180,320
node[3],21.313850,180,320
node[0],21.314739,180,320
node[2],21.314739,180,320
node[3],21.314739,180,320
node[0],21.323148,176,320
node[2],21.323148,176,320
node[3],21.323148,176,320
node[1],21.327850,172,320
node[2],21.327850,172,320
node[3],21.327850,172,320
node[2],21.340297,176,320
node[1],21.340297,176,320
node[0],21.340297,176,320
node[3],21.341171,172,320
node[1],21.341171,172,320
node[0],21.341171,172,320
node[1],21.341850,180,320
node[2],21.341850,180,320
node[3],21.341850,180,320
node[0],21.344148,172,320
node[2],21.344148,172,320
node[3],21.344148,172,320
node[0],21.348147,176,320
node[2],21.348147,176,320
node[3],21.348147,176,320
node[2],21.359297,172,320
node[1],21.359297,172,320
node[0],21.359297,172,320
node[2],21.363297,180,320
node[1],21.363297,180,320
node[0],21.363297,180,320
node[0],21.364147,180,320
node[2],21.364147,180,320
node[3],21.364147,180,320
node[1],21.364850,172,320
node[2],21.364850,172,320
node[3],21.364850,172,320
node[0],21.369147,172,320
node[2],21.369147,172,320
node[3],21.369147,172,320
node[3],21.373171,176,320
node[1],21.373171,176,320
node[0],21.373171,176,320
node[2],21.376297,176,320
node[1],21.376297,176,320
node[0],21.376297,176,320
node[2],21.386297,172,320
node[1],21.386297,172,320
node[0],21.386297,172,320
node[1],21.387850,176,320
node[2],21.387850,176,320
node[3],21.387850,176,320
node[3],21.395171,180,320
node[1],21.395171,180,320
node[0],21.395171,180,320
node[1],21.403850,172,320
node[2],21.403850,172,320
node[3],21.403850,172,320
node[1],21.411850,180,320
node[2],21.411850,180,320
node[3],21.411850,180,320
node[3],21.412171,176,320
node[1],21.412171,176,320
node[0],21.412171,176,320
node[1],21.417850,176,320
node[2],21.417850,176,320
node[3],21.417850,176,320
node[2],21.420297,176,320
node[1],21.420297,176,320
node[0],21.420297,176,320
node[3],21.422171,180,320
node[1],21.422171,180,320
node[0],21.422171,180,320
node[0],21.425148,172,320
node[2],21.425148,172,320
node[3],21.425148,172,320
node[1],21.428849,172,320
node[2],21.428849,172,320
node[3],21.428849,172,320
node[2],21.436297,180,320
node[1],21.436297,180,320
node[0],21.436297,180,320
node[1],21.439850,180,320
node[2],21.439850,180,320
node[3],21.439850,180,320
node[3],21.462171,172,320
node[1],21.462171,172,320
node[0],21.462171,172,320
node[1],21.465850,172,320
node[2],21.465850,172,320
node[3],21.465850,172,320
node[2],21.466505,172,320
node[1],21.466505,172,320
node[0],21.466505,172,320
node[0],21.468148,172,320
node[2],21.468148,172,320
node[3],21.468148,172,320
node[2],21.475297,176,320
node[1],21.475297,176,320
node[0],21.475297,176,320
node[0],21.478148,176,320
node[2],21.478148,176,320
node[3],21.478148,176,320
node[3],21.478790,176,320
node[1],21.478790,176,320
node[0],21.478790,176,320
node[3],21.482171,180,320
node[1],21.482171,180,320
node[0],21.482171,180,320
node[1],21.497850,172,320
node[2],21.497850,172,320
node[3],21.497850,172,320
node[0],21.510148,180,320
node[2],21.510148,180,320
node[3],21.510148,180,320
node[2],21.510297,172,320
node[1],21.510297,172,320
node[0],21.510297,172,320
node[3],21.516171,176,320
node[1],21.516171,176,320
node[0],21.516171,176,320
node[0],21.526148,172,320
node[2],21.526148,172,320
node[3],21.526148,172,320
node[3],21.527171,180,320
node[1],21.527171,180,320
node[0],21.527171,180,320
node[1],21.529850,172,320
node[2],21.529850,172,320
node[3],21.529850,172,320
node[0],21.543148,176,320
node[2],21.543148,176,320
node[3],21.543148,176,320
node[1],21.550850,176,320
node[2],21.550850,176,320
node[3],21.550850,176,320
node[0],21.551147,172,320
node[2],21.551147,172,320
node[3],21.551147,172,320
node[1],21.554849,172,320
node[2],21.554849,172,320
node[3],21.554849,172,320
node[2],21.557297,172,320
node[1],21.557297,172,320
node[0],21.557297,172,320
node[0],21.561148,180,320
node[2],21.561148,180,320
node[3],21.561148,180,320
node[0],21.568147,176,320
node[2],21.568147,176,320
node[3],21.568147,176,320
node[1],21.570849,180,320
node[2],21.570849,180,320
node[3],21.570849,180,320
node[2],21.582297,172,320
node[1],21.582297,172,320
node[0],21.582297,172,320
node[1],21.588850,172,320
node[2],21.588850,172,320
node[3],21.588850,172,320
node[2],21.589297,176,320
node[1],21.589297,176,320
node[0],21.589297,176,320
node[1],21.600850,180,320
node[2],21.600850,180,320
node[3],21.600850,180,320
node[1],21.602850,176,320
node[2],21.602850,176,320
node[3],21.602850,176,320
node[3],21.604171,180,320
node[1],21.604171,180,320
node[0],21.604171,180,320
node[3],21.606171,176,320
node[1],21.606171,176,320
node[0],21.606171,176,320
node[3],21.613171,172,320
node[1],21.613171,172,320
node[0],21.613171,172,320
node[0],21.616148,176,320
node[2],21.616148,176,320
node[3],21.616148,176,320
node[3],21.629171,180,320
node[1],21.629171,180,320
node[0],21.629171,180,320
node[2],21.630086,180,320
node[1],21.630086,180,320
node[0],21.630086,180,320
node[0],21.650148,176,320
node[2],21.650148,176,320
node[3],21.650148,176,320
node[1],21.658850,176,320
node[2],21.658850,176,320
node[3],21.658850,176,320
node[3],21.670171,176,320
node[1],21.670171,176,320
node[0],21.670171,176,320
node[3],21.671171,172,320
node[1],21.671171,172,320
node[0],21.671171,172,320
node[0],21.679148,176,320
node[2],21.679148,176,320
node[3],21.679148,176,320
node[1],21.723850,180,320
node[2],21.723850,180,320
node[3],21.723850,180,320
node[1],21.726850,176,320
node[2],21.726850,176,320
node[3],21.726850,176,320
node[2],21.749297,176,320
node[1],21.749297,176,320
node[0],21.749297,176,320
node[1],21.754850,172,320
node[2],21.754850,172,320
node[3],21.754850,172,320
node[3],21.755505,172,320
node[1],21.755505,172,320
node[0],21.755505,172,320
node[0],21.757148,180,320
node[2],21.757148,180,320
node[3],21.757148,180,320
node[3],21.774171,176,320
node[1],21.774171,176,320
node[0],21.774171,176,320
node[1],21.774850,180,320
node[2],21.774850,180,320
node[3],21.774850,180,320
node[0],21.805148,180,320
node[2],21.805148,180,320
node[3],21.805148,180,320
node[1],21.812850,180,320
node[2],21.812850,180,320
node[3],21.812850,180,320
node[3],21.818171,172,320
node[1],21.818171,172,320
node[0],21.818171,172,320
node[0],21.820148,176,320
node[2],21.820148,176,320
node[3],21.820148,176,320
node[2],21.821297,172,320
node[1],21.821297,172,320
node[0],21.821297,172,320
node[0],21.824148,172,320
node[2],21.824148,172,320
node[3],21.824148,172,320
node[2],21.825297,176,320
node[1],21.825297,176,320
node[0],21.825297,176,320
node[1],21.833850,176,320
node[2],21.833850,176,320
node[3],21.833850,176,320
node[3],21.841171,176,320
node[1],21.841171,176,320
node[0],21.841171,176,320
node[2],21.843297,180,320
node[1],21.843297,180,320
node[0],21.843297,180,320
node[1],21.844850,172,320
node[2],21.844850,172,320
node[3],21.844850,172,320
node[0],21.850148,172,320
node[2],21.850148,172,320
node[3],21.850148,172,320
node[1],21.878850,176,320
node[2],21.878850,176,320
node[3],21.878850,176,320
node[3],21.890171,180,320
node[1],21.890171,180,320
node[0],21.890171,180,320
node[0],21.891148,180,320
node[2],21.891148,180,320
node[3],21.891148,180,320
node[0],21.905148,172,320
node[2],21.905148,172,320
node[3],21.905148,172,320
node[3],21.906171,176,320
node[1],21.906171,176,320
node[0],21.906171,176,320
node[3],21.909171,172,320
node[1],21.909171,172,320
node[0],21.909171,172,320
node[0],21.910148,176,320
node[2],21.910148,176,320
node[3],21.910148,176,320
node[2],21.916297,176,320
node[1],21.916297,176,320
node[0],21.916297,176,320
node[1],21.918850,172,320
node[2],21.918850,172,320
node[3],21.918850,172,320
node[3],21.919171,180,320
node[1],21.919171,180,320
node[0],21.919171,180,320
node[3],21.931171,176,320
node[1],21.931171,176,320
node[0],21.931171,176,320
node[0],21.936148,176,320
node[2],21.936148,176,320
node[3],21.936148,176,320
node[0],21.941148,172,320
node[2],21.941148,172,320
node[3],21.941148,172,320
node[2],21.942297,180,320
node[1],21.942297,180,320
node[0],21.942297,180,320
node[2],21.947297,176,320
node[1],21.947297,176,320
node[0],21.947297,176,320
node[0],21.951148,180,320
node[2],21.951148,180,320
node[3],21.951148,180,320
node[2],21.967297,172,320
node[1],21.967297,172,320
node[0],21.967297,172,320
node[3],21.971171,172,320
node[1],21.971171,172,320
node[0],21.971171,172,320
node[1],21.980850,176,320
node[2],21.980850,176,320
node[3],21.980850,176,320
node[1],21.982850,172,320
node[2],21.982850,172,320
node[3],21.982850,172,320
node[0],21.987148,172,320
node[2],21.987148,172,320
node[3],21.987148,172,320
node[0],21.991148,176,320
node[2],21.991148,176,320
node[3],21.991148,176,320
node[0],21.996148,180,320
node[2],21.996148,180,320
node[3],21.996148,180,320
node[1],21.998850,180,320
node[2],21.998850,180,320
node[3],21.998850,180,320
node[3],22.002171,180,320
node[1],22.002171,180,320
node[0],22.002171,180,320
node[3],22.005171,176,320
node[1],22.005171,176,320
node[0],22.005171,176,320
node[1],22.005853,176,320
node[2],22.005853,176,320
node[3],22.005853,176,320
node[1],22.007849,172,320
node[2],22.007849,172,320
node[3],22.007849,172,320
node[2],22.014297,172,320
node[1],22.014297,172,320
node[0],22.014297,172,320
node[1],22.023849,180,320
node[2],22.023849,180,320
node[3],22.023849,180,320
node[3],22.026171,172,320
node[1],22.026171,172,320
node[0],22.026171,172,320
node[0],22.029148,176,320
node[2],22.029148,176,320
node[3],22.029148,176,320
node[1],22.036850,172,320
node[2],22.036850,172,320
node[3],22.036850,172,320
node[3],22.037171,180,320
node[1],22.037171,180,320
node[0],22.037171,180,320
node[1],22.039850,176,320
node[2],22.039850,176,320
node[3],22.039850,176,320
node[0],22.043148,172,320
node[2],22.043148,172,320
node[3],22.043148,172,320
node[3],22.047171,176,320
node[1],22.047171,176,320
node[0],22.047171,176,320
node[0],22.050147,180,320
node[2],22.050147,180,320
node[3],22.050147,180,320
node[0],22.054147,176,320
node[2],22.054147,176,320
node[3],22.054147,176,320
node[2],22.054297,172,320
node[1],22.054297,172,320
node[0],22.054297,172,320
node[3],22.059171,172,320
node[1],22.059171,172,320
node[0],22.059171,172,320
node[2],22.059297,176,320
node[1],22.059297,176,320
node[0],22.059297,176,320
node[1],22.064850,172,320
node[2],22.064850,172,320
node[3],22.064850,172,320
node[2],22.065297,180,320
node[1],22.065297,180,320
node[0],22.065297,180,320
node[1],22.068850,176,320
node[2],22.068850,176,320
node[3],22.068850,176,320
node[0],22.076148,180,320
node[2],22.076148,180,320
node[3],22.076148,180,320
node[3],22.081171,176,320
node[1],22.081171,176,320
node[0],22.081171,176,320
node[3],22.097171,172,320
node[1],22.097171,172,320
node[0],22.097171,172,320
node[0],22.099148,172,320
node[2],22.099148,172,320
node[3],22.099148,172,320
node[1],22.106850,172,320
node[2],22.106850,172,320
node[3],22.106850,172,320
node[0],22.107148,180,320
node[2],22.107148,180,320
node[3],22.107148,180,320
node[3],22.126171,176,320
node[1],22.126171,176,320
node[0],22.126171,176,320
node[3],22.131171,180,320
node[1],22.131171,180,320
node[0],22.131171,180,320
node[1],22.134850,180,320
node[2],22.134850,180,320
node[3],22.134850,180,320
node[2],22.136297,180,320
node[1],22.136297,180,320
node[0],22.136297,180,320
node[3],22.138171,172,320
node[1],22.138171,172,320
node[0],22.138171,172,320
node[1],22.142850,172,320
node[2],22.142850,172,320
node[3],22.142850,172,320
node[2],22.145297,176,320
node[1],22.145297,176,320
node[0],22.145297,176,320
node[2],22.147297,172,320
node[1],22.147297,172,320
node[0],22.147297,172,320
node[2],22.161296,180,320
node[1],22.161296,180,320
node[0],22.161296,180,320
node[3],22.175171,176,320
node[1],22.175171,176,320
node[0],22.175171,176,320
node[1],22.178850,172,320
node[2],22.178850,172,320
node[3],22.178850,172,320
node[3],22.183171,172,320
node[1],22.183171,172,320
node[0],22.183171,172,320
node[3],22.195171,180,320
node[1],22.195171,180,320
node[0],22.195171,180,320
node[2],22.199297,176,320
node[1],22.199297,176,320
node[0],22.199297,176,320
node[1],22.204850,176,320
node[2],22.204850,176,320
node[3],22.204850,176,320
node[3],22.208171,176,320
node[1],22.208171,176,320
node[0],22.208171,176,320
node[2],22.211297,172,320
node[1],22.211297,172,320
node[0],22.211297,172,320
node[0],22.221148,180,320
node[2],22.221148,180,320
node[3],22.221148,180,320
node[2],22.224296,176,320
node[1],22.224296,176,320
node[0],22.224296,176,320
node[1],22.225850,180,320
node[2],22.225850,180,320
node[3],22.225850,180,320
node[3],22.234171,180,320
node[1],22.234171,180,320
node[0],22.234171,180,320
node[2],22.244297,172,320
node[1],22.244297,172,320
node[0],22.244297,172,320
node[0],22.249148,172,320
node[2],22.249148,172,320
node[3],22.249148,172,320
node[1],22.260850,172,320
node[2],22.260850,172,320
node[3],22.260850,172,320
node[1],22.266850,176,320
node[2],22.266850,176,320
node[3],22.266850,176,320
node[0],22.269148,176,320
node[2],22.269148,176,320
node[3],22.269148,176,320
node[3],22.280171,176,320
node[1],22.280171,176,320
node[0],22.280171,176,320
node[0],22.285148,172,320
node[2],22.285148,172,320
node[3],22.285148,172,320
node[3],22.292171,180,320
node[1],22.292171,180,320
node[0],22.292171,180,320
node[3],22.297171,172,320
node[1],22.297171,172,320
node[0],22.297171,172,320
node[1],22.304850,180,320
node[2],22.304850,180,320
node[3],22.304850,180,320
node[3],22.305171,176,320
node[1],22.305171,176,320
node[0],22.305171,176,320
node[1],22.308850,172,320
node[2],22.308850,172,320
node[3],22.308850,172,320
node[3],22.317171,180,320
node[1],22.317171,180,320
node[0],22.317171,180,320
node[2],22.319297,172,320
node[1],22.319297,172,320
node[0],22.319297,172,320
node[0],22.320148,176,320
node[2],22.320148,176,320
node[3],22.320148,176,320
node[3],22.322171,172,320
node[1],22.322171,172,320
node[0],22.322171,172,320
node[2],22.329297,180,320
node[1],22.329297,180,320
node[0],22.329297,180,320
node[1],22.334850,172,320
node[2],22.334850,172,320
node[3],22.334850,172,320
node[3],22.335171,176,320
node[1],22.335171,176,320
node[0],22.335171,176,320
node[3],22.350171,172,320
node[1],22.350171,172,320
node[0],22.350171,172,320
node[2],22.350297,176,320
node[1],22.350297,176,320
node[0],22.350297,176,320
node[0],22.357148,180,320
node[2],22.357148,180,320
node[3],22.357148,180,320
node[3],22.367171,180,320
node[1],22.367171,180,320
node[0],22.367171,180,320
node[3],22.368171,176,320
node[1],22.368171,176,320
node[0],22.368171,176,320
node[0],22.377148,176,320
node[2],22.377148,176,320
node[3],22.377148,176,320
node[3],22.381171,172,320
node[1],22.381171,172,320
node[0],22.381171,172,320
node[2],22.386297,172,320
node[1],22.386297,172,320
node[0],22.386297,172,320
node[3],22.400171,176,320
node[1],22.400171,176,320
node[0],22.400171,176,320
node[0],22.417148,172,320
node[2],22.417148,172,320
node[3],22.417148,172,320
node[0],22.419148,180,320
node[2],22.419148,180,320
node[3],22.419148,180,320
node[2],22.422297,176,320
node[1],22.422297,176,320
node[0],22.422297,176,320
node[0],22.429148,176,320
node[2],22.429148,176,320
node[3],22.429148,176,320
node[0],22.442147,172,320
node[2],22.442147,172,320
node[3],22.442147,172,320
node[2],22.456297,180,320
node[1],22.456297,180,320
node[0],22.456297,180,320
node[2],22.463297,172,320
node[1],22.463297,172,320
node[0],22.463297,172,320
node[3],22.465171,172,320
node[1],22.465171,172,320
node[0],22.465171,172,320
node[1],22.477850,176,320
node[2],22.477850,176,320
node[3],22.477850,176,320
node[2],22.479297,176,320
node[1],22.479297,176,320
node[0],22.479297,176,320
node[0],22.484148,180,320
node[2],22.484148,180,320
node[3],22.484148,180,320
node[2],22.488297,172,320
node[1],22.488297,172,320
node[0],22.488297,172,320
node[0],22.489148,176,320
node[2],22.489148,176,320
node[3],22.489148,176,320
node[2],22.492297,180,320
node[1],22.492297,180,320
node[0],22.492297,180,320
node[1],22.508850,176,320
node[2],22.508850,176,320
node[3],22.508850,176,320
node[2],22.512297,176,320
node[1],22.512297,176,320
node[0],22.512297,176,320
node[2],22.529297,172,320
node[1],22.529297,172,320
node[0],22.529297,172,320
node[2],22.537296,176,320
node[1],22.537296,176,320
node[0],22.537296,176,320
node[3],22.540171,176,320
node[1],22.540171,176,320
node[0],22.540171,176,320
node[0],22.545148,172,320
node[2],22.545148,172,320
node[3],22.545148,172,320
node[3],22.558171,172,320
node[1],22.558171,172,320
node[0],22.558171,172,320
node[3],22.564171,180,320
node[1],22.564171,180,320
node[0],22.564171,180,320
node[2],22.565297,176,320
node[1],22.565297,176,320
node[0],22.565297,176,320
node[1],22.568850,176,320
node[2],22.568850,176,320
node[3],22.568850,176,320
node[3],22.569531,176,320
node[1],22.569531,176,320
node[0],22.569531,176,320
node[2],22.574297,172,320
node[1],22.574297,172,320
node[0],22.574297,172,320
node[2],22.578297,180,320
node[1],22.578297,180,320
node[0],22.578297,180,320
node[1],22.584850,180,320
node[2],22.584850,180,320
node[3],22.584850,180,320
node[0],22.587148,176,320
node[2],22.587148,176,320
node[3],22.587148,176,320
node[2],22.595297,176,320
node[1],22.595297,176,320
node[0],22.595297,176,320
node[1],22.598850,176,320
node[2],22.598850,176,320
node[3],22.598850,176,320
node[1],22.601850,172,320
node[2],22.601850,172,320
node[3],22.601850,172,320
node[3],22.604171,176,320
node[1],22.604171,176,320
node[0],22.604171,176,320
node[0],22.607148,180,320
node[2],22.607148,180,320
node[3],22.607148,180,320
node[3],22.608171,180,320
node[1],22.608171,180,320
node[0],22.608171,180,320
node[2],22.608297,172,320
node[1],22.608297,172,320
node[0],22.608297,172,320
node[1],22.613850,180,320
node[2],22.613850,180,320
node[3],22.613850,180,320
node[0],22.616148,176,320
node[2],22.616148,176,320
node[3],22.616148,176,320
node[0],22.619148,172,320
node[2],22.619148,172,320
node[3],22.619148,172,320
node[2],22.625297,176,320
node[1],22.625297,176,320
node[0],22.625297,176,320
node[1],22.630850,176,320
node[2],22.630850,176,320
node[3],22.630850,176,320
node[2],22.640297,172,320
node[1],22.640297,172,320
node[0],22.640297,172,320
node[0],22.641147,176,320
node[2],22.641147,176,320
node[3],22.641147,176,320
node[0],22.645148,172,320
node[2],22.645148,172,320
node[3],22.645148,172,320
node[2],22.649297,180,320
node[1],22.649297,180,320
node[0],22.649297,180,320
node[0],22.657147,180,320
node[2],22.657147,180,320
node[3],22.657147,180,320
node[2],22.663297,176,320
node[1],22.663297,176,320
node[0],22.663297,176,320
node[0],22.666147,176,320
node[2],22.666147,176,320
node[3],22.666147,176,320
node[1],22.667850,172,320
node[2],22.667850,172,320
node[3],22.667850,172,320
node[1],22.669850,176,320
node[2],22.669850,176,320
node[3],22.669850,176,320
node[0],22.681148,172,320
node[2],22.681148,172,320
node[3],22.681148,172,320
node[1],22.685850,180,320
node[2],22.685850,180,320
node[3],22.685850,180,320
node[0],22.707148,176,320
node[2],22.707148,176,320
node[3],22.707148,176,320
node[2],22.709297,176,320
node[1],22.709297,176,320
node[0],22.709297,176,320
node[3],22.710171,176,320
node[1],22.710171,176,320
node[0],22.710171,176,320
node[0],22.711148,172,320
node[2],22.711148,172,320
node[3],22.711148,172,320
node[2],22.716297,172,320
node[1],22.716297,172,320
node[0],22.716297,172,320
node[1],22.724850,176,320
node[2],22.724850,176,320
node[3],22.724850,176,320
node[3],22.760171,172,320
node[1],22.760171,172,320
node[0],22.760171,172,320
node[3],22.771171,176,320
node[1],22.771171,176,320
node[0],22.771171,176,320
node[1],22.779850,172,320
node[2],22.779850,172,320
node[3],22.779850,172,320
node[3],22.786171,172,320
node[1],22.786171,172,320
node[0],22.786171,172,320
node[0],22.789148,172,320
node[2],22.789148,172,320
node[3],22.789148,172,320
node[2],22.793297,176,320
node[1],22.793297,176,320
node[0],22.793297,176,320
node[1],22.795850,180,320
node[2],22.795850,180,320
node[3],22.795850,180,320
node[0],22.796148,176,320
node[2],22.796148,176,320
node[3],22.796148,176,320
node[2],22.797297,180,320
node[1],22.797297,180,320
node[0],22.797297,180,320
node[2],22.816297,172,320
node[1],22.816297,172,320
node[0],22.816297,172,320
node[1],22.826850,180,320
node[2],22.826850,180,320
node[3],22.826850,180,320
node[2],22.838297,176,320
node[1],22.838297,176,320
node[0],22.838297,176,320
node[2],22.841296,172,320
node[1],22.841296,172,320
node[0],22.841296,172,320
node[3],22.847171,172,320
node[1],22.847171,172,320
node[0],22.847171,172,320
node[3],22.849171,176,320
node[1],22.849171,176,320
node[0],22.849171,176,320
node[0],22.854148,176,320
node[2],22.854148,176,320
node[3],22.854148,176,320
node[0],22.860148,172,320
node[2],22.860148,172,320
node[3],22.860148,172,320
node[3],22.864171,180,320
node[1],22.864171,180,320
node[0],22.864171,180,320
node[1],22.864850,176,320
node[2],22.864850,176,320
node[3],22.864850,176,320
node[1],22.867850,172,320
node[2],22.867850,172,320
node[3],22.867850,172,320
node[3],22.872171,172,320
node[1],22.872171,172,320
node[0],22.872171,172,320
node[3],22.874171,176,320
node[1],22.874171,176,320
node[0],22.874171,176,320
node[1],22.876849,180,320
node[2],22.876849,180,320
node[3],22.876849,180,320
node[0],22.882148,180,320
node[2],22.882148,180,320
node[3],22.882148,180,320
node[2],22.883037,180,320
node[1],22.883037,180,320
node[0],22.883037,180,320
node[2],22.886297,172,320
node[1],22.886297,172,320
node[0],22.886297,172,320
node[3],22.889171,180,320
node[1],22.889171,180,320
node[0],22.889171,180,320
node[2],22.891297,176,320
node[1],22.891297,176,320
node[0],22.891297,176,320
node[1],22.891978,176,320
node[2],22.891979,176,320
node[3],22.891979,176,320
node[0],22.902148,176,320
node[2],22.902148,176,320
node[3],22.902148,176,320
node[1],22.916850,176,320
node[2],22.916850,176,320
node[3],22.916850,176,320
node[3],22.924171,176,320
node[1],22.924171,176,320
node[0],22.924171,176,320
node[3],22.925829,180,320
node[1],22.925829,180,320
node[0],22.925829,180,320
node[2],22.927297,172,320
node[1],22.927297,172,320
node[0],22.927297,172,320
node[2],22.934297,180,320
node[1],22.934297,180,320
node[0],22.934297,180,320
node[2],22.940297,176,320
node[1],22.940297,176,320
node[0],22.940297,176,320
node[3],22.943171,172,320
node[1],22.943171,172,320
node[0],22.943171,172,320
node[3],22.949171,176,320
node[1],22.949171,176,320
node[0],22.949171,176,320
node[0],22.960148,176,320
node[2],22.960148,176,320
node[3],22.960148,176,320
node[0],22.965148,180,320
node[2],22.965148,180,320
node[3],22.965148,180,320
node[2],22.966297,172,320
node[1],22.966297,172,320
node[0],22.966297,172,320
node[0],22.967148,172,320
node[2],22.967148,172,320
node[3],22.967148,172,320
node[1],22.976850,180,320
node[2],22.976850,180,320
node[3],22.976850,180,320
node[2],22.979297,176,320
node[1],22.979297,176,320
node[0],22.979297,176,320
node[1],22.982850,172,320
node[2],22.982850,172,320
node[3],22.982850,172,320
node[1],22.993850,176,320
node[2],22.993850,176,320
node[3],22.993850,176,320
node[3],22.997171,180,320
node[1],22.997171,180,320
node[0],22.997171,180,320
node[1],23.002095,180,320
node[2],23.002096,180,320
node[3],23.002096,180,320
node[2],23.004297,172,320
node[1],23.004297,172,320
node[0],23.004297,172,320
node[1],23.008850,172,320
node[2],23.008850,172,320
node[3],23.008850,172,320
node[3],23.014171,176,320
node[1],23.014171,176,320
node[0],23.014171,176,320
node[3],23.018171,172,320
node[1],23.018171,172,320
node[0],23.018171,172,320
node[2],23.021297,176,320
node[1],23.021297,176,320
node[0],23.021297,176,320
node[3],23.041171,176,320
node[1],23.041171,176,320
node[0],23.041171,176,320
node[2],23.069297,172,320
node[1],23.069297,172,320
node[0],23.069297,172,320
node[1],23.069850,176,320
node[2],23.069850,176,320
node[3],23.069850,176,320
node[0],23.072148,180,320
node[2],23.072148,180,320
node[3],23.072148,180,320
node[3],23.072171,172,320
node[1],23.072171,172,320
node[0],23.072171,172,320
node[0],23.074148,176,320
node[2],23.074148,176,320
node[3],23.074148,176,320
node[3],23.080171,180,320
node[1],23.080171,180,320
node[0],23.080171,180,320
node[3],23.084171,176,320
node[1],23.084171,176,320
node[0],23.084171,176,320
node[2],23.094297,180,320
node[1],23.094297,180,320
node[0],23.094297,180,320
node[3],23.097171,172,320
node[1],23.097171,172,320
node[0],23.097171,172,320
node[2],23.100297,172,320
node[1],23.100297,172,320
node[0],23.100297,172,320
node[0],23.103148,180,320
node[2],23.103148,180,320
node[3],23.103148,180,320
node[3],23.119171,180,320
node[1],23.119171,180,320
node[0],23.119171,180,320
node[1],23.119850,172,320
node[2],23.119850,172,320
node[3],23.119850,172,320
node[0],23.127148,176,320
node[2],23.127148,176,320
node[3],23.127148,176,320
node[2],23.148297,176,320
node[1],23.148297,176,320
node[0],23.148297,176,320
node[3],23.150171,172,320
node[1],23.150171,172,320
node[0],23.150171,172,320
node[3],23.152171,176,320
node[1],23.152171,176,320
node[0],23.152171,176,320
node[0],23.155148,172,320
node[2],23.155148,172,320
node[3],23.155148,172,320
node[2],23.155297,180,320
node[1],23.155297,180,320
node[0],23.155297,180,320
node[0],23.167148,176,320
node[2],23.167148,176,320
node[3],23.167148,176,320
node[3],23.169171,180,320
node[1],23.169171,180,320
node[0],23.169171,180,320
node[0],23.172148,180,320
node[2],23.172148,180,320
node[3],23.172148,180,320
node[1],23.174850,172,320
node[2],23.174850,172,320
node[3],23.174850,172,320
node[1],23.176850,176,320
node[2],23.176850,176,320
node[3],23.176850,176,320
node[0],23.180147,172,320
node[2],23.180147,172,320
node[3],23.180147,172,320
node[2],23.193297,172,320
node[1],23.193297,172,320
node[0],23.193297,172,320
node[2],23.201297,180,320
node[1],23.201297,180,320
node[0],23.201297,180,320
node[2],23.210297,176,320
node[1],23.210297,176,320
node[0],23.210297,176,320
node[1],23.216850,176,320
node[2],23.216850,176,320
node[3],23.216850,176,320
node[1],23.218850,172,320
node[2],23.218850,172,320
node[3],23.218850,172,320
node[3],23.226171,176,320
node[1],23.226171,176,320
node[0],23.226171,176,320
node[1],23.227850,180,320
node[2],23.227850,180,320
node[3],23.227850,180,320
node[3],23.232171,172,320
node[1],23.232171,172,320
node[0],23.232171,172,320
node[2],23.232813,172,320
node[1],23.232814,172,320
node[0],23.232814,172,320
node[1],23.241849,176,320
node[2],23.241849,176,320
node[3],23.241849,176,320
node[0],23.253148,176,320
node[2],23.253148,176,320
node[3],23.253148,176,320
node[3],23.254171,176,320
node[1],23.254171,176,320
node[0],23.254171,176,320
node[2],23.259297,180,320
node[1],23.259297,180,320
node[0],23.259297,180,320
node[0],23.264148,180,320
node[2],23.264148,180,320
node[3],23.264148,180,320
node[0],23.270148,172,320
node[2],23.270148,172,320
node[3],23.270148,172,320
node[1],23.272850,172,320
node[2],23.272850,172,320
node[3],23.272850,172,320
node[3],23.275171,180,320
node[1],23.275171,180,320
node[0],23.275171,180,320
node[3],23.278171,172,320
node[1],23.278171,172,320
node[0],23.278171,172,320
node[0],23.282148,176,320
node[2],23.282148,176,320
node[3],23.282148,176,320
node[1],23.290850,180,320
node[2],23.290850,180,320
node[3],23.290850,180,320
node[1],23.294850,176,320
node[2],23.294850,176,320
node[3],23.294850,176,320
node[1],23.301850,172,320
node[2],23.301850,172,320
node[3],23.301850,172,320
node[3],23.309171,172,320
node[1],23.309171,172,320
node[0],23.309171,172,320
node[0],23.315148,176,320
node[2],23.315148,176,320
node[3],23.315148,176,320
node[3],23.317171,180,320
node[1],23.317171,180,320
node[0],23.317171,180,320
node[2],23.319297,172,320
node[1],23.319297,172,320
node[0],23.319297,172,320
node[3],23.329171,176,320
node[1],23.329171,176,320
node[0],23.329171,176,320
node[3],23.334171,172,320
node[1],23.334171,172,320
node[0],23.334171,172,320
node[0],23.335148,172,320
node[2],23.335148,172,320
node[3],23.335148,172,320
node[1],23.341850,176,320
node[2],23.341850,176,320
node[3],23.341850,176,320
node[2],23.346297,176,320
node[1],23.346297,176,320
node[0],23.346297,176,320
node[3],23.354171,176,320
node[1],23.354171,176,320
node[0],23.354171,176,320
node[2],23.362297,172,320
node[1],23.362297,172,320
node[0],23.362297,172,320
node[3],23.363171,172,320
node[1],23.363171,172,320
node[0],23.363171,172,320
node[3],23.367171,180,320
node[1],23.367171,180,320
node[0],23.367171,180,320
node[0],23.375148,176,320
node[2],23.375148,176,320
node[3],23.375148,176,320
node[0],23.379148,172,320
node[2],23.379148,172,320
node[3],23.379148,172,320
node[3],23.379171,176,320
node[1],23.379171,176,320
node[0],23.379171,176,320
node[2],23.382297,180,320
node[1],23.382297,180,320
node[0],23.382297,180,320
node[3],23.388171,172,320
node[1],23.388171,172,320
node[0],23.388171,172,320
node[0],23.389148,180,320
node[2],23.389148,180,320
node[3],23.389148,180,320
node[0],23.400147,176,320
node[2],23.400147,176,320
node[3],23.400147,176,320
node[2],23.401297,176,320
node[1],23.401297,176,320
node[0],23.401297,176,320
node[3],23.402171,180,320
node[1],23.402171,180,320
node[0],23.402171,180,320
node[0],23.429148,172,320
node[2],23.429148,172,320
node[3],23.429148,172,320
node[1],23.432850,176,320
node[2],23.432850,176,320
node[3],23.432850,176,320
node[0],23.461148,180,320
node[2],23.461148,180,320
node[3],23.461148,180,320
node[0],23.467148,172,320
node[2],23.467148,172,320
node[3],23.467148,172,320
node[1],23.467850,176,320
node[2],23.467850,176,320
node[3],23.467850,176,320
node[1],23.472850,172,320
node[2],23.472850,172,320
node[3],23.472850,172,320
node[3],23.473171,180,320
node[1],23.473171,180,320
node[0],23.473171,180,320
node[1],23.480850,180,320
node[2],23.480850,180,320
node[3],23.480850,180,320
node[0],23.489148,180,320
node[2],23.489148,180,320
node[3],23.489148,180,320
node[3],23.499171,172,320
node[1],23.499171,172,320
node[0],23.499171,172,320
node[0],23.505148,176,320
node[2],23.505148,176,320
node[3],23.505148,176,320
node[1],23.505850,172,320
node[2],23.505850,172,320
node[3],23.505850,172,320
node[2],23.508297,176,320
node[1],23.508297,176,320
node[0],23.508297,176,320
node[3],23.513171,180,320
node[1],23.513171,180,320
node[0],23.513171,180,320
node[1],23.519850,180,320
node[2],23.519850,180,320
node[3],23.519850,180,320
node[2],23.520297,172,320
node[1],23.520297,172,320
node[0],23.520297,172,320
node[2],23.534297,180,320
node[1],23.534297,180,320
node[0],23.534297,180,320
node[0],23.550148,172,320
node[2],23.550148,172,320
node[3],23.550148,172,320
node[1],23.552850,172,320
node[2],23.552850,172,320
node[3],23.552850,172,320
node[2],23.553492,172,320
node[1],23.553492,172,320
node[0],23.553492,172,320
node[1],23.566850,176,320
node[2],23.566850,176,320
node[3],23.566850,176,320
node[1],23.572850,180,320
node[2],23.572850,180,320
node[3],23.572850,180,320
node[0],23.575148,172,320
node[2],23.575148,172,320
node[3],23.575148,172,320
node[0],23.582148,176,320
node[2],23.582148,176,320
node[3],23.582148,176,320
node[0],23.587148,180,320
node[2],23.587148,180,320
node[3],23.587148,180,320
node[2],23.611297,172,320
node[1],23.611297,172,320
node[0],23.611297,172,320
node[3],23.619171,180,320
node[1],23.619171,180,320
node[0],23.619171,180,320
node[1],23.625850,172,320
node[2],23.625850,172,320
node[3],23.625850,172,320
node[0],23.628148,176,320
node[2],23.628148,176,320
node[3],23.628148,176,320
node[1],23.628850,176,320
node[2],23.628850,176,320
node[3],23.628850,176,320
node[1],23.629850,180,320
node[2],23.629850,180,320
node[3],23.629850,180,320
node[0],23.635148,172,320
node[2],23.635148,172,320
node[3],23.635148,172,320
node[2],23.635297,176,320
node[1],23.635297,176,320
node[0],23.635297,176,320
node[3],23.640171,172,320
node[1],23.640171,172,320
node[0],23.640171,172,320
node[2],23.643297,172,320
node[1],23.643297,172,320
node[0],23.643297,172,320
node[0],23.650147,180,320
node[2],23.650147,180,320
node[3],23.650147,180,320
node[1],23.650849,172,320
node[2],23.650849,172,320
node[3],23.650849,172,320
node[0],23.653147,176,320
node[2],23.653147,176,320
node[3],23.653147,176,320
node[2],23.686297,180,320
node[1],23.686297,180,320
node[0],23.686297,180,320
node[1],23.693850,176,320
node[2],23.693850,176,320
node[3],23.693850,176,320
node[2],23.708297,176,320
node[1],23.708297,176,320
node[0],23.708297,176,320
node[0],23.713148,172,320
node[2],23.713148,172,320
node[3],23.713148,172,320
node[3],23.721171,176,320
node[1],23.721171,176,320
node[0],23.721171,176,320
node[3],23.724171,180,320
node[1],23.724171,180,320
node[0],23.724171,180,320
node[1],23.728850,176,320
node[2],23.728850,176,320
node[3],23.728850,176,320
node[2],23.745297,180,320
node[1],23.745297,180,320
node[0],23.745297,180,320
node[1],23.746850,172,320
node[2],23.746850,172,320
node[3],23.746850,172,320
node[0],23.753148,176,320
node[2],23.753148,176,320
node[3],23.753148,176,320
node[0],23.757148,180,320
node[2],23.757148,180,320
node[3],23.757148,180,320
node[1],23.772850,176,320
node[2],23.772850,176,320
node[3],23.772850,176,320
node[1],23.778850,172,320
node[2],23.778850,172,320
node[3],23.778850,172,320
node[1],23.780850,180,320
node[2],23.780850,180,320
node[3],23.780850,180,320
node[2],23.784297,176,320
node[1],23.784297,176,320
node[0],23.784297,176,320
node[3],23.792171,180,320
node[1],23.792171,180,320
node[0],23.792171,180,320
node[3],23.794171,176,320
node[1],23.794171,176,320
node[0],23.794171,176,320
node[1],23.797849,176,320
node[2],23.797849,176,320
node[3],23.797849,176,320
node[2],23.798297,180,320
node[1],23.798297,180,320
node[0],23.798297,180,320
node[1],23.803849,172,320
node[2],23.803849,172,320
node[3],23.803849,172,320
node[1],23.815850,180,320
node[2],23.815850,180,320
node[3],23.815850,180,320
node[0],23.818148,172,320
node[2],23.818148,172,320
node[3],23.818148,172,320
node[0],23.830148,176,320
node[2],23.830148,176,320
node[3],23.830148,176,320
node[0],23.848148,172,320
node[2],23.848148,172,320
node[3],23.848148,172,320
node[3],23.859171,176,320
node[1],23.859171,176,320
node[0],23.859171,176,320
node[0],23.860148,180,320
node[2],23.860148,180,320
node[3],23.860148,180,320
node[3],23.862171,172,320
node[1],23.862171,172,320
node[0],23.862171,172,320
node[0],23.864148,176,320
node[2],23.864148,176,320
node[3],23.864148,176,320
node[3],23.873171,180,320
node[1],23.873171,180,320
node[0],23.873171,180,320
node[2],23.873297,176,320
node[1],23.873297,176,320
node[0],23.873297,176,320
node[0],23.879148,172,320
node[2],23.879148,172,320
node[3],23.879148,172,320
node[3],23.884171,176,320
node[1],23.884171,176,320
node[0],23.884171,176,320
node[2],23.884297,180,320
node[1],23.884297,180,320
node[0],23.884297,180,320
node[1],23.891850,180,320
node[2],23.891850,180,320
node[3],23.891850,180,320
node[0],23.893148,180,320
node[2],23.893148,180,320
node[3],23.893148,180,320
node[0],23.901148,176,320
node[2],23.901148,176,320
node[3],23.901148,176,320
node[1],23.902850,176,320
node[2],23.902850,176,320
node[3],23.902850,176,320
node[1],23.910850,172,320
node[2],23.910850,172,320
node[3],23.910850,172,320
node[2],23.913297,176,320
node[1],23.913297,176,320
node[0],23.913297,176,320
node[0],23.915148,172,320
node[2],23.915148,172,320
node[3],23.915148,172,320
node[1],23.918850,180,320
node[2],23.918850,180,320
node[3],23.918850,180,320
node[1],23.929850,176,320
node[2],23.929850,176,320
node[3],23.929850,176,320
node[1],23.935849,172,320
node[2],23.935849,172,320
node[3],23.935849,172,320
node[0],23.944148,172,320
node[2],23.944148,172,320
node[3],23.944148,172,320
node[1],23.954849,176,320
node[2],23.954849,176,320
node[3],23.954849,176,320
node[3],23.962171,172,320
node[1],23.962171,172,320
node[0],23.962171,172,320
node[0],23.963148,176,320
node[2],23.963148,176,320
node[3],23.963148,176,320
node[2],23.964297,172,320
node[1],23.964297,172,320
node[0],23.964297,172,320
node[1],23.975850,172,320
node[2],23.975850,172,320
node[3],23.975850,172,320
node[1],23.976850,180,320
node[2],23.976850,180,320
node[3],23.976850,180,320
node[2],23.977297,176,320
node[1],23.977297,176,320
node[0],23.977297,176,320
node[1],23.981850,176,320
node[2],23.981850,176,320
node[3],23.981850,176,320
node[2],23.993297,180,320
node[1],23.993297,180,320
node[0],23.993297,180,320
node[3],23.998171,180,320
node[1],23.998171,180,320
node[0],23.998171,180,320
node[0],23.999148,176,320
node[2],23.999148,176,320
node[3],23.999148,176,320
node[1],24.000849,172,320
node[2],24.000849,172,320
node[3],24.000849,172,320
node[3],24.002171,172,320
node[1],24.002171,172,320
node[0],24.002171,172,320
node[0],24.007148,180,320
node[2],24.007148,180,320
node[3],24.007148,180,320
node[2],24.010297,172,320
node[1],24.010297,172,320
node[0],24.010297,172,320
node[3],24.016171,176,320
node[1],24.016171,176,320
node[0],24.016171,176,320
node[2],24.020297,176,320
node[1],24.020297,176,320
node[0],24.020297,176,320
node[1],24.033850,176,320
node[2],24.033850,176,320
node[3],24.033850,176,320
node[2],24.042297,172,320
node[1],24.042297,172,320
node[0],24.042297,172,320
node[3],24.045171,172,320
node[1],24.045171,172,320
node[0],24.045171,172,320
node[1],24.051850,172,320
node[2],24.051850,172,320
node[3],24.051850,172,320
node[2],24.057297,180,320
node[1],24.057297,180,320
node[0],24.057297,180,320
node[1],24.058849,176,320
node[2],24.058849,176,320
node[3],24.058849,176,320
node[2],24.069297,172,320
node[1],24.069297,172,320
node[0],24.069297,172,320
node[3],24.072171,176,320
node[1],24.072171,176,320
node[0],24.072171,176,320
node[2],24.091297,180,320
node[1],24.091297,180,320
node[0],24.091297,180,320
node[2],24.094297,176,320
node[1],24.094297,176,320
node[0],24.094297,176,320
node[1],24.100850,180,320
node[2],24.100850,180,320
node[3],24.100850,180,320
node[0],24.105148,176,320
node[2],24.105148,176,320
node[3],24.105148,176,320
node[0],24.112148,172,320
node[2],24.112148,172,320
node[3],24.112148,172,320
node[3],24.126171,176,320
node[1],24.126171,176,320
node[0],24.126171,176,320
node[2],24.152297,180,320
node[1],24.152297,180,320
node[0],24.152297,180,320
node[0],24.155148,180,320
node[2],24.155148,180,320
node[3],24.155148,180,320
node[1],24.160850,176,320
node[2],24.160850,176,320
node[3],24.160850,176,320
node[0],24.167148,172,320
node[2],24.167148,172,320
node[3],24.167148,172,320
node[1],24.171850,172,320
node[2],24.171850,172,320
node[3],24.171850,172,320
node[2],24.173297,172,320
node[1],24.173297,172,320
node[0],24.173297,172,320
node[1],24.176850,180,320
node[2],24.176850,180,320
node[3],24.176850,180,320
node[2],24.180297,176,320
node[1],24.180297,176,320
node[0],24.180297,176,320
node[3],24.182171,172,320
node[1],24.182171,172,320
node[0],24.182171,172,320
node[2],24.193297,180,320
node[1],24.193297,180,320
node[0],24.193297,180,320
node[1],24.195850,176,320
node[2],24.195850,176,320
node[3],24.195850,176,320
node[1],24.197850,172,320
node[2],24.197850,172,320
node[3],24.197850,172,320
node[2],24.198518,172,320
node[1],24.198518,172,320
node[0],24.198518,172,320
node[0],24.199199,172,320
node[2],24.199199,172,320
node[3],24.199199,172,320
node[0],24.207148,176,320
node[2],24.207148,176,320
node[3],24.207148,176,320
node[2],24.211297,176,320
node[1],24.211297,176,320
node[0],24.211297,176,320
node[1],24.211850,180,320
node[2],24.211850,180,320
node[3],24.211850,180,320
node[0],24.217148,180,320
node[2],24.217148,180,320
node[3],24.217148,180,320
node[2],24.223296,172,320
node[1],24.223296,172,320
node[0],24.223296,172,320
node[0],24.224147,172,320
node[2],24.224147,172,320
node[3],24.224147,172,320
node[1],24.224850,172,320
node[2],24.224850,172,320
node[3],24.224850,172,320
node[3],24.237171,176,320
node[1],24.237171,176,320
node[0],24.237171,176,320
node[1],24.270850,180,320
node[2],24.270850,180,320
node[3],24.270850,180,320
node[3],24.273171,180,320
node[1],24.273171,180,320
node[0],24.273171,180,320
node[3],24.294171,176,320
node[1],24.294171,176,320
node[0],24.294171,176,320
node[0],24.297148,172,320
node[2],24.297148,172,320
node[3],24.297148,172,320
node[3],24.313171,172,320
node[1],24.313171,172,320
node[0],24.313171,172,320
node[2],24.325297,172,320
node[1],24.325297,172,320
node[0],24.325297,172,320
node[3],24.326171,180,320
node[1],24.326171,180,320
node[0],24.326171,180,320
node[1],24.327850,172,320
node[2],24.327850,172,320
node[3],24.327850,172,320
node[3],24.331171,176,320
node[1],24.331171,176,320
node[0],24.331171,176,320
node[0],24.334148,176,320
node[2],24.334148,176,320
node[3],24.334148,176,320
node[3],24.353171,172,320
node[1],24.353171,172,320
node[0],24.353171,172,320
node[3],24.365171,176,320
node[1],24.365171,176,320
node[0],24.365171,176,320
node[1],24.367850,176,320
node[2],24.367850,176,320
node[3],24.367850,176,320
node[0],24.374148,180,320
node[2],24.374148,180,320
node[3],24.374148,180,320
node[0],24.376148,176,320
node[2],24.376148,176,320
node[3],24.376148,176,320
node[2],24.422297,176,320
node[1],24.422297,176,320
node[0],24.422297,176,320
node[0],24.423148,172,320
node[2],24.423148,172,320
node[3],24.423148,172,320
node[0],24.426148,176,320
node[2],24.426148,176,320
node[3],24.426148,176,320
node[1],24.431850,172,320
node[2],24.431850,172,320
node[3],24.431850,172,320
node[1],24.438850,180,320
node[2],24.438850,180,320
node[3],24.438850,180,320
node[3],24.440171,172,320
node[1],24.440171,172,320
node[0],24.440171,172,320
node[2],24.452297,176,320
node[1],24.452297,176,320
node[0],24.452297,176,320
node[3],24.453171,176,320
node[1],24.453171,176,320
node[0],24.453171,176,320
node[1],24.455850,176,320
node[2],24.455850,176,320
node[3],24.455850,176,320
node[2],24.465297,180,320
node[1],24.465297,180,320
node[0],24.465297,180,320
node[3],24.473171,180,320
node[1],24.473171,180,320
node[0],24.473171,180,320
node[1],24.477850,172,320
node[2],24.477850,172,320
node[3],24.477850,172,320
node[0],24.481148,172,320
node[2],24.481148,172,320
node[3],24.481148,172,320
node[1],24.484850,176,320
node[2],24.484850,176,320
node[3],24.484850,176,320
node[0],24.485148,180,320
node[2],24.485148,180,320
node[3],24.485148,180,320
node[0],24.506148,176,320
node[2],24.506148,176,320
node[3],24.506148,176,320
node[1],24.506850,172,320
node[2],24.506850,172,320
node[3],24.506850,172,320
node[3],24.511171,172,320
node[1],24.511171,172,320
node[0],24.511171,172,320
node[3],24.525171,176,320
node[1],24.525171,176,320
node[0],24.525171,176,320
node[3],24.528171,180,320
node[1],24.528171,180,320
node[0],24.528171,180,320
node[1],24.530850,176,320
node[2],24.530850,176,320
node[3],24.530850,176,320
node[0],24.535148,176,320
node[2],24.535148,176,320
node[3],24.535148,176,320
node[3],24.536171,172,320
node[1],24.536171,172,320
node[0],24.536171,172,320
node[3],24.550171,176,320
node[1],24.550171,176,320
node[0],24.550171,176,320
node[0],24.552148,180,320
node[2],24.552148,180,320
node[3],24.552148,180,320
node[1],24.553850,172,320
node[2],24.553850,172,320
node[3],24.553850,172,320
node[2],24.561297,176,320
node[1],24.561297,176,320
node[0],24.561297,176,320
node[3],24.563171,172,320
node[1],24.563171,172,320
node[0],24.563171,172,320
node[0],24.575148,176,320
node[2],24.575148,176,320
node[3],24.575148,176,320
node[3],24.575829,176,320
node[1],24.575829,176,320
node[0],24.575829,176,320
node[1],24.575850,180,320
node[2],24.575850,180,320
node[3],24.575850,180,320
node[2],24.576297,172,320
node[1],24.576297,172,320
node[0],24.576297,172,320
node[3],24.578171,180,320
node[1],24.578171,180,320
node[0],24.578171,180,320
node[1],24.579850,172,320
node[2],24.579850,172,320
node[3],24.579850,172,320
node[2],24.581297,180,320
node[1],24.581297,180,320
node[0],24.581297,180,320
node[2],24.586296,176,320
node[1],24.586296,176,320
node[0],24.586296,176,320
node[3],24.588171,172,320
node[1],24.588171,172,320
node[0],24.588171,172,320
node[0],24.597148,172,320
node[2],24.597148,172,320
node[3],24.597148,172,320
node[2],24.601296,172,320
node[1],24.601296,172,320
node[0],24.601296,172,320
node[1],24.624850,172,320
node[2],24.624850,172,320
node[3],24.624850,172,320
node[0],24.625518,172,320
node[2],24.625518,172,320
node[3],24.625518,172,320
node[3],24.626171,176,320
node[1],24.626171,176,320
node[0],24.626171,176,320
node[1],24.635850,180,320
node[2],24.635850,180,320
node[3],24.635850,180,320
node[1],24.638850,176,320
node[2],24.638850,176,320
node[3],24.638850,176,320
node[3],24.645171,172,320
node[1],24.645171,172,320
node[0],24.645171,172,320
node[1],24.654850,172,320
node[2],24.654850,172,320
node[3],24.654850,172,320
node[2],24.657297,176,320
node[1],24.657297,176,320
node[0],24.657297,176,320
node[3],24.662171,176,320
node[1],24.662171,176,320
node[0],24.662171,176,320
node[3],24.666171,180,320
node[1],24.666171,180,320
node[0],24.666171,180,320
node[0],24.677148,176,320
node[2],24.677148,176,320
node[3],24.677148,176,320
node[0],24.685148,180,320
node[2],24.685148,180,320
node[3],24.685148,180,320
node[3],24.696171,180,320
node[1],24.696171,180,320
node[0],24.696171,180,320
node[0],24.705148,172,320
node[2],24.705148,172,320
node[3],24.705148,172,320
node[3],24.712171,176,320
node[1],24.712171,176,320
node[0],24.712171,176,320
node[3],24.713171,172,320
node[1],24.713171,172,320
node[0],24.713171,172,320
node[3],24.721171,180,320
node[1],24.721171,180,320
node[0],24.721171,180,320
node[2],24.735297,172,320
node[1],24.735297,172,320
node[0],24.735297,172,320
node[3],24.766171,172,320
node[1],24.766171,172,320
node[0],24.766171,172,320
node[3],24.772171,176,320
node[1],24.772171,176,320
node[0],24.772171,176,320
node[2],24.772297,180,320
node[1],24.772297,180,320
node[0],24.772297,180,320
node[1],24.773850,176,320
node[2],24.773850,176,320
node[3],24.773850,176,320
node[0],24.783148,180,320
node[2],24.783148,180,320
node[3],24.783148,180,320
node[0],24.791148,172,320
node[2],24.791148,172,320
node[3],24.791148,172,320
node[2],24.807297,172,320
node[1],24.807297,172,320
node[0],24.807297,172,320
node[1],24.809850,176,320
node[2],24.809850,176,320
node[3],24.809850,176,320
node[1],24.810850,172,320
node[2],24.810850,172,320
node[3],24.810850,172,320
node[3],24.816171,176,320
node[1],24.816171,176,320
node[0],24.816171,176,320
node[1],24.817850,180,320
node[2],24.817850,180,320
node[3],24.817850,180,320
node[3],24.836171,172,320
node[1],24.836171,172,320
node[0],24.836171,172,320
node[3],24.837171,180,320
node[1],24.837171,180,320
node[0],24.837171,180,320
node[3],24.842171,176,320
node[1],24.842171,176,320
node[0],24.842171,176,320
node[0],24.843148,172,320
node[2],24.843148,172,320
node[3],24.843148,172,320
node[3],24.861171,172,320
node[1],24.861171,172,320
node[0],24.861171,172,320
node[2],24.861826,172,320
node[1],24.861826,172,320
node[0],24.861826,172,320
node[2],24.862930,180,320
node[1],24.862930,180,320
node[0],24.862930,180,320
node[3],24.880171,176,320
node[1],24.880171,176,320
node[0],24.880171,176,320
node[3],24.900171,172,320
node[1],24.900171,172,320
node[0],24.900171,172,320
node[0],24.904148,176,320
node[2],24.904148,176,320
node[3],24.904148,176,320
node[0],24.912148,180,320
node[2],24.912148,180,320
node[3],24.912148,180,320
node[1],24.923850,180,320
node[2],24.923850,180,320
node[3],24.923850,180,320
node[2],24.928297,176,320
node[1],24.928297,176,320
node[0],24.928297,176,320
node[0],24.929148,172,320
node[2],24.929148,172,320
node[3],24.929148,172,320
node[0],24.934148,176,320
node[2],24.934148,176,320
node[3],24.934148,176,320
node[3],24.940171,172,320
node[1],24.940171,172,320
node[0],24.940171,172,320
node[2],24.945297,172,320
node[1],24.945297,172,320
node[0],24.945297,172,320
node[2],24.948297,180,320
node[1],24.948297,180,320
node[0],24.948297,180,320
node[1],24.951850,176,320
node[2],24.951850,176,320
node[3],24.951850,176,320
node[0],24.954147,172,320
node[2],24.954147,172,320
node[3],24.954147,172,320
node[1],24.955850,172,320
node[2],24.955850,172,320
node[3],24.955850,172,320
node[2],24.957297,176,320
node[1],24.957297,176,320
node[0],24.957297,176,320
node[0],24.959147,176,320
node[2],24.959147,176,320
node[3],24.959147,176,320
node[3],24.965171,172,320
node[1],24.965171,172,320
node[0],24.965171,172,320
node[0],24.969148,180,320
node[2],24.969148,180,320
node[3],24.969148,180,320
node[2],24.972297,172,320
node[1],24.972297,172,320
node[0],24.972297,172,320
node[0],24.979147,172,320
node[2],24.979147,172,320
node[3],24.979147,172,320
node[2],24.980297,180,320
node[1],24.980297,180,320
node[0],24.980297,180,320
node[1],24.980850,176,320
node[2],24.980850,176,320
node[3],24.980850,176,320
node[2],24.983297,176,320
node[1],24.983297,176,320
node[0],24.983297,176,320
node[0],24.984147,176,320
node[2],24.984147,176,320
node[3],24.984147,176,320
node[1],24.986850,172,320
node[2],24.986850,172,320
node[3],24.986850,172,320
node[1],24.991850,180,320
node[2],24.991850,180,320
node[3],24.991850,180,320
node[3],24.994171,176,320
node[1],24.994171,176,320
node[0],24.994171,176,320
node[3],24.998171,180,320
node[1],24.998171,180,320
node[0],24.998171,180,320
node[2],25.001297,172,320
node[1],25.001297,172,320
node[0],25.001297,172,320
node[0],25.002148,180,320
node[2],25.002148,180,320
node[3],25.002148,180,320
node[3],25.006171,172,320
node[1],25.006171,172,320
node[0],25.006171,172,320
node[2],25.008296,176,320
node[1],25.008296,176,320
node[0],25.008296,176,320
node[1],25.014850,172,320
node[2],25.014850,172,320
node[3],25.014850,172,320
node[3],25.019171,176,320
node[1],25.019171,176,320
node[0],25.019171,176,320
node[3],25.028171,180,320
node[1],25.028171,180,320
node[0],25.028171,180,320
node[3],25.035171,172,320
node[1],25.035171,172,320
node[0],25.035171,172,320
node[0],25.044148,172,320
node[2],25.044148,172,320
node[3],25.044148,172,320
node[3],25.044171,176,320
node[1],25.044171,176,320
node[0],25.044171,176,320
node[1],25.046850,176,320
node[2],25.046850,176,320
node[3],25.046850,176,320
node[0],25.049148,176,320
node[2],25.049148,176,320
node[3],25.049148,176,320
node[1],25.054850,172,320
node[2],25.054850,172,320
node[3],25.054850,172,320
node[0],25.063148,180,320
node[2],25.063148,180,320
node[3],25.063148,180,320
node[1],25.073850,180,320
node[2],25.073850,180,320
node[3],25.073850,180,320
node[3],25.075171,172,320
node[1],25.075171,172,320
node[0],25.075171,172,320
node[2],25.077297,176,320
node[1],25.077297,176,320
node[0],25.077297,176,320
node[0],25.082148,172,320
node[2],25.082148,172,320
node[3],25.082148,172,320
node[1],25.090850,172,320
node[2],25.090850,172,320
node[3],25.090850,172,320
node[1],25.096850,176,320
node[2],25.096850,176,320
node[3],25.096850,176,320
node[0],25.098148,180,320
node[2],25.098148,180,320
node[3],25.098148,180,320
node[1],25.134850,176,320
node[2],25.134850,176,320
node[3],25.134850,176,320
node[2],25.149297,172,320
node[1],25.149297,172,320
node[0],25.149297,172,320
node[0],25.151148,180,320
node[2],25.151148,180,320
node[3],25.151148,180,320
node[0],25.155148,176,320
node[2],25.155148,176,320
node[3],25.155148,176,320
node[3],25.161171,172,320
node[1],25.161171,172,320
node[0],25.161171,172,320
node[2],25.164297,180,320
node[1],25.164297,180,320
node[0],25.164297,180,320
node[0],25.176148,180,320
node[2],25.176148,180,320
node[3],25.176148,180,320
node[2],25.176297,172,320
node[1],25.176297,172,320
node[0],25.176297,172,320
node[1],25.177850,176,320
node[2],25.177850,176,320
node[3],25.177850,176,320
node[3],25.183171,176,320
node[1],25.183171,176,320
node[0],25.183171,176,320
node[3],25.190171,180,320
node[1],25.190171,180,320
node[0],25.190171,180,320
node[0],25.193148,176,320
node[2],25.193148,176,320
node[3],25.193148,176,320
node[3],25.198171,172,320
node[1],25.198171,172,320
node[0],25.198171,172,320
node[0],25.207148,172,320
node[2],25.207148,172,320
node[3],25.207148,172,320
node[2],25.208297,176,320
node[1],25.208297,176,320
node[0],25.208297,176,320
node[1],25.216850,172,320
node[2],25.216850,172,320
node[3],25.216850,172,320
node[1],25.217850,180,320
node[2],25.217850,180,320
node[3],25.217850,180,320
node[0],25.234148,172,320
node[2],25.234148,172,320
node[3],25.234148,172,320
node[2],25.239826,180,320
node[1],25.239827,180,320
node[0],25.239827,180,320
node[1],25.264850,172,320
node[2],25.264850,172,320
node[3],25.264850,172,320
node[3],25.269171,180,320
node[1],25.269171,180,320
node[0],25.269171,180,320
node[2],25.269297,172,320
node[1],25.269297,172,320
node[0],25.269297,172,320
node[0],25.272148,176,320
node[2],25.272148,176,320
node[3],25.272148,176,320
node[3],25.278171,172,320
node[1],25.278171,172,320
node[0],25.278171,172,320
node[2],25.280297,176,320
node[1],25.280297,176,320
node[0],25.280297,176,320
node[1],25.281850,176,320
node[2],25.281850,176,320
node[3],25.281850,176,320
node[2],25.285297,180,320
node[1],25.285297,180,320
node[0],25.285297,180,320
node[1],25.287850,180,320
node[2],25.287850,180,320
node[3],25.287850,180,320
node[0],25.312148,176,320
node[2],25.312148,176,320
node[3],25.312148,176,320
node[3],25.344171,176,320
node[1],25.344171,176,320
node[0],25.344171,176,320
node[2],25.347297,176,320
node[1],25.347297,176,320
node[0],25.347297,176,320
node[2],25.349297,180,320
node[1],25.349297,180,320
node[0],25.349297,180,320
node[2],25.350297,172,320
node[1],25.350297,172,320
node[0],25.350297,172,320
node[1],25.350952,172,320
node[2],25.350953,172,320
node[3],25.350953,172,320
node[0],25.351148,180,320
node[2],25.351148,180,320
node[3],25.351148,180,320
node[0],25.363148,176,320
node[2],25.363148,176,320
node[3],25.363148,176,320
node[3],25.365171,172,320
node[1],25.365171,172,320
node[0],25.365171,172,320
node[1],25.367850,176,320
node[2],25.367850,176,320
node[3],25.367850,176,320
node[2],25.372296,176,320
node[1],25.372296,176,320
node[0],25.372296,176,320
node[2],25.374296,180,320
node[1],25.374296,180,320
node[0],25.374296,180,320
node[2],25.376297,172,320
node[1],25.376297,172,320
node[0],25.376297,172,320
node[1],25.384850,180,320
node[2],25.384850,180,320
node[3],25.384850,180,320
node[2],25.397296,176,320
node[1],25.397296,176,320
node[0],25.397296,176,320
node[2],25.399296,180,320
node[1],25.399296,180,320
node[0],25.399296,180,320
node[0],25.404148,180,320
node[2],25.404148,180,320
node[3],25.404148,180,320
node[3],25.409171,176,320
node[1],25.409171,176,320
node[0],25.409171,176,320
node[3],25.414171,172,320
node[1],25.414171,172,320
node[0],25.414171,172,320
node[1],25.418850,176,320
node[2],25.418850,176,320
node[3],25.418850,176,320
node[3],25.422171,180,320
node[1],25.422171,180,320
node[0],25.422171,180,320
node[2],25.423297,176,320
node[1],25.423297,176,320
node[0],25.423297,176,320
node[3],25.434171,176,320
node[1],25.434171,176,320
node[0],25.434171,176,320
node[1],25.435850,180,320
node[2],25.435850,180,320
node[3],25.435850,180,320
node[2],25.436297,172,320
node[1],25.436297,172,320
node[0],25.436297,172,320
node[0],25.456148,180,320
node[2],25.456148,180,320
node[3],25.456148,180,320
node[0],25.458148,176,320
node[2],25.458148,176,320
node[3],25.458148,176,320
node[1],25.466850,172,320
node[2],25.466850,172,320
node[3],25.466850,172,320
node[3],25.477171,180,320
node[1],25.477171,180,320
node[0],25.477171,180,320
node[2],25.477297,176,320
node[1],25.477297,176,320
node[0],25.477297,176,320
node[3],25.485171,172,320
node[1],25.485171,172,320
node[0],25.485171,172,320
node[0],25.487148,180,320
node[2],25.487148,180,320
node[3],25.487148,180,320
node[2],25.488297,180,320
node[1],25.488297,180,320
node[0],25.488297,180,320
node[2],25.496297,172,320
node[1],25.496297,172,320
node[0],25.496297,172,320
node[1],25.498850,172,320
node[2],25.498850,172,320
node[3],25.498850,172,320
node[2],25.502297,176,320
node[1],25.502297,176,320
node[0],25.502297,176,320
node[0],25.504148,176,320
node[2],25.504148,176,320
node[3],25.504148,176,320
node[1],25.505850,180,320
node[2],25.505850,180,320
node[3],25.505850,180,320
node[3],25.512171,180,320
node[1],25.512171,180,320
node[0],25.512171,180,320
node[1],25.512850,176,320
node[2],25.512850,176,320
node[3],25.512850,176,320
node[3],25.516171,172,320
node[1],25.516171,172,320
node[0],25.516171,172,320
node[0],25.519148,180,320
node[2],25.519148,180,320
node[3],25.519148,180,320
node[3],25.525171,176,320
node[1],25.525171,176,320
node[0],25.525171,176,320
node[0],25.526148,172,320
node[2],25.526148,172,320
node[3],25.526148,172,320
node[0],25.534148,176,320
node[2],25.534148,176,320
node[3],25.534148,176,320
node[2],25.539297,172,320
node[1],25.539297,172,320
node[0],25.539297,172,320
node[1],25.541850,176,320
node[2],25.541850,176,320
node[3],25.541850,176,320
node[2],25.550297,180,320
node[1],25.550297,180,320
node[0],25.550297,180,320
node[3],25.556171,172,320
node[1],25.556171,172,320
node[0],25.556171,172,320
node[0],25.567148,172,320
node[2],25.567148,172,320
node[3],25.567148,172,320
node[3],25.569171,176,320
node[1],25.569171,176,320
node[0],25.569171,176,320
node[0],25.573148,180,320
node[2],25.573148,180,320
node[3],25.573148,180,320
node[1],25.588850,172,320
node[2],25.588850,172,320
node[3],25.588850,172,320
node[2],25.593297,172,320
node[1],25.593297,172,320
node[0],25.593297,172,320
node[2],25.618297,176,320
node[1],25.618297,176,320
node[0],25.618297,176,320
node[2],25.627297,180,320
node[1],25.627297,180,320
node[0],25.627297,180,320
node[1],25.631850,180,320
node[2],25.631850,180,320
node[3],25.631850,180,320
node[2],25.643297,176,320
node[1],25.643297,176,320
node[0],25.643297,176,320
node[0],25.657148,176,320
node[2],25.657148,176,320
node[3],25.657148,176,320
node[0],25.661148,180,320
node[2],25.661148,180,320
node[3],25.661148,180,320
node[0],25.664148,172,320
node[2],25.664148,172,320
node[3],25.664148,172,320
node[2],25.668297,180,320
node[1],25.668297,180,320
node[0],25.668297,180,320
node[2],25.694297,176,320
node[1],25.694297,176,320
node[0],25.694297,176,320
node[1],25.703850,180,320
node[2],25.703850,180,320
node[3],25.703850,180,320
node[2],25.707297,172,320
node[1],25.707297,172,320
node[0],25.707297,172,320
node[0],25.712148,176,320
node[2],25.712148,176,320
node[3],25.712148,176,320
node[3],25.712171,180,320
node[1],25.712171,180,320
node[0],25.712171,180,320
node[0],25.714148,172,320
node[2],25.714148,172,320
node[3],25.714148,172,320
node[3],25.721171,176,320
node[1],25.721171,176,320
node[0],25.721171,176,320
node[1],25.721853,176,320
node[2],25.721853,176,320
node[3],25.721853,176,320
node[0],25.724148,180,320
node[2],25.724148,180,320
node[3],25.724148,180,320
node[1],25.735850,180,320
node[2],25.735850,180,320
node[3],25.735850,180,320
node[0],25.738148,176,320
node[2],25.738148,176,320
node[3],25.738148,176,320
node[2],25.741297,176,320
node[1],25.741297,176,320
node[0],25.741297,176,320
node[0],25.742148,172,320
node[2],25.742148,172,320
node[3],25.742148,172,320
node[2],25.748297,180,320
node[1],25.748297,180,320
node[0],25.748297,180,320
node[2],25.762297,172,320
node[1],25.762297,172,320
node[0],25.762297,172,320
node[0],25.763147,176,320
node[2],25.763147,176,320
node[3],25.763147,176,320
node[3],25.768171,180,320
node[1],25.768171,180,320
node[0],25.768171,180,320
node[1],25.769850,176,320
node[2],25.769850,176,320
node[3],25.769850,176,320
node[1],25.776850,172,320
node[2],25.776850,172,320
node[3],25.776850,172,320
node[1],25.791850,180,320
node[2],25.791850,180,320
node[3],25.791850,180,320
node[1],25.796850,176,320
node[2],25.796850,176,320
node[3],25.796850,176,320
node[2],25.823297,172,320
node[1],25.823297,172,320
node[0],25.823297,172,320
node[2],25.827297,176,320
node[1],25.827297,176,320
node[0],25.827297,176,320
node[0],25.832148,172,320
node[2],25.832148,172,320
node[3],25.832148,172,320
node[0],25.833148,176,320
node[2],25.833148,176,320
node[3],25.833148,176,320
node[1],25.833850,176,320
node[2],25.833850,176,320
node[3],25.833850,176,320
node[2],25.838297,180,320
node[1],25.838297,180,320
node[0],25.838297,180,320
node[3],25.844171,176,320
node[1],25.844171,176,320
node[0],25.844171,176,320
node[3],25.845171,172,320
node[1],25.845171,172,320
node[0],25.845171,172,320
node[2],25.872297,176,320
node[1],25.872297,176,320
node[0],25.872297,176,320
node[2],25.874297,172,320
node[1],25.874297,172,320
node[0],25.874297,172,320
node[0],25.875148,176,320
node[2],25.875148,176,320
node[3],25.875148,176,320
node[1],25.875850,176,320
node[2],25.875850,176,320
node[3],25.875850,176,320
node[1],25.876850,172,320
node[2],25.876850,172,320
node[3],25.876850,172,320
node[2],25.879297,180,320
node[1],25.879297,180,320
node[0],25.879297,180,320
node[0],25.881148,180,320
node[2],25.881148,180,320
node[3],25.881148,180,320
node[0],25.887148,172,320
node[2],25.887148,172,320
node[3],25.887148,172,320
node[3],25.887171,176,320
node[1],25.887171,176,320
node[0],25.887171,176,320
node[2],25.902297,172,320
node[1],25.902297,172,320
node[0],25.902297,172,320
node[3],25.904171,172,320
node[1],25.904171,172,320
node[0],25.904171,172,320
node[1],25.906850,176,320
node[2],25.906850,176,320
node[3],25.906850,176,320
node[1],25.917850,180,320
node[2],25.917850,180,320
node[3],25.917850,180,320
node[2],25.918297,176,320
node[1],25.918297,176,320
node[0],25.918297,176,320
node[1],25.918850,172,320
node[2],25.918850,172,320
node[3],25.918850,172,320
node[3],25.930171,176,320
node[1],25.930171,176,320
node[0],25.930171,176,320
node[0],25.934148,172,320
node[2],25.934148,172,320
node[3],25.934148,172,320
node[1],25.949850,176,320
node[2],25.949850,176,320
node[3],25.949850,176,320
node[0],25.956148,176,320
node[2],25.956148,176,320
node[3],25.956148,176,320
node[1],25.956850,172,320
node[2],25.956850,172,320
node[3],25.956850,172,320
node[2],25.967297,176,320
node[1],25.967297,176,320
node[0],25.967297,176,320
node[1],25.970849,180,320
node[2],25.970849,180,320
node[3],25.970849,180,320
node[0],25.974148,180,320
node[2],25.974148,180,320
node[3],25.974148,180,320
node[0],25.977148,172,320
node[2],25.977148,172,320
node[3],25.977148,172,320
node[1],25.977850,176,320
node[2],25.977850,176,320
node[3],25.977850,176,320
node[1],25.982850,172,320
node[2],25.982850,172,320
node[3],25.982850,172,320
node[0],25.987148,176,320
node[2],25.987148,176,320
node[3],25.987148,176,320
node[2],25.995297,172,320
node[1],25.995297,172,320
node[0],25.995297,172,320
node[1],25.995849,180,320
node[2],25.995849,180,320
node[3],25.995849,180,320
node[1],26.002849,176,320
node[2],26.002849,176,320
node[3],26.002849,176,320
node[0],26.004148,180,320
node[2],26.004148,180,320
node[3],26.004148,180,320
node[1],26.022850,172,320
node[2],26.022850,172,320
node[3],26.022850,172,320
node[0],26.029148,176,320
node[2],26.029148,176,320
node[3],26.029148,176,320
node[1],26.030850,176,320
node[2],26.030850,176,320
node[3],26.030850,176,320
node[0],26.033148,172,320
node[2],26.033148,172,320
node[3],26.033148,172,320
node[3],26.047171,176,320
node[1],26.047171,176,320
node[0],26.047171,176,320
node[1],26.052850,172,320
node[2],26.052850,172,320
node[3],26.052850,172,320
node[0],26.054147,176,320
node[2],26.054147,176,320
node[3],26.054147,176,320
node[1],26.059850,176,320
node[2],26.059850,176,320
node[3],26.059850,176,320
node[2],26.080297,176,320
node[1],26.080297,176,320
node[0],26.080297,176,320
node[0],26.101148,176,320
node[2],26.101148,176,320
node[3],26.101148,176,320
node[1],26.104850,172,320
node[2],26.104850,172,320
node[3],26.104850,172,320
node[2],26.106297,172,320
node[1],26.106297,172,320
node[0],26.106297,172,320
node[1],26.124850,176,320
node[2],26.124850,176,320
node[3],26.124850,176,320
node[1],26.131850,172,320
node[2],26.131850,172,320
node[3],26.131850,172,320
node[3],26.133171,172,320
node[1],26.133171,172,320
node[0],26.133171,172,320
node[3],26.134171,176,320
node[1],26.134171,176,320
node[0],26.134171,176,320
node[2],26.135297,176,320
node[1],26.135297,176,320
node[0],26.135297,176,320
node[0],26.162148,176,320
node[2],26.162148,176,320
node[3],26.162148,176,320
node[1],26.163850,176,320
node[2],26.163850,176,320
node[3],26.163850,176,320
node[3],26.165171,172,320
node[1],26.165171,172,320
node[0],26.165171,172,320
node[0],26.169148,172,320
node[2],26.169148,172,320
node[3],26.169148,172,320
node[3],26.170171,180,320
node[1],26.170171,180,320
node[0],26.170171,180,320
node[3],26.173171,176,320
node[1],26.173171,176,320
node[0],26.173171,176,320
node[2],26.185297,176,320
node[1],26.185297,176,320
node[0],26.185297,176,320
node[3],26.190171,172,320
node[1],26.190171,172,320
node[0],26.190171,172,320
node[2],26.206297,172,320
node[1],26.206297,172,320
node[0],26.206297,172,320
node[1],26.208850,180,320
node[2],26.208850,180,320
node[3],26.208850,180,320
node[3],26.209171,176,320
node[1],26.209171,176,320
node[0],26.209171,176,320
node[3],26.210171,180,320
node[1],26.210171,180,320
node[0],26.210171,180,320
node[2],26.213297,176,320
node[1],26.213297,176,320
node[0],26.213297,176,320
node[0],26.223148,172,320
node[2],26.223148,172,320
node[3],26.223148,172,320
node[3],26.223829,172,320
node[1],26.223829,172,320
node[0],26.223829,172,320
node[2],26.226296,180,320
node[1],26.226296,180,320
node[0],26.226296,180,320
node[2],26.231296,172,320
node[1],26.231296,172,320
node[0],26.231296,172,320
node[0],26.233148,176,320
node[2],26.233148,176,320
node[3],26.233148,176,320
node[0],26.248147,172,320
node[2],26.248147,172,320
node[3],26.248147,172,320
node[0],26.250147,180,320
node[2],26.250147,180,320
node[3],26.250147,180,320
node[2],26.250297,176,320
node[1],26.250297,176,320
node[0],26.250297,176,320
node[2],26.253297,180,320
node[1],26.253297,180,320
node[0],26.253297,180,320
node[3],26.255171,172,320
node[1],26.255171,172,320
node[0],26.255171,172,320
node[0],26.261148,176,320
node[2],26.261148,176,320
node[3],26.261148,176,320
node[3],26.263171,176,320
node[1],26.263171,176,320
node[0],26.263171,176,320
node[3],26.271171,180,320
node[1],26.271171,180,320
node[0],26.271171,180,320
node[0],26.278148,180,320
node[2],26.278148,180,320
node[3],26.278148,180,320
node[0],26.283148,172,320
node[2],26.283148,172,320
node[3],26.283148,172,320
node[2],26.283297,180,320
node[1],26.283297,180,320
node[0],26.283297,180,320
node[1],26.284850,176,320
node[2],26.284850,176,320
node[3],26.284850,176,320
node[1],26.293850,172,320
node[2],26.293850,172,320
node[3],26.293850,172,320
node[0],26.297148,176,320
node[2],26.297148,176,320
node[3],26.297148,176,320
node[3],26.299171,172,320
node[1],26.299171,172,320
node[0],26.299171,172,320
node[3],26.301171,180,320
node[1],26.301171,180,320
node[0],26.301171,180,320
node[2],26.306297,176,320
node[1],26.306297,176,320
node[0],26.306297,176,320
node[3],26.315171,176,320
node[1],26.315171,176,320
node[0],26.315171,176,320
node[1],26.319850,172,320
node[2],26.319850,172,320
node[3],26.319850,172,320
node[3],26.324171,172,320
node[1],26.324171,172,320
node[0],26.324171,172,320
node[1],26.328850,180,320
node[2],26.328850,180,320
node[3],26.328850,180,320
node[3],26.333171,180,320
node[1],26.333171,180,320
node[0],26.333171,180,320
node[3],26.343171,176,320
node[1],26.343171,176,320
node[0],26.343171,176,320
node[2],26.351297,172,320
node[1],26.351297,172,320
node[0],26.351297,172,320
node[1],26.353850,172,320
node[2],26.353850,172,320
node[3],26.353850,172,320
node[0],26.355148,176,320
node[2],26.355148,176,320
node[3],26.355148,176,320
node[1],26.360850,176,320
node[2],26.360850,176,320
node[3],26.360850,176,320
node[2],26.363297,180,320
node[1],26.363297,180,320
node[0],26.363297,180,320
node[3],26.367171,172,320
node[1],26.367171,172,320
node[0],26.367171,172,320
node[0],26.377148,172,320
node[2],26.377148,172,320
node[3],26.377148,172,320
node[1],26.384850,180,320
node[2],26.384850,180,320
node[3],26.384850,180,320
node[3],26.385726,180,320
node[1],26.385726,180,320
node[0],26.385726,180,320
node[3],26.386171,176,320
node[1],26.386171,176,320
node[0],26.386171,176,320
node[3],26.394171,172,320
node[1],26.394171,172,320
node[0],26.394171,172,320
node[2],26.394297,176,320
node[1],26.394297,176,320
node[0],26.394297,176,320
node[3],26.410171,180,320
node[1],26.410171,180,320
node[0],26.410171,180,320
node[3],26.414171,176,320
node[1],26.414171,176,320
node[0],26.414171,176,320
node[1],26.414850,176,320
node[2],26.414850,176,320
node[3],26.414850,176,320
node[3],26.419171,172,320
node[1],26.419171,172,320
node[0],26.419171,172,320
node[1],26.424850,180,320
node[2],26.424850,180,320
node[3],26.424850,180,320
node[0],26.432148,172,320
node[2],26.432148,172,320
node[3],26.432148,172,320
node[0],26.433148,176,320
node[2],26.433148,176,320
node[3],26.433148,176,320
node[3],26.435171,180,320
node[1],26.435171,180,320
node[0],26.435171,180,320
node[0],26.453148,180,320
node[2],26.453148,180,320
node[3],26.453148,180,320
node[3],26.453171,176,320
node[1],26.453171,176,320
node[0],26.453171,176,320
node[0],26.465148,176,320
node[2],26.465148,176,320
node[3],26.465148,176,320
node[3],26.466171,172,320
node[1],26.466171,172,320
node[0],26.466171,172,320
node[1],26.467850,176,320
node[2],26.467850,176,320
node[3],26.467850,176,320
node[0],26.468148,172,320
node[2],26.468148,172,320
node[3],26.468148,172,320
node[1],26.477850,180,320
node[2],26.477850,180,320
node[3],26.477850,180,320
node[1],26.490850,172,320
node[2],26.490850,172,320
node[3],26.490850,172,320
node[1],26.492850,176,320
node[2],26.492850,176,320
node[3],26.492850,176,320
node[2],26.493492,176,320
node[1],26.493492,176,320
node[0],26.493492,176,320
node[0],26.496148,180,320
node[2],26.496148,180,320
node[3],26.496148,180,320
node[3],26.517171,176,320
node[1],26.517171,176,320
node[0],26.517171,176,320
node[2],26.521297,176,320
node[1],26.521297,176,320
node[0],26.521297,176,320
node[2],26.522297,172,320
node[1],26.522297,172,320
node[0],26.522297,172,320
node[1],26.523850,176,320
node[2],26.523850,176,320
node[3],26.523850,176,320
node[0],26.529148,176,320
node[2],26.529148,176,320
node[3],26.529148,176,320
node[2],26.536297,180,320
node[1],26.536297,180,320
node[0],26.536297,180,320
node[3],26.550171,176,320
node[1],26.550171,176,320
node[0],26.550171,176,320
node[2],26.568297,172,320
node[1],26.568297,172,320
node[0],26.568297,172,320
node[1],26.577850,176,320
node[2],26.577850,176,320
node[3],26.577850,176,320
node[2],26.587297,180,320
node[1],26.587297,180,320
node[0],26.587297,180,320
node[2],26.605297,176,320
node[1],26.605297,176,320
node[0],26.605297,176,320
node[0],26.612148,176,320
node[2],26.612148,176,320
node[3],26.612148,176,320
node[0],26.613148,180,320
node[2],26.613148,180,320
node[3],26.613148,180,320
node[1],26.614024,180,320
node[2],26.614024,180,320
node[3],26.614024,180,320
node[1],26.617850,176,320
node[2],26.617850,176,320
node[3],26.617850,176,320
node[3],26.626171,172,320
node[1],26.626171,172,320
node[0],26.626171,172,320
node[0],26.636148,172,320
node[2],26.636148,172,320
node[3],26.636148,172,320
node[3],26.636171,176,320
node[1],26.636171,176,320
node[0],26.636171,176,320
node[1],26.651850,176,320
node[2],26.651850,176,320
node[3],26.651850,176,320
node[2],26.654297,172,320
node[1],26.654297,172,320
node[0],26.654297,172,320
node[1],26.662850,172,320
node[2],26.662850,172,320
node[3],26.662850,172,320
node[1],26.670849,180,320
node[2],26.670849,180,320
node[3],26.670849,180,320
node[1],26.676849,176,320
node[2],26.676849,176,320
node[3],26.676849,176,320
node[0],26.682148,176,320
node[2],26.682148,176,320
node[3],26.682148,176,320
node[3],26.684171,180,320
node[1],26.684171,180,320
node[0],26.684171,180,320
node[1],26.687849,172,320
node[2],26.687849,172,320
node[3],26.687849,172,320
node[1],26.695849,180,320
node[2],26.695849,180,320
node[3],26.695849,180,320
node[0],26.696148,172,320
node[2],26.696148,172,320
node[3],26.696148,172,320
node[1],26.701849,176,320
node[2],26.701849,176,320
node[3],26.701849,176,320
node[2],26.703297,172,320
node[1],26.703297,172,320
node[0],26.703297,172,320
node[0],26.708148,176,320
node[2],26.708148,176,320
node[3],26.708148,176,320
node[1],26.712849,172,320
node[2],26.712849,172,320
node[3],26.712849,172,320
node[1],26.720849,180,320
node[2],26.720849,180,320
node[3],26.720849,180,320
node[0],26.725148,180,320
node[2],26.725148,180,320
node[3],26.725148,180,320
node[1],26.726849,176,320
node[2],26.726849,176,320
node[3],26.726849,176,320
node[3],26.737171,176,320
node[1],26.737171,176,320
node[0],26.737171,176,320
node[1],26.737849,172,320
node[2],26.737849,172,320
node[3],26.737849,172,320
node[0],26.751148,172,320
node[2],26.751148,172,320
node[3],26.751148,172,320
node[1],26.754850,176,320
node[2],26.754850,176,320
node[3],26.754850,176,320
node[2],26.756297,176,320
node[1],26.756297,176,320
node[0],26.756297,176,320
node[2],26.758297,172,320
node[1],26.758297,172,320
node[0],26.758297,172,320
node[1],26.762849,172,320
node[2],26.762849,172,320
node[3],26.762849,172,320
node[0],26.765148,176,320
node[2],26.765148,176,320
node[3],26.765148,176,320
node[3],26.765171,172,320
node[1],26.765171,172,320
node[0],26.765171,172,320
node[3],26.780171,176,320
node[1],26.780171,176,320
node[0],26.780171,176,320
node[2],26.781297,180,320
node[1],26.781297,180,320
node[0],26.781297,180,320
node[2],26.789297,176,320
node[1],26.789297,176,320
node[0],26.789297,176,320
node[2],26.817297,172,320
node[1],26.817297,172,320
node[0],26.817297,172,320
node[1],26.821850,172,320
node[2],26.821850,172,320
node[3],26.821850,172,320
node[1],26.822850,180,320
node[2],26.822850,180,320
node[3],26.822850,180,320
node[3],26.825933,180,320
node[1],26.825933,180,320
node[0],26.825933,180,320
node[2],26.837297,176,320
node[1],26.837297,176,320
node[0],26.837297,176,320
node[0],26.842148,172,320
node[2],26.842148,172,320
node[3],26.842148,172,320
node[0],26.858148,180,320
node[2],26.858148,180,320
node[3],26.858148,180,320
node[1],26.893850,180,320
node[2],26.893850,180,320
node[3],26.893850,180,320
node[2],26.894700,180,320
node[1],26.894700,180,320
node[0],26.894700,180,320
node[1],26.897850,172,320
node[2],26.897850,172,320
node[3],26.897850,172,320
node[0],26.899148,176,320
node[2],26.899148,176,320
node[3],26.899148,176,320
node[1],26.903850,176,320
node[2],26.903850,176,320
node[3],26.903850,176,320
node[1],26.920094,180,320
node[2],26.920095,180,320
node[3],26.920095,180,320
node[2],26.933297,176,320
node[1],26.933297,176,320
node[0],26.933297,176,320
node[1],26.935850,176,320
node[2],26.935850,176,320
node[3],26.935850,176,320
node[0],26.942148,176,320
node[2],26.942148,176,320
node[3],26.942148,176,320
node[3],26.948171,176,320
node[1],26.948171,176,320
node[0],26.948171,176,320
node[0],26.949148,172,320
node[2],26.949148,172,320
node[3],26.949148,172,320
node[3],26.957171,172,320
node[1],26.957171,172,320
node[0],26.957171,172,320
node[3],26.970171,180,320
node[1],26.970171,180,320
node[0],26.970171,180,320
node[2],26.978297,180,320
node[1],26.978297,180,320
node[0],26.978297,180,320
node[0],26.981148,176,320
node[2],26.981148,176,320
node[3],26.981148,176,320
node[2],26.981816,176,320
node[1],26.981816,176,320
node[0],26.981816,176,320
node[3],27.002171,172,320
node[1],27.002171,172,320
node[0],27.002171,172,320
node[1],27.005850,180,320
node[2],27.005850,180,320
node[3],27.005850,180,320
node[2],27.012297,172,320
node[1],27.012297,172,320
node[0],27.012297,172,320
node[1],27.013850,172,320
node[2],27.013850,172,320
node[3],27.013850,172,320
node[2],27.028297,180,320
node[1],27.028297,180,320
node[0],27.028297,180,320
node[1],27.033850,180,320
node[2],27.033850,180,320
node[3],27.033850,180,320
node[3],27.037171,176,320
node[1],27.037171,176,320
node[0],27.037171,176,320
node[1],27.043850,176,320
node[2],27.043850,176,320
node[3],27.043850,176,320
node[3],27.049171,172,320
node[1],27.049171,172,320
node[0],27.049171,172,320
node[2],27.050297,172,320
node[1],27.050297,172,320
node[0],27.050297,172,320
node[1],27.052850,172,320
node[2],27.052850,172,320
node[3],27.052850,172,320
node[0],27.054148,172,320
node[2],27.054148,172,320
node[3],27.054148,172,320
node[1],27.079850,176,320
node[2],27.079850,176,320
node[3],27.079850,176,320
node[0],27.085148,172,320
node[2],27.085148,172,320
node[3],27.085148,172,320
node[2],27.092297,176,320
node[1],27.092297,176,320
node[0],27.092297,176,320
node[0],27.127148,172,320
node[2],27.127148,172,320
node[3],27.127148,172,320
node[0],27.135148,176,320
node[2],27.135148,176,320
node[3],27.135148,176,320
node[2],27.143297,176,320
node[1],27.143297,176,320
node[0],27.143297,176,320
node[2],27.144297,180,320
node[1],27.144297,180,320
node[0],27.144297,180,320
node[0],27.150147,180,320
node[2],27.150147,180,320
node[3],27.150147,180,320
node[0],27.164148,172,320
node[2],27.164148,172,320
node[3],27.164148,172,320
node[1],27.165850,176,320
node[2],27.165850,176,320
node[3],27.165850,176,320
node[0],27.169148,176,320
node[2],27.169148,176,320
node[3],27.169148,176,320
node[2],27.171297,176,320
node[1],27.171297,176,320
node[0],27.171297,176,320
node[1],27.175850,180,320
node[2],27.175850,180,320
node[3],27.175850,180,320
node[3],27.179171,176,320
node[1],27.179171,176,320
node[0],27.179171,176,320
node[3],27.186171,180,320
node[1],27.186171,180,320
node[0],27.186171,180,320
node[2],27.186297,172,320
node[1],27.186297,172,320
node[0],27.186297,172,320
node[1],27.187850,172,320
node[2],27.187850,172,320
node[3],27.187850,172,320
node[0],27.189148,180,320
node[2],27.189148,180,320
node[3],27.189148,180,320
node[3],27.192171,172,320
node[1],27.192171,172,320
node[0],27.192171,172,320
node[1],27.192850,176,320
node[2],27.192850,176,320
node[3],27.192850,176,320
node[1],27.208850,180,320
node[2],27.208850,180,320
node[3],27.208850,180,320
node[2],27.209297,176,320
node[1],27.209297,176,320
node[0],27.209297,176,320
node[0],27.216148,176,320
node[2],27.216148,176,320
node[3],27.216148,176,320
node[1],27.227850,176,320
node[2],27.227850,176,320
node[3],27.227850,176,320
node[1],27.228850,172,320
node[2],27.228850,172,320
node[3],27.228850,172,320
node[2],27.231297,180,320
node[1],27.231297,180,320
node[0],27.231297,180,320
node[0],27.256148,180,320
node[2],27.256148,180,320
node[3],27.256148,180,320
node[0],27.257148,172,320
node[2],27.257148,172,320
node[3],27.257148,172,320
node[2],27.258297,180,320
node[1],27.258297,180,320
node[0],27.258297,180,320
node[0],27.266148,176,320
node[2],27.266148,176,320
node[3],27.266148,176,320
node[0],27.281147,180,320
node[2],27.281147,180,320
node[3],27.281147,180,320
node[0],27.282147,172,320
node[2],27.282147,172,320
node[3],27.282147,172,320
node[2],27.286297,176,320
node[1],27.286297,176,320
node[0],27.286297,176,320
node[0],27.291147,176,320
node[2],27.291147,176,320
node[3],27.291147,176,320
node[0],27.306147,180,320
node[2],27.306147,180,320
node[3],27.306147,180,320
node[0],27.307147,172,320
node[2],27.307147,172,320
node[3],27.307147,172,320
node[3],27.310171,176,320
node[1],27.310171,176,320
node[0],27.310171,176,320
node[0],27.316147,176,320
node[2],27.316147,176,320
node[3],27.316147,176,320
node[1],27.320850,176,320
node[2],27.320850,176,320
node[3],27.320850,176,320
node[2],27.330297,180,320
node[1],27.330297,180,320
node[0],27.330297,180,320
node[2],27.339297,176,320
node[1],27.339297,176,320
node[0],27.339297,176,320
node[1],27.342850,180,320
node[2],27.342850,180,320
node[3],27.342850,180,320
node[1],27.352850,176,320
node[2],27.352850,176,320
node[3],27.352850,176,320
node[0],27.356147,180,320
node[2],27.356147,180,320
node[3],27.356147,180,320
node[3],27.356171,176,320
node[1],27.356171,176,320
node[0],27.356171,176,320
node[0],27.362148,172,320
node[2],27.362148,172,320
node[3],27.362148,172,320
node[3],27.373171,172,320
node[1],27.373171,172,320
node[0],27.373171,172,320
node[3],27.380171,180,320
node[1],27.380171,180,320
node[0],27.380171,180,320
node[2],27.380297,176,320
node[1],27.380297,176,320
node[0],27.380297,176,320
node[1],27.390850,172,320
node[2],27.390850,172,320
node[3],27.390850,172,320
node[0],27.392148,172,320
node[2],27.392148,172,320
node[3],27.392148,172,320
node[3],27.399171,176,320
node[1],27.399171,176,320
node[0],27.399171,176,320
node[3],27.411171,172,320
node[1],27.411171,172,320
node[0],27.411171,172,320
node[2],27.416297,176,320
node[1],27.416297,176,320
node[0],27.416297,176,320
node[1],27.419850,172,320
node[2],27.419850,172,320
node[3],27.419850,172,320
node[1],27.427850,180,320
node[2],27.427850,180,320
node[3],27.427850,180,320
node[3],27.431171,180,320
node[1],27.431171,180,320
node[0],27.431171,180,320
node[0],27.433148,172,320
node[2],27.433148,172,320
node[3],27.433148,172,320
node[1],27.433850,176,320
node[2],27.433850,176,320
node[3],27.433850,176,320
node[3],27.440171,176,320
node[1],27.440171,176,320
node[0],27.440171,176,320
node[2],27.441297,172,320
node[1],27.441297,172,320
node[0],27.441297,172,320
node[1],27.444849,172,320
node[2],27.444849,172,320
node[3],27.444849,172,320
node[0],27.445148,176,320
node[2],27.445148,176,320
node[3],27.445148,176,320
node[2],27.446297,176,320
node[1],27.446297,176,320
node[0],27.446297,176,320
node[2],27.452297,180,320
node[1],27.452297,180,320
node[0],27.452297,180,320
node[3],27.458171,172,320
node[1],27.458171,172,320
node[0],27.458171,172,320
node[1],27.458850,176,320
node[2],27.458850,176,320
node[3],27.458850,176,320
node[0],27.463148,172,320
node[2],27.463148,172,320
node[3],27.463148,172,320
node[3],27.465171,176,320
node[1],27.465171,176,320
node[0],27.465171,176,320
node[2],27.468297,172,320
node[1],27.468297,172,320
node[0],27.468297,172,320
node[1],27.492850,172,320
node[2],27.492850,172,320
node[3],27.492850,172,320
node[3],27.508171,176,320
node[1],27.508171,176,320
node[0],27.508171,176,320
node[0],27.516148,176,320
node[2],27.516148,176,320
node[3],27.516148,176,320
node[1],27.526850,180,320
node[2],27.526850,180,320
node[3],27.526850,180,320
node[2],27.531297,176,320
node[1],27.531297,176,320
node[0],27.531297,176,320
node[3],27.536171,172,320
node[1],27.536171,172,320
node[0],27.536171,172,320
node[2],27.540297,172,320
node[1],27.540297,172,320
node[0],27.540297,172,320
node[3],27.544171,176,320
node[1],27.544171,176,320
node[0],27.544171,176,320
node[0],27.547148,172,320
node[2],27.547148,172,320
node[3],27.547148,172,320
node[3],27.565171,180,320
node[1],27.565171,180,320
node[0],27.565171,180,320
node[2],27.566297,172,320
node[1],27.566297,172,320
node[0],27.566297,172,320
node[2],27.568297,180,320
node[1],27.568297,180,320
node[0],27.568297,180,320
node[3],27.570171,172,320
node[1],27.570171,172,320
node[0],27.570171,172,320
node[2],27.571297,176,320
node[1],27.571297,176,320
node[0],27.571297,176,320
node[3],27.575171,176,320
node[1],27.575171,176,320
node[0],27.575171,176,320
node[0],27.587148,176,320
node[2],27.587148,176,320
node[3],27.587148,176,320
node[1],27.589850,180,320
node[2],27.589850,180,320
node[3],27.589850,180,320
node[3],27.590583,180,320
node[1],27.590583,180,320
node[0],27.590583,180,320
node[2],27.591296,172,320
node[1],27.591296,172,320
node[0],27.591296,172,320
node[2],27.593296,180,320
node[1],27.593296,180,320
node[0],27.593296,180,320
node[1],27.594850,172,320
node[2],27.594850,172,320
node[3],27.594850,172,320
node[3],27.595505,172,320
node[1],27.595505,172,320
node[0],27.595505,172,320
node[1],27.599850,176,320
node[2],27.599850,176,320
node[3],27.599850,176,320
node[3],27.600505,176,320
node[1],27.600505,176,320
node[0],27.600505,176,320
node[2],27.608297,176,320
node[1],27.608297,176,320
node[0],27.608297,176,320
node[1],27.614850,180,320
node[2],27.614850,180,320
node[3],27.614850,180,320
node[3],27.615609,180,320
node[1],27.615609,180,320
node[0],27.615609,180,320
node[0],27.619148,172,320
node[2],27.619148,172,320
node[3],27.619148,172,320
node[0],27.620148,180,320
node[2],27.620148,180,320
node[3],27.620148,180,320
node[3],27.620171,172,320
node[1],27.620171,172,320
node[0],27.620171,172,320
node[2],27.628297,172,320
node[1],27.628297,172,320
node[0],27.628297,172,320
node[0],27.642148,176,320
node[2],27.642148,176,320
node[3],27.642148,176,320
node[0],27.645148,172,320
node[2],27.645148,172,320
node[3],27.645148,172,320
node[1],27.649850,172,320
node[2],27.649850,172,320
node[3],27.649850,172,320
node[3],27.683171,180,320
node[1],27.683171,180,320
node[0],27.683171,180,320
node[1],27.684022,180,320
node[2],27.684022,180,320
node[3],27.684022,180,320
node[3],27.694171,176,320
node[1],27.694171,176,320
node[0],27.694171,176,320
node[3],27.696171,172,320
node[1],27.696171,172,320
node[0],27.696171,172,320
node[2],27.697297,176,320
node[1],27.697297,176,320
node[0],27.697297,176,320
node[1],27.699850,172,320
node[2],27.699850,172,320
node[3],27.699850,172,320
node[1],27.706850,176,320
node[2],27.706850,176,320
node[3],27.706850,176,320
node[1],27.712850,180,320
node[2],27.712850,180,320
node[3],27.712850,180,320
node[3],27.714171,180,320
node[1],27.714171,180,320
node[0],27.714171,180,320
node[3],27.719171,176,320
node[1],27.719171,176,320
node[0],27.719171,176,320
node[1],27.724849,172,320
node[2],27.724849,172,320
node[3],27.724849,172,320
node[0],27.725148,180,320
node[2],27.725148,180,320
node[3],27.725148,180,320
node[1],27.731849,176,320
node[2],27.731849,176,320
node[3],27.731849,176,320
node[1],27.737849,180,320
node[2],27.737849,180,320
node[3],27.737849,180,320
node[3],27.741171,172,320
node[1],27.741171,172,320
node[0],27.741171,172,320
node[3],27.744171,176,320
node[1],27.744171,176,320
node[0],27.744171,176,320
node[0],27.745148,176,320
node[2],27.745148,176,320
node[3],27.745148,176,320
node[1],27.749849,172,320
node[2],27.749849,172,320
node[3],27.749849,172,320
node[1],27.756849,176,320
node[2],27.756849,176,320
node[3],27.756849,176,320
node[0],27.761148,172,320
node[2],27.761148,172,320
node[3],27.761148,172,320
node[1],27.775850,172,320
node[2],27.775850,172,320
node[3],27.775850,172,320
node[2],27.784297,180,320
node[1],27.784297,180,320
node[0],27.784297,180,320
node[0],27.789148,176,320
node[2],27.789148,176,320
node[3],27.789148,176,320
node[0],27.797148,172,320
node[2],27.797148,172,320
node[3],27.797148,172,320
node[1],27.811850,180,320
node[2],27.811850,180,320
node[3],27.811850,180,320
node[3],27.813171,180,320
node[1],27.813171,180,320
node[0],27.813171,180,320
node[1],27.816850,176,320
node[2],27.816850,176,320
node[3],27.816850,176,320
node[2],27.839852,180,320
node[1],27.839853,180,320
node[0],27.839853,180,320
node[1],27.843850,172,320
node[2],27.843850,172,320
node[3],27.843850,172,320
node[2],27.845297,176,320
node[1],27.845297,176,320
node[0],27.845297,176,320
node[1],27.856850,176,320
node[2],27.856850,176,320
node[3],27.856850,176,320
node[3],27.863171,176,320
node[1],27.863171,176,320
node[0],27.863171,176,320
node[2],27.879297,180,320
node[1],27.879297,180,320
node[0],27.879297,180,320
node[3],27.881171,180,320
node[1],27.881171,180,320
node[0],27.881171,180,320
node[3],27.893171,176,320
node[1],27.893171,176,320
node[0],27.893171,176,320
node[0],27.895148,180,320
node[2],27.895148,180,320
node[3],27.895148,180,320
node[0],27.898148,176,320
node[2],27.898148,176,320
node[3],27.898148,176,320
node[1],27.899850,180,320
node[2],27.899850,180,320
node[3],27.899850,180,320
node[3],27.902171,172,320
node[1],27.902171,172,320
node[0],27.902171,172,320
node[2],27.905297,176,320
node[1],27.905297,176,320
node[0],27.905297,176,320
node[2],27.906297,172,320
node[1],27.906297,172,320
node[0],27.906297,172,320
node[1],27.906850,176,320
node[2],27.906850,176,320
node[3],27.906850,176,320
node[0],27.914148,172,320
node[2],27.914148,172,320
node[3],27.914148,172,320
node[1],27.916850,172,320
node[2],27.916850,172,320
node[3],27.916850,172,320
node[1],27.925850,180,320
node[2],27.925850,180,320
node[3],27.925850,180,320
node[2],27.929296,180,320
node[1],27.929296,180,320
node[0],27.929296,180,320
node[1],27.939850,176,320
node[2],27.939850,176,320
node[3],27.939850,176,320
node[2],27.949297,176,320
node[1],27.949297,176,320
node[0],27.949297,176,320
node[0],27.951148,172,320
node[2],27.951148,172,320
node[3],27.951148,172,320
node[1],27.952850,172,320
node[2],27.952850,172,320
node[3],27.952850,172,320
node[1],27.964849,176,320
node[2],27.964849,176,320
node[3],27.964849,176,320
node[2],27.966297,172,320
node[1],27.966297,172,320
node[0],27.966297,172,320
node[0],27.974148,176,320
node[2],27.974148,176,320
node[3],27.974148,176,320
node[1],27.985850,172,320
node[2],27.985850,172,320
node[3],27.985850,172,320
node[2],27.989297,180,320
node[1],27.989297,180,320
node[0],27.989297,180,320
node[0],27.991148,180,320
node[2],27.991148,180,320
node[3],27.991148,180,320
node[2],27.991297,172,320
node[1],27.991297,172,320
node[0],27.991297,172,320
node[3],27.993171,172,320
node[1],27.993171,172,320
node[0],27.993171,172,320
node[0],27.994148,172,320
node[2],27.994148,172,320
node[3],27.994148,172,320
node[0],27.999148,176,320
node[2],27.999148,176,320
node[3],27.999148,176,320
node[3],28.006171,176,320
node[1],28.006171,176,320
node[0],28.006171,176,320
node[3],28.007171,180,320
node[1],28.007171,180,320
node[0],28.007171,180,320
node[0],28.016147,180,320
node[2],28.016147,180,320
node[3],28.016147,180,320
node[3],28.028171,172,320
node[1],28.028171,172,320
node[0],28.028171,172,320
node[1],28.032850,172,320
node[2],28.032850,172,320
node[3],28.032850,172,320
node[1],28.035850,180,320
node[2],28.035850,180,320
node[3],28.035850,180,320
node[2],28.040297,172,320
node[1],28.040297,172,320
node[0],28.040297,172,320
node[2],28.053297,180,320
node[1],28.053297,180,320
node[0],28.053297,180,320
node[1],28.061850,172,320
node[2],28.061850,172,320
node[3],28.061850,172,320
node[2],28.067297,172,320
node[1],28.067297,172,320
node[0],28.067297,172,320
node[2],28.072297,176,320
node[1],28.072297,176,320
node[0],28.072297,176,320
node[2],28.078296,180,320
node[1],28.078296,180,320
node[0],28.078296,180,320
node[3],28.090171,176,320
node[1],28.090171,176,320
node[0],28.090171,176,320
node[2],28.092296,172,320
node[1],28.092296,172,320
node[0],28.092296,172,320
node[1],28.092850,180,320
node[2],28.092850,180,320
node[3],28.092850,180,320
node[0],28.095148,176,320
node[2],28.095148,176,320
node[3],28.095148,176,320
node[3],28.108171,180,320
node[1],28.108171,180,320
node[0],28.108171,180,320
node[0],28.109148,172,320
node[2],28.109148,172,320
node[3],28.109148,172,320
node[2],28.112297,176,320
node[1],28.112297,176,320
node[0],28.112297,176,320
node[1],28.117850,180,320
node[2],28.117850,180,320
node[3],28.117850,180,320
node[0],28.136148,172,320
node[2],28.136148,172,320
node[3],28.136148,172,320
node[3],28.137171,176,320
node[1],28.137171,176,320
node[0],28.137171,176,320
node[0],28.139148,176,320
node[2],28.139148,176,320
node[3],28.139148,176,320
node[2],28.141297,172,320
node[1],28.141297,172,320
node[0],28.141297,172,320
node[2],28.145297,176,320
node[1],28.145297,176,320
node[0],28.145297,176,320
node[1],28.150850,176,320
node[2],28.150850,176,320
node[3],28.150850,176,320
node[3],28.154171,172,320
node[1],28.154171,172,320
node[0],28.154171,172,320
node[3],28.162171,176,320
node[1],28.162171,176,320
node[0],28.162171,176,320
node[2],28.163297,180,320
node[1],28.163297,180,320
node[0],28.163297,180,320
node[0],28.171148,172,320
node[2],28.171148,172,320
node[3],28.171148,172,320
node[3],28.179171,172,320
node[1],28.179171,172,320
node[0],28.179171,172,320
node[1],28.193850,172,320
node[2],28.193850,172,320
node[3],28.193850,172,320
node[2],28.197297,180,320
node[1],28.197297,180,320
node[0],28.197297,180,320
node[1],28.204850,180,320
node[2],28.204850,180,320
node[3],28.204850,180,320
node[2],28.205297,172,320
node[1],28.205297,172,320
node[0],28.205297,172,320
node[2],28.206297,176,320
node[1],28.206297,176,320
node[0],28.206297,176,320
node[3],28.208171,176,320
node[1],28.208171,176,320
node[0],28.208171,176,320
node[0],28.216148,180,320
node[2],28.216148,180,320
node[3],28.216148,180,320
node[3],28.218171,172,320
node[1],28.218171,172,320
node[0],28.218171,172,320
node[3],28.226171,180,320
node[1],28.226171,180,320
node[0],28.226171,180,320
node[0],28.228148,176,320
node[2],28.228148,176,320
node[3],28.228148,176,320
node[0],28.230148,172,320
node[2],28.230148,172,320
node[3],28.230148,172,320
node[1],28.251850,176,320
node[2],28.251850,176,320
node[3],28.251850,176,320
node[0],28.253147,176,320
node[2],28.253147,176,320
node[3],28.253147,176,320
node[2],28.255297,180,320
node[1],28.255297,180,320
node[0],28.255297,180,320
node[1],28.258850,172,320
node[2],28.258850,172,320
node[3],28.258850,172,320
node[2],28.261297,172,320
node[1],28.261297,172,320
node[0],28.261297,172,320
node[0],28.271148,180,320
node[2],28.271148,180,320
node[3],28.271148,180,320
node[2],28.272297,176,320
node[1],28.272297,176,320
node[0],28.272297,176,320
node[3],28.287171,180,320
node[1],28.287171,180,320
node[0],28.287171,180,320
node[2],28.287297,172,320
node[1],28.287297,172,320
node[0],28.287297,172,320
node[1],28.289850,172,320
node[2],28.289850,172,320
node[3],28.289850,172,320
node[2],28.293297,180,320
node[1],28.293297,180,320
node[0],28.293297,180,320
node[0],28.296148,180,320
node[2],28.296148,180,320
node[3],28.296148,180,320
node[0],28.299148,176,320
node[2],28.299148,176,320
node[3],28.299148,176,320
node[1],28.302850,180,320
node[2],28.302850,180,320
node[3],28.302850,180,320
node[0],28.311148,172,320
node[2],28.311148,172,320
node[3],28.311148,172,320
node[2],28.314297,172,320
node[1],28.314297,172,320
node[0],28.314297,172,320
node[3],28.319171,176,320
node[1],28.319171,176,320
node[0],28.319171,176,320
node[2],28.333297,176,320
node[1],28.333297,176,320
node[0],28.333297,176,320
node[1],28.336850,176,320
node[2],28.336850,176,320
node[3],28.336850,176,320
node[1],28.339850,180,320
node[2],28.339850,180,320
node[3],28.339850,180,320
node[1],28.341850,172,320
node[2],28.341850,172,320
node[3],28.341850,172,320
node[2],28.357297,172,320
node[1],28.357297,172,320
node[0],28.357297,172,320
node[1],28.361849,176,320
node[2],28.361849,176,320
node[3],28.361849,176,320
node[1],28.366849,172,320
node[2],28.366849,172,320
node[3],28.366849,172,320
node[3],28.385171,180,320
node[1],28.385171,180,320
node[0],28.385171,180,320
node[3],28.390171,172,320
node[1],28.390171,172,320
node[0],28.390171,172,320
node[1],28.392850,172,320
node[2],28.392850,172,320
node[3],28.392850,172,320
node[2],28.396297,176,320
node[1],28.396297,176,320
node[0],28.396297,176,320
node[3],28.404171,176,320
node[1],28.404171,176,320
node[0],28.404171,176,320
node[2],28.408297,172,320
node[1],28.408297,172,320
node[0],28.408297,172,320
node[0],28.411148,172,320
node[2],28.411148,172,320
node[3],28.411148,172,320
node[2],28.446297,176,320
node[1],28.446297,176,320
node[0],28.446297,176,320
node[3],28.450171,176,320
node[1],28.450171,176,320
node[0],28.450171,176,320
node[2],28.452297,172,320
node[1],28.452297,172,320
node[0],28.452297,172,320
node[3],28.454171,172,320
node[1],28.454171,172,320
node[0],28.454171,172,320
node[2],28.454297,180,320
node[1],28.454297,180,320
node[0],28.454297,180,320
node[1],28.463850,176,320
node[2],28.463850,176,320
node[3],28.463850,176,320
node[2],28.476297,176,320
node[1],28.476297,176,320
node[0],28.476297,176,320
node[3],28.483171,176,320
node[1],28.483171,176,320
node[0],28.483171,176,320
node[2],28.501297,176,320
node[1],28.501297,176,320
node[0],28.501297,176,320
node[3],28.507171,172,320
node[1],28.507171,172,320
node[0],28.507171,172,320
node[2],28.512297,172,320
node[1],28.512297,172,320
node[0],28.512297,172,320
node[3],28.515171,180,320
node[1],28.515171,180,320
node[0],28.515171,180,320
node[1],28.525850,172,320
node[2],28.525850,172,320
node[3],28.525850,172,320
node[2],28.526296,176,320
node[1],28.526296,176,320
node[0],28.526296,176,320
node[3],28.537171,172,320
node[1],28.537171,172,320
node[0],28.537171,172,320
node[1],28.537850,180,320
node[2],28.537850,180,320
node[3],28.537850,180,320
node[1],28.553850,172,320
node[2],28.553850,172,320
node[3],28.553850,172,320
node[3],28.556171,176,320
node[1],28.556171,176,320
node[0],28.556171,176,320
node[3],28.568171,180,320
node[1],28.568171,180,320
node[0],28.568171,180,320
node[2],28.577297,176,320
node[1],28.577297,176,320
node[0],28.577297,176,320
node[0],28.579148,172,320
node[2],28.579148,172,320
node[3],28.579148,172,320
node[0],28.593148,176,320
node[2],28.593148,176,320
node[3],28.593148,176,320
node[1],28.597850,176,320
node[2],28.597850,176,320
node[3],28.597850,176,320
node[0],28.598148,180,320
node[2],28.598148,180,320
node[3],28.598148,180,320
node[1],28.624850,176,320
node[2],28.624850,176,320
node[3],28.624850,176,320
node[1],28.630850,180,320
node[2],28.630850,180,320
node[3],28.630850,180,320
node[1],28.634850,172,320
node[2],28.634850,172,320
node[3],28.634850,172,320
node[2],28.638297,176,320
node[1],28.638297,176,320
node[0],28.638297,176,320
node[0],28.645148,172,320
node[2],28.645148,172,320
node[3],28.645148,172,320
node[3],28.649171,172,320
node[1],28.649171,172,320
node[0],28.649171,172,320
node[1],28.650850,176,320
node[2],28.650850,176,320
node[3],28.650850,176,320
node[0],28.653148,176,320
node[2],28.653148,176,320
node[3],28.653148,176,320
node[3],28.655171,176,320
node[1],28.655171,176,320
node[0],28.655171,176,320
node[2],28.673297,180,320
node[1],28.673297,180,320
node[0],28.673297,180,320
node[2],28.681297,172,320
node[1],28.681297,172,320
node[0],28.681297,172,320
node[3],28.688171,176,320
node[1],28.688171,176,320
node[0],28.688171,176,320
node[1],28.693850,180,320
node[2],28.693850,180,320
node[3],28.693850,180,320
node[2],28.702297,176,320
node[1],28.702297,176,320
node[0],28.702297,176,320
node[0],28.719148,180,320
node[2],28.719148,180,320
node[3],28.719148,180,320
node[3],28.733171,180,320
node[1],28.733171,180,320
node[0],28.733171,180,320
node[3],28.744171,172,320
node[1],28.744171,172,320
node[0],28.744171,172,320
node[2],28.755297,172,320
node[1],28.755297,172,320
node[0],28.755297,172,320
node[1],28.762850,172,320
node[2],28.762850,172,320
node[3],28.762850,172,320
node[2],28.765297,180,320
node[1],28.765297,180,320
node[0],28.765297,180,320
node[3],28.774171,172,320
node[1],28.774171,172,320
node[0],28.774171,172,320
node[1],28.775850,180,320
node[2],28.775850,180,320
node[3],28.775850,180,320
node[3],28.792171,176,320
node[1],28.792171,176,320
node[0],28.792171,176,320
node[2],28.799297,172,320
node[1],28.799297,172,320
node[0],28.799297,172,320
node[2],28.802297,176,320
node[1],28.802297,176,320
node[0],28.802297,176,320
node[1],28.804850,172,320
node[2],28.804850,172,320
node[3],28.804850,172,320
node[1],28.806850,180,320
node[2],28.806850,180,320
node[3],28.806850,180,320
node[0],28.818148,172,320
node[2],28.818148,172,320
node[3],28.818148,172,320
node[3],28.823171,180,320
node[1],28.823171,180,320
node[0],28.823171,180,320
node[2],28.824296,172,320
node[1],28.824296,172,320
node[0],28.824296,172,320
node[0],28.825148,176,320
node[2],28.825148,176,320
node[3],28.825148,176,320
node[2],28.848297,176,320
node[1],28.848297,176,320
node[0],28.848297,176,320
node[2],28.852297,180,320
node[1],28.852297,180,320
node[0],28.852297,180,320
node[0],28.862148,172,320
node[2],28.862148,172,320
node[3],28.862148,172,320
node[2],28.870297,172,320
node[1],28.870297,172,320
node[0],28.870297,172,320
node[3],28.879171,172,320
node[1],28.879171,172,320
node[0],28.879171,172,320
node[1],28.880850,172,320
node[2],28.880850,172,320
node[3],28.880850,172,320
node[0],28.881148,176,320
node[2],28.881148,176,320
node[3],28.881148,176,320
node[0],28.882148,180,320
node[2],28.882148,180,320
node[3],28.882148,180,320
node[1],28.895850,180,320
node[2],28.895850,180,320
node[3],28.895850,180,320
node[2],28.899297,172,320
node[1],28.899297,172,320
node[0],28.899297,172,320
node[0],28.907148,176,320
node[2],28.907148,176,320
node[3],28.907148,176,320
node[3],28.918171,180,320
node[1],28.918171,180,320
node[0],28.918171,180,320
node[0],28.922148,172,320
node[2],28.922148,172,320
node[3],28.922148,172,320
node[0],28.932147,176,320
node[2],28.932147,176,320
node[3],28.932147,176,320
node[1],28.943982,180,320
node[2],28.943982,180,320
node[3],28.943983,180,320
node[0],28.947147,172,320
node[2],28.947147,172,320
node[3],28.947147,172,320
node[1],28.948850,172,320
node[2],28.948850,172,320
node[3],28.948850,172,320
node[2],28.963297,172,320
node[1],28.963297,172,320
node[0],28.963297,172,320
node[0],28.982148,180,320
node[2],28.982148,180,320
node[3],28.982148,180,320
node[0],28.992148,172,320
node[2],28.992148,172,320
node[3],28.992148,172,320
node[2],28.992297,180,320
node[1],28.992297,180,320
node[0],28.992297,180,320
node[3],29.001171,172,320
node[1],29.001171,172,320
node[0],29.001171,172,320
node[1],29.006850,176,320
node[2],29.006850,176,320
node[3],29.006850,176,320
node[1],29.008850,172,320
node[2],29.008850,172,320
node[3],29.008850,172,320
node[3],29.009171,180,320
node[1],29.009171,180,320
node[0],29.009171,180,320
node[2],29.011297,172,320
node[1],29.011297,172,320
node[0],29.011297,172,320
node[3],29.013171,176,320
node[1],29.013171,176,320
node[0],29.013171,176,320
node[2],29.015297,176,320
node[1],29.015297,176,320
node[0],29.015297,176,320
node[3],29.026171,172,320
node[1],29.026171,172,320
node[0],29.026171,172,320
node[3],29.034171,180,320
node[1],29.034171,180,320
node[0],29.034171,180,320
node[0],29.037148,172,320
node[2],29.037148,172,320
node[3],29.037148,172,320
node[3],29.038171,176,320
node[1],29.038171,176,320
node[0],29.038171,176,320
node[2],29.051297,176,320
node[1],29.051297,176,320
node[0],29.051297,176,320
node[3],29.053171,172,320
node[1],29.053171,172,320
node[0],29.053171,172,320
node[2],29.057297,180,320
node[1],29.057297,180,320
node[0],29.057297,180,320
node[1],29.058850,176,320
node[2],29.058850,176,320
node[3],29.058850,176,320
node[3],29.068171,176,320
node[1],29.068171,176,320
node[0],29.068171,176,320
node[1],29.070850,180,320
node[2],29.070850,180,320
node[3],29.070850,180,320
node[3],29.086171,180,320
node[1],29.086171,180,320
node[0],29.086171,180,320
node[0],29.099148,176,320
node[2],29.099148,176,320
node[3],29.099148,176,320
node[3],29.100171,176,320
node[1],29.100171,176,320
node[0],29.100171,176,320
node[1],29.107850,176,320
node[2],29.107850,176,320
node[3],29.107850,176,320
node[2],29.109297,176,320
node[1],29.109297,176,320
node[0],29.109297,176,320
node[0],29.122148,172,320
node[2],29.122148,172,320
node[3],29.122148,172,320
node[2],29.123297,172,320
node[1],29.123297,172,320
node[0],29.123297,172,320
node[0],29.127148,176,320
node[2],29.127148,176,320
node[3],29.127148,176,320
node[2],29.136297,176,320
node[1],29.136297,176,320
node[0],29.136297,176,320
node[2],29.149297,180,320
node[1],29.149297,180,320
node[0],29.149297,180,320
node[2],29.157297,172,320
node[1],29.157297,172,320
node[0],29.157297,172,320
node[0],29.163148,176,320
node[2],29.163148,176,320
node[3],29.163148,176,320
node[0],29.172148,172,320
node[2],29.172148,172,320
node[3],29.172148,172,320
node[3],29.180171,176,320
node[1],29.180171,176,320
node[0],29.180171,176,320
node[2],29.183297,180,320
node[1],29.183297,180,320
node[0],29.183297,180,320
node[0],29.187148,180,320
node[2],29.187148,180,320
node[3],29.187148,180,320
node[0],29.193148,176,320
node[2],29.193148,176,320
node[3],29.193148,176,320
node[1],29.196850,176,320
node[2],29.196850,176,320
node[3],29.196850,176,320
node[0],29.201148,172,320
node[2],29.201148,172,320
node[3],29.201148,172,320
node[2],29.205297,176,320
node[1],29.205297,176,320
node[0],29.205297,176,320
node[0],29.212147,180,320
node[2],29.212147,180,320
node[3],29.212147,180,320
node[3],29.214171,176,320
node[1],29.214171,176,320
node[0],29.214171,176,320
node[2],29.214297,172,320
node[1],29.214297,172,320
node[0],29.214297,172,320
node[1],29.222850,176,320
node[2],29.222850,176,320
node[3],29.222850,176,320
node[1],29.226850,180,320
node[2],29.226850,180,320
node[3],29.226850,180,320
node[2],29.230296,176,320
node[1],29.230296,176,320
node[0],29.230296,176,320
node[3],29.232171,172,320
node[1],29.232171,172,320
node[0],29.232171,172,320
node[3],29.233171,180,320
node[1],29.233171,180,320
node[0],29.233171,180,320
node[2],29.238297,180,320
node[1],29.238297,180,320
node[0],29.238297,180,320
node[3],29.239171,176,320
node[1],29.239171,176,320
node[0],29.239171,176,320
node[2],29.239297,172,320
node[1],29.239297,172,320
node[0],29.239297,172,320
node[1],29.246850,172,320
node[2],29.246850,172,320
node[3],29.246850,172,320
node[1],29.250850,176,320
node[2],29.250850,176,320
node[3],29.250850,176,320
node[3],29.257171,172,320
node[1],29.257171,172,320
node[0],29.257171,172,320
node[0],29.258148,172,320
node[2],29.258148,172,320
node[3],29.258148,172,320
node[2],29.262297,176,320
node[1],29.262297,176,320
node[0],29.262297,176,320
node[1],29.271849,172,320
node[2],29.271849,172,320
node[3],29.271849,172,320
node[3],29.272171,176,320
node[1],29.272171,176,320
node[0],29.272171,176,320
node[0],29.279148,176,320
node[2],29.279148,176,320
node[3],29.279148,176,320
node[3],29.282171,172,320
node[1],29.282171,172,320
node[0],29.282171,172,320
node[1],29.298850,172,320
node[2],29.298850,172,320
node[3],29.298850,172,320
node[2],29.313297,176,320
node[1],29.313297,176,320
node[0],29.313297,176,320
node[0],29.328148,176,320
node[2],29.328148,176,320
node[3],29.328148,176,320
node[3],29.341171,176,320
node[1],29.341171,176,320
node[0],29.341171,176,320
node[0],29.344148,172,320
node[2],29.344148,172,320
node[3],29.344148,172,320
node[0],29.354148,180,320
node[2],29.354148,180,320
node[3],29.354148,180,320
node[0],29.357148,176,320
node[2],29.357148,176,320
node[3],29.357148,176,320
node[2],29.367297,172,320
node[1],29.367297,172,320
node[0],29.367297,172,320
node[1],29.371850,176,320
node[2],29.371850,176,320
node[3],29.371850,176,320
node[3],29.374171,172,320
node[1],29.374171,172,320
node[0],29.374171,172,320
node[1],29.374850,180,320
node[2],29.374850,180,320
node[3],29.374850,180,320
node[3],29.392171,176,320
node[1],29.392171,176,320
node[0],29.392171,176,320
node[0],29.400148,172,320
node[2],29.400148,172,320
node[3],29.400148,172,320
node[3],29.402171,180,320
node[1],29.402171,180,320
node[0],29.402171,180,320
node[0],29.403148,180,320
node[2],29.403148,180,320
node[3],29.403148,180,320
node[2],29.403297,176,320
node[1],29.403297,176,320
node[0],29.403297,176,320
node[0],29.407148,176,320
node[2],29.407148,176,320
node[3],29.407148,176,320
node[3],29.407171,172,320
node[1],29.407171,172,320
node[0],29.407171,172,320
node[1],29.412850,180,320
node[2],29.412850,180,320
node[3],29.412850,180,320
node[1],29.424850,176,320
node[2],29.424850,176,320
node[3],29.424850,176,320
node[3],29.427171,180,320
node[1],29.427171,180,320
node[0],29.427171,180,320
node[3],29.433171,172,320
node[1],29.433171,172,320
node[0],29.433171,172,320
node[3],29.439171,176,320
node[1],29.439171,176,320
node[0],29.439171,176,320
node[1],29.449850,176,320
node[2],29.449850,176,320
node[3],29.449850,176,320
node[2],29.455297,176,320
node[1],29.455297,176,320
node[0],29.455297,176,320
node[3],29.458171,172,320
node[1],29.458171,172,320
node[0],29.458171,172,320
node[1],29.460850,172,320
node[2],29.460850,172,320
node[3],29.460850,172,320
node[3],29.464171,176,320
node[1],29.464171,176,320
node[0],29.464171,176,320
node[1],29.470849,180,320
node[2],29.470849,180,320
node[3],29.470849,180,320
node[3],29.479171,180,320
node[1],29.479171,180,320
node[0],29.479171,180,320
node[2],29.481297,176,320
node[1],29.481297,176,320
node[0],29.481297,176,320
node[3],29.483171,172,320
node[1],29.483171,172,320
node[0],29.483171,172,320
node[2],29.486297,180,320
node[1],29.486297,180,320
node[0],29.486297,180,320
node[1],29.486850,176,320
node[2],29.486850,176,320
node[3],29.486850,176,320
node[1],29.493850,172,320
node[2],29.493850,172,320
node[3],29.493850,172,320
node[3],29.500171,176,320
node[1],29.500171,176,320
node[0],29.500171,176,320
node[0],29.503148,172,320
node[2],29.503148,172,320
node[3],29.503148,172,320
node[0],29.509148,180,320
node[2],29.509148,180,320
node[3],29.509148,180,320
node[2],29.510297,176,320
node[1],29.510297,176,320
node[0],29.510297,176,320
node[2],29.519297,172,320
node[1],29.519297,172,320
node[0],29.519297,172,320
node[0],29.530148,172,320
node[2],29.530148,172,320
node[3],29.530148,172,320
node[1],29.536850,172,320
node[2],29.536850,172,320
node[3],29.536850,172,320
node[3],29.537171,180,320
node[1],29.537171,180,320
node[0],29.537171,180,320
node[3],29.550171,172,320
node[1],29.550171,172,320
node[0],29.550171,172,320
node[3],29.551171,176,320
node[1],29.551171,176,320
node[0],29.551171,176,320
node[1],29.553850,176,320
node[2],29.553850,176,320
node[3],29.553850,176,320
node[2],29.556297,172,320
node[1],29.556297,172,320
node[0],29.556297,172,320
node[2],29.557297,176,320
node[1],29.557297,176,320
node[0],29.557297,176,320
node[3],29.575171,172,320
node[1],29.575171,172,320
node[0],29.575171,172,320
node[0],29.577148,176,320
node[2],29.577148,176,320
node[3],29.577148,176,320
node[1],29.588850,180,320
node[2],29.588850,180,320
node[3],29.588850,180,320
node[0],29.590148,180,320
node[2],29.590148,180,320
node[3],29.590148,180,320
node[1],29.595850,172,320
node[2],29.595850,172,320
node[3],29.595850,172,320
node[3],29.606171,172,320
node[1],29.606171,172,320
node[0],29.606171,172,320
node[3],29.621171,176,320
node[1],29.621171,176,320
node[0],29.621171,176,320
node[1],29.635850,176,320
node[2],29.635850,176,320
node[3],29.635850,176,320
node[3],29.669171,176,320
node[1],29.669171,176,320
node[0],29.669171,176,320
node[3],29.674171,180,320
node[1],29.674171,180,320
node[0],29.674171,180,320
node[3],29.679171,172,320
node[1],29.679171,172,320
node[0],29.679171,172,320
node[2],29.683297,172,320
node[1],29.683297,172,320
node[0],29.683297,172,320
node[0],29.684148,176,320
node[2],29.684148,176,320
node[3],29.684148,176,320
node[2],29.688297,180,320
node[1],29.688297,180,320
node[0],29.688297,180,320
node[0],29.697148,180,320
node[2],29.697148,180,320
node[3],29.697148,180,320
node[3],29.697171,176,320
node[1],29.697171,176,320
node[0],29.697171,176,320
node[3],29.705171,180,320
node[1],29.705171,180,320
node[0],29.705171,180,320
node[3],29.710171,172,320
node[1],29.710171,172,320
node[0],29.710171,172,320
node[1],29.716850,176,320
node[2],29.716850,176,320
node[3],29.716850,176,320
node[0],29.721148,176,320
node[2],29.721148,176,320
node[3],29.721148,176,320
node[3],29.722171,176,320
node[1],29.722171,176,320
node[0],29.722171,176,320
node[3],29.738171,172,320
node[1],29.738171,172,320
node[0],29.738171,172,320
node[2],29.739297,176,320
node[1],29.739297,176,320
node[0],29.739297,176,320
node[1],29.741850,172,320
node[2],29.741850,172,320
node[3],29.741850,172,320
node[2],29.744297,180,320
node[1],29.744297,180,320
node[0],29.744297,180,320
node[3],29.750171,176,320
node[1],29.750171,176,320
node[0],29.750171,176,320
node[2],29.756297,172,320
node[1],29.756297,172,320
node[0],29.756297,172,320
node[3],29.763171,172,320
node[1],29.763171,172,320
node[0],29.763171,172,320
node[3],29.764171,180,320
node[1],29.764171,180,320
node[0],29.764171,180,320
node[2],29.764296,176,320
node[1],29.764296,176,320
node[0],29.764296,176,320
node[0],29.766148,180,320
node[2],29.766148,180,320
node[3],29.766148,180,320
node[2],29.769296,180,320
node[1],29.769296,180,320
node[0],29.769296,180,320
node[3],29.781171,176,320
node[1],29.781171,176,320
node[0],29.781171,176,320
node[2],29.782297,172,320
node[1],29.782297,172,320
node[0],29.782297,172,320
node[3],29.788171,172,320
node[1],29.788171,172,320
node[0],29.788171,172,320
node[0],29.803148,172,320
node[2],29.803148,172,320
node[3],29.803148,172,320
node[1],29.804850,180,320
node[2],29.804850,180,320
node[3],29.804850,180,320
node[0],29.819148,176,320
node[2],29.819148,176,320
node[3],29.819148,176,320
node[2],29.821297,172,320
node[1],29.821297,172,320
node[0],29.821297,172,320
node[0],29.825148,180,320
node[2],29.825148,180,320
node[3],29.825148,180,320
node[0],29.838148,172,320
node[2],29.838148,172,320
node[3],29.838148,172,320
node[1],29.846850,172,320
node[2],29.846850,172,320
node[3],29.846850,172,320
node[2],29.850297,172,320
node[1],29.850297,172,320
node[0],29.850297,172,320
node[3],29.865171,176,320
node[1],29.865171,176,320
node[0],29.865171,176,320
node[1],29.874850,172,320
node[2],29.874850,172,320
node[3],29.874850,172,320
node[3],29.881171,172,320
node[1],29.881171,172,320
node[0],29.881171,172,320
node[2],29.881297,180,320
node[1],29.881297,180,320
node[0],29.881297,180,320
node[1],29.883850,176,320
node[2],29.883850,176,320
node[3],29.883850,176,320
node[2],29.890297,172,320
node[1],29.890297,172,320
node[0],29.890297,172,320
node[2],29.900297,176,320
node[1],29.900297,176,320
node[0],29.900297,176,320
node[3],29.907171,172,320
node[1],29.907171,172,320
node[0],29.907171,172,320
node[2],29.915297,172,320
node[1],29.915297,172,320
node[0],29.915297,172,320
node[0],29.917148,172,320
node[2],29.917148,172,320
node[3],29.917148,172,320
node[3],29.918171,176,320
node[1],29.918171,176,320
node[0],29.918171,176,320
node[0],29.922148,176,320
node[2],29.922148,176,320
node[3],29.922148,176,320
node[1],29.942850,176,320
node[2],29.942850,176,320
node[3],29.942850,176,320
node[3],29.952171,176,320
node[1],29.952171,176,320
node[0],29.952171,176,320
node[0],29.953148,180,320
node[2],29.953148,180,320
node[3],29.953148,180,320
node[3],29.956171,172,320
node[1],29.956171,172,320
node[0],29.956171,172,320
node[0],29.960148,176,320
node[2],29.960148,176,320
node[3],29.960148,176,320
node[2],29.960790,176,320
node[1],29.960790,176,320
node[0],29.960790,176,320
node[1],29.975850,172,320
node[2],29.975850,172,320
node[3],29.975850,172,320
node[3],29.991171,176,320
node[1],29.991171,176,320
node[0],29.991171,176,320
node[0],29.992148,180,320
node[2],29.992148,180,320
node[3],29.992148,180,320
node[3],29.993011,180,320
node[1],29.993011,180,320
node[0],29.993011,180,320
node[1],29.995850,176,320
node[2],29.995850,176,320
node[3],29.995850,176,320
node[3],29.999171,172,320
node[1],29.999171,172,320
node[0],29.999171,172,320
node[3],30.016171,176,320
node[1],30.016171,176,320
node[0],30.016171,176,320
node[2],30.027297,172,320
node[1],30.027297,172,320
node[0],30.027297,172,320
node[2],30.033297,176,320
node[1],30.033297,176,320
node[0],30.033297,176,320
node[0],30.055148,176,320
node[2],30.055148,176,320
node[3],30.055148,176,320
node[0],30.060148,180,320
node[2],30.060148,180,320
node[3],30.060148,180,320
node[0],30.062148,172,320
node[2],30.062148,172,320
node[3],30.062148,172,320
node[1],30.072850,172,320
node[2],30.072850,172,320
node[3],30.072850,172,320
node[3],30.080171,180,320
node[1],30.080171,180,320
node[0],30.080171,180,320
node[0],30.081148,176,320
node[2],30.081148,176,320
node[3],30.081148,176,320
node[1],30.083850,180,320
node[2],30.083850,180,320
node[3],30.083850,180,320
node[1],30.101850,172,320
node[2],30.101850,172,320
node[3],30.101850,172,320
node[0],30.105148,172,320
node[2],30.105148,172,320
node[3],30.105148,172,320
node[3],30.106171,180,320
node[1],30.106171,180,320
node[0],30.106171,180,320
node[1],30.112850,176,320
node[2],30.112850,176,320
node[3],30.112850,176,320
node[3],30.115171,176,320
node[1],30.115171,176,320
node[0],30.115171,176,320
node[0],30.126148,176,320
node[2],30.126148,176,320
node[3],30.126148,176,320
node[2],30.127297,176,320
node[1],30.127297,176,320
node[0],30.127297,176,320
node[0],30.130147,172,320
node[2],30.130147,172,320
node[3],30.130147,172,320
node[3],30.132171,172,320
node[1],30.132171,172,320
node[0],30.132171,172,320
node[2],30.134297,180,320
node[1],30.134297,180,320
node[0],30.134297,180,320
node[1],30.135850,180,320
node[2],30.135850,180,320
node[3],30.135850,180,320
node[2],30.139297,172,320
node[1],30.139297,172,320
node[0],30.139297,172,320
node[3],30.146171,176,320
node[1],30.146171,176,320
node[0],30.146171,176,320
node[0],30.151148,180,320
node[2],30.151148,180,320
node[3],30.151148,180,320
node[2],30.154297,176,320
node[1],30.154297,176,320
node[0],30.154297,176,320
node[1],30.155850,176,320
node[2],30.155850,176,320
node[3],30.155850,176,320
node[3],30.159171,172,320
node[1],30.159171,172,320
node[0],30.159171,172,320
node[2],30.162297,180,320
node[1],30.162297,180,320
node[0],30.162297,180,320
node[1],30.170850,172,320
node[2],30.170850,172,320
node[3],30.170850,172,320
node[3],30.173171,180,320
node[1],30.173171,180,320
node[0],30.173171,180,320
node[1],30.180850,176,320
node[2],30.180850,176,320
node[3],30.180850,176,320
node[1],30.189850,180,320
node[2],30.189850,180,320
node[3],30.189850,180,320
node[2],30.206297,172,320
node[1],30.206297,172,320
node[0],30.206297,172,320
node[2],30.207297,176,320
node[1],30.207297,176,320
node[0],30.207297,176,320
node[1],30.210850,172,320
node[2],30.210850,172,320
node[3],30.210850,172,320
node[0],30.218148,180,320
node[2],30.218148,180,320
node[3],30.218148,180,320
node[0],30.224148,176,320
node[2],30.224148,176,320
node[3],30.224148,176,320
node[2],30.226296,180,320
node[1],30.226296,180,320
node[0],30.226296,180,320
node[3],30.227211,180,320
node[1],30.227211,180,320
node[0],30.227211,180,320
node[2],30.231296,172,320
node[1],30.231296,172,320
node[0],30.231296,172,320
node[3],30.239171,176,320
node[1],30.239171,176,320
node[0],30.239171,176,320
node[3],30.242171,172,320
node[1],30.242171,172,320
node[0],30.242171,172,320
node[2],30.247297,176,320
node[1],30.247297,176,320
node[0],30.247297,176,320
node[2],30.252891,180,320
node[1],30.252891,180,320
node[0],30.252891,180,320
node[2],30.259297,172,320
node[1],30.259297,172,320
node[0],30.259297,172,320
node[3],30.264171,176,320
node[1],30.264171,176,320
node[0],30.264171,176,320
node[0],30.265148,172,320
node[2],30.265148,172,320
node[3],30.265148,172,320
node[3],30.267171,172,320
node[1],30.267171,172,320
node[0],30.267171,172,320
node[2],30.275297,176,320
node[1],30.275297,176,320
node[0],30.275297,176,320
node[0],30.287148,180,320
node[2],30.287148,180,320
node[3],30.287148,180,320
node[1],30.293850,180,320
node[2],30.293850,180,320
node[3],30.293850,180,320
node[2],30.300297,172,320
node[1],30.300297,172,320
node[0],30.300297,172,320
node[2],30.302297,176,320
node[1],30.302297,176,320
node[0],30.302297,176,320
node[1],30.305850,172,320
node[2],30.305850,172,320
node[3],30.305850,172,320
node[3],30.315171,172,320
node[1],30.315171,172,320
node[0],30.315171,172,320
node[1],30.325850,176,320
node[2],30.325850,176,320
node[3],30.325850,176,320
node[3],30.352171,176,320
node[1],30.352171,176,320
node[0],30.352171,176,320
node[1],30.354850,176,320
node[2],30.354850,176,320
node[3],30.354850,176,320
node[1],30.356850,172,320
node[2],30.356850,172,320
node[3],30.356850,172,320
node[3],30.360171,172,320
node[1],30.360171,172,320
node[0],30.360171,172,320
node[3],30.366171,180,320
node[1],30.366171,180,320
node[0],30.366171,180,320
node[2],30.376297,180,320
node[1],30.376297,180,320
node[0],30.376297,180,320
node[3],30.377171,176,320
node[1],30.377171,176,320
node[0],30.377171,176,320
node[1],30.386850,180,320
node[2],30.386850,180,320
node[3],30.386850,180,320
node[1],30.394850,172,320
node[2],30.394850,172,320
node[3],30.394850,172,320
node[3],30.404171,172,320
node[1],30.404171,172,320
node[0],30.404171,172,320
node[1],30.410850,176,320
node[2],30.410850,176,320
node[3],30.410850,176,320
node[2],30.412297,172,320
node[1],30.412297,172,320
node[0],30.412297,172,320
node[0],30.434148,172,320
node[2],30.434148,172,320
node[3],30.434148,172,320
node[3],30.434171,176,320
node[1],30.434171,176,320
node[0],30.434171,176,320
node[1],30.461850,172,320
node[2],30.461850,172,320
node[3],30.461850,172,320
node[0],30.465148,172,320
node[2],30.465148,172,320
node[3],30.465148,172,320
node[3],30.470171,176,320
node[1],30.470171,176,320
node[0],30.470171,176,320
node[3],30.491171,172,320
node[1],30.491171,172,320
node[0],30.491171,172,320
node[2],30.491297,176,320
node[1],30.491297,176,320
node[0],30.491297,176,320
node[1],30.506850,172,320
node[2],30.506850,172,320
node[3],30.506850,172,320
node[1],30.509850,176,320
node[2],30.509850,176,320
node[3],30.509850,176,320
node[1],30.511850,180,320
node[2],30.511850,180,320
node[3],30.511850,180,320
node[2],30.517297,176,320
node[1],30.517297,176,320
node[0],30.517297,176,320
node[1],30.532850,172,320
node[2],30.532850,172,320
node[3],30.532850,172,320
node[1],30.551850,176,320
node[2],30.551850,176,320
node[3],30.551850,176,320
node[0],30.557148,180,320
node[2],30.557148,180,320
node[3],30.557148,180,320
node[1],30.557849,172,320
node[2],30.557849,172,320
node[3],30.557849,172,320
node[2],30.567297,176,320
node[1],30.567297,176,320
node[0],30.567297,176,320
node[2],30.570297,180,320
node[1],30.570297,180,320
node[0],30.570297,180,320
node[1],30.595850,180,320
node[2],30.595850,180,320
node[3],30.595850,180,320
node[1],30.605850,176,320
node[2],30.605850,176,320
node[3],30.605850,176,320
node[3],30.606171,180,320
node[1],30.606171,180,320
node[0],30.606171,180,320
node[2],30.614297,176,320
node[1],30.614297,176,320
node[0],30.614297,176,320
node[1],30.616850,172,320
node[2],30.616850,172,320
node[3],30.616850,172,320
node[2],30.619297,172,320
node[1],30.619297,172,320
node[0],30.619297,172,320
node[0],30.620148,176,320
node[2],30.620148,176,320
node[3],30.620148,176,320
node[3],30.629171,172,320
node[1],30.629171,172,320
node[0],30.629171,172,320
node[2],30.636297,180,320
node[1],30.636297,180,320
node[0],30.636297,180,320
node[2],30.639296,176,320
node[1],30.639296,176,320
node[0],30.639296,176,320
node[0],30.644148,172,320
node[2],30.644148,172,320
node[3],30.644148,172,320
node[2],30.645297,172,320
node[1],30.645297,172,320
node[0],30.645297,172,320
node[2],30.669297,176,320
node[1],30.669297,176,320
node[0],30.669297,176,320
node[1],30.672850,176,320
node[2],30.672850,176,320
node[3],30.672850,176,320
node[0],30.681148,180,320
node[2],30.681148,180,320
node[3],30.681148,180,320
node[1],30.684850,180,320
node[2],30.684850,180,320
node[3],30.684850,180,320
node[3],30.690171,176,320
node[1],30.690171,176,320
node[0],30.690171,176,320
node[0],30.707148,176,320
node[2],30.707148,176,320
node[3],30.707148,176,320
node[2],30.716297,176,320
node[1],30.716297,176,320
node[0],30.716297,176,320
node[0],30.717148,172,320
node[2],30.717148,172,320
node[3],30.717148,172,320
node[1],30.721850,180,320
node[2],30.721850,180,320
node[3],30.721850,180,320
node[0],30.724148,180,320
node[2],30.724148,180,320
node[3],30.724148,180,320
node[1],30.734850,176,320
node[2],30.734850,176,320
node[3],30.734850,176,320
node[3],30.737171,180,320
node[1],30.737171,180,320
node[0],30.737171,180,320
node[2],30.740297,172,320
node[1],30.740297,172,320
node[0],30.740297,172,320
node[0],30.754148,172,320
node[2],30.754148,172,320
node[3],30.754148,172,320
node[0],30.765148,176,320
node[2],30.765148,176,320
node[3],30.765148,176,320
node[0],30.777148,180,320
node[2],30.777148,180,320
node[3],30.777148,180,320
node[2],30.779297,176,320
node[1],30.779297,176,320
node[0],30.779297,176,320
node[2],30.781297,172,320
node[1],30.781297,172,320
node[0],30.781297,172,320
node[3],30.782171,176,320
node[1],30.782171,176,320
node[0],30.782171,176,320
node[0],30.794148,172,320
node[2],30.794148,172,320
node[3],30.794148,172,320
node[2],30.795297,180,320
node[1],30.795297,180,320
node[0],30.795297,180,320
node[0],30.797148,176,320
node[2],30.797148,176,320
node[3],30.797148,176,320
node[1],30.798850,176,320
node[2],30.798850,176,320
node[3],30.798850,176,320
node[3],30.800171,180,320
node[1],30.800171,180,320
node[0],30.800171,180,320
node[0],30.812148,180,320
node[2],30.812148,180,320
node[3],30.812148,180,320
node[3],30.812171,172,320
node[1],30.812171,172,320
node[0],30.812171,172,320
node[2],30.818297,172,320
node[1],30.818297,172,320
node[0],30.818297,172,320
node[0],30.819147,172,320
node[2],30.819147,172,320
node[3],30.819147,172,320
node[0],30.836148,176,320
node[2],30.836148,176,320
node[3],30.836148,176,320
node[3],30.846171,172,320
node[1],30.846171,172,320
node[0],30.846171,172,320
node[0],30.854148,172,320
node[2],30.854148,172,320
node[3],30.854148,172,320
node[1],30.856850,176,320
node[2],30.856850,176,320
node[3],30.856850,176,320
node[2],30.857297,180,320
node[1],30.857297,180,320
node[0],30.857297,180,320
node[3],30.868171,180,320
node[1],30.868171,180,320
node[0],30.868171,180,320
node[1],30.875850,172,320
node[2],30.875850,172,320
node[3],30.875850,172,320
node[1],30.877850,180,320
node[2],30.877850,180,320
node[3],30.877850,180,320
node[3],30.879171,176,320
node[1],30.879171,176,320
node[0],30.879171,176,320
node[1],30.887850,176,320
node[2],30.887850,176,320
node[3],30.887850,176,320
node[0],30.892148,180,320
node[2],30.892148,180,320
node[3],30.892148,180,320
node[3],30.894171,172,320
node[1],30.894171,172,320
node[0],30.894171,172,320
node[3],30.895171,180,320
node[1],30.895171,180,320
node[0],30.895171,180,320
node[2],30.904297,172,320
node[1],30.904297,172,320
node[0],30.904297,172,320
node[2],30.911297,176,320
node[1],30.911297,176,320
node[0],30.911297,176,320
node[3],30.922171,172,320
node[1],30.922171,172,320
node[0],30.922171,172,320
node[0],30.924148,180,320
node[2],30.924148,180,320
node[3],30.924148,180,320
node[1],30.929850,172,320
node[2],30.929850,172,320
node[3],30.929850,172,320
node[0],30.932148,176,320
node[2],30.932148,176,320
node[3],30.932148,176,320
node[3],30.992171,180,320
node[1],30.992171,180,320
node[0],30.992171,180,320
node[2],30.992297,176,320
node[1],30.992297,176,320
node[0],30.992297,176,320
node[2],30.994297,180,320
node[1],30.994297,180,320
node[0],30.994297,180,320
node[3],30.996171,176,320
node[1],30.996171,176,320
node[0],30.996171,176,320
node[1],31.000850,176,320
node[2],31.000850,176,320
node[3],31.000850,176,320
node[3],31.007171,172,320
node[1],31.007171,172,320
node[0],31.007171,172,320
node[0],31.009148,176,320
node[2],31.009148,176,320
node[3],31.009148,176,320
node[3],31.017171,180,320
node[1],31.017171,180,320
node[0],31.017171,180,320
node[0],31.022148,180,320
node[2],31.022148,180,320
node[3],31.022148,180,320
node[0],31.024148,172,320
node[2],31.024148,172,320
node[3],31.024148,172,320
node[2],31.029297,176,320
node[1],31.029297,176,320
node[0],31.029297,176,320
node[0],31.034147,176,320
node[2],31.034147,176,320
node[3],31.034147,176,320
node[0],31.049147,172,320
node[2],31.049147,172,320
node[3],31.049147,172,320
node[3],31.052171,172,320
node[1],31.052171,172,320
node[0],31.052171,172,320
node[3],31.056171,176,320
node[1],31.056171,176,320
node[0],31.056171,176,320
node[1],31.056850,172,320
node[2],31.056850,172,320
node[3],31.056850,172,320
node[0],31.059147,176,320
node[2],31.059147,176,320
node[3],31.059147,176,320
node[2],31.060297,176,320
node[1],31.060297,176,320
node[0],31.060297,176,320
node[2],31.069297,172,320
node[1],31.069297,172,320
node[0],31.069297,172,320
node[0],31.072147,180,320
node[2],31.072147,180,320
node[3],31.072147,180,320
node[3],31.072971,180,320
node[1],31.072971,180,320
node[0],31.072971,180,320
node[0],31.074147,172,320
node[2],31.074147,172,320
node[3],31.074147,172,320
node[0],31.086148,176,320
node[2],31.086148,176,320
node[3],31.086148,176,320
node[3],31.101171,176,320
node[1],31.101171,176,320
node[0],31.101171,176,320
node[2],31.112297,176,320
node[1],31.112297,176,320
node[0],31.112297,176,320
node[3],31.117171,180,320
node[1],31.117171,180,320
node[0],31.117171,180,320
node[3],31.120171,172,320
node[1],31.120171,172,320
node[0],31.120171,172,320
node[2],31.123297,172,320
node[1],31.123297,172,320
node[0],31.123297,172,320
node[3],31.133171,176,320
node[1],31.133171,176,320
node[0],31.133171,176,320
node[1],31.136850,172,320
node[2],31.136850,172,320
node[3],31.136850,172,320
node[2],31.138297,176,320
node[1],31.138297,176,320
node[0],31.138297,176,320
node[0],31.147148,172,320
node[2],31.147148,172,320
node[3],31.147148,172,320
node[0],31.151148,176,320
node[2],31.151148,176,320
node[3],31.151148,176,320
node[2],31.153297,180,320
node[1],31.153297,180,320
node[0],31.153297,180,320
node[0],31.160148,180,320
node[2],31.160148,180,320
node[3],31.160148,180,320
node[1],31.164850,176,320
node[2],31.164850,176,320
node[3],31.164850,176,320
node[0],31.172147,172,320
node[2],31.172147,172,320
node[3],31.172147,172,320
node[3],31.186171,176,320
node[1],31.186171,176,320
node[0],31.186171,176,320
node[2],31.188297,172,320
node[1],31.188297,172,320
node[0],31.188297,172,320
node[2],31.191297,180,320
node[1],31.191297,180,320
node[0],31.191297,180,320
node[2],31.202297,176,320
node[1],31.202297,176,320
node[0],31.202297,176,320
node[3],31.206171,172,320
node[1],31.206171,172,320
node[0],31.206171,172,320
node[2],31.213297,172,320
node[1],31.213297,172,320
node[0],31.213297,172,320
node[3],31.214171,180,320
node[1],31.214171,180,320
node[0],31.214171,180,320
node[0],31.219148,180,320
node[2],31.219148,180,320
node[3],31.219148,180,320
node[2],31.227296,176,320
node[1],31.227296,176,320
node[0],31.227296,176,320
node[0],31.236148,176,320
node[2],31.236148,176,320
node[3],31.236148,176,320
node[1],31.237850,176,320
node[2],31.237850,176,320
node[3],31.237850,176,320
node[2],31.243297,172,320
node[1],31.243297,172,320
node[0],31.243297,172,320
node[2],31.249297,180,320
node[1],31.249297,180,320
node[0],31.249297,180,320
node[0],31.253148,172,320
node[2],31.253148,172,320
node[3],31.253148,172,320
node[1],31.279850,180,320
node[2],31.279850,180,320
node[3],31.279850,180,320
node[0],31.286148,176,320
node[2],31.286148,176,320
node[3],31.286148,176,320
node[0],31.291148,180,320
node[2],31.291148,180,320
node[3],31.291148,180,320
node[3],31.291171,176,320
node[1],31.291171,176,320
node[0],31.291171,176,320
node[0],31.294148,172,320
node[2],31.294148,172,320
node[3],31.294148,172,320
node[1],31.294850,176,320
node[2],31.294850,176,320
node[3],31.294850,176,320
node[1],31.301850,172,320
node[2],31.301850,172,320
node[3],31.301850,172,320
node[2],31.317297,172,320
node[1],31.317297,172,320
node[0],31.317297,172,320
node[0],31.318148,176,320
node[2],31.318148,176,320
node[3],31.318148,176,320
node[0],31.321148,172,320
node[2],31.321148,172,320
node[3],31.321148,172,320
node[2],31.329297,176,320
node[1],31.329297,176,320
node[0],31.329297,176,320
node[2],31.337297,180,320
node[1],31.337297,180,320
node[0],31.337297,180,320
node[2],31.350297,172,320
node[1],31.350297,172,320
node[0],31.350297,172,320
node[3],31.353171,172,320
node[1],31.353171,172,320
node[0],31.353171,172,320
node[3],31.369171,176,320
node[1],31.369171,176,320
node[0],31.369171,176,320
node[2],31.369826,176,320
node[1],31.369827,176,320
node[0],31.369827,176,320
node[1],31.378850,172,320
node[2],31.378850,172,320
node[3],31.378850,172,320
node[1],31.380850,180,320
node[2],31.380850,180,320
node[3],31.380850,180,320
node[3],31.381765,180,320
node[1],31.381765,180,320
node[0],31.381765,180,320
node[1],31.388850,176,320
node[2],31.388850,176,320
node[3],31.388850,176,320
node[2],31.396297,176,320
node[1],31.396297,176,320
node[0],31.396297,176,320
node[1],31.414850,176,320
node[2],31.414850,176,320
node[3],31.414850,176,320
node[2],31.415297,172,320
node[1],31.415297,172,320
node[0],31.415297,172,320
node[3],31.436171,176,320
node[1],31.436171,176,320
node[0],31.436171,176,320
node[2],31.443297,172,320
node[1],31.443297,172,320
node[0],31.443297,172,320
node[0],31.458148,172,320
node[2],31.458148,172,320
node[3],31.458148,172,320
node[3],31.465171,172,320
node[1],31.465171,172,320
node[0],31.465171,172,320
node[1],31.486850,172,320
node[2],31.486850,172,320
node[3],31.486850,172,320
node[3],31.489171,176,320
node[1],31.489171,176,320
node[0],31.489171,176,320
node[1],31.496850,180,320
node[2],31.496850,180,320
node[3],31.496850,180,320
node[2],31.510297,176,320
node[1],31.510297,176,320
node[0],31.510297,176,320
node[3],31.526171,176,320
node[1],31.526171,176,320
node[0],31.526171,176,320
node[2],31.547297,176,320
node[1],31.547297,176,320
node[0],31.547297,176,320
node[2],31.549297,180,320
node[1],31.549297,180,320
node[0],31.549297,180,320
node[1],31.552850,172,320
node[2],31.552850,172,320
node[3],31.552850,172,320
node[2],31.569297,172,320
node[1],31.569297,172,320
node[0],31.569297,172,320
node[1],31.572850,176,320
node[2],31.572850,176,320
node[3],31.572850,176,320
node[0],31.579148,176,320
node[2],31.579148,176,320
node[3],31.579148,176,320
node[0],31.592148,172,320
node[2],31.592148,172,320
node[3],31.592148,172,320
node[1],31.596850,180,320
node[2],31.596850,180,320
node[3],31.596850,180,320
node[0],31.600148,180,320
node[2],31.600148,180,320
node[3],31.600148,180,320
node[3],31.602171,176,320
node[1],31.602171,176,320
node[0],31.602171,176,320
node[2],31.608297,176,320
node[1],31.608297,176,320
node[0],31.608297,176,320
node[2],31.615297,172,320
node[1],31.615297,172,320
node[0],31.615297,172,320
node[3],31.618171,172,320
node[1],31.618171,172,320
node[0],31.618171,172,320
node[1],31.625855,180,320
node[2],31.625855,180,320
node[3],31.625855,180,320
node[2],31.626601,180,320
node[1],31.626601,180,320
node[0],31.626601,180,320
node[2],31.633296,176,320
node[1],31.633296,176,320
node[0],31.633296,176,320
node[0],31.637148,176,320
node[2],31.637148,176,320
node[3],31.637148,176,320
node[3],31.637816,176,320
node[1],31.637816,176,320
node[0],31.637816,176,320
node[1],31.637850,172,320
node[2],31.637850,172,320
node[3],31.637850,172,320
node[3],31.638171,180,320
node[1],31.638171,180,320
node[0],31.638171,180,320
node[0],31.640148,172,320
node[2],31.640148,172,320
node[3],31.640148,172,320
node[2],31.640829,172,320
node[1],31.640829,172,320
node[0],31.640829,172,320
node[0],31.650147,180,320
node[2],31.650147,180,320
node[3],31.650147,180,320
node[2],31.651757,180,320
node[1],31.651757,180,320
node[0],31.651757,180,320
node[2],31.658296,176,320
node[1],31.658296,176,320
node[0],31.658296,176,320
node[0],31.662147,176,320
node[2],31.662147,176,320
node[3],31.662147,176,320
node[0],31.671148,172,320
node[2],31.671148,172,320
node[3],31.671148,172,320
node[0],31.691148,176,320
node[2],31.691148,176,320
node[3],31.691148,176,320
node[0],31.695148,180,320
node[2],31.695148,180,320
node[3],31.695148,180,320
node[2],31.695297,176,320
node[1],31.695297,176,320
node[0],31.695297,176,320
node[2],31.698297,180,320
node[1],31.698297,180,320
node[0],31.698297,180,320
node[1],31.698850,176,320
node[2],31.698850,176,320
node[3],31.698850,176,320
node[0],31.700148,172,320
node[2],31.700148,172,320
node[3],31.700148,172,320
node[2],31.701297,172,320
node[1],31.701297,172,320
node[0],31.701297,172,320
node[3],31.715171,176,320
node[1],31.715171,176,320
node[0],31.715171,176,320
node[2],31.723297,176,320
node[1],31.723297,176,320
node[0],31.723297,176,320
node[2],31.728297,172,320
node[1],31.728297,172,320
node[0],31.728297,172,320
node[1],31.733850,176,320
node[2],31.733850,176,320
node[3],31.733850,176,320
node[0],31.739148,172,320
node[2],31.739148,172,320
node[3],31.739148,172,320
node[2],31.748296,176,320
node[2],31.748296,180,320
node[1],31.748296,176,320
node[1],31.748296,180,320
node[0],31.748296,176,320
node[0],31.748296,180,320
node[1],31.752850,172,320
node[2],31.752850,172,320
node[3],31.752850,172,320
node[3],31.755171,172,320
node[1],31.755171,172,320
node[0],31.755171,172,320
node[1],31.758850,176,320
node[2],31.758850,176,320
node[3],31.758850,176,320
node[2],31.761297,172,320
node[1],31.761297,172,320
node[0],31.761297,172,320
node[3],31.768171,180,320
node[1],31.768171,180,320
node[0],31.768171,180,320
node[2],31.773296,176,320
node[1],31.773296,176,320
node[0],31.773296,176,320
node[3],31.776171,176,320
node[1],31.776171,176,320
node[0],31.776171,176,320
node[3],31.784171,172,320
node[1],31.784171,172,320
node[0],31.784171,172,320
node[1],31.796850,172,320
node[2],31.796850,172,320
node[3],31.796850,172,320
node[2],31.809297,172,320
node[1],31.809297,172,320
node[0],31.809297,172,320
node[3],31.825171,176,320
node[1],31.825171,176,320
node[0],31.825171,176,320
node[0],31.831148,172,320
node[2],31.831148,172,320
node[3],31.831148,172,320
node[1],31.835850,176,320
node[2],31.835850,176,320
node[3],31.835850,176,320
node[3],31.846171,172,320
node[1],31.846171,172,320
node[0],31.846171,172,320
node[3],31.852171,176,320
node[1],31.852171,176,320
node[0],31.852171,176,320
node[2],31.858297,180,320
node[1],31.858297,180,320
node[0],31.858297,180,320
node[3],31.867171,180,320
node[1],31.867171,180,320
node[0],31.867171,180,320
node[0],31.869148,180,320
node[2],31.869148,180,320
node[3],31.869148,180,320
node[0],31.878148,172,320
node[2],31.878148,172,320
node[3],31.878148,172,320
node[0],31.880148,176,320
node[2],31.880148,176,320
node[3],31.880148,176,320
node[3],31.890171,176,320
node[1],31.890171,176,320
node[0],31.890171,176,320
node[2],31.898297,172,320
node[1],31.898297,172,320
node[0],31.898297,172,320
node[1],31.898850,176,320
node[2],31.898850,176,320
node[3],31.898850,176,320
node[0],31.899148,180,320
node[2],31.899148,180,320
node[3],31.899148,180,320
node[1],31.900850,172,320
node[2],31.900850,172,320
node[3],31.900850,172,320
node[1],31.913850,180,320
node[2],31.913850,180,320
node[3],31.913850,180,320
node[0],31.917148,172,320
node[2],31.917148,172,320
node[3],31.917148,172,320
node[3],31.927171,172,320
node[1],31.927171,172,320
node[0],31.927171,172,320
node[2],31.928297,176,320
node[1],31.928297,176,320
node[0],31.928297,176,320
node[3],31.934171,180,320
node[1],31.934171,180,320
node[0],31.934171,180,320
node[0],31.937148,176,320
node[2],31.937148,176,320
node[3],31.937148,176,320
node[1],31.939850,176,320
node[2],31.939850,176,320
node[3],31.939850,176,320
node[0],31.942147,172,320
node[2],31.942147,172,320
node[3],31.942147,172,320
node[3],31.951171,176,320
node[1],31.951171,176,320
node[0],31.951171,176,320
node[0],31.954148,180,320
node[2],31.954148,180,320
node[3],31.954148,180,320
node[1],31.956850,172,320
node[2],31.956850,172,320
node[3],31.956850,172,320
node[1],31.964849,176,320
node[2],31.964849,176,320
node[3],31.964849,176,320
node[1],31.973850,180,320
node[2],31.973850,180,320
node[3],31.973850,180,320
node[3],31.974171,172,320
node[1],31.974171,172,320
node[0],31.974171,172,320
node[2],31.974297,176,320
node[1],31.974297,176,320
node[0],31.974297,176,320
node[2],31.987297,180,320
node[1],31.987297,180,320
node[0],31.987297,180,320
node[3],32.000171,180,320
node[1],32.000171,180,320
node[0],32.000171,180,320
node[2],32.014297,172,320
node[1],32.014297,172,320
node[0],32.014297,172,320
node[1],32.015850,180,320
node[2],32.015850,180,320
node[3],32.015850,180,320
node[2],32.016297,176,320
node[1],32.016297,176,320
node[0],32.016297,176,320
node[0],32.023148,176,320
node[2],32.023148,176,320
node[3],32.023148,176,320
node[2],32.037296,180,320
node[1],32.037296,180,320
node[0],32.037296,180,320
node[2],32.046297,172,320
node[1],32.046297,172,320
node[0],32.046297,172,320
node[2],32.055297,176,320
node[1],32.055297,176,320
node[0],32.055297,176,320
node[0],32.056148,180,320
node[2],32.056148,180,320
node[3],32.056148,180,320
node[1],32.070850,180,320
node[2],32.070850,180,320
node[3],32.070850,180,320
node[0],32.074148,172,320
node[2],32.074148,172,320
node[3],32.074148,172,320
node[0],32.078148,176,320
node[2],32.078148,176,320
node[3],32.078148,176,320
node[1],32.082850,176,320
node[2],32.082850,176,320
node[3],32.082850,176,320
node[2],32.090297,180,320
node[1],32.090297,180,320
node[0],32.090297,180,320
node[2],32.093297,172,320
node[1],32.093297,172,320
node[0],32.093297,172,320
node[2],32.106297,176,320
node[1],32.106297,176,320
node[0],32.106297,176,320
node[3],32.112171,180,320
node[1],32.112171,180,320
node[0],32.112171,180,320
node[2],32.118296,172,320
node[1],32.118296,172,320
node[0],32.118296,172,320
node[0],32.125148,176,320
node[2],32.125148,176,320
node[3],32.125148,176,320
node[1],32.126850,172,320
node[2],32.126850,172,320
node[3],32.126850,172,320
node[2],32.131296,176,320
node[1],32.131296,176,320
node[0],32.131296,176,320
node[3],32.139171,180,320
node[1],32.139171,180,320
node[0],32.139171,180,320
node[2],32.140296,180,320
node[1],32.140296,180,320
node[0],32.140296,180,320
node[3],32.142171,172,320
node[1],32.142171,172,320
node[0],32.142171,172,320
node[2],32.143296,172,320
node[1],32.143296,172,320
node[0],32.143296,172,320
node[3],32.144171,176,320
node[1],32.144171,176,320
node[0],32.144171,176,320
node[2],32.163297,176,320
node[1],32.163297,176,320
node[0],32.163297,176,320
node[2],32.165297,180,320
node[1],32.165297,180,320
node[0],32.165297,180,320
node[3],32.167171,172,320
node[1],32.167171,172,320
node[0],32.167171,172,320
node[2],32.181297,172,320
node[1],32.181297,172,320
node[0],32.181297,172,320
node[3],32.190171,176,320
node[1],32.190171,176,320
node[0],32.190171,176,320
node[3],32.192171,172,320
node[1],32.192171,172,320
node[0],32.192171,172,320
node[0],32.193148,172,320
node[2],32.193148,172,320
node[3],32.193148,172,320
node[3],32.210171,180,320
node[1],32.210171,180,320
node[0],32.210171,180,320
node[2],32.227297,176,320
node[1],32.227297,176,320
node[0],32.227297,176,320
node[1],32.236850,176,320
node[2],32.236850,176,320
node[3],32.236850,176,320
node[3],32.249171,172,320
node[1],32.249171,172,320
node[0],32.249171,172,320
node[2],32.249813,172,320
node[1],32.249814,172,320
node[0],32.249814,172,320
node[0],32.268148,176,320
node[2],32.268148,176,320
node[3],32.268148,176,320
node[1],32.278850,176,320
node[2],32.278850,176,320
node[3],32.278850,176,320
node[1],32.281850,172,320
node[2],32.281850,172,320
node[3],32.281850,172,320
node[0],32.296148,180,320
node[2],32.296148,180,320
node[3],32.296148,180,320
node[1],32.301965,180,320
node[2],32.301966,180,320
node[3],32.301966,180,320
node[2],32.304297,172,320
node[1],32.304297,172,320
node[0],32.304297,172,320
node[3],32.313171,176,320
node[1],32.313171,176,320
node[0],32.313171,176,320
node[1],32.330850,180,320
node[2],32.330850,180,320
node[3],32.330850,180,320
node[3],32.337171,180,320
node[1],32.337171,180,320
node[0],32.337171,180,320
node[2],32.365297,176,320
node[1],32.365297,176,320
node[0],32.365297,176,320
node[3],32.375171,172,320
node[1],32.375171,172,320
node[0],32.375171,172,320
node[1],32.378850,176,320
node[2],32.378850,176,320
node[3],32.378850,176,320
node[3],32.379492,176,320
node[1],32.379492,176,320
node[0],32.379492,176,320
node[0],32.381148,176,320
node[2],32.381148,176,320
node[3],32.381148,176,320
node[3],32.392171,180,320
node[1],32.392171,180,320
node[0],32.392171,180,320
node[0],32.393148,180,320
node[2],32.393148,180,320
node[3],32.393148,180,320
node[2],32.396297,180,320
node[1],32.396297,180,320
node[0],32.396297,180,320
node[0],32.415148,172,320
node[2],32.415148,172,320
node[3],32.415148,172,320
node[1],32.415850,176,320
node[2],32.415850,176,320
node[3],32.415850,176,320
node[3],32.422171,172,320
node[1],32.422171,172,320
node[0],32.422171,172,320
node[1],32.423850,172,320
node[2],32.423850,172,320
node[3],32.423850,172,320
node[1],32.427850,180,320
node[2],32.427850,180,320
node[3],32.427850,180,320
node[3],32.431171,180,320
node[1],32.431171,180,320
node[0],32.431171,180,320
node[3],32.458171,172,320
node[1],32.458171,172,320
node[0],32.458171,172,320
node[0],32.461148,172,320
node[2],32.461148,172,320
node[3],32.461148,172,320
node[1],32.463850,172,320
node[2],32.463850,172,320
node[3],32.463850,172,320
node[3],32.474171,176,320
node[1],32.474171,176,320
node[0],32.474171,176,320
node[0],32.483148,176,320
node[2],32.483148,176,320
node[3],32.483148,176,320
node[3],32.492171,180,320
node[1],32.492171,180,320
node[0],32.492171,180,320
node[2],32.502297,172,320
node[1],32.502297,172,320
node[0],32.502297,172,320
node[0],32.517148,172,320
node[2],32.517148,172,320
node[3],32.517148,172,320
node[1],32.520850,176,320
node[2],32.520850,176,320
node[3],32.520850,176,320
node[0],32.529148,176,320
node[2],32.529148,176,320
node[3],32.529148,176,320
node[3],32.531171,176,320
node[1],32.531171,176,320
node[0],32.531171,176,320
node[2],32.550297,172,320
node[1],32.550297,172,320
node[0],32.550297,172,320
node[3],32.585171,172,320
node[1],32.585171,172,320
node[0],32.585171,172,320
node[2],32.587297,180,320
node[1],32.587297,180,320
node[0],32.587297,180,320
node[1],32.591850,180,320
node[2],32.591850,180,320
node[3],32.591850,180,320
node[3],32.594171,180,320
node[1],32.594171,180,320
node[0],32.594171,180,320
node[0],32.598148,176,320
node[2],32.598148,176,320
node[3],32.598148,176,320
node[2],32.602297,176,320
node[1],32.602297,176,320
node[0],32.602297,176,320
node[0],32.604148,180,320
node[2],32.604148,180,320
node[3],32.604148,180,320
node[0],32.615148,172,320
node[2],32.615148,172,320
node[3],32.615148,172,320
node[3],32.618171,172,320
node[1],32.618171,172,320
node[0],32.618171,172,320
node[2],32.625297,172,320
node[1],32.625297,172,320
node[0],32.625297,172,320
node[2],32.632297,176,320
node[1],32.632297,176,320
node[0],32.632297,176,320
node[1],32.638850,180,320
node[2],32.638850,180,320
node[3],32.638850,180,320
node[1],32.640850,172,320
node[2],32.640850,172,320
node[3],32.640850,172,320
node[3],32.642171,176,320
node[1],32.642171,176,320
node[0],32.642171,176,320
node[3],32.643171,172,320
node[1],32.643171,172,320
node[0],32.643171,172,320
node[0],32.654148,172,320
node[2],32.654148,172,320
node[3],32.654148,172,320
node[0],32.655148,176,320
node[2],32.655148,176,320
node[3],32.655148,176,320
node[3],32.664491,180,320
node[1],32.664491,180,320
node[0],32.664491,180,320
node[3],32.667171,176,320
node[1],32.667171,176,320
node[0],32.667171,176,320
node[3],32.668171,172,320
node[1],32.668171,172,320
node[0],32.668171,172,320
node[2],32.668297,176,320
node[1],32.668297,176,320
node[0],32.668297,176,320
node[1],32.677850,172,320
node[2],32.677850,172,320
node[3],32.677850,172,320
node[0],32.680148,180,320
node[2],32.680148,180,320
node[3],32.680148,180,320
node[1],32.680850,176,320
node[2],32.680850,176,320
node[3],32.680850,176,320
node[0],32.687148,172,320
node[2],32.687148,172,320
node[3],32.687148,172,320
node[3],32.689171,180,320
node[1],32.689171,180,320
node[0],32.689171,180,320
node[1],32.690850,180,320
node[2],32.690850,180,320
node[3],32.690850,180,320
node[3],32.692171,176,320
node[1],32.692171,176,320
node[0],32.692171,176,320
node[1],32.702849,172,320
node[2],32.702849,172,320
node[3],32.702849,172,320
node[1],32.705849,176,320
node[2],32.705849,176,320
node[3],32.705849,176,320
node[0],32.719148,172,320
node[2],32.719148,172,320
node[3],32.719148,172,320
node[3],32.720171,180,320
node[1],32.720171,180,320
node[0],32.720171,180,320
node[0],32.721148,180,320
node[2],32.721148,180,320
node[3],32.721148,180,320
node[2],32.726297,180,320
node[1],32.726297,180,320
node[0],32.726297,180,320
node[1],32.751850,176,320
node[2],32.751850,176,320
node[3],32.751850,176,320
node[2],32.762297,176,320
node[1],32.762297,176,320
node[0],32.762297,176,320
node[0],32.777148,176,320
node[2],32.777148,176,320
node[3],32.777148,176,320
node[2],32.781297,172,320
node[1],32.781297,172,320
node[0],32.781297,172,320
node[2],32.783297,180,320
node[1],32.783297,180,320
node[0],32.783297,180,320
node[2],32.787296,176,320
node[1],32.787296,176,320
node[0],32.787296,176,320
node[1],32.791850,176,320
node[2],32.791850,176,320
node[3],32.791850,176,320
node[2],32.807297,172,320
node[1],32.807297,172,320
node[0],32.807297,172,320
node[2],32.812296,176,320
node[1],32.812296,176,320
node[0],32.812296,176,320
node[1],32.814850,180,320
node[2],32.814850,180,320
node[3],32.814850,180,320
node[1],32.816850,176,320
node[2],32.816850,176,320
node[3],32.816850,176,320
node[1],32.817850,172,320
node[2],32.817850,172,320
node[3],32.817850,172,320
node[0],32.824148,180,320
node[2],32.824148,180,320
node[3],32.824148,180,320
node[3],32.829171,180,320
node[1],32.829171,180,320
node[0],32.829171,180,320
node[0],32.842148,176,320
node[2],32.842148,176,320
node[3],32.842148,176,320
node[3],32.845171,176,320
node[1],32.845171,176,320
node[0],32.845171,176,320
node[0],32.848148,172,320
node[2],32.848148,172,320
node[3],32.848148,172,320
node[2],32.849297,172,320
node[1],32.849297,172,320
node[0],32.849297,172,320
node[2],32.869297,176,320
node[1],32.869297,176,320
node[0],32.869297,176,320
node[2],32.876297,180,320
node[1],32.876297,180,320
node[0],32.876297,180,320
node[1],32.878850,176,320
node[2],32.878850,176,320
node[3],32.878850,176,320
node[3],32.886171,172,320
node[1],32.886171,172,320
node[0],32.886171,172,320
node[1],32.889850,180,320
node[2],32.889850,180,320
node[3],32.889850,180,320
node[1],32.890850,172,320
node[2],32.890850,172,320
node[3],32.890850,172,320
node[0],32.893148,172,320
node[2],32.893148,172,320
node[3],32.893148,172,320
node[2],32.894297,176,320
node[1],32.894297,176,320
node[0],32.894297,176,320
node[1],32.903849,176,320
node[2],32.903849,176,320
node[3],32.903849,176,320
node[2],32.905297,172,320
node[1],32.905297,172,320
node[0],32.905297,172,320
node[1],32.914849,180,320
node[2],32.914849,180,320
node[3],32.914849,180,320
node[0],32.919148,176,320
node[2],32.919148,176,320
node[3],32.919148,176,320
node[2],32.919790,176,320
node[1],32.919790,176,320
node[0],32.919790,176,320
node[3],32.930171,180,320
node[1],32.930171,180,320
node[0],32.930171,180,320
node[2],32.933297,172,320
node[1],32.933297,172,320
node[0],32.933297,172,320
node[0],32.935148,172,320
node[2],32.935148,172,320
node[3],32.935148,172,320
node[2],32.951297,176,320
node[1],32.951297,176,320
node[0],32.951297,176,320
node[3],32.963171,176,320
node[1],32.963171,176,320
node[0],32.963171,176,320
node[0],32.970148,176,320
node[2],32.970148,176,320
node[3],32.970148,176,320
node[1],32.979850,176,320
node[2],32.979850,176,320
node[3],32.979850,176,320
node[2],32.981297,176,320
node[1],32.981297,176,320
node[0],32.981297,176,320
node[3],32.983171,172,320
node[1],32.983171,172,320
node[0],32.983171,172,320
node[2],32.986297,172,320
node[1],32.986297,172,320
node[0],32.986297,172,320
node[0],32.989148,180,320
node[2],32.989148,180,320
node[3],32.989148,180,320
node[2],32.993297,180,320
node[1],32.993297,180,320
node[0],32.993297,180,320
node[0],32.994148,172,320
node[2],32.994148,172,320
node[3],32.994148,172,320
node[3],32.998171,180,320
node[1],32.998171,180,320
node[0],32.998171,180,320
node[1],33.003850,172,320
node[2],33.003850,172,320
node[3],33.003850,172,320
node[2],33.006296,176,320
node[1],33.006296,176,320
node[0],33.006296,176,320
node[3],33.028171,172,320
node[1],33.028171,172,320
node[0],33.028171,172,320
node[0],33.030148,176,320
node[2],33.030148,176,320
node[3],33.030148,176,320
node[1],33.038850,172,320
node[2],33.038850,172,320
node[3],33.038850,172,320
node[1],33.045850,176,320
node[2],33.045850,176,320
node[3],33.045850,176,320
node[2],33.048297,176,320
node[1],33.048297,176,320
node[0],33.048297,176,320
node[3],33.051171,176,320
node[1],33.051171,176,320
node[0],33.051171,176,320
node[0],33.053148,172,320
node[2],33.053148,172,320
node[3],33.053148,172,320
node[2],33.061297,180,320
node[1],33.061297,180,320
node[0],33.061297,180,320
node[1],33.063849,172,320
node[2],33.063849,172,320
node[3],33.063849,172,320
node[3],33.067171,180,320
node[1],33.067171,180,320
node[0],33.067171,180,320
node[1],33.070849,176,320
node[1],33.070849,180,320
node[2],33.070849,176,320
node[2],33.070849,180,320
node[3],33.070849,176,320
node[3],33.070849,180,320
node[2],33.073297,172,320
node[1],33.073297,172,320
node[0],33.073297,172,320
node[0],33.082148,180,320
node[2],33.082148,180,320
node[3],33.082148,180,320
node[2],33.082297,176,320
node[1],33.082297,176,320
node[0],33.082297,176,320
node[3],33.087171,176,320
node[1],33.087171,176,320
node[0],33.087171,176,320
node[1],33.088849,172,320
node[2],33.088849,172,320
node[3],33.088849,172,320
node[3],33.097171,180,320
node[1],33.097171,180,320
node[0],33.097171,180,320
node[1],33.104850,180,320
node[2],33.104850,180,320
node[3],33.104850,180,320
node[0],33.107148,172,320
node[2],33.107148,172,320
node[3],33.107148,172,320
node[1],33.119850,172,320
node[2],33.119850,172,320
node[3],33.119850,172,320
node[2],33.124297,176,320
node[1],33.124297,176,320
node[0],33.124297,176,320
node[3],33.127171,172,320
node[1],33.127171,172,320
node[0],33.127171,172,320
node[0],33.129148,176,320
node[2],33.129148,176,320
node[3],33.129148,176,320
node[2],33.138297,180,320
node[1],33.138297,180,320
node[0],33.138297,180,320
node[2],33.149297,172,320
node[1],33.149297,172,320
node[0],33.149297,172,320
node[1],33.152850,172,320
node[2],33.152850,172,320
node[3],33.152850,172,320
node[3],33.159171,176,320
node[1],33.159171,176,320
node[0],33.159171,176,320
node[0],33.176148,180,320
node[2],33.176148,180,320
node[3],33.176148,180,320
node[2],33.176297,172,320
node[1],33.176297,172,320
node[0],33.176297,172,320
node[1],33.176850,176,320
node[2],33.176850,176,320
node[3],33.176850,176,320
node[3],33.180171,172,320
node[1],33.180171,172,320
node[0],33.180171,172,320
node[2],33.183297,176,320
node[1],33.183297,176,320
node[0],33.183297,176,320
node[2],33.184297,180,320
node[1],33.184297,180,320
node[0],33.184297,180,320
node[0],33.185148,176,320
node[2],33.185148,176,320
node[3],33.185148,176,320
node[3],33.190171,176,320
node[1],33.190171,176,320
node[0],33.190171,176,320
node[1],33.205850,180,320
node[2],33.205850,180,320
node[3],33.205850,180,320
node[1],33.206850,172,320
node[2],33.206850,172,320
node[3],33.206850,172,320
node[2],33.215297,172,320
node[1],33.215297,172,320
node[0],33.215297,172,320
node[1],33.220850,176,320
node[2],33.220850,176,320
node[3],33.220850,176,320
node[3],33.223171,176,320
node[1],33.223171,176,320
node[0],33.223171,176,320
node[3],33.227171,180,320
node[1],33.227171,180,320
node[0],33.227171,180,320
node[0],33.228148,172,320
node[2],33.228148,172,320
node[3],33.228148,172,320
node[0],33.230148,176,320
node[2],33.230148,176,320
node[3],33.230148,176,320
node[1],33.230849,180,320
node[2],33.230849,180,320
node[3],33.230849,180,320
node[1],33.231849,172,320
node[2],33.231849,172,320
node[3],33.231849,172,320
node[3],33.233171,172,320
node[1],33.233171,172,320
node[0],33.233171,172,320
node[2],33.234297,180,320
node[1],33.234297,180,320
node[0],33.234297,180,320
node[2],33.235297,176,320
node[1],33.235297,176,320
node[0],33.235297,176,320
node[2],33.255297,172,320
node[1],33.255297,172,320
node[0],33.255297,172,320
node[2],33.265297,180,320
node[1],33.265297,180,320
node[0],33.265297,180,320
node[0],33.271148,180,320
node[2],33.271148,180,320
node[3],33.271148,180,320
node[0],33.279148,176,320
node[2],33.279148,176,320
node[3],33.279148,176,320
node[3],33.279171,172,320
node[1],33.279171,172,320
node[0],33.279171,172,320
node[1],33.295850,176,320
node[2],33.295850,176,320
node[3],33.295850,176,320
node[3],33.309171,176,320
node[1],33.309171,176,320
node[0],33.309171,176,320
node[1],33.311850,180,320
node[2],33.311850,180,320
node[3],33.311850,180,320
node[1],33.313850,172,320
node[2],33.313850,172,320
node[3],33.313850,172,320
node[1],33.320849,176,320
node[2],33.320849,176,320
node[3],33.320849,176,320
node[0],33.324148,172,320
node[2],33.324148,172,320
node[3],33.324148,172,320
node[2],33.325297,172,320
node[1],33.325297,172,320
node[0],33.325297,172,320
node[3],33.334171,176,320
node[1],33.334171,176,320
node[0],33.334171,176,320
node[1],33.336849,180,320
node[2],33.336849,180,320
node[3],33.336849,180,320
node[1],33.338849,172,320
node[2],33.338849,172,320
node[3],33.338849,172,320
node[2],33.339878,180,320
node[1],33.339879,180,320
node[0],33.339879,180,320
node[0],33.342148,176,320
node[2],33.342148,176,320
node[3],33.342148,176,320
node[1],33.345849,176,320
node[2],33.345849,176,320
node[3],33.345849,176,320
node[2],33.348297,176,320
node[1],33.348297,176,320
node[0],33.348297,176,320
node[2],33.353297,172,320
node[1],33.353297,172,320
node[0],33.353297,172,320
node[2],33.364296,180,320
node[1],33.364296,180,320
node[0],33.364296,180,320
node[1],33.365850,172,320
node[2],33.365850,172,320
node[3],33.365850,172,320
node[1],33.382850,176,320
node[2],33.382850,176,320
node[3],33.382850,176,320
node[1],33.386849,180,320
node[2],33.386849,180,320
node[3],33.386849,180,320
node[3],33.389171,180,320
node[1],33.389171,180,320
node[0],33.389171,180,320
node[1],33.390849,172,320
node[2],33.390849,172,320
node[3],33.390849,172,320
node[2],33.397297,176,320
node[1],33.397297,176,320
node[0],33.397297,176,320
node[2],33.401297,180,320
node[1],33.401297,180,320
node[0],33.401297,180,320
node[0],33.402199,180,320
node[2],33.402199,180,320
node[3],33.402199,180,320
node[0],33.404148,172,320
node[2],33.404148,172,320
node[3],33.404148,172,320
node[3],33.410171,172,320
node[1],33.410171,172,320
node[0],33.410171,172,320
node[0],33.422148,176,320
node[2],33.422148,176,320
node[3],33.422148,176,320
node[3],33.422171,180,320
node[1],33.422171,180,320
node[0],33.422171,180,320
node[2],33.424297,172,320
node[1],33.424297,172,320
node[0],33.424297,172,320
node[2],33.437297,176,320
node[1],33.437297,176,320
node[0],33.437297,176,320
node[2],33.449296,172,320
node[1],33.449296,172,320
node[0],33.449296,172,320
node[0],33.451148,176,320
node[2],33.451148,176,320
node[3],33.451148,176,320
node[2],33.451296,180,320
node[1],33.451296,180,320
node[0],33.451296,180,320
node[1],33.455850,176,320
node[2],33.455850,176,320
node[3],33.455850,176,320
node[2],33.462296,176,320
node[1],33.462296,176,320
node[0],33.462296,176,320
node[3],33.470171,176,320
node[1],33.470171,176,320
node[0],33.470171,176,320
node[0],33.472148,180,320
node[2],33.472148,180,320
node[3],33.472148,180,320
node[2],33.474296,172,320
node[1],33.474296,172,320
node[0],33.474296,172,320
node[2],33.476296,180,320
node[1],33.476296,180,320
node[0],33.476296,180,320
node[0],33.477148,176,320
node[2],33.477148,176,320
node[3],33.477148,176,320
node[3],33.481171,180,320
node[1],33.481171,180,320
node[0],33.481171,180,320
node[0],33.487148,172,320
node[2],33.487148,172,320
node[3],33.487148,172,320
node[2],33.487296,176,320
node[1],33.487296,176,320
node[0],33.487296,176,320
node[2],33.499296,172,320
node[1],33.499296,172,320
node[0],33.499296,172,320
node[2],33.501297,180,320
node[1],33.501297,180,320
node[0],33.501297,180,320
node[2],33.512296,176,320
node[1],33.512296,176,320
node[0],33.512296,176,320
node[3],33.516171,180,320
node[1],33.516171,180,320
node[0],33.516171,180,320
node[3],33.519171,172,320
node[1],33.519171,172,320
node[0],33.519171,172,320
node[2],33.524296,172,320
node[1],33.524296,172,320
node[0],33.524296,172,320
node[1],33.524850,176,320
node[2],33.524850,176,320
node[3],33.524850,176,320
node[2],33.537296,176,320
node[1],33.537296,176,320
node[0],33.537296,176,320
node[1],33.537850,180,320
node[2],33.537850,180,320
node[3],33.537850,180,320
node[0],33.549148,176,320
node[2],33.549148,176,320
node[3],33.549148,176,320
node[3],33.555171,176,320
node[1],33.555171,176,320
node[0],33.555171,176,320
node[1],33.558850,176,320
node[2],33.558850,176,320
node[3],33.558850,176,320
node[2],33.567297,180,320
node[1],33.567297,180,320
node[0],33.567297,180,320
node[2],33.569297,172,320
node[1],33.569297,172,320
node[0],33.569297,172,320
node[0],33.571148,172,320
node[2],33.571148,172,320
node[3],33.571148,172,320
node[3],33.580171,176,320
node[1],33.580171,176,320
node[0],33.580171,176,320
node[2],33.583297,176,320
node[1],33.583297,176,320
node[0],33.583297,176,320
node[1],33.599850,172,320
node[2],33.599850,172,320
node[3],33.599850,172,320
node[0],33.603148,172,320
node[2],33.603148,172,320
node[3],33.603148,172,320
node[1],33.604850,176,320
node[2],33.604850,176,320
node[3],33.604850,176,320
node[0],33.607148,176,320
node[2],33.607148,176,320
node[3],33.607148,176,320
node[0],33.624148,180,320
node[2],33.624148,180,320
node[3],33.624148,180,320
node[3],33.624171,172,320
node[1],33.624171,172,320
node[0],33.624171,172,320
node[1],33.627850,172,320
node[2],33.627850,172,320
node[3],33.627850,172,320
node[2],33.629297,176,320
node[1],33.629297,176,320
node[0],33.629297,176,320
node[3],33.640171,176,320
node[1],33.640171,176,320
node[0],33.640171,176,320
node[2],33.650297,180,320
node[1],33.650297,180,320
node[0],33.650297,180,320
node[2],33.656297,176,320
node[1],33.656297,176,320
node[0],33.656297,176,320
node[3],33.666171,172,320
node[1],33.666171,172,320
node[0],33.666171,172,320
node[0],33.676148,180,320
node[2],33.676148,180,320
node[3],33.676148,180,320
node[2],33.676297,172,320
node[1],33.676297,172,320
node[0],33.676297,172,320
node[1],33.676920,180,320
node[2],33.676920,180,320
node[3],33.676920,180,320
node[3],33.677744,180,320
node[1],33.677744,180,320
node[0],33.677744,180,320
node[1],33.678850,176,320
node[2],33.678850,176,320
node[3],33.678850,176,320
node[0],33.694148,172,320
node[2],33.694148,172,320
node[3],33.694148,172,320
node[0],33.695148,176,320
node[2],33.695148,176,320
node[3],33.695148,176,320
node[1],33.701850,172,320
node[2],33.701850,172,320
node[3],33.701850,172,320
node[3],33.702518,172,320
node[1],33.702518,172,320
node[0],33.702518,172,320
node[3],33.703171,180,320
node[1],33.703171,180,320
node[0],33.703171,180,320
node[1],33.712850,176,320
node[2],33.712850,176,320
node[3],33.712850,176,320
node[3],33.716171,176,320
node[1],33.716171,176,320
node[0],33.716171,176,320
node[0],33.725148,172,320
node[2],33.725148,172,320
node[3],33.725148,172,320
node[2],33.734297,172,320
node[1],33.734297,172,320
node[0],33.734297,172,320
node[3],33.736171,180,320
node[1],33.736171,180,320
node[0],33.736171,180,320
node[0],33.747148,176,320
node[2],33.747148,176,320
node[3],33.747148,176,320
node[1],33.754850,172,320
node[2],33.754850,172,320
node[3],33.754850,172,320
node[0],33.777148,180,320
node[2],33.777148,180,320
node[3],33.777148,180,320
node[3],33.780171,176,320
node[1],33.780171,176,320
node[0],33.780171,176,320
node[1],33.782850,176,320
node[2],33.782850,176,320
node[3],33.782850,176,320
node[0],33.786148,176,320
node[2],33.786148,176,320
node[3],33.786148,176,320
node[2],33.800297,172,320
node[1],33.800297,172,320
node[0],33.800297,172,320
node[1],33.802850,180,320
node[2],33.802850,180,320
node[3],33.802850,180,320
node[0],33.816148,172,320
node[2],33.816148,172,320
node[3],33.816148,172,320
node[0],33.826148,176,320
node[2],33.826148,176,320
node[3],33.826148,176,320
node[1],33.829850,180,320
node[2],33.829850,180,320
node[3],33.829850,180,320
node[2],33.834297,176,320
node[1],33.834297,176,320
node[0],33.834297,176,320
node[0],33.841147,172,320
node[2],33.841147,172,320
node[3],33.841147,172,320
node[1],33.845850,172,320
node[2],33.845850,172,320
node[3],33.845850,172,320
node[2],33.849297,180,320
node[1],33.849297,180,320
node[0],33.849297,180,320
node[1],33.856850,176,320
node[2],33.856850,176,320
node[3],33.856850,176,320
node[2],33.858297,172,320
node[1],33.858297,172,320
node[0],33.858297,172,320
node[2],33.863297,176,320
node[1],33.863297,176,320
node[0],33.863297,176,320
node[3],33.875171,172,320
node[1],33.875171,172,320
node[0],33.875171,172,320
node[0],33.879148,172,320
node[2],33.879148,172,320
node[3],33.879148,172,320
node[0],33.892148,180,320
node[2],33.892148,180,320
node[3],33.892148,180,320
node[3],33.916171,180,320
node[1],33.916171,180,320
node[0],33.916171,180,320
node[2],33.916297,172,320
node[1],33.916297,172,320
node[0],33.916297,172,320
node[0],33.921148,176,320
node[2],33.921148,176,320
node[3],33.921148,176,320
node[2],33.922297,176,320
node[1],33.922297,176,320
node[0],33.922297,176,320
node[0],33.940148,172,320
node[2],33.940148,172,320
node[3],33.940148,172,320
node[2],33.944297,172,320
node[1],33.944297,172,320
node[0],33.944297,172,320
node[2],33.945297,180,320
node[1],33.945297,180,320
node[0],33.945297,180,320
node[0],33.946147,176,320
node[2],33.946147,176,320
node[3],33.946147,176,320
node[0],33.954148,180,320
node[2],33.954148,180,320
node[3],33.954148,180,320
node[2],33.963297,176,320
node[1],33.963297,176,320
node[0],33.963297,176,320
node[3],33.969171,176,320
node[1],33.969171,176,320
node[0],33.969171,176,320
node[2],33.974297,172,320
node[1],33.974297,172,320
node[0],33.974297,172,320
node[1],33.983850,176,320
node[2],33.983850,176,320
node[3],33.983850,176,320
node[2],33.988297,180,320
node[1],33.988297,180,320
node[0],33.988297,180,320
node[3],33.990171,180,320
node[1],33.990171,180,320
node[0],33.990171,180,320
node[1],33.998850,172,320
node[2],33.998850,172,320
node[3],33.998850,172,320
node[3],34.007171,176,320
node[1],34.007171,176,320
node[0],34.007171,176,320
node[1],34.011850,180,320
node[2],34.011850,180,320
node[3],34.011850,180,320
node[0],34.017148,176,320
node[2],34.017148,176,320
node[3],34.017148,176,320
node[0],34.018148,172,320
node[2],34.018148,172,320
node[3],34.018148,172,320
node[1],34.026850,172,320
node[2],34.026850,172,320
node[3],34.026850,172,320
node[1],34.037850,176,320
node[2],34.037850,176,320
node[3],34.037850,176,320
node[2],34.041297,176,320
node[1],34.041297,176,320
node[0],34.041297,176,320
node[0],34.042147,176,320
node[2],34.042147,176,320
node[3],34.042147,176,320
node[1],34.077850,180,320
node[2],34.077850,180,320
node[3],34.077850,180,320
node[1],34.085850,172,320
node[2],34.085850,172,320
node[3],34.085850,172,320
node[1],34.088850,176,320
node[2],34.088850,176,320
node[3],34.088850,176,320
node[3],34.092171,172,320
node[1],34.092171,172,320
node[0],34.092171,172,320
node[2],34.093297,180,320
node[1],34.093297,180,320
node[0],34.093297,180,320
node[2],34.099297,172,320
node[1],34.099297,172,320
node[0],34.099297,172,320
node[1],34.102849,180,320
node[2],34.102849,180,320
node[3],34.102849,180,320
node[3],34.103595,180,320
node[1],34.103595,180,320
node[0],34.103595,180,320
node[2],34.111297,176,320
node[1],34.111297,176,320
node[0],34.111297,176,320
node[0],34.119148,180,320
node[2],34.119148,180,320
node[3],34.119148,180,320
node[2],34.124297,172,320
node[1],34.124297,172,320
node[0],34.124297,172,320
node[0],34.129148,172,320
node[2],34.129148,172,320
node[3],34.129148,172,320
node[3],34.132171,172,320
node[1],34.132171,172,320
node[0],34.132171,172,320
node[0],34.135148,176,320
node[2],34.135148,176,320
node[3],34.135148,176,320
node[1],34.138850,180,320
node[2],34.138850,180,320
node[3],34.138850,180,320
node[3],34.148171,176,320
node[1],34.148171,176,320
node[0],34.148171,176,320
node[0],34.154147,172,320
node[2],34.154147,172,320
node[3],34.154147,172,320
node[2],34.154297,180,320
node[1],34.154297,180,320
node[0],34.154297,180,320
node[1],34.155850,172,320
node[2],34.155850,172,320
node[3],34.155850,172,320
node[3],34.157171,172,320
node[1],34.157171,172,320
node[0],34.157171,172,320
node[1],34.164850,176,320
node[2],34.164850,176,320
node[3],34.164850,176,320
node[3],34.172171,180,320
node[1],34.172171,180,320
node[0],34.172171,180,320
node[2],34.174297,176,320
node[1],34.174297,176,320
node[0],34.174297,176,320
node[0],34.184148,180,320
node[2],34.184148,180,320
node[3],34.184148,180,320
node[3],34.184171,176,320
node[1],34.184171,176,320
node[0],34.184171,176,320
node[1],34.193850,180,320
node[2],34.193850,180,320
node[3],34.193850,180,320
node[1],34.203850,176,320
node[2],34.203850,176,320
node[3],34.203850,176,320
node[3],34.205171,172,320
node[1],34.205171,172,320
node[0],34.205171,172,320
node[3],34.212171,180,320
node[1],34.212171,180,320
node[0],34.212171,180,320
node[0],34.217148,172,320
node[2],34.217148,172,320
node[3],34.217148,172,320
node[1],34.231850,172,320
node[2],34.231850,172,320
node[3],34.231850,172,320
node[1],34.232850,180,320
node[2],34.232850,180,320
node[3],34.232850,180,320
node[3],34.243171,176,320
node[1],34.243171,176,320
node[0],34.243171,176,320
node[0],34.249148,176,320
node[2],34.249148,176,320
node[3],34.249148,176,320
node[1],34.252850,176,320
node[2],34.252850,176,320
node[3],34.252850,176,320
node[2],34.271297,172,320
node[1],34.271297,172,320
node[0],34.271297,172,320
node[3],34.276171,172,320
node[1],34.276171,172,320
node[0],34.276171,172,320
node[1],34.277850,172,320
node[2],34.277850,172,320
node[3],34.277850,172,320
node[0],34.279148,172,320
node[2],34.279148,172,320
node[3],34.279148,172,320
node[3],34.294171,180,320
node[1],34.294171,180,320
node[0],34.294171,180,320
node[2],34.295086,180,320
node[1],34.295087,180,320
node[0],34.295087,180,320
node[1],34.303850,180,320
node[2],34.303850,180,320
node[3],34.303850,180,320
node[2],34.305297,172,320
node[1],34.305297,172,320
node[0],34.305297,172,320
node[0],34.308148,176,320
node[2],34.308148,176,320
node[3],34.308148,176,320
node[2],34.316297,176,320
node[1],34.316297,176,320
node[0],34.316297,176,320
node[1],34.318850,172,320
node[2],34.318850,172,320
node[3],34.318850,172,320
node[2],34.335297,172,320
node[1],34.335297,172,320
node[0],34.335297,172,320
node[3],34.347171,172,320
node[1],34.347171,172,320
node[0],34.347171,172,320
node[2],34.375297,176,320
node[1],34.375297,176,320
node[0],34.375297,176,320
node[2],34.378297,180,320
node[1],34.378297,180,320
node[0],34.378297,180,320
node[3],34.379171,172,320
node[1],34.379171,172,320
node[0],34.379171,172,320
node[1],34.397850,176,320
node[2],34.397850,176,320
node[3],34.397850,176,320
node[2],34.399297,172,320
node[1],34.399297,172,320
node[0],34.399297,172,320
node[2],34.403297,176,320
node[1],34.403297,176,320
node[0],34.403297,176,320
node[0],34.407148,172,320
node[2],34.407148,172,320
node[3],34.407148,172,320
node[2],34.441297,172,320
node[1],34.441297,172,320
node[0],34.441297,172,320
node[0],34.443148,172,320
node[2],34.443148,172,320
node[3],34.443148,172,320
node[3],34.449171,176,320
node[1],34.449171,176,320
node[0],34.449171,176,320
node[3],34.453171,172,320
node[1],34.453171,172,320
node[0],34.453171,172,320
node[0],34.455148,180,320
node[2],34.455148,180,320
node[3],34.455148,180,320
node[1],34.462850,172,320
node[2],34.462850,172,320
node[3],34.462850,172,320
node[0],34.467148,176,320
node[2],34.467148,176,320
node[3],34.467148,176,320
node[0],34.471148,172,320
node[2],34.471148,172,320
node[3],34.471148,172,320
node[3],34.482171,176,320
node[1],34.482171,176,320
node[0],34.482171,176,320
node[3],34.489171,180,320
node[1],34.489171,180,320
node[0],34.489171,180,320
node[2],34.492297,180,320
node[1],34.492297,180,320
node[0],34.492297,180,320
node[1],34.496850,172,320
node[2],34.496850,172,320
node[3],34.496850,172,320
node[1],34.497850,176,320
node[2],34.497850,176,320
node[3],34.497850,176,320
node[2],34.502297,176,320
node[1],34.502297,176,320
node[0],34.502297,176,320
node[1],34.502850,180,320
node[2],34.502850,180,320
node[3],34.502850,180,320
node[3],34.504171,172,320
node[1],34.504171,172,320
node[0],34.504171,172,320
node[3],34.518171,176,320
node[1],34.518171,176,320
node[0],34.518171,176,320
node[3],34.520171,180,320
node[1],34.520171,180,320
node[0],34.520171,180,320
node[2],34.527297,172,320
node[1],34.527297,172,320
node[0],34.527297,172,320
node[1],34.528850,180,320
node[2],34.528850,180,320
node[3],34.528850,180,320
node[2],34.530297,176,320
node[1],34.530297,176,320
node[0],34.530297,176,320
node[3],34.538171,172,320
node[1],34.538171,172,320
node[0],34.538171,172,320
node[1],34.546850,172,320
node[2],34.546850,172,320
node[3],34.546850,172,320
node[0],34.561148,172,320
node[2],34.561148,172,320
node[3],34.561148,172,320
node[1],34.573850,172,320
node[2],34.573850,172,320
node[3],34.573850,172,320
node[0],34.576148,176,320
node[2],34.576148,176,320
node[3],34.576148,176,320
node[3],34.585171,172,320
node[1],34.585171,172,320
node[0],34.585171,172,320
node[1],34.587850,176,320
node[2],34.587850,176,320
node[3],34.587850,176,320
node[2],34.590297,180,320
node[1],34.590297,180,320
node[0],34.590297,180,320
node[3],34.593171,180,320
node[1],34.593171,180,320
node[0],34.593171,180,320
node[0],34.605148,176,320
node[2],34.605148,176,320
node[3],34.605148,176,320
node[3],34.607171,176,320
node[1],34.607171,176,320
node[0],34.607171,176,320
node[2],34.612297,172,320
node[1],34.612297,172,320
node[0],34.612297,172,320
node[0],34.614148,180,320
node[2],34.614148,180,320
node[3],34.614148,180,320
node[0],34.627148,172,320
node[2],34.627148,172,320
node[3],34.627148,172,320
node[2],34.628297,176,320
node[1],34.628297,176,320
node[0],34.628297,176,320
node[0],34.636148,176,320
node[2],34.636148,176,320
node[3],34.636148,176,320
node[1],34.650850,176,320
node[2],34.650850,176,320
node[3],34.650850,176,320
node[1],34.661850,172,320
node[2],34.661850,172,320
node[3],34.661850,172,320
node[3],34.674171,180,320
node[1],34.674171,180,320
node[0],34.674171,180,320
node[2],34.680297,180,320
node[1],34.680297,180,320
node[0],34.680297,180,320
node[3],34.710171,180,320
node[1],34.710171,180,320
node[0],34.710171,180,320
node[1],34.716850,176,320
node[2],34.716850,176,320
node[3],34.716850,176,320
node[3],34.722171,172,320
node[1],34.722171,172,320
node[0],34.722171,172,320
node[2],34.722826,172,320
node[1],34.722827,172,320
node[0],34.722827,172,320
node[3],34.724171,176,320
node[1],34.724171,176,320
node[0],34.724171,176,320
node[2],34.727297,176,320
node[1],34.727297,176,320
node[0],34.727297,176,320
node[2],34.734297,180,320
node[1],34.734297,180,320
node[0],34.734297,180,320
node[2],34.749297,172,320
node[1],34.749297,172,320
node[0],34.749297,172,320
node[2],34.753297,176,320
node[1],34.753297,176,320
node[0],34.753297,176,320
node[1],34.754850,176,320
node[2],34.754850,176,320
node[3],34.754850,176,320
node[0],34.757148,176,320
node[2],34.757148,176,320
node[3],34.757148,176,320
node[0],34.759148,172,320
node[2],34.759148,172,320
node[3],34.759148,172,320
node[2],34.759296,180,320
node[1],34.759296,180,320
node[0],34.759296,180,320
node[0],34.764148,180,320
node[2],34.764148,180,320
node[3],34.764148,180,320
node[3],34.767171,176,320
node[1],34.767171,176,320
node[0],34.767171,176,320
node[3],34.786171,172,320
node[1],34.786171,172,320
node[0],34.786171,172,320
node[3],34.792171,176,320
node[1],34.792171,176,320
node[0],34.792171,176,320
node[2],34.800297,180,320
node[1],34.800297,180,320
node[0],34.800297,180,320
node[3],34.802171,180,320
node[1],34.802171,180,320
node[0],34.802171,180,320
node[1],34.802850,172,320
node[2],34.802850,172,320
node[3],34.802850,172,320
node[0],34.804148,176,320
node[2],34.804148,176,320
node[3],34.804148,176,320
node[2],34.815297,172,320
node[1],34.815297,172,320
node[0],34.815297,172,320
node[0],34.816148,172,320
node[2],34.816148,172,320
node[3],34.816148,172,320
node[1],34.823850,180,320
node[2],34.823850,180,320
node[3],34.823850,180,320
node[0],34.829148,176,320
node[2],34.829148,176,320
node[3],34.829148,176,320
node[3],34.830171,180,320
node[1],34.830171,180,320
node[0],34.830171,180,320
node[3],34.840171,172,320
node[1],34.840171,172,320
node[0],34.840171,172,320
node[0],34.841147,172,320
node[2],34.841147,172,320
node[3],34.841147,172,320
node[3],34.846171,176,320
node[1],34.846171,176,320
node[0],34.846171,176,320
node[2],34.851297,176,320
node[1],34.851297,176,320
node[0],34.851297,176,320
node[1],34.851952,176,320
node[2],34.851953,176,320
node[3],34.851953,176,320
node[2],34.854297,180,320
node[1],34.854297,180,320
node[0],34.854297,180,320
node[0],34.860148,176,320
node[2],34.860148,176,320
node[3],34.860148,176,320
node[2],34.861297,172,320
node[1],34.861297,172,320
node[0],34.861297,172,320
node[3],34.867171,172,320
node[1],34.867171,172,320
node[0],34.867171,172,320
node[0],34.875148,180,320
node[2],34.875148,180,320
node[3],34.875148,180,320
node[3],34.876171,176,320
node[1],34.876171,176,320
node[0],34.876171,176,320
node[2],34.876813,176,320
node[1],34.876814,176,320
node[0],34.876814,176,320
node[0],34.888148,172,320
node[2],34.888148,172,320
node[3],34.888148,172,320
node[3],34.893171,172,320
node[1],34.893171,172,320
node[0],34.893171,172,320
node[3],34.911171,180,320
node[1],34.911171,180,320
node[0],34.911171,180,320
node[0],34.912148,180,320
node[2],34.912148,180,320
node[3],34.912148,180,320
node[0],34.914148,176,320
node[2],34.914148,176,320
node[3],34.914148,176,320
node[1],34.914850,176,320
node[2],34.914850,176,320
node[3],34.914850,176,320
node[2],34.916297,172,320
node[1],34.916297,172,320
node[0],34.916297,172,320
node[2],34.926297,180,320
node[1],34.926297,180,320
node[0],34.926297,180,320
node[3],34.930171,172,320
node[1],34.930171,172,320
node[0],34.930171,172,320
node[2],34.932297,176,320
node[1],34.932297,176,320
node[0],34.932297,176,320
node[2],34.941296,172,320
node[1],34.941296,172,320
node[0],34.941296,172,320
node[1],34.941977,172,320
node[2],34.941978,172,320
node[3],34.941978,172,320
node[3],34.943171,176,320
node[1],34.943171,176,320
node[0],34.943171,176,320
node[1],34.943850,180,320
node[2],34.943850,180,320
node[3],34.943850,180,320
node[1],34.953850,176,320
node[2],34.953850,176,320
node[3],34.953850,176,320
node[3],34.955171,172,320
node[1],34.955171,172,320
node[0],34.955171,172,320
node[3],34.964171,180,320
node[1],34.964171,180,320
node[0],34.964171,180,320
node[3],34.968171,176,320
node[1],34.968171,176,320
node[0],34.968171,176,320
node[0],34.972148,180,320
node[2],34.972148,180,320
node[3],34.972148,180,320
node[2],34.973011,180,320
node[1],34.973011,180,320
node[0],34.973011,180,320
node[1],34.978850,176,320
node[2],34.978850,176,320
node[3],34.978850,176,320
node[3],34.980171,172,320
node[1],34.980171,172,320
node[0],34.980171,172,320
node[3],34.989171,180,320
node[1],34.989171,180,320
node[0],34.989171,180,320
node[3],34.993171,176,320
node[1],34.993171,176,320
node[0],34.993171,176,320
node[2],35.004297,172,320
node[1],35.004297,172,320
node[0],35.004297,172,320
node[3],35.005171,172,320
node[1],35.005171,172,320
node[0],35.005171,172,320
node[1],35.007850,176,320
node[2],35.007850,176,320
node[3],35.007850,176,320
node[1],35.016850,172,320
node[2],35.016850,172,320
node[3],35.016850,172,320
node[0],35.017148,176,320
node[2],35.017148,176,320
node[3],35.017148,176,320
node[3],35.018171,180,320
node[1],35.018171,180,320
node[0],35.018171,180,320
node[3],35.023171,176,320
node[1],35.023171,176,320
node[0],35.023171,176,320
node[1],35.024850,180,320
node[2],35.024850,180,320
node[3],35.024850,180,320
node[2],35.031297,176,320
node[1],35.031297,176,320
node[0],35.031297,176,320
node[1],35.032849,176,320
node[2],35.032849,176,320
node[3],35.032849,176,320
node[2],35.041297,180,320
node[1],35.041297,180,320
node[0],35.041297,180,320
node[1],35.041849,172,320
node[2],35.041849,172,320
node[3],35.041849,172,320
node[2],35.045297,172,320
node[1],35.045297,172,320
node[0],35.045297,172,320
node[2],35.059297,176,320
node[1],35.059297,176,320
node[0],35.059297,176,320
node[0],35.063148,172,320
node[2],35.063148,172,320
node[3],35.063148,172,320
node[0],35.071148,180,320
node[2],35.071148,180,320
node[3],35.071148,180,320
node[0],35.074148,176,320
node[2],35.074148,176,320
node[3],35.074148,176,320
node[3],35.075171,180,320
node[1],35.075171,180,320
node[0],35.075171,180,320
node[1],35.093850,172,320
node[2],35.093850,172,320
node[3],35.093850,172,320
node[3],35.103171,176,320
node[1],35.103171,176,320
node[0],35.103171,176,320
node[2],35.107297,172,320
node[1],35.107297,172,320
node[0],35.107297,172,320
node[1],35.107850,180,320
node[2],35.107850,180,320
node[3],35.107850,180,320
node[0],35.113148,176,320
node[2],35.113148,176,320
node[3],35.113148,176,320
node[0],35.121148,180,320
node[2],35.121148,180,320
node[3],35.121148,180,320
node[3],35.127171,172,320
node[1],35.127171,172,320
node[0],35.127171,172,320
node[0],35.130148,172,320
node[2],35.130148,172,320
node[3],35.130148,172,320
node[1],35.136850,172,320
node[2],35.136850,172,320
node[3],35.136850,172,320
node[1],35.141850,180,320
node[2],35.141850,180,320
node[3],35.141850,180,320
node[3],35.158171,172,320
node[1],35.158171,172,320
node[0],35.158171,172,320
node[1],35.164850,176,320
node[2],35.164850,176,320
node[3],35.164850,176,320
node[0],35.166148,172,320
node[2],35.166148,172,320
node[3],35.166148,172,320
node[3],35.167530,180,320
node[1],35.167530,180,320
node[0],35.167530,180,320
node[1],35.170850,172,320
node[2],35.170850,172,320
node[3],35.170850,172,320
node[3],35.178171,176,320
node[1],35.178171,176,320
node[0],35.178171,176,320
node[0],35.188148,180,320
node[2],35.188148,180,320
node[3],35.188148,180,320
node[1],35.189849,176,320
node[2],35.189849,176,320
node[3],35.189849,176,320
node[3],35.197171,172,320
node[1],35.197171,172,320
node[0],35.197171,172,320
node[3],35.200171,180,320
node[1],35.200171,180,320
node[0],35.200171,180,320
node[1],35.201074,180,320
node[2],35.201074,180,320
node[3],35.201074,180,320
node[3],35.207171,176,320
node[1],35.207171,176,320
node[0],35.207171,176,320
node[0],35.213148,172,320
node[2],35.213148,172,320
node[3],35.213148,172,320
node[2],35.220297,176,320
node[1],35.220297,176,320
node[0],35.220297,176,320
node[2],35.221297,172,320
node[1],35.221297,172,320
node[0],35.221297,172,320
node[3],35.222171,172,320
node[1],35.222171,172,320
node[0],35.222171,172,320
node[3],35.225777,180,320
node[1],35.225777,180,320
node[0],35.225777,180,320
node[0],35.227148,176,320
node[2],35.227148,176,320
node[3],35.227148,176,320
node[3],35.232171,176,320
node[1],35.232171,176,320
node[0],35.232171,176,320
node[2],35.236297,180,320
node[1],35.236297,180,320
node[0],35.236297,180,320
node[0],35.238147,172,320
node[2],35.238147,172,320
node[3],35.238147,172,320
node[2],35.245296,176,320
node[1],35.245296,176,320
node[0],35.245296,176,320
node[0],35.250147,180,320
node[2],35.250147,180,320
node[3],35.250147,180,320
node[2],35.252297,172,320
node[1],35.252297,172,320
node[0],35.252297,172,320
node[0],35.258148,176,320
node[2],35.258148,176,320
node[3],35.258148,176,320
node[1],35.262850,172,320
node[2],35.262850,172,320
node[3],35.262850,172,320
node[2],35.270297,180,320
node[1],35.270297,180,320
node[0],35.270297,180,320
node[2],35.298297,176,320
node[1],35.298297,176,320
node[0],35.298297,176,320
node[0],35.299148,172,320
node[2],35.299148,172,320
node[3],35.299148,172,320
node[3],35.308171,180,320
node[1],35.308171,180,320
node[0],35.308171,180,320
node[3],35.311171,176,320
node[1],35.311171,176,320
node[0],35.311171,176,320
node[1],35.312850,180,320
node[2],35.312850,180,320
node[3],35.312850,180,320
node[0],35.318148,176,320
node[2],35.318148,176,320
node[3],35.318148,176,320
node[2],35.323297,172,320
node[1],35.323297,172,320
node[0],35.323297,172,320
node[1],35.340850,180,320
node[2],35.340850,180,320
node[3],35.340850,180,320
node[3],35.345171,176,320
node[1],35.345171,176,320
node[0],35.345171,176,320
node[2],35.345297,180,320
node[1],35.345297,180,320
node[0],35.345297,180,320
node[2],35.348297,176,320
node[1],35.348297,176,320
node[0],35.348297,176,320
node[0],35.353148,180,320
node[2],35.353148,180,320
node[3],35.353148,180,320
node[0],35.365148,176,320
node[2],35.365148,176,320
node[3],35.365148,176,320
node[3],35.373171,176,320
node[1],35.373171,176,320
node[0],35.373171,176,320
node[2],35.375297,176,320
node[1],35.375297,176,320
node[0],35.375297,176,320
node[2],35.384297,180,320
node[1],35.384297,180,320
node[0],35.384297,180,320
node[0],35.391148,180,320
node[2],35.391148,180,320
node[3],35.391148,180,320
node[2],35.392297,172,320
node[1],35.392297,172,320
node[0],35.392297,172,320
node[0],35.396148,172,320
node[2],35.396148,172,320
node[3],35.396148,172,320
node[0],35.398148,176,320
node[2],35.398148,176,320
node[3],35.398148,176,320
node[3],35.408171,172,320
node[1],35.408171,172,320
node[0],35.408171,172,320
node[2],35.408297,176,320
node[1],35.408297,176,320
node[0],35.408297,176,320
node[0],35.416147,180,320
node[2],35.416147,180,320
node[3],35.416147,180,320
node[3],35.419171,180,320
node[1],35.419171,180,320
node[0],35.419171,180,320
node[1],35.422850,180,320
node[2],35.422850,180,320
node[3],35.422850,180,320
node[2],35.425297,172,320
node[1],35.425297,172,320
node[0],35.425297,172,320
node[1],35.426850,176,320
node[2],35.426850,176,320
node[3],35.426850,176,320
node[3],35.428171,176,320
node[1],35.428171,176,320
node[0],35.428171,176,320
node[2],35.440297,176,320
node[1],35.440297,176,320
node[0],35.440297,176,320
node[2],35.445297,180,320
node[1],35.445297,180,320
node[0],35.445297,180,320
node[3],35.451171,172,320
node[1],35.451171,172,320
node[0],35.451171,172,320
node[0],35.456148,172,320
node[2],35.456148,172,320
node[3],35.456148,172,320
node[0],35.457148,176,320
node[2],35.457148,176,320
node[3],35.457148,176,320
node[0],35.466147,180,320
node[2],35.466147,180,320
node[3],35.466147,180,320
node[2],35.475297,180,320
node[1],35.475297,180,320
node[0],35.475297,180,320
node[0],35.481147,172,320
node[2],35.481147,172,320
node[3],35.481147,172,320
node[0],35.507148,180,320
node[2],35.507148,180,320
node[3],35.507148,180,320
node[0],35.512148,172,320
node[2],35.512148,172,320
node[3],35.512148,172,320
node[3],35.518171,180,320
node[1],35.518171,180,320
node[0],35.518171,180,320
node[3],35.519171,176,320
node[1],35.519171,176,320
node[0],35.519171,176,320
node[2],35.531297,180,320
node[1],35.531297,180,320
node[0],35.531297,180,320
node[2],35.537297,172,320
node[1],35.537297,172,320
node[0],35.537297,172,320
node[3],35.539171,172,320
node[1],35.539171,172,320
node[0],35.539171,172,320
node[2],35.548297,176,320
node[1],35.548297,176,320
node[0],35.548297,176,320
node[2],35.565297,180,320
node[1],35.565297,180,320
node[0],35.565297,180,320
node[0],35.573148,176,320
node[2],35.573148,176,320
node[3],35.573148,176,320
node[3],35.576171,180,320
node[1],35.576171,180,320
node[0],35.576171,180,320
node[1],35.576850,172,320
node[2],35.576850,172,320
node[3],35.576850,172,320
node[1],35.583850,180,320
node[2],35.583850,180,320
node[3],35.583850,180,320
node[2],35.594297,176,320
node[1],35.594297,176,320
node[0],35.594297,176,320
node[1],35.606850,172,320
node[2],35.606850,172,320
node[3],35.606850,172,320
node[1],35.613850,180,320
node[2],35.613850,180,320
node[3],35.613850,180,320
node[1],35.617850,176,320
node[2],35.617850,176,320
node[3],35.617850,176,320
node[0],35.618148,172,320
node[2],35.618148,172,320
node[3],35.618148,172,320
node[0],35.626148,176,320
node[2],35.626148,176,320
node[3],35.626148,176,320
node[2],35.629297,180,320
node[1],35.629297,180,320
node[0],35.629297,180,320
node[1],35.631849,172,320
node[2],35.631849,172,320
node[3],35.631849,172,320
node[3],35.641171,172,320
node[1],35.641171,172,320
node[0],35.641171,172,320
node[0],35.643147,172,320
node[2],35.643147,172,320
node[3],35.643147,172,320
node[1],35.644850,180,320
node[2],35.644850,180,320
node[3],35.644850,180,320
node[0],35.651148,180,320
node[2],35.651148,180,320
node[3],35.651148,180,320
node[0],35.654148,176,320
node[2],35.654148,176,320
node[3],35.654148,176,320
node[2],35.655297,176,320
node[1],35.655297,176,320
node[0],35.655297,176,320
node[3],35.659171,176,320
node[1],35.659171,176,320
node[0],35.659171,176,320
node[2],35.663297,172,320
node[1],35.663297,172,320
node[0],35.663297,172,320
node[2],35.664297,180,320
node[1],35.664297,180,320
node[0],35.664297,180,320
node[0],35.668147,172,320
node[2],35.668147,172,320
node[3],35.668147,172,320
node[1],35.674850,176,320
node[2],35.674850,176,320
node[3],35.674850,176,320
node[0],35.676147,180,320
node[2],35.676147,180,320
node[3],35.676147,180,320
node[0],35.679147,176,320
node[2],35.679147,176,320
node[3],35.679147,176,320
node[2],35.680296,176,320
node[1],35.680296,176,320
node[0],35.680296,176,320
node[2],35.688296,172,320
node[1],35.688296,172,320
node[0],35.688296,172,320
node[2],35.689296,180,320
node[1],35.689296,180,320
node[0],35.689296,180,320
node[1],35.690850,172,320
node[2],35.690850,172,320
node[3],35.690850,172,320
node[0],35.694148,172,320
node[2],35.694148,172,320
node[3],35.694148,172,320
node[0],35.701147,180,320
node[2],35.701147,180,320
node[3],35.701147,180,320
node[2],35.722297,176,320
node[1],35.722297,176,320
node[0],35.722297,176,320
node[3],35.729171,176,320
node[1],35.729171,176,320
node[0],35.729171,176,320
node[3],35.732171,180,320
node[1],35.732171,180,320
node[0],35.732171,180,320
node[0],35.733148,172,320
node[2],35.733148,172,320
node[3],35.733148,172,320
node[3],35.745171,172,320
node[1],35.745171,172,320
node[0],35.745171,172,320
node[3],35.754171,176,320
node[1],35.754171,176,320
node[0],35.754171,176,320
node[1],35.760850,172,320
node[2],35.760850,172,320
node[3],35.760850,172,320
node[1],35.763850,176,320
node[2],35.763850,176,320
node[3],35.763850,176,320
node[3],35.773171,172,320
node[1],35.773171,172,320
node[0],35.773171,172,320
node[2],35.773297,180,320
node[1],35.773297,180,320
node[0],35.773297,180,320
node[0],35.783148,176,320
node[2],35.783148,176,320
node[3],35.783148,176,320
node[3],35.793171,180,320
node[1],35.793171,180,320
node[0],35.793171,180,320
node[0],35.797148,180,320
node[2],35.797148,180,320
node[3],35.797148,180,320
node[3],35.806171,172,320
node[1],35.806171,172,320
node[0],35.806171,172,320
node[2],35.806297,176,320
node[1],35.806297,176,320
node[0],35.806297,176,320
node[0],35.807148,172,320
node[2],35.807148,172,320
node[3],35.807148,172,320
node[0],35.812148,176,320
node[2],35.812148,176,320
node[3],35.812148,176,320
node[1],35.814850,172,320
node[2],35.814850,172,320
node[3],35.814850,172,320
node[1],35.816850,176,320
node[2],35.816850,176,320
node[3],35.816850,176,320
node[3],35.817531,176,320
node[1],35.817531,176,320
node[0],35.817531,176,320
node[3],35.822171,180,320
node[1],35.822171,180,320
node[0],35.822171,180,320
node[1],35.831850,180,320
node[2],35.831850,180,320
node[3],35.831850,180,320
node[3],35.836171,172,320
node[1],35.836171,172,320
node[0],35.836171,172,320
node[0],35.837148,176,320
node[2],35.837148,176,320
node[3],35.837148,176,320
node[3],35.875171,172,320
node[1],35.875171,172,320
node[0],35.875171,172,320
node[3],35.893171,176,320
node[1],35.893171,176,320
node[0],35.893171,176,320
node[3],35.895171,180,320
node[1],35.895171,180,320
node[0],35.895171,180,320
node[3],35.901171,172,320
node[1],35.901171,172,320
node[0],35.901171,172,320
node[1],35.907850,180,320
node[2],35.907850,180,320
node[3],35.907850,180,320
node[0],35.916148,176,320
node[2],35.916148,176,320
node[3],35.916148,176,320
node[3],35.918171,176,320
node[1],35.918171,176,320
node[0],35.918171,176,320
node[0],35.919148,180,320
node[2],35.919148,180,320
node[3],35.919148,180,320
node[1],35.920850,172,320
node[2],35.920850,172,320
node[3],35.920850,172,320
node[2],35.923297,176,320
node[1],35.923297,176,320
node[0],35.923297,176,320
node[3],35.927171,180,320
node[1],35.927171,180,320
node[0],35.927171,180,320
node[3],35.928171,172,320
node[1],35.928171,172,320
node[0],35.928171,172,320
node[2],35.936297,172,320
node[1],35.936297,172,320
node[0],35.936297,172,320
node[1],35.940850,176,320
node[2],35.940850,176,320
node[3],35.940850,176,320
node[2],35.941297,180,320
node[1],35.941297,180,320
node[0],35.941297,180,320
node[0],35.946148,172,320
node[2],35.946148,172,320
node[3],35.946148,172,320
node[1],35.949850,172,320
node[2],35.949850,172,320
node[3],35.949850,172,320
node[1],35.967850,176,320
node[2],35.967850,176,320
node[3],35.967850,176,320
node[3],35.968171,172,320
node[1],35.968171,172,320
node[0],35.968171,172,320
node[2],35.971297,176,320
node[1],35.971297,176,320
node[0],35.971297,176,320
node[0],35.976148,172,320
node[2],35.976148,172,320
node[3],35.976148,172,320
node[2],35.978297,172,320
node[1],35.978297,172,320
node[0],35.978297,172,320
node[0],35.986148,180,320
node[2],35.986148,180,320
node[3],35.986148,180,320
node[3],35.987171,180,320
node[1],35.987171,180,320
node[0],35.987171,180,320
node[3],35.988171,176,320
node[1],35.988171,176,320
node[0],35.988171,176,320
node[0],35.990148,176,320
node[2],35.990148,176,320
node[3],35.990148,176,320
node[1],35.996850,180,320
node[2],35.996850,180,320
node[3],35.996850,180,320
node[2],35.997635,180,320
node[1],35.997635,180,320
node[0],35.997635,180,320
node[0],36.001147,172,320
node[2],36.001147,172,320
node[3],36.001147,172,320
node[0],36.011147,180,320
node[2],36.011147,180,320
node[3],36.011147,180,320
node[3],36.011171,172,320
node[1],36.011171,172,320
node[0],36.011171,172,320
node[3],36.037171,172,320
node[1],36.037171,172,320
node[0],36.037171,172,320
node[2],36.038297,176,320
node[1],36.038297,176,320
node[0],36.038297,176,320
node[0],36.050148,176,320
node[2],36.050148,176,320
node[3],36.050148,176,320
node[1],36.054850,176,320
node[2],36.054850,176,320
node[3],36.054850,176,320
node[0],36.055148,172,320
node[2],36.055148,172,320
node[3],36.055148,172,320
node[2],36.059297,172,320
node[1],36.059297,172,320
node[0],36.059297,172,320
node[2],36.062297,180,320
node[1],36.062297,180,320
node[0],36.062297,180,320
node[2],36.063297,176,320
node[1],36.063297,176,320
node[0],36.063297,176,320
node[2],36.084296,172,320
node[1],36.084296,172,320
node[0],36.084296,172,320
node[3],36.099171,180,320
node[1],36.099171,180,320
node[0],36.099171,180,320
node[3],36.111171,172,320
node[1],36.111171,172,320
node[0],36.111171,172,320
node[2],36.117297,172,320
node[1],36.117297,172,320
node[0],36.117297,172,320
node[2],36.119297,176,320
node[1],36.119297,176,320
node[0],36.119297,176,320
node[3],36.124171,176,320
node[1],36.124171,176,320
node[0],36.124171,176,320
node[0],36.144148,176,320
node[2],36.144148,176,320
node[3],36.144148,176,320
node[0],36.145148,172,320
node[2],36.145148,172,320
node[3],36.145148,172,320
node[1],36.152850,172,320
node[2],36.152850,172,320
node[3],36.152850,172,320
node[0],36.157148,180,320
node[2],36.157148,180,320
node[3],36.157148,180,320
node[2],36.165297,180,320
node[1],36.165297,180,320
node[0],36.165297,180,320
node[3],36.166171,172,320
node[1],36.166171,172,320
node[0],36.166171,172,320
node[0],36.169147,176,320
node[2],36.169147,176,320
node[3],36.169147,176,320
node[1],36.169850,176,320
node[2],36.169850,176,320
node[3],36.169850,176,320
node[0],36.179148,172,320
node[2],36.179148,172,320
node[3],36.179148,172,320
node[3],36.182171,180,320
node[1],36.182171,180,320
node[0],36.182171,180,320
node[3],36.188171,176,320
node[1],36.188171,176,320
node[0],36.188171,176,320
node[3],36.193171,172,320
node[1],36.193171,172,320
node[0],36.193171,172,320
node[2],36.198297,176,320
node[1],36.198297,176,320
node[0],36.198297,176,320
node[3],36.207171,180,320
node[1],36.207171,180,320
node[0],36.207171,180,320
node[3],36.214171,176,320
node[1],36.214171,176,320
node[0],36.214171,176,320
node[2],36.234297,172,320
node[1],36.234297,172,320
node[0],36.234297,172,320
node[3],36.238171,172,320
node[1],36.238171,172,320
node[0],36.238171,172,320
node[2],36.240297,180,320
node[1],36.240297,180,320
node[0],36.240297,180,320
node[1],36.241850,172,320
node[2],36.241850,172,320
node[3],36.241850,172,320
node[0],36.269148,172,320
node[2],36.269148,172,320
node[3],36.269148,172,320
node[0],36.277148,176,320
node[2],36.277148,176,320
node[3],36.277148,176,320
node[0],36.280148,180,320
node[2],36.280148,180,320
node[3],36.280148,180,320
node[2],36.287297,172,320
node[1],36.287297,172,320
node[0],36.287297,172,320
node[0],36.294147,172,320
node[2],36.294147,172,320
node[3],36.294147,172,320
node[2],36.296297,180,320
node[1],36.296297,180,320
node[0],36.296297,180,320
node[3],36.307171,180,320
node[1],36.307171,180,320
node[0],36.307171,180,320
node[3],36.318171,176,320
node[1],36.318171,176,320
node[0],36.318171,176,320
node[0],36.320148,172,320
node[2],36.320148,172,320
node[3],36.320148,172,320
node[2],36.320297,176,320
node[1],36.320297,176,320
node[0],36.320297,176,320
node[1],36.323850,172,320
node[2],36.323850,172,320
node[3],36.323850,172,320
node[2],36.325297,172,320
node[1],36.325297,172,320
node[0],36.325297,172,320
node[0],36.337148,176,320
node[2],36.337148,176,320
node[3],36.337148,176,320
node[3],36.340171,172,320
node[1],36.340171,172,320
node[0],36.340171,172,320
node[1],36.343850,180,320
node[2],36.343850,180,320
node[3],36.343850,180,320
node[0],36.345147,172,320
node[2],36.345147,172,320
node[3],36.345147,172,320
node[2],36.345296,176,320
node[1],36.345296,176,320
node[0],36.345296,176,320
node[2],36.346296,180,320
node[1],36.346296,180,320
node[0],36.346296,180,320
node[2],36.350296,172,320
node[1],36.350296,172,320
node[0],36.350296,172,320
node[0],36.356148,180,320
node[2],36.356148,180,320
node[3],36.356148,180,320
node[3],36.372171,180,320
node[1],36.372171,180,320
node[0],36.372171,180,320
node[2],36.379297,180,320
node[1],36.379297,180,320
node[0],36.379297,180,320
node[3],36.399171,172,320
node[1],36.399171,172,320
node[0],36.399171,172,320
node[1],36.409850,172,320
node[2],36.409850,172,320
node[3],36.409850,172,320
node[0],36.411148,172,320
node[2],36.411148,172,320
node[3],36.411148,172,320
node[1],36.418850,180,320
node[2],36.418850,180,320
node[3],36.418850,180,320
node[1],36.420850,176,320
node[2],36.420850,176,320
node[3],36.420850,176,320
node[2],36.436297,172,320
node[1],36.436297,172,320
node[0],36.436297,172,320
node[3],36.438171,176,320
node[1],36.438171,176,320
node[0],36.438171,176,320
node[2],36.438297,180,320
node[1],36.438297,180,320
node[0],36.438297,180,320
node[0],36.441148,172,320
node[2],36.441148,172,320
node[3],36.441148,172,320
node[1],36.443850,180,320
node[2],36.443850,180,320
node[3],36.443850,180,320
node[3],36.449171,172,320
node[1],36.449171,172,320
node[0],36.449171,172,320
node[0],36.453148,180,320
node[2],36.453148,180,320
node[3],36.453148,180,320
node[0],36.457148,176,320
node[2],36.457148,176,320
node[3],36.457148,176,320
node[1],36.457850,176,320
node[2],36.457850,176,320
node[3],36.457850,176,320
node[0],36.478148,180,320
node[2],36.478148,180,320
node[3],36.478148,180,320
node[0],36.482148,176,320
node[2],36.482148,176,320
node[3],36.482148,176,320
node[3],36.483171,180,320
node[1],36.483171,180,320
node[0],36.483171,180,320
node[3],36.485171,176,320
node[1],36.485171,176,320
node[0],36.485171,176,320
node[3],36.496171,172,320
node[1],36.496171,172,320
node[0],36.496171,172,320
node[0],36.502148,172,320
node[2],36.502148,172,320
node[3],36.502148,172,320
node[3],36.508171,180,320
node[1],36.508171,180,320
node[0],36.508171,180,320
node[2],36.508297,172,320
node[1],36.508297,172,320
node[0],36.508297,172,320
node[1],36.516850,176,320
node[2],36.516850,176,320
node[3],36.516850,176,320
node[2],36.526297,180,320
node[1],36.526297,180,320
node[0],36.526297,180,320
node[0],36.538148,172,320
node[2],36.538148,172,320
node[3],36.538148,172,320
node[2],36.538790,172,320
node[1],36.538790,172,320
node[0],36.538790,172,320
node[2],36.562297,176,320
node[1],36.562297,176,320
node[0],36.562297,176,320
node[1],36.564850,176,320
node[2],36.564850,176,320
node[3],36.564850,176,320
node[0],36.567148,172,320
node[2],36.567148,172,320
node[3],36.567148,172,320
node[1],36.568850,172,320
node[2],36.568850,172,320
node[3],36.568850,172,320
node[0],36.579148,176,320
node[2],36.579148,176,320
node[3],36.579148,176,320
node[0],36.588148,180,320
node[2],36.588148,180,320
node[3],36.588148,180,320
node[1],36.590850,176,320
node[2],36.590850,176,320
node[3],36.590850,176,320
node[0],36.592147,172,320
node[2],36.592147,172,320
node[3],36.592147,172,320
node[3],36.601171,176,320
node[1],36.601171,176,320
node[0],36.601171,176,320
node[3],36.602171,180,320
node[1],36.602171,180,320
node[0],36.602171,180,320
node[2],36.603297,172,320
node[1],36.603297,172,320
node[0],36.603297,172,320
node[0],36.608148,176,320
node[2],36.608148,176,320
node[3],36.608148,176,320
node[1],36.611850,180,320
node[2],36.611850,180,320
node[3],36.611850,180,320
node[2],36.621297,176,320
node[1],36.621297,176,320
node[0],36.621297,176,320
node[2],36.626296,180,320
node[1],36.626296,180,320
node[0],36.626296,180,320
node[0],36.632148,172,320
node[2],36.632148,172,320
node[3],36.632148,172,320
node[2],36.650297,176,320
node[1],36.650297,176,320
node[0],36.650297,176,320
node[3],36.651171,176,320
node[1],36.651171,176,320
node[0],36.651171,176,320
node[0],36.656148,180,320
node[2],36.656148,180,320
node[3],36.656148,180,320
node[0],36.659148,172,320
node[2],36.659148,172,320
node[3],36.659148,172,320
node[0],36.663148,176,320
node[2],36.663148,176,320
node[3],36.663148,176,320
node[1],36.674850,172,320
node[2],36.674850,172,320
node[3],36.674850,172,320
node[0],36.681147,180,320
node[2],36.681147,180,320
node[3],36.681147,180,320
node[0],36.686148,172,320
node[2],36.686148,172,320
node[3],36.686148,172,320
node[3],36.690171,176,320
node[1],36.690171,176,320
node[0],36.690171,176,320
node[3],36.697171,172,320
node[1],36.697171,172,320
node[0],36.697171,172,320
node[3],36.720171,176,320
node[1],36.720171,176,320
node[0],36.720171,176,320
node[2],36.724297,176,320
node[1],36.724297,176,320
node[0],36.724297,176,320
node[2],36.734297,180,320
node[1],36.734297,180,320
node[0],36.734297,180,320
node[2],36.736297,172,320
node[1],36.736297,172,320
node[0],36.736297,172,320
node[0],36.746148,172,320
node[2],36.746148,172,320
node[3],36.746148,172,320
node[3],36.748171,172,320
node[1],36.748171,172,320
node[0],36.748171,172,320
node[2],36.749296,176,320
node[1],36.749296,176,320
node[0],36.749296,176,320
node[2],36.759296,180,320
node[1],36.759296,180,320
node[0],36.759296,180,320
node[2],36.761296,172,320
node[1],36.761296,172,320
node[0],36.761296,172,320
node[0],36.763148,180,320
node[2],36.763148,180,320
node[3],36.763148,180,320
node[3],36.763171,176,320
node[1],36.763171,176,320
node[0],36.763171,176,320
node[3],36.767171,180,320
node[1],36.767171,180,320
node[0],36.767171,180,320
node[3],36.773171,172,320
node[1],36.773171,172,320
node[0],36.773171,172,320
node[2],36.774296,176,320
node[1],36.774296,176,320
node[0],36.774296,176,320
node[0],36.776148,172,320
node[2],36.776148,172,320
node[3],36.776148,172,320
node[1],36.782850,172,320
node[2],36.782850,172,320
node[3],36.782850,172,320
node[0],36.784148,176,320
node[2],36.784148,176,320
node[3],36.784148,176,320
node[2],36.788297,180,320
node[1],36.788297,180,320
node[0],36.788297,180,320
node[0],36.795148,180,320
node[2],36.795148,180,320
node[3],36.795148,180,320
node[0],36.801147,172,320
node[2],36.801147,172,320
node[3],36.801147,172,320
node[1],36.808850,172,320
node[2],36.808850,172,320
node[3],36.808850,172,320
node[0],36.809148,176,320
node[2],36.809148,176,320
node[3],36.809148,176,320
node[2],36.816297,176,320
node[1],36.816297,176,320
node[0],36.816297,176,320
node[0],36.823148,180,320
node[2],36.823148,180,320
node[3],36.823148,180,320
node[3],36.828171,176,320
node[1],36.828171,176,320
node[0],36.828171,176,320
node[2],36.831297,172,320
node[1],36.831297,172,320
node[0],36.831297,172,320
node[2],36.860297,180,320
node[1],36.860297,180,320
node[0],36.860297,180,320
node[3],36.868171,176,320
node[1],36.868171,176,320
node[0],36.868171,176,320
node[0],36.871148,172,320
node[2],36.871148,172,320
node[3],36.871148,172,320
node[3],36.873171,172,320
node[1],36.873171,172,320
node[0],36.873171,172,320
node[3],36.878171,180,320
node[1],36.878171,180,320
node[0],36.878171,180,320
node[0],36.882148,176,320
node[2],36.882148,176,320
node[3],36.882148,176,320
node[1],36.884850,180,320
node[2],36.884850,180,320
node[3],36.884850,180,320
node[1],36.901850,172,320
node[2],36.901850,172,320
node[3],36.901850,172,320
node[2],36.903297,176,320
node[1],36.903297,176,320
node[0],36.903297,176,320
node[1],36.903952,176,320
node[2],36.903953,176,320
node[3],36.903953,176,320
node[0],36.907148,180,320
node[2],36.907148,180,320
node[3],36.907148,180,320
node[3],36.914171,176,320
node[1],36.914171,176,320
node[0],36.914171,176,320
node[0],36.919148,172,320
node[2],36.919148,172,320
node[3],36.919148,172,320
node[0],36.928148,176,320
node[2],36.928148,176,320
node[3],36.928148,176,320
node[3],36.929171,180,320
node[1],36.929171,180,320
node[0],36.929171,180,320
node[1],36.937850,176,320
node[2],36.937850,176,320
node[3],36.937850,176,320
node[1],36.950850,172,320
node[2],36.950850,172,320
node[3],36.950850,172,320
node[3],36.953171,176,320
node[1],36.953171,176,320
node[0],36.953171,176,320
node[1],36.974850,180,320
node[2],36.974850,180,320
node[3],36.974850,180,320
node[0],36.977148,180,320
node[2],36.977148,180,320
node[3],36.977148,180,320
node[2],36.979297,176,320
node[1],36.979297,176,320
node[0],36.979297,176,320
node[3],36.985171,180,320
node[1],36.985171,180,320
node[0],36.985171,180,320
node[3],37.007171,172,320
node[1],37.007171,172,320
node[0],37.007171,172,320
node[2],37.009297,176,320
node[1],37.009297,176,320
node[0],37.009297,176,320
node[2],37.020297,172,320
node[1],37.020297,172,320
node[0],37.020297,172,320
node[2],37.032297,180,320
node[1],37.032297,180,320
node[0],37.032297,180,320
node[2],37.039297,176,320
node[1],37.039297,176,320
node[0],37.039297,176,320
node[2],37.045296,172,320
node[1],37.045296,172,320
node[0],37.045296,172,320
node[2],37.057296,180,320
node[1],37.057296,180,320
node[0],37.057296,180,320
node[0],37.063148,176,320
node[2],37.063148,176,320
node[3],37.063148,176,320
node[0],37.070148,172,320
node[2],37.070148,172,320
node[3],37.070148,172,320
node[1],37.070850,176,320
node[2],37.070850,176,320
node[3],37.070850,176,320
node[3],37.074171,176,320
node[1],37.074171,176,320
node[0],37.074171,176,320
node[1],37.084850,172,320
node[2],37.084850,172,320
node[3],37.084850,172,320
node[0],37.087148,180,320
node[2],37.087148,180,320
node[3],37.087148,180,320
node[2],37.090297,176,320
node[1],37.090297,176,320
node[0],37.090297,176,320
node[3],37.092171,180,320
node[1],37.092171,180,320
node[0],37.092171,180,320
node[2],37.096297,172,320
node[1],37.096297,172,320
node[0],37.096297,172,320
node[1],37.098850,180,320
node[2],37.098850,180,320
node[3],37.098850,180,320
node[3],37.112171,176,320
node[1],37.112171,176,320
node[0],37.112171,176,320
node[0],37.116148,172,320
node[2],37.116148,172,320
node[3],37.116148,172,320
node[0],37.120148,176,320
node[2],37.120148,176,320
node[3],37.120148,176,320
node[2],37.125297,172,320
node[1],37.125297,172,320
node[0],37.125297,172,320
node[1],37.127850,176,320
node[2],37.127850,176,320
node[3],37.127850,176,320
node[1],37.133850,172,320
node[2],37.133850,172,320
node[3],37.133850,172,320
node[0],37.141147,172,320
node[2],37.141147,172,320
node[3],37.141147,172,320
node[1],37.143850,180,320
node[2],37.143850,180,320
node[3],37.143850,180,320
node[0],37.145147,176,320
node[2],37.145147,176,320
node[3],37.145147,176,320
node[3],37.148171,172,320
node[1],37.148171,172,320
node[0],37.148171,172,320
node[2],37.176297,176,320
node[1],37.176297,176,320
node[0],37.176297,176,320
node[2],37.192297,180,320
node[1],37.192297,180,320
node[0],37.192297,180,320
node[1],37.192850,172,320
node[2],37.192850,172,320
node[3],37.192850,172,320
node[2],37.207297,176,320
node[1],37.207297,176,320
node[0],37.207297,176,320
node[0],37.212148,172,320
node[2],37.212148,172,320
node[3],37.212148,172,320
node[3],37.215171,180,320
node[1],37.215171,180,320
node[0],37.215171,180,320
node[1],37.217850,172,320
node[2],37.217850,172,320
node[3],37.217850,172,320
node[3],37.221171,172,320
node[1],37.221171,172,320
node[0],37.221171,172,320
node[1],37.224850,180,320
node[2],37.224850,180,320
node[3],37.224850,180,320
node[2],37.234297,176,320
node[1],37.234297,176,320
node[0],37.234297,176,320
node[1],37.251850,176,320
node[2],37.251850,176,320
node[3],37.251850,176,320
node[1],37.257850,172,320
node[2],37.257850,172,320
node[3],37.257850,172,320
node[2],37.259297,180,320
node[1],37.259297,180,320
node[0],37.259297,180,320
node[3],37.264171,172,320
node[1],37.264171,172,320
node[0],37.264171,172,320
node[1],37.283850,180,320
node[2],37.283850,180,320
node[3],37.283850,180,320
node[3],37.288171,176,320
node[1],37.288171,176,320
node[0],37.288171,176,320
node[0],37.289148,180,320
node[2],37.289148,180,320
node[3],37.289148,180,320
node[0],37.293148,176,320
node[2],37.293148,176,320
node[3],37.293148,176,320
node[3],37.294171,180,320
node[1],37.294171,180,320
node[0],37.294171,180,320
node[0],37.324148,176,320
node[2],37.324148,176,320
node[3],37.324148,176,320
node[1],37.324850,176,320
node[2],37.324850,176,320
node[3],37.324850,176,320
node[1],37.335850,180,320
node[2],37.335850,180,320
node[3],37.335850,180,320
node[1],37.379850,172,320
node[2],37.379850,172,320
node[3],37.379850,172,320
node[2],37.380297,180,320
node[1],37.380297,180,320
node[0],37.380297,180,320
node[3],37.386171,180,320
node[1],37.386171,180,320
node[0],37.386171,180,320
node[3],37.387171,172,320
node[1],37.387171,172,320
node[0],37.387171,172,320
node[3],37.390171,176,320
node[1],37.390171,176,320
node[0],37.390171,176,320
node[0],37.393148,176,320
node[2],37.393148,176,320
node[3],37.393148,176,320
node[0],37.396148,172,320
node[2],37.396148,172,320
node[3],37.396148,172,320
node[2],37.402297,172,320
node[1],37.402297,172,320
node[0],37.402297,172,320
node[1],37.404850,172,320
node[2],37.404850,172,320
node[3],37.404850,172,320
node[3],37.411171,180,320
node[1],37.411171,180,320
node[0],37.411171,180,320
node[3],37.413171,172,320
node[1],37.413171,172,320
node[0],37.413171,172,320
node[2],37.416297,176,320
node[1],37.416297,176,320
node[0],37.416297,176,320
node[0],37.418148,176,320
node[2],37.418148,176,320
node[3],37.418148,176,320
node[0],37.420148,180,320
node[2],37.420148,180,320
node[3],37.420148,180,320
node[0],37.430148,172,320
node[2],37.430148,172,320
node[3],37.430148,172,320
node[1],37.433850,172,320
node[2],37.433850,172,320
node[3],37.433850,172,320
node[2],37.442297,172,320
node[1],37.442297,172,320
node[0],37.442297,172,320
node[0],37.448148,176,320
node[2],37.448148,176,320
node[3],37.448148,176,320
node[2],37.450297,180,320
node[1],37.450297,180,320
node[0],37.450297,180,320
node[3],37.453171,176,320
node[1],37.453171,176,320
node[0],37.453171,176,320
node[0],37.456148,172,320
node[2],37.456148,172,320
node[3],37.456148,172,320
node[1],37.459850,176,320
node[2],37.459850,176,320
node[3],37.459850,176,320
node[3],37.467171,172,320
node[1],37.467171,172,320
node[0],37.467171,172,320
node[0],37.470147,180,320
node[2],37.470147,180,320
node[3],37.470147,180,320
node[0],37.473147,176,320
node[2],37.473147,176,320
node[3],37.473147,176,320
node[2],37.474297,172,320
node[1],37.474297,172,320
node[0],37.474297,172,320
node[2],37.479297,180,320
node[1],37.479297,180,320
node[0],37.479297,180,320
node[2],37.483297,176,320
node[1],37.483297,176,320
node[0],37.483297,176,320
node[0],37.485148,172,320
node[2],37.485148,172,320
node[3],37.485148,172,320
node[2],37.502297,172,320
node[1],37.502297,172,320
node[0],37.502297,172,320
node[0],37.510148,180,320
node[2],37.510148,180,320
node[3],37.510148,180,320
node[2],37.513297,176,320
node[1],37.513297,176,320
node[0],37.513297,176,320
node[3],37.516171,172,320
node[1],37.516171,172,320
node[0],37.516171,172,320
node[2],37.527296,172,320
node[1],37.527296,172,320
node[0],37.527296,172,320
node[3],37.532171,180,320
node[1],37.532171,180,320
node[0],37.532171,180,320
node[1],37.536850,176,320
node[2],37.536850,176,320
node[3],37.536850,176,320
node[0],37.541148,176,320
node[2],37.541148,176,320
node[3],37.541148,176,320
node[1],37.548850,172,320
node[2],37.548850,172,320
node[3],37.548850,172,320
node[1],37.561850,176,320
node[2],37.561850,176,320
node[3],37.561850,176,320
node[0],37.574148,172,320
node[2],37.574148,172,320
node[3],37.574148,172,320
node[3],37.575171,176,320
node[1],37.575171,176,320
node[0],37.575171,176,320
node[0],37.580148,176,320
node[2],37.580148,176,320
node[3],37.580148,176,320
node[3],37.582171,180,320
node[1],37.582171,180,320
node[0],37.582171,180,320
node[2],37.584297,172,320
node[1],37.584297,172,320
node[0],37.584297,172,320
node[3],37.591171,172,320
node[1],37.591171,172,320
node[0],37.591171,172,320
node[2],37.593297,176,320
node[1],37.593297,176,320
node[0],37.593297,176,320
node[1],37.595850,172,320
node[2],37.595850,172,320
node[3],37.595850,172,320
node[1],37.605850,180,320
node[2],37.605850,180,320
node[3],37.605850,180,320
node[3],37.613171,180,320
node[1],37.613171,180,320
node[0],37.613171,180,320
node[3],37.614171,176,320
node[1],37.614171,176,320
node[0],37.614171,176,320
node[1],37.619850,176,320
node[2],37.619850,176,320
node[3],37.619850,176,320
node[2],37.627297,172,320
node[1],37.627297,172,320
node[0],37.627297,172,320
node[3],37.629171,172,320
node[1],37.629171,172,320
node[0],37.629171,172,320
node[0],37.635148,172,320
node[2],37.635148,172,320
node[3],37.635148,172,320
node[2],37.638297,176,320
node[1],37.638297,176,320
node[0],37.638297,176,320
node[3],37.641171,176,320
node[1],37.641171,176,320
node[0],37.641171,176,320
node[0],37.644148,176,320
node[2],37.644148,176,320
node[3],37.644148,176,320
node[1],37.651850,172,320
node[2],37.651850,172,320
node[3],37.651850,172,320
node[2],37.652531,172,320
node[1],37.652531,172,320
node[0],37.652531,172,320
node[1],37.653850,176,320
node[2],37.653850,176,320
node[3],37.653850,176,320
node[2],37.661297,180,320
node[1],37.661297,180,320
node[0],37.661297,180,320
node[3],37.664171,180,320
node[1],37.664171,180,320
node[0],37.664171,180,320
node[3],37.692171,172,320
node[1],37.692171,172,320
node[0],37.692171,172,320
node[3],37.693171,176,320
node[1],37.693171,176,320
node[0],37.693171,176,320
node[3],37.702171,180,320
node[1],37.702171,180,320
node[0],37.702171,180,320
node[2],37.702297,176,320
node[1],37.702297,176,320
node[0],37.702297,176,320
node[1],37.710850,172,320
node[2],37.710850,172,320
node[3],37.710850,172,320
node[2],37.713297,172,320
node[1],37.713297,172,320
node[0],37.713297,172,320
node[3],37.717171,172,320
node[1],37.717171,172,320
node[0],37.717171,172,320
node[0],37.722148,172,320
node[2],37.722148,172,320
node[3],37.722148,172,320
node[2],37.726296,180,320
node[1],37.726296,180,320
node[0],37.726296,180,320
node[2],37.727296,176,320
node[1],37.727296,176,320
node[0],37.727296,176,320
node[2],37.738296,172,320
node[1],37.738296,172,320
node[0],37.738296,172,320
node[3],37.742171,176,320
node[1],37.742171,176,320
node[0],37.742171,176,320
node[2],37.751296,180,320
node[1],37.751296,180,320
node[0],37.751296,180,320
node[2],37.752296,176,320
node[1],37.752296,176,320
node[0],37.752296,176,320
node[3],37.754171,172,320
node[1],37.754171,172,320
node[0],37.754171,172,320
node[0],37.756148,176,320
node[2],37.756148,176,320
node[3],37.756148,176,320
node[2],37.763296,172,320
node[1],37.763296,172,320
node[0],37.763296,172,320
node[1],37.765850,172,320
node[2],37.765850,172,320
node[3],37.765850,172,320
node[0],37.782148,172,320
node[2],37.782148,172,320
node[3],37.782148,172,320
node[3],37.783171,172,320
node[1],37.783171,172,320
node[0],37.783171,172,320
node[2],37.795297,172,320
node[1],37.795297,172,320
node[0],37.795297,172,320
node[3],37.816171,176,320
node[1],37.816171,176,320
node[0],37.816171,176,320
node[3],37.821171,180,320
node[1],37.821171,180,320
node[0],37.821171,180,320
node[2],37.833297,180,320
node[1],37.833297,180,320
node[0],37.833297,180,320
node[2],37.836297,172,320
node[1],37.836297,172,320
node[0],37.836297,172,320
node[2],37.839297,176,320
node[1],37.839297,176,320
node[0],37.839297,176,320
node[0],37.852148,180,320
node[2],37.852148,180,320
node[3],37.852148,180,320
node[1],37.856850,172,320
node[2],37.856850,172,320
node[3],37.856850,172,320
node[0],37.870148,176,320
node[2],37.870148,176,320
node[3],37.870148,176,320
node[0],37.877148,172,320
node[2],37.877148,172,320
node[3],37.877148,172,320
node[2],37.878297,176,320
node[1],37.878297,176,320
node[0],37.878297,176,320
node[0],37.883148,180,320
node[2],37.883148,180,320
node[3],37.883148,180,320
node[2],37.883297,172,320
node[1],37.883297,172,320
node[0],37.883297,172,320
node[1],37.907850,180,320
node[2],37.907850,180,320
node[3],37.907850,180,320
node[1],37.912850,176,320
node[2],37.912850,176,320
node[3],37.912850,176,320
node[3],37.919171,180,320
node[1],37.919171,180,320
node[0],37.919171,180,320
node[1],37.921850,172,320
node[2],37.921850,172,320
node[3],37.921850,172,320
node[2],37.925297,172,320
node[1],37.925297,172,320
node[0],37.925297,172,320
node[3],37.927171,172,320
node[1],37.927171,172,320
node[0],37.927171,172,320
node[3],37.937171,176,320
node[1],37.937171,176,320
node[0],37.937171,176,320
node[0],37.942148,172,320
node[2],37.942148,172,320
node[3],37.942148,172,320
node[1],37.944850,180,320
node[2],37.944850,180,320
node[3],37.944850,180,320
node[2],37.964297,180,320
node[1],37.964297,180,320
node[0],37.964297,180,320
node[1],37.966850,176,320
node[2],37.966850,176,320
node[3],37.966850,176,320
node[2],37.977297,172,320
node[1],37.977297,172,320
node[0],37.977297,172,320
node[1],37.978850,172,320
node[2],37.978850,172,320
node[3],37.978850,172,320
node[3],37.983171,176,320
node[1],37.983171,176,320
node[0],37.983171,176,320
node[0],37.991148,176,320
node[2],37.991148,176,320
node[3],37.991148,176,320
node[1],37.991849,176,320
node[2],37.991849,176,320
node[3],37.991849,176,320
node[0],37.992148,172,320
node[2],37.992148,172,320
node[3],37.992148,172,320
node[3],37.992171,180,320
node[1],37.992171,180,320
node[0],37.992171,180,320
node[2],37.994297,180,320
node[1],37.994297,180,320
node[0],37.994297,180,320
node[2],37.995297,176,320
node[1],37.995297,176,320
node[0],37.995297,176,320
node[0],38.001148,180,320
node[2],38.001148,180,320
node[3],38.001148,180,320
node[3],38.007171,172,320
node[1],38.007171,172,320
node[0],38.007171,172,320
node[1],38.008850,172,320
node[2],38.008850,172,320
node[3],38.008850,172,320
node[1],38.010850,180,320
node[2],38.010850,180,320
node[3],38.010850,180,320
node[2],38.013297,172,320
node[1],38.013297,172,320
node[0],38.013297,172,320
node[0],38.016147,176,320
node[2],38.016147,176,320
node[3],38.016147,176,320
node[2],38.020296,176,320
node[1],38.020296,176,320
node[0],38.020296,176,320
node[3],38.029171,176,320
node[1],38.029171,176,320
node[0],38.029171,176,320
node[0],38.036148,172,320
node[2],38.036148,172,320
node[3],38.036148,172,320
node[1],38.044850,180,320
node[2],38.044850,180,320
node[3],38.044850,180,320
node[2],38.054297,180,320
node[1],38.054297,180,320
node[0],38.054297,180,320
node[0],38.055148,180,320
node[2],38.055148,180,320
node[3],38.055148,180,320
node[2],38.057297,176,320
node[1],38.057297,176,320
node[0],38.057297,176,320
node[2],38.069297,172,320
node[1],38.069297,172,320
node[0],38.069297,172,320
node[1],38.078850,176,320
node[2],38.078850,176,320
node[3],38.078850,176,320
node[3],38.079171,172,320
node[1],38.079171,172,320
node[0],38.079171,172,320
node[2],38.079296,180,320
node[1],38.079296,180,320
node[0],38.079296,180,320
node[3],38.082171,180,320
node[1],38.082171,180,320
node[0],38.082171,180,320
node[1],38.083850,172,320
node[2],38.083850,172,320
node[3],38.083850,172,320
node[3],38.085171,176,320
node[1],38.085171,176,320
node[0],38.085171,176,320
node[0],38.088148,172,320
node[2],38.088148,172,320
node[3],38.088148,172,320
node[1],38.094849,180,320
node[2],38.094849,180,320
node[3],38.094849,180,320
node[0],38.095148,176,320
node[2],38.095148,176,320
node[3],38.095148,176,320
node[3],38.104171,172,320
node[1],38.104171,172,320
node[0],38.104171,172,320
node[1],38.106850,176,320
node[2],38.106850,176,320
node[3],38.106850,176,320
node[2],38.111297,176,320
node[1],38.111297,176,320
node[0],38.111297,176,320
node[1],38.115850,172,320
node[2],38.115850,172,320
node[3],38.115850,172,320
node[2],38.122297,172,320
node[1],38.122297,172,320
node[0],38.122297,172,320
node[3],38.128171,176,320
node[1],38.128171,176,320
node[0],38.128171,176,320
node[2],38.130297,180,320
node[1],38.130297,180,320
node[0],38.130297,180,320
node[1],38.143850,176,320
node[2],38.143850,176,320
node[3],38.143850,176,320
node[3],38.154171,172,320
node[1],38.154171,172,320
node[0],38.154171,172,320
node[3],38.161171,176,320
node[1],38.161171,176,320
node[0],38.161171,176,320
node[0],38.169148,176,320
node[2],38.169148,176,320
node[3],38.169148,176,320
node[2],38.170297,172,320
node[1],38.170297,172,320
node[0],38.170297,172,320
node[3],38.175171,180,320
node[1],38.175171,180,320
node[0],38.175171,180,320
node[0],38.185148,180,320
node[2],38.185148,180,320
node[3],38.185148,180,320
node[3],38.193171,176,320
node[1],38.193171,176,320
node[0],38.193171,176,320
node[2],38.193839,176,320
node[1],38.193840,176,320
node[0],38.193840,176,320
node[1],38.197850,180,320
node[2],38.197850,180,320
node[3],38.197850,180,320
node[2],38.215297,172,320
node[1],38.215297,172,320
node[0],38.215297,172,320
node[0],38.229148,176,320
node[2],38.229148,176,320
node[3],38.229148,176,320
node[1],38.235850,172,320
node[2],38.235850,172,320
node[3],38.235850,172,320
node[3],38.237171,172,320
node[1],38.237171,172,320
node[0],38.237171,172,320
node[2],38.247297,180,320
node[1],38.247297,180,320
node[0],38.247297,180,320
node[0],38.249148,172,320
node[2],38.249148,172,320
node[3],38.249148,172,320
node[3],38.250171,176,320
node[1],38.250171,176,320
node[0],38.250171,176,320
node[1],38.254850,176,320
node[2],38.254850,176,320
node[3],38.254850,176,320
node[1],38.260850,172,320
node[2],38.260850,172,320
node[3],38.260850,172,320
node[0],38.262148,180,320
node[2],38.262148,180,320
node[3],38.262148,180,320
node[3],38.262171,172,320
node[1],38.262171,172,320
node[0],38.262171,172,320
node[3],38.267171,180,320
node[1],38.267171,180,320
node[0],38.267171,180,320
node[2],38.273297,176,320
node[1],38.273297,176,320
node[0],38.273297,176,320
node[0],38.274148,176,320
node[2],38.274148,176,320
node[3],38.274148,176,320
node[3],38.275171,176,320
node[1],38.275171,176,320
node[0],38.275171,176,320
node[0],38.280148,172,320
node[2],38.280148,172,320
node[3],38.280148,172,320
node[3],38.287171,172,320
node[1],38.287171,172,320
node[0],38.287171,172,320
node[0],38.295148,180,320
node[2],38.295148,180,320
node[3],38.295148,180,320
node[0],38.310148,172,320
node[2],38.310148,172,320
node[3],38.310148,172,320
node[3],38.312171,172,320
node[1],38.312171,172,320
node[0],38.312171,172,320
node[0],38.327148,176,320
node[2],38.327148,176,320
node[3],38.327148,176,320
node[1],38.336850,172,320
node[2],38.336850,172,320
node[3],38.336850,172,320
node[0],38.337505,172,320
node[2],38.337505,172,320
node[3],38.337505,172,320
node[2],38.347297,176,320
node[1],38.347297,176,320
node[0],38.347297,176,320
node[0],38.350147,180,320
node[2],38.350147,180,320
node[3],38.350147,180,320
node[3],38.353171,172,320
node[1],38.353171,172,320
node[0],38.353171,172,320
node[3],38.371171,180,320
node[1],38.371171,180,320
node[0],38.371171,180,320
node[0],38.373148,172,320
node[2],38.373148,172,320
node[3],38.373148,172,320
node[0],38.375148,180,320
node[2],38.375148,180,320
node[3],38.375148,180,320
node[3],38.382171,172,320
node[1],38.382171,172,320
node[0],38.382171,172,320
node[2],38.385297,172,320
node[1],38.385297,172,320
node[0],38.385297,172,320
node[3],38.387171,176,320
node[1],38.387171,176,320
node[0],38.387171,176,320
node[2],38.393297,176,320
node[1],38.393297,176,320
node[0],38.393297,176,320
node[3],38.396171,180,320
node[1],38.396171,180,320
node[0],38.396171,180,320
node[0],38.397148,176,320
node[2],38.397148,176,320
node[3],38.397148,176,320
node[0],38.405148,172,320
node[2],38.405148,172,320
node[3],38.405148,172,320
node[3],38.407171,172,320
node[1],38.407171,172,320
node[0],38.407171,172,320
node[3],38.412171,176,320
node[1],38.412171,176,320
node[0],38.412171,176,320
node[0],38.418148,180,320
node[2],38.418148,180,320
node[3],38.418148,180,320
node[3],38.421171,180,320
node[1],38.421171,180,320
node[0],38.421171,180,320
node[2],38.421297,172,320
node[1],38.421297,172,320
node[0],38.421297,172,320
node[2],38.423297,176,320
node[1],38.423297,176,320
node[0],38.423297,176,320
node[2],38.438297,180,320
node[1],38.438297,180,320
node[0],38.438297,180,320
node[3],38.442171,172,320
node[1],38.442171,172,320
node[0],38.442171,172,320
node[3],38.446171,176,320
node[1],38.446171,176,320
node[0],38.446171,176,320
node[2],38.446296,172,320
node[1],38.446296,172,320
node[0],38.446296,172,320
node[1],38.446951,172,320
node[2],38.446952,172,320
node[3],38.446952,172,320
node[2],38.456297,176,320
node[1],38.456297,176,320
node[0],38.456297,176,320
node[1],38.459850,176,320
node[2],38.459850,176,320
node[3],38.459850,176,320
node[0],38.465148,172,320
node[2],38.465148,172,320
node[3],38.465148,172,320
node[2],38.467297,180,320
node[1],38.467297,180,320
node[0],38.467297,180,320
node[2],38.483297,176,320
node[1],38.483297,176,320
node[0],38.483297,176,320
node[0],38.487148,180,320
node[2],38.487148,180,320
node[3],38.487148,180,320
node[0],38.493148,176,320
node[2],38.493148,176,320
node[3],38.493148,176,320
node[0],38.496148,172,320
node[2],38.496148,172,320
node[3],38.496148,172,320
node[1],38.506850,180,320
node[2],38.506850,180,320
node[3],38.506850,180,320
node[0],38.512147,180,320
node[2],38.512147,180,320
node[3],38.512147,180,320
node[0],38.518147,176,320
node[2],38.518147,176,320
node[3],38.518147,176,320
node[1],38.551850,172,320
node[2],38.551850,172,320
node[3],38.551850,172,320
node[0],38.557148,172,320
node[2],38.557148,172,320
node[3],38.557148,172,320
node[1],38.563850,176,320
node[2],38.563850,176,320
node[3],38.563850,176,320
node[2],38.578297,176,320
node[1],38.578297,176,320
node[0],38.578297,176,320
node[3],38.591171,172,320
node[1],38.591171,172,320
node[0],38.591171,172,320
node[3],38.597171,180,320
node[1],38.597171,180,320
node[0],38.597171,180,320
node[3],38.611171,176,320
node[1],38.611171,176,320
node[0],38.611171,176,320
node[0],38.616148,176,320
node[2],38.616148,176,320
node[3],38.616148,176,320
node[3],38.617171,172,320
node[1],38.617171,172,320
node[0],38.617171,172,320
node[0],38.622148,180,320
node[2],38.622148,180,320
node[3],38.622148,180,320
node[0],38.623148,172,320
node[2],38.623148,172,320
node[3],38.623148,172,320
node[1],38.630850,172,320
node[2],38.630850,172,320
node[3],38.630850,172,320
node[1],38.634850,180,320
node[2],38.634850,180,320
node[3],38.634850,180,320
node[3],38.636171,176,320
node[1],38.636171,176,320
node[0],38.636171,176,320
node[2],38.636297,180,320
node[1],38.636297,180,320
node[0],38.636297,180,320
node[1],38.643850,176,320
node[2],38.643850,176,320
node[3],38.643850,176,320
node[2],38.646297,172,320
node[1],38.646297,172,320
node[0],38.646297,172,320
node[2],38.653297,176,320
node[1],38.653297,176,320
node[0],38.653297,176,320
node[3],38.673171,176,320
node[1],38.673171,176,320
node[0],38.673171,176,320
node[0],38.679148,172,320
node[2],38.679148,172,320
node[3],38.679148,172,320
node[0],38.690148,176,320
node[2],38.690148,176,320
node[3],38.690148,176,320
node[2],38.713297,176,320
node[1],38.713297,176,320
node[0],38.713297,176,320
node[2],38.714297,172,320
node[1],38.714297,172,320
node[0],38.714297,172,320
node[1],38.736850,180,320
node[2],38.736850,180,320
node[3],38.736850,180,320
node[0],38.746148,172,320
node[2],38.746148,172,320
node[3],38.746148,172,320
node[2],38.748297,172,320
node[1],38.748297,172,320
node[0],38.748297,172,320
node[2],38.751297,180,320
node[1],38.751297,180,320
node[0],38.751297,180,320
node[0],38.761148,180,320
node[2],38.761148,180,320
node[3],38.761148,180,320
node[0],38.765148,176,320
node[2],38.765148,176,320
node[3],38.765148,176,320
node[0],38.778148,172,320
node[2],38.778148,172,320
node[3],38.778148,172,320
node[1],38.784850,172,320
node[2],38.784850,172,320
node[3],38.784850,172,320
node[1],38.786850,180,320
node[2],38.786850,180,320
node[3],38.786850,180,320
node[0],38.789148,180,320
node[2],38.789148,180,320
node[3],38.789148,180,320
node[3],38.800171,176,320
node[1],38.800171,176,320
node[0],38.800171,176,320
node[0],38.805148,172,320
node[2],38.805148,172,320
node[3],38.805148,172,320
node[3],38.805790,172,320
node[1],38.805790,172,320
node[0],38.805790,172,320
node[2],38.814297,172,320
node[1],38.814297,172,320
node[0],38.814297,172,320
node[1],38.826850,180,320
node[2],38.826850,180,320
node[3],38.826850,180,320
node[1],38.836850,172,320
node[2],38.836850,172,320
node[3],38.836850,172,320
node[2],38.837297,180,320
node[1],38.837297,180,320
node[0],38.837297,180,320
node[0],38.838148,172,320
node[2],38.838148,172,320
node[3],38.838148,172,320
node[3],38.849171,176,320
node[1],38.849171,176,320
node[0],38.849171,176,320
node[0],38.852148,176,320
node[2],38.852148,176,320
node[3],38.852148,176,320
node[3],38.855171,172,320
node[1],38.855171,172,320
node[0],38.855171,172,320
node[0],38.860148,180,320
node[2],38.860148,180,320
node[3],38.860148,180,320
node[3],38.873171,180,320
node[1],38.873171,180,320
node[0],38.873171,180,320
node[2],38.882297,180,320
node[1],38.882297,180,320
node[0],38.882297,180,320
node[1],38.882850,176,320
node[2],38.882850,176,320
node[3],38.882850,176,320
node[1],38.884850,180,320
node[2],38.884850,180,320
node[3],38.884850,180,320
node[0],38.886148,180,320
node[2],38.886148,180,320
node[3],38.886148,180,320
node[0],38.887148,176,320
node[2],38.887148,176,320
node[3],38.887148,176,320
node[2],38.900297,176,320
node[1],38.900297,176,320
node[0],38.900297,176,320
node[0],38.906148,172,320
node[2],38.906148,172,320
node[3],38.906148,172,320
node[1],38.911850,176,320
node[2],38.911850,176,320
node[3],38.911850,176,320
node[0],38.914148,180,320
node[2],38.914148,180,320
node[3],38.914148,180,320
node[1],38.914850,172,320
node[2],38.914850,172,320
node[3],38.914850,172,320
node[0],38.915148,176,320
node[2],38.915148,176,320
node[3],38.915148,176,320
node[1],38.916850,180,320
node[2],38.916850,180,320
node[3],38.916850,180,320
node[1],38.936849,176,320
node[2],38.936849,176,320
node[3],38.936849,176,320
node[2],38.950297,180,320
node[1],38.950297,180,320
node[0],38.950297,180,320
node[2],38.961297,172,320
node[1],38.961297,172,320
node[0],38.961297,172,320
node[3],38.962171,172,320
node[1],38.962171,172,320
node[0],38.962171,172,320
node[0],38.970148,172,320
node[2],38.970148,172,320
node[3],38.970148,172,320
node[1],38.970850,180,320
node[2],38.970850,180,320
node[3],38.970850,180,320
node[0],38.974148,176,320
node[2],38.974148,176,320
node[3],38.974148,176,320
node[1],38.976850,176,320
node[2],38.976850,176,320
node[3],38.976850,176,320
node[1],38.981850,172,320
node[2],38.981850,172,320
node[3],38.981850,172,320
node[2],38.984297,180,320
node[1],38.984297,180,320
node[0],38.984297,180,320
node[0],38.991148,180,320
node[2],38.991148,180,320
node[3],38.991148,180,320
node[1],38.995849,180,320
node[2],38.995849,180,320
node[3],38.995849,180,320
node[0],39.035148,176,320
node[2],39.035148,176,320
node[3],39.035148,176,320
node[1],39.036850,172,320
node[2],39.036850,172,320
node[3],39.036850,172,320
node[1],39.038850,180,320
node[2],39.038850,180,320
node[3],39.038850,180,320
node[3],39.040171,172,320
node[1],39.040171,172,320
node[0],39.040171,172,320
node[2],39.044297,172,320
node[1],39.044297,172,320
node[0],39.044297,172,320
node[1],39.048850,176,320
node[2],39.048850,176,320
node[3],39.048850,176,320
node[0],39.054148,180,320
node[2],39.054148,180,320
node[3],39.054148,180,320
node[1],39.061849,172,320
node[2],39.061849,172,320
node[3],39.061849,172,320
node[0],39.067148,176,320
node[2],39.067148,176,320
node[3],39.067148,176,320
node[1],39.073849,176,320
node[2],39.073849,176,320
node[3],39.073849,176,320
node[1],39.086849,172,320
node[2],39.086849,172,320
node[3],39.086849,172,320
node[0],39.087504,172,320
node[2],39.087504,172,320
node[3],39.087504,172,320
node[0],39.089148,180,320
node[2],39.089148,180,320
node[3],39.089148,180,320
node[1],39.093850,180,320
node[2],39.093850,180,320
node[3],39.093850,180,320
node[2],39.096297,180,320
node[1],39.096297,180,320
node[0],39.096297,180,320
node[1],39.112850,176,320
node[2],39.112850,176,320
node[3],39.112850,176,320
node[0],39.117148,180,320
node[2],39.117148,180,320
node[3],39.117148,180,320
node[2],39.121297,176,320
node[1],39.121297,176,320
node[0],39.121297,176,320
node[1],39.133850,172,320
node[2],39.133850,172,320
node[3],39.133850,172,320
node[0],39.141148,176,320
node[2],39.141148,176,320
node[3],39.141148,176,320
node[1],39.148850,176,320
node[2],39.148850,176,320
node[3],39.148850,176,320
node[2],39.152297,172,320
node[1],39.152297,172,320
node[0],39.152297,172,320
node[0],39.169148,180,320
node[2],39.169148,180,320
node[3],39.169148,180,320
node[1],39.172850,172,320
node[2],39.172850,172,320
node[3],39.172850,172,320
node[0],39.174148,176,320
node[2],39.174148,176,320
node[3],39.174148,176,320
node[3],39.181171,180,320
node[1],39.181171,180,320
node[0],39.181171,180,320
node[2],39.201297,176,320
node[1],39.201297,176,320
node[0],39.201297,176,320
node[3],39.217171,176,320
node[1],39.217171,176,320
node[0],39.217171,176,320
node[3],39.219171,172,320
node[1],39.219171,172,320
node[0],39.219171,172,320
node[1],39.223850,172,320
node[2],39.223850,172,320
node[3],39.223850,172,320
node[3],39.224171,180,320
node[1],39.224171,180,320
node[0],39.224171,180,320
node[1],39.233850,176,320
node[2],39.233850,176,320
node[3],39.233850,176,320
node[3],39.242171,176,320
node[1],39.242171,176,320
node[0],39.242171,176,320
node[1],39.244850,180,320
node[2],39.244850,180,320
node[3],39.244850,180,320
node[3],39.256171,172,320
node[1],39.256171,172,320
node[0],39.256171,172,320
node[2],39.262297,176,320
node[1],39.262297,176,320
node[0],39.262297,176,320
node[1],39.269850,176,320
node[2],39.269850,176,320
node[3],39.269850,176,320
node[0],39.282148,176,320
node[2],39.282148,176,320
node[3],39.282148,176,320
node[0],39.287148,180,320
node[2],39.287148,180,320
node[3],39.287148,180,320
node[3],39.293171,180,320
node[1],39.293171,180,320
node[0],39.293171,180,320
node[0],39.300148,172,320
node[2],39.300148,172,320
node[3],39.300148,172,320
node[3],39.300171,176,320
node[1],39.300171,176,320
node[0],39.300171,176,320
node[3],39.303171,172,320
node[1],39.303171,172,320
node[0],39.303171,172,320
node[1],39.303850,176,320
node[2],39.303850,176,320
node[3],39.303850,176,320
node[3],39.318171,180,320
node[1],39.318171,180,320
node[0],39.318171,180,320
node[3],39.325171,176,320
node[1],39.325171,176,320
node[0],39.325171,176,320
node[2],39.328297,176,320
node[1],39.328297,176,320
node[0],39.328297,176,320
node[1],39.345850,176,320
node[2],39.345850,176,320
node[3],39.345850,176,320
node[2],39.347297,180,320
node[1],39.347297,180,320
node[0],39.347297,180,320
node[3],39.349171,172,320
node[1],39.349171,172,320
node[0],39.349171,172,320
node[0],39.361148,176,320
node[2],39.361148,176,320
node[3],39.361148,176,320
node[2],39.386297,176,320
node[1],39.386297,176,320
node[0],39.386297,176,320
node[0],39.391148,176,320
node[2],39.391148,176,320
node[3],39.391148,176,320
node[1],39.398850,172,320
node[2],39.398850,172,320
node[3],39.398850,172,320
node[2],39.413297,172,320
node[1],39.413297,172,320
node[0],39.413297,172,320
node[2],39.414297,176,320
node[1],39.414297,176,320
node[0],39.414297,176,320
node[0],39.415148,180,320
node[2],39.415148,180,320
node[3],39.415148,180,320
node[2],39.426296,180,320
node[1],39.426296,180,320
node[0],39.426296,180,320
node[0],39.428148,176,320
node[2],39.428148,176,320
node[3],39.428148,176,320
node[2],39.438296,172,320
node[1],39.438296,172,320
node[0],39.438296,172,320
node[3],39.447171,172,320
node[1],39.447171,172,320
node[0],39.447171,172,320
node[0],39.456148,172,320
node[2],39.456148,172,320
node[3],39.456148,172,320
node[1],39.456850,172,320
node[2],39.456850,172,320
node[3],39.456850,172,320
node[1],39.467850,176,320
node[2],39.467850,176,320
node[3],39.467850,176,320
node[3],39.470171,176,320
node[1],39.470171,176,320
node[0],39.470171,176,320
node[2],39.481297,180,320
node[1],39.481297,180,320
node[0],39.481297,180,320
node[1],39.498850,172,320
node[2],39.498850,172,320
node[3],39.498850,172,320
node[2],39.516297,176,320
node[1],39.516297,176,320
node[0],39.516297,176,320
node[0],39.520148,176,320
node[2],39.520148,176,320
node[3],39.520148,176,320
node[1],39.521850,176,320
node[2],39.521850,176,320
node[3],39.521850,176,320
node[0],39.522148,172,320
node[2],39.522148,172,320
node[3],39.522148,172,320
node[2],39.523297,172,320
node[1],39.523297,172,320
node[0],39.523297,172,320
node[2],39.531296,180,320
node[1],39.531296,180,320
node[0],39.531296,180,320
node[0],39.545147,176,320
node[2],39.545147,176,320
node[3],39.545147,176,320
node[1],39.546850,172,320
node[2],39.546850,172,320
node[3],39.546850,172,320
node[0],39.554148,180,320
node[2],39.554148,180,320
node[3],39.554148,180,320
node[2],39.569297,172,320
node[1],39.569297,172,320
node[0],39.569297,172,320
node[1],39.576850,180,320
node[2],39.576850,180,320
node[3],39.576850,180,320
node[3],39.585171,172,320
node[1],39.585171,172,320
node[0],39.585171,172,320
node[1],39.588850,176,320
node[2],39.588850,176,320
node[3],39.588850,176,320
node[2],39.590297,176,320
node[1],39.590297,176,320
node[0],39.590297,176,320
node[0],39.592148,172,320
node[2],39.592148,172,320
node[3],39.592148,172,320
node[1],39.598850,172,320
node[2],39.598850,172,320
node[3],39.598850,172,320
node[3],39.610171,176,320
node[1],39.610171,176,320
node[0],39.610171,176,320
node[1],39.621850,180,320
node[2],39.621850,180,320
node[3],39.621850,180,320
node[3],39.622609,180,320
node[1],39.622609,180,320
node[0],39.622609,180,320
node[2],39.623297,176,320
node[1],39.623297,176,320
node[0],39.623297,176,320
node[0],39.624148,172,320
node[2],39.624148,172,320
node[3],39.624148,172,320
node[1],39.632850,176,320
node[2],39.632850,176,320
node[3],39.632850,176,320
node[3],39.638171,172,320
node[1],39.638171,172,320
node[0],39.638171,172,320
node[2],39.638297,180,320
node[1],39.638297,180,320
node[0],39.638297,180,320
node[2],39.639297,172,320
node[1],39.639297,172,320
node[0],39.639297,172,320
node[2],39.648296,176,320
node[1],39.648296,176,320
node[0],39.648296,176,320
node[3],39.651171,176,320
node[1],39.651171,176,320
node[0],39.651171,176,320
node[0],39.657148,180,320
node[2],39.657148,180,320
node[3],39.657148,180,320
node[1],39.657850,176,320
node[2],39.657850,176,320
node[3],39.657850,176,320
node[1],39.658850,172,320
node[2],39.658850,172,320
node[3],39.658850,172,320
node[2],39.692297,180,320
node[1],39.692297,180,320
node[0],39.692297,180,320
node[3],39.697171,172,320
node[1],39.697171,172,320
node[0],39.697171,172,320
node[0],39.699148,172,320
node[2],39.699148,172,320
node[3],39.699148,172,320
node[0],39.704148,180,320
node[2],39.704148,180,320
node[3],39.704148,180,320
node[0],39.708148,176,320
node[2],39.708148,176,320
node[3],39.708148,176,320
node[2],39.711297,176,320
node[1],39.711297,176,320
node[0],39.711297,176,320
node[2],39.714297,172,320
node[1],39.714297,172,320
node[0],39.714297,172,320
node[1],39.719850,176,320
node[2],39.719850,176,320
node[3],39.719850,176,320
node[0],39.724147,172,320
node[2],39.724147,172,320
node[3],39.724147,172,320
node[3],39.731171,172,320
node[1],39.731171,172,320
node[0],39.731171,172,320
node[0],39.733147,176,320
node[2],39.733147,176,320
node[3],39.733147,176,320
node[3],39.733828,176,320
node[1],39.733828,176,320
node[0],39.733828,176,320
node[1],39.739918,180,320
node[2],39.739918,180,320
node[3],39.739918,180,320
node[2],39.743297,180,320
node[1],39.743297,180,320
node[0],39.743297,180,320
node[0],39.749147,172,320
node[2],39.749147,172,320
node[3],39.749147,172,320
node[1],39.749850,172,320
node[2],39.749850,172,320
node[3],39.749850,172,320
node[2],39.753297,172,320
node[1],39.753297,172,320
node[0],39.753297,172,320
node[0],39.754147,180,320
node[2],39.754147,180,320
node[3],39.754147,180,320
node[1],39.754850,176,320
node[2],39.754850,176,320
node[3],39.754850,176,320
node[0],39.758147,176,320
node[2],39.758147,176,320
node[3],39.758147,176,320
node[0],39.774147,172,320
node[2],39.774147,172,320
node[3],39.774147,172,320
node[1],39.774849,172,320
node[2],39.774849,172,320
node[3],39.774849,172,320
node[1],39.779849,176,320
node[2],39.779849,176,320
node[3],39.779849,176,320
node[3],39.781171,180,320
node[1],39.781171,180,320
node[0],39.781171,180,320
node[0],39.787148,176,320
node[2],39.787148,176,320
node[3],39.787148,176,320
node[1],39.789849,180,320
node[2],39.789849,180,320
node[3],39.789849,180,320
node[3],39.798171,172,320
node[1],39.798171,172,320
node[0],39.798171,172,320
node[2],39.802297,176,320
node[1],39.802297,176,320
node[0],39.802297,176,320
node[3],39.813171,176,320
node[1],39.813171,176,320
node[0],39.813171,176,320
node[2],39.821297,172,320
node[1],39.821297,172,320
node[0],39.821297,172,320
node[1],39.823850,172,320
node[2],39.823850,172,320
node[3],39.823850,172,320
node[0],39.839148,172,320
node[2],39.839148,172,320
node[3],39.839148,172,320
node[1],39.843850,180,320
node[2],39.843850,180,320
node[3],39.843850,180,320
node[0],39.853148,176,320
node[2],39.853148,176,320
node[3],39.853148,176,320
node[2],39.855297,180,320
node[1],39.855297,180,320
node[0],39.855297,180,320
node[3],39.861171,172,320
node[1],39.861171,172,320
node[0],39.861171,172,320
node[0],39.873148,172,320
node[2],39.873148,172,320
node[3],39.873148,172,320
node[0],39.877148,180,320
node[2],39.877148,180,320
node[3],39.877148,180,320
node[3],39.878076,180,320
node[1],39.878076,180,320
node[0],39.878076,180,320
node[3],39.886171,172,320
node[1],39.886171,172,320
node[0],39.886171,172,320
node[2],39.891297,172,320
node[1],39.891297,172,320
node[0],39.891297,172,320
node[3],39.892171,176,320
node[1],39.892171,176,320
node[0],39.892171,176,320
node[2],39.896297,176,320
node[1],39.896297,176,320
node[0],39.896297,176,320
node[1],39.901850,176,320
node[2],39.901850,176,320
node[3],39.901850,176,320
node[3],39.902171,180,320
node[1],39.902171,180,320
node[0],39.902171,180,320
node[3],39.915171,172,320
node[1],39.915171,172,320
node[0],39.915171,172,320
node[2],39.916296,172,320
node[1],39.916296,172,320
node[0],39.916296,172,320
node[0],39.920148,180,320
node[2],39.920148,180,320
node[3],39.920148,180,320
node[2],39.922297,176,320
node[1],39.922297,176,320
node[0],39.922297,176,320
node[0],39.925148,172,320
node[2],39.925148,172,320
node[3],39.925148,172,320
node[2],39.926296,180,320
node[1],39.926296,180,320
node[0],39.926296,180,320
node[3],39.930171,180,320
node[1],39.930171,180,320
node[0],39.930171,180,320
node[0],39.931148,176,320
node[2],39.931148,176,320
node[3],39.931148,176,320
node[3],39.940171,176,320
node[1],39.940171,176,320
node[0],39.940171,176,320
node[3],39.954171,172,320
node[1],39.954171,172,320
node[0],39.954171,172,320
node[2],39.955956,180,320
node[1],39.955956,180,320
node[0],39.955956,180,320
node[3],39.965171,176,320
node[1],39.965171,176,320
node[0],39.965171,176,320
node[1],39.965850,172,320
node[2],39.965850,172,320
node[3],39.965850,172,320
node[3],39.979171,172,320
node[1],39.979171,172,320
node[0],39.979171,172,320
node[0],39.985148,172,320
node[2],39.985148,172,320
node[3],39.985148,172,320
node[0],39.988148,180,320
node[2],39.988148,180,320
node[3],39.988148,180,320
node[3],39.990171,180,320
node[1],39.990171,180,320
node[0],39.990171,180,320
node[0],40.025148,172,320
node[2],40.025148,172,320
node[3],40.025148,172,320
node[1],40.033850,180,320
node[2],40.033850,180,320
node[3],40.033850,180,320
node[2],40.043297,172,320
node[1],40.043297,172,320
node[0],40.043297,172,320
node[1],40.046850,172,320
node[2],40.046850,172,320
node[3],40.046850,172,320
node[1],40.058850,176,320
node[2],40.058850,176,320
node[3],40.058850,176,320
node[2],40.070297,172,320
node[1],40.070297,172,320
node[0],40.070297,172,320
node[0],40.073148,176,320
node[2],40.073148,176,320
node[3],40.073148,176,320
node[2],40.082297,176,320
node[1],40.082297,176,320
node[0],40.082297,176,320
node[2],40.097297,180,320
node[1],40.097297,180,320
node[0],40.097297,180,320
node[0],40.098148,180,320
node[2],40.098148,180,320
node[3],40.098148,180,320
node[2],40.101297,172,320
node[1],40.101297,172,320
node[0],40.101297,172,320
node[3],40.121171,172,320
node[1],40.121171,172,320
node[0],40.121171,172,320
node[1],40.123850,172,320
node[2],40.123850,172,320
node[3],40.123850,172,320
node[3],40.132171,180,320
node[1],40.132171,180,320
node[0],40.132171,180,320
node[3],40.135171,176,320
node[1],40.135171,176,320
node[0],40.135171,176,320
node[0],40.136148,176,320
node[2],40.136148,176,320
node[3],40.136148,176,320
node[0],40.141148,172,320
node[2],40.141148,172,320
node[3],40.141148,172,320
node[1],40.141850,176,320
node[2],40.141850,176,320
node[3],40.141850,176,320
node[3],40.146171,172,320
node[1],40.146171,172,320
node[0],40.146171,172,320
node[1],40.148849,172,320
node[2],40.148849,172,320
node[3],40.148849,172,320
node[0],40.150147,180,320
node[2],40.150147,180,320
node[3],40.150147,180,320
node[3],40.160171,176,320
node[1],40.160171,176,320
node[0],40.160171,176,320
node[1],40.166849,176,320
node[2],40.166849,176,320
node[3],40.166849,176,320
node[0],40.167491,176,320
node[2],40.167491,176,320
node[3],40.167491,176,320
node[3],40.171171,172,320
node[1],40.171171,172,320
node[0],40.171171,172,320
node[2],40.177297,180,320
node[1],40.177297,180,320
node[0],40.177297,180,320
node[3],40.182171,180,320
node[1],40.182171,180,320
node[0],40.182171,180,320
node[3],40.185171,176,320
node[1],40.185171,176,320
node[0],40.185171,176,320
node[0],40.189148,180,320
node[2],40.189148,180,320
node[3],40.189148,180,320
node[2],40.197297,172,320
node[1],40.197297,172,320
node[0],40.197297,172,320
node[3],40.212171,180,320
node[1],40.212171,180,320
node[0],40.212171,180,320
node[3],40.215171,172,320
node[1],40.215171,172,320
node[0],40.215171,172,320
node[0],40.217148,176,320
node[2],40.217148,176,320
node[3],40.217148,176,320
node[3],40.221171,176,320
node[1],40.221171,176,320
node[0],40.221171,176,320
node[3],40.237171,180,320
node[1],40.237171,180,320
node[0],40.237171,180,320
node[2],40.238073,180,320
node[1],40.238073,180,320
node[0],40.238073,180,320
node[1],40.241850,176,320
node[2],40.241850,176,320
node[3],40.241850,176,320
node[1],40.247850,172,320
node[2],40.247850,172,320
node[3],40.247850,172,320
node[0],40.266148,176,320
node[2],40.266148,176,320
node[3],40.266148,176,320
node[3],40.271171,176,320
node[1],40.271171,176,320
node[0],40.271171,176,320
node[0],40.277148,180,320
node[2],40.277148,180,320
node[3],40.277148,180,320
node[1],40.282850,176,320
node[2],40.282850,176,320
node[3],40.282850,176,320
node[3],40.301171,176,320
node[1],40.301171,176,320
node[0],40.301171,176,320
node[3],40.304171,180,320
node[1],40.304171,180,320
node[0],40.304171,180,320
node[1],40.310850,172,320
node[2],40.310850,172,320
node[3],40.310850,172,320
node[3],40.321171,172,320
node[1],40.321171,172,320
node[0],40.321171,172,320
node[0],40.324148,172,320
node[2],40.324148,172,320
node[3],40.324148,172,320
node[2],40.325297,172,320
node[1],40.325297,172,320
node[0],40.325297,172,320
node[1],40.327850,176,320
node[2],40.327850,176,320
node[3],40.327850,176,320
node[2],40.337297,180,320
node[1],40.337297,180,320
node[0],40.337297,180,320
node[0],40.338148,176,320
node[2],40.338148,176,320
node[3],40.338148,176,320
node[2],40.338816,176,320
node[1],40.338816,176,320
node[0],40.338816,176,320
node[3],40.341171,176,320
node[1],40.341171,176,320
node[0],40.341171,176,320
node[1],40.348850,172,320
node[2],40.348850,172,320
node[3],40.348850,172,320
node[0],40.349505,172,320
node[2],40.349505,172,320
node[3],40.349505,172,320
node[0],40.350147,180,320
node[2],40.350147,180,320
node[3],40.350147,180,320
node[0],40.363147,176,320
node[2],40.363147,176,320
node[3],40.363147,176,320
node[2],40.363297,172,320
node[1],40.363297,172,320
node[0],40.363297,172,320
node[1],40.366850,176,320
node[2],40.366850,176,320
node[3],40.366850,176,320
node[1],40.370849,180,320
node[2],40.370849,180,320
node[3],40.370849,180,320
node[2],40.384297,180,320
node[1],40.384297,180,320
node[0],40.384297,180,320
node[2],40.385297,176,320
node[1],40.385297,176,320
node[0],40.385297,176,320
node[3],40.412171,180,320
node[1],40.412171,180,320
node[0],40.412171,180,320
node[0],40.415148,176,320
node[2],40.415148,176,320
node[3],40.415148,176,320
node[0],40.420148,172,320
node[2],40.420148,172,320
node[3],40.420148,172,320
node[2],40.429297,176,320
node[1],40.429297,176,320
node[0],40.429297,176,320
node[1],40.441850,176,320
node[2],40.441850,176,320
node[3],40.441850,176,320
node[0],40.465148,176,320
node[2],40.465148,176,320
node[3],40.465148,176,320
node[1],40.466850,172,320
node[2],40.466850,172,320
node[3],40.466850,172,320
node[1],40.470850,180,320
node[2],40.470850,180,320
node[3],40.470850,180,320
node[3],40.472171,176,320
node[1],40.472171,176,320
node[0],40.472171,176,320
node[2],40.478297,172,320
node[1],40.478297,172,320
node[0],40.478297,172,320
node[3],40.484171,172,320
node[1],40.484171,172,320
node[0],40.484171,172,320
node[3],40.486171,180,320
node[1],40.486171,180,320
node[0],40.486171,180,320
node[2],40.496297,176,320
node[1],40.496297,176,320
node[0],40.496297,176,320
node[3],40.497171,176,320
node[1],40.497171,176,320
node[0],40.497171,176,320
node[2],40.500297,180,320
node[1],40.500297,180,320
node[0],40.500297,180,320
node[3],40.511171,172,320
node[1],40.511171,172,320
node[0],40.511171,172,320
node[2],40.515297,172,320
node[1],40.515297,172,320
node[0],40.515297,172,320
node[0],40.517148,172,320
node[2],40.517148,172,320
node[3],40.517148,172,320
node[3],40.530171,180,320
node[1],40.530171,180,320
node[0],40.530171,180,320
node[1],40.530850,172,320
node[2],40.530850,172,320
node[3],40.530850,172,320
node[2],40.534297,176,320
node[1],40.534297,176,320
node[0],40.534297,176,320
node[3],40.538171,172,320
node[1],40.538171,172,320
node[0],40.538171,172,320
node[2],40.540296,172,320
node[1],40.540296,172,320
node[0],40.540296,172,320
node[2],40.550296,180,320
node[1],40.550296,180,320
node[0],40.550296,180,320
node[3],40.558171,176,320
node[1],40.558171,176,320
node[0],40.558171,176,320
node[1],40.558850,172,320
node[2],40.558850,172,320
node[3],40.558850,172,320
node[0],40.563148,172,320
node[2],40.563148,172,320
node[3],40.563148,172,320
node[2],40.578297,176,320
node[1],40.578297,176,320
node[0],40.578297,176,320
node[3],40.581171,180,320
node[1],40.581171,180,320
node[0],40.581171,180,320
node[1],40.582850,180,320
node[2],40.582850,180,320
node[3],40.582850,180,320
node[0],40.586148,180,320
node[2],40.586148,180,320
node[3],40.586148,180,320
node[2],40.588297,172,320
node[1],40.588297,172,320
node[0],40.588297,172,320
node[0],40.595148,176,320
node[2],40.595148,176,320
node[3],40.595148,176,320
node[3],40.596171,176,320
node[1],40.596171,176,320
node[0],40.596171,176,320
node[2],40.597297,180,320
node[1],40.597297,180,320
node[0],40.597297,180,320
node[0],40.601148,172,320
node[2],40.601148,172,320
node[3],40.601148,172,320
node[3],40.608171,180,320
node[1],40.608171,180,320
node[0],40.608171,180,320
node[3],40.617171,172,320
node[1],40.617171,172,320
node[0],40.617171,172,320
node[1],40.618850,176,320
node[2],40.618850,176,320
node[3],40.618850,176,320
node[0],40.619148,180,320
node[2],40.619148,180,320
node[3],40.619148,180,320
node[2],40.628297,176,320
node[1],40.628297,176,320
node[0],40.628297,176,320
node[1],40.633850,172,320
node[2],40.633850,172,320
node[3],40.633850,172,320
node[0],40.639148,176,320
node[2],40.639148,176,320
node[3],40.639148,176,320
node[2],40.654297,176,320
node[1],40.654297,176,320
node[0],40.654297,176,320
node[3],40.655171,172,320
node[1],40.655171,172,320
node[0],40.655171,172,320
node[0],40.665148,172,320
node[2],40.665148,172,320
node[3],40.665148,172,320
node[2],40.670297,180,320
node[1],40.670297,180,320
node[0],40.670297,180,320
node[3],40.672171,180,320
node[1],40.672171,180,320
node[0],40.672171,180,320
node[3],40.675171,176,320
node[1],40.675171,176,320
node[0],40.675171,176,320
node[1],40.680850,176,320
node[2],40.680850,176,320
node[3],40.680850,176,320
node[3],40.693171,172,320
node[1],40.693171,172,320
node[0],40.693171,172,320
node[0],40.695148,176,320
node[2],40.695148,176,320
node[3],40.695148,176,320
node[1],40.711850,180,320
node[2],40.711850,180,320
node[3],40.711850,180,320
node[2],40.724297,172,320
node[1],40.724297,172,320
node[0],40.724297,172,320
node[0],40.728148,176,320
node[2],40.728148,176,320
node[3],40.728148,176,320
node[0],40.729148,172,320
node[2],40.729148,172,320
node[3],40.729148,172,320
node[3],40.730171,172,320
node[1],40.730171,172,320
node[0],40.730171,172,320
node[0],40.750147,180,320
node[2],40.750147,180,320
node[3],40.750147,180,320
node[1],40.752850,172,320
node[2],40.752850,172,320
node[3],40.752850,172,320
node[0],40.753147,176,320
node[2],40.753147,176,320
node[3],40.753147,176,320
node[0],40.754147,172,320
node[2],40.754147,172,320
node[3],40.754147,172,320
node[2],40.765297,172,320
node[1],40.765297,172,320
node[0],40.765297,172,320
node[2],40.766297,176,320
node[1],40.766297,176,320
node[0],40.766297,176,320
node[3],40.773171,176,320
node[1],40.773171,176,320
node[0],40.773171,176,320
node[2],40.774297,180,320
node[1],40.774297,180,320
node[0],40.774297,180,320
node[0],40.775212,180,320
node[2],40.775212,180,320
node[3],40.775212,180,320
node[0],40.778147,176,320
node[2],40.778147,176,320
node[3],40.778147,176,320
node[3],40.780171,172,320
node[1],40.780171,172,320
node[0],40.780171,172,320
node[0],40.790148,172,320
node[2],40.790148,172,320
node[3],40.790148,172,320
node[2],40.790790,172,320
node[1],40.790790,172,320
node[0],40.790790,172,320
node[2],40.791296,176,320
node[1],40.791296,176,320
node[0],40.791296,176,320
node[0],40.800148,180,320
node[2],40.800148,180,320
node[3],40.800148,180,320
node[3],40.800972,180,320
node[1],40.800972,180,320
node[0],40.800972,180,320
node[3],40.801171,176,320
node[1],40.801171,176,320
node[0],40.801171,176,320
node[3],40.805171,172,320
node[1],40.805171,172,320
node[0],40.805171,172,320
node[1],40.809850,176,320
node[2],40.809850,176,320
node[3],40.809850,176,320
node[1],40.812850,180,320
node[2],40.812850,180,320
node[3],40.812850,180,320
node[1],40.813850,172,320
node[2],40.813850,172,320
node[3],40.813850,172,320
node[0],40.823148,172,320
node[2],40.823148,172,320
node[3],40.823148,172,320
node[1],40.834849,176,320
node[2],40.834849,176,320
node[3],40.834849,176,320
node[3],40.837171,172,320
node[1],40.837171,172,320
node[0],40.837171,172,320
node[1],40.837850,180,320
node[2],40.837850,180,320
node[3],40.837850,180,320
node[0],40.838148,176,320
node[2],40.838148,176,320
node[3],40.838148,176,320
node[3],40.846171,176,320
node[1],40.846171,176,320
node[0],40.846171,176,320
node[0],40.848147,172,320
node[2],40.848147,172,320
node[3],40.848147,172,320
node[2],40.849297,176,320
node[1],40.849297,176,320
node[0],40.849297,176,320
node[0],40.852148,180,320
node[2],40.852148,180,320
node[3],40.852148,180,320
node[1],40.862850,172,320
node[2],40.862850,172,320
node[3],40.862850,172,320
node[0],40.863147,176,320
node[2],40.863147,176,320
node[3],40.863147,176,320
node[3],40.873171,172,320
node[1],40.873171,172,320
node[0],40.873171,172,320
node[3],40.875171,180,320
node[1],40.875171,180,320
node[0],40.875171,180,320
node[2],40.881297,180,320
node[1],40.881297,180,320
node[0],40.881297,180,320
node[0],40.890148,180,320
node[2],40.890148,180,320
node[3],40.890148,180,320
node[3],40.890171,176,320
node[1],40.890171,176,320
node[0],40.890171,176,320
node[3],40.911171,172,320
node[1],40.911171,172,320
node[0],40.911171,172,320
node[3],40.921171,180,320
node[1],40.921171,180,320
node[0],40.921171,180,320
node[1],40.922850,180,320
node[2],40.922850,180,320
node[3],40.922850,180,320
node[3],40.926171,176,320
node[1],40.926171,176,320
node[0],40.926171,176,320
node[1],40.926850,172,320
node[2],40.926850,172,320
node[3],40.926850,172,320
node[1],40.930850,176,320
node[2],40.930850,176,320
node[3],40.930850,176,320
node[2],40.932297,172,320
node[1],40.932297,172,320
node[0],40.932297,172,320
node[2],40.934297,176,320
node[1],40.934297,176,320
node[0],40.934297,176,320
node[2],40.944297,180,320
node[1],40.944297,180,320
node[0],40.944297,180,320
node[0],40.956148,172,320
node[2],40.956148,172,320
node[3],40.956148,172,320
node[2],40.957296,172,320
node[1],40.957296,172,320
node[0],40.957296,172,320
node[2],40.959296,176,320
node[1],40.959296,176,320
node[0],40.959296,176,320
node[3],40.960171,176,320
node[1],40.960171,176,320
node[0],40.960171,176,320
node[0],40.973148,180,320
node[2],40.973148,180,320
node[3],40.973148,180,320
node[0],40.980148,176,320
node[2],40.980148,176,320
node[3],40.980148,176,320
node[3],40.981171,180,320
node[1],40.981171,180,320
node[0],40.981171,180,320
node[1],40.984850,176,320
node[2],40.984850,176,320
node[3],40.984850,176,320
node[1],40.985850,172,320
node[2],40.985850,172,320
node[3],40.985850,172,320
node[0],40.990148,172,320
node[2],40.990148,172,320
node[3],40.990148,172,320
node[3],41.007171,176,320
node[1],41.007171,176,320
node[0],41.007171,176,320
node[0],41.013148,180,320
node[2],41.013148,180,320
node[3],41.013148,180,320
node[2],41.024297,172,320
node[1],41.024297,172,320
node[0],41.024297,172,320
node[3],41.027171,180,320
node[1],41.027171,180,320
node[0],41.027171,180,320
node[2],41.043297,180,320
node[1],41.043297,180,320
node[0],41.043297,180,320
node[1],41.044850,172,320
node[2],41.044850,172,320
node[3],41.044850,172,320
node[2],41.046297,176,320
node[1],41.046297,176,320
node[0],41.046297,176,320
node[3],41.059171,172,320
node[1],41.059171,172,320
node[0],41.059171,172,320
node[0],41.065148,180,320
node[2],41.065148,180,320
node[3],41.065148,180,320
node[0],41.072148,172,320
node[2],41.072148,172,320
node[3],41.072148,172,320
node[0],41.090148,176,320
node[2],41.090148,176,320
node[3],41.090148,176,320
node[1],41.110850,176,320
node[2],41.110850,176,320
node[3],41.110850,176,320
node[2],41.113297,172,320
node[1],41.113297,172,320
node[0],41.113297,172,320
node[3],41.114171,176,320
node[1],41.114171,176,320
node[0],41.114171,176,320
node[2],41.130297,180,320
node[1],41.130297,180,320
node[0],41.130297,180,320
node[1],41.133850,180,320
node[2],41.133850,180,320
node[3],41.133850,180,320
node[2],41.136297,176,320
node[1],41.136297,176,320
node[0],41.136297,176,320
node[3],41.146171,172,320
node[1],41.146171,172,320
node[0],41.146171,172,320
node[1],41.152850,176,320
node[2],41.152850,176,320
node[3],41.152850,176,320
node[0],41.167148,180,320
node[2],41.167148,180,320
node[3],41.167148,180,320
node[1],41.175850,172,320
node[2],41.175850,172,320
node[3],41.175850,172,320
node[1],41.177850,176,320
node[2],41.177850,176,320
node[3],41.177850,176,320
node[2],41.185297,172,320
node[1],41.185297,172,320
node[0],41.185297,172,320
node[2],41.189297,180,320
node[1],41.189297,180,320
node[0],41.189297,180,320
node[0],41.191148,172,320
node[2],41.191148,172,320
node[3],41.191148,172,320
node[2],41.208297,176,320
node[1],41.208297,176,320
node[0],41.208297,176,320
node[3],41.219171,172,320
node[1],41.219171,172,320
node[0],41.219171,172,320
node[2],41.224297,172,320
node[1],41.224297,172,320
node[0],41.224297,172,320
node[3],41.235171,180,320
node[1],41.235171,180,320
node[0],41.235171,180,320
node[0],41.239148,172,320
node[2],41.239148,172,320
node[3],41.239148,172,320
node[3],41.242171,176,320
node[1],41.242171,176,320
node[0],41.242171,176,320
node[3],41.246171,172,320
node[1],41.246171,172,320
node[0],41.246171,172,320
node[1],41.255850,172,320
node[2],41.255850,172,320
node[3],41.255850,172,320
node[2],41.257297,176,320
node[1],41.257297,176,320
node[0],41.257297,176,320
node[1],41.265850,176,320
node[2],41.265850,176,320
node[3],41.265850,176,320
node[0],41.270148,176,320
node[2],41.270148,176,320
node[3],41.270148,176,320
node[0],41.272148,180,320
node[2],41.272148,180,320
node[3],41.272148,180,320
node[0],41.273148,172,320
node[2],41.273148,172,320
node[3],41.273148,172,320
node[0],41.295147,176,320
node[2],41.295147,176,320
node[3],41.295147,176,320
node[0],41.297147,180,320
node[2],41.297147,180,320
node[3],41.297147,180,320
node[1],41.303850,176,320
node[2],41.303850,176,320
node[3],41.303850,176,320
node[1],41.305850,172,320
node[2],41.305850,172,320
node[3],41.305850,172,320
node[0],41.310148,172,320
node[2],41.310148,172,320
node[3],41.310148,172,320
node[3],41.326171,172,320
node[1],41.326171,172,320
node[0],41.326171,172,320
node[0],41.359148,176,320
node[2],41.359148,176,320
node[3],41.359148,176,320
node[2],41.360297,176,320
node[1],41.360297,176,320
node[0],41.360297,176,320
node[1],41.369850,172,320
node[2],41.369850,172,320
node[3],41.369850,172,320
node[2],41.376297,180,320
node[1],41.376297,180,320
node[0],41.376297,180,320
node[1],41.378850,180,320
node[2],41.378850,180,320
node[3],41.378850,180,320
node[1],41.379850,176,320
node[2],41.379850,176,320
node[3],41.379850,176,320
node[3],41.380171,180,320
node[1],41.380171,180,320
node[0],41.380171,180,320
node[1],41.394849,172,320
node[2],41.394849,172,320
node[3],41.394849,172,320
node[1],41.403849,180,320
node[2],41.403849,180,320
node[3],41.403849,180,320
node[0],41.408148,176,320
node[2],41.408148,176,320
node[3],41.408148,176,320
node[0],41.412148,180,320
node[2],41.412148,180,320
node[3],41.412148,180,320
node[0],41.423148,172,320
node[2],41.423148,172,320
node[3],41.423148,172,320
node[3],41.429171,180,320
node[1],41.429171,180,320
node[0],41.429171,180,320
node[1],41.433850,176,320
node[2],41.433850,176,320
node[3],41.433850,176,320
node[3],41.435171,172,320
node[1],41.435171,172,320
node[0],41.435171,172,320
node[3],41.442171,176,320
node[1],41.442171,176,320
node[0],41.442171,176,320
node[0],41.449148,172,320
node[2],41.449148,172,320
node[3],41.449148,172,320
node[0],41.458148,176,320
node[2],41.458148,176,320
node[3],41.458148,176,320
node[3],41.460171,172,320
node[1],41.460171,172,320
node[0],41.460171,172,320
node[2],41.463297,180,320
node[1],41.463297,180,320
node[0],41.463297,180,320
node[0],41.466148,180,320
node[2],41.466148,180,320
node[3],41.466148,180,320
node[0],41.474147,172,320
node[2],41.474147,172,320
node[3],41.474147,172,320
node[3],41.477171,176,320
node[1],41.477171,176,320
node[0],41.477171,176,320
node[2],41.485297,176,320
node[1],41.485297,176,320
node[0],41.485297,176,320
node[0],41.493148,176,320
node[2],41.493148,176,320
node[3],41.493148,176,320
node[3],41.502171,176,320
node[1],41.502171,176,320
node[0],41.502171,176,320
node[1],41.506850,180,320
node[2],41.506850,180,320
node[3],41.506850,180,320
node[0],41.507700,180,320
node[2],41.507700,180,320
node[3],41.507700,180,320
node[3],41.508472,180,320
node[1],41.508472,180,320
node[0],41.508472,180,320
node[0],41.511148,172,320
node[2],41.511148,172,320
node[3],41.511148,172,320
node[2],41.517297,172,320
node[1],41.517297,172,320
node[0],41.517297,172,320
node[1],41.522850,176,320
node[2],41.522850,176,320
node[3],41.522850,176,320
node[3],41.523171,172,320
node[1],41.523171,172,320
node[0],41.523171,172,320
node[0],41.526148,176,320
node[2],41.526148,176,320
node[3],41.526148,176,320
node[3],41.527171,176,320
node[1],41.527171,176,320
node[0],41.527171,176,320
node[2],41.536297,176,320
node[1],41.536297,176,320
node[0],41.536297,176,320
node[3],41.538171,180,320
node[1],41.538171,180,320
node[0],41.538171,180,320
node[1],41.545850,172,320
node[2],41.545850,172,320
node[3],41.545850,172,320
node[3],41.548171,172,320
node[1],41.548171,172,320
node[0],41.548171,172,320
node[1],41.549850,176,320
node[2],41.549850,176,320
node[3],41.549850,176,320
node[3],41.552171,176,320
node[1],41.552171,176,320
node[0],41.552171,176,320
node[1],41.570849,180,320
node[2],41.570849,180,320
node[3],41.570849,180,320
node[0],41.589148,176,320
node[2],41.589148,176,320
node[3],41.589148,176,320
node[1],41.591850,176,320
node[2],41.591850,176,320
node[3],41.591850,176,320
node[1],41.595850,172,320
node[2],41.595850,172,320
node[3],41.595850,172,320
node[2],41.597297,180,320
node[1],41.597297,180,320
node[0],41.597297,180,320
node[2],41.601297,172,320
node[1],41.601297,172,320
node[0],41.601297,172,320
node[2],41.607297,176,320
node[1],41.607297,176,320
node[0],41.607297,176,320
node[3],41.617171,172,320
node[1],41.617171,172,320
node[0],41.617171,172,320
node[2],41.626296,172,320
node[1],41.626296,172,320
node[0],41.626296,172,320
node[0],41.648148,172,320
node[2],41.648148,172,320
node[3],41.648148,172,320
node[2],41.648297,176,320
node[1],41.648297,176,320
node[0],41.648297,176,320
node[1],41.651850,176,320
node[2],41.651850,176,320
node[3],41.651850,176,320
node[1],41.655850,172,320
node[2],41.655850,172,320
node[3],41.655850,172,320
node[0],41.661148,176,320
node[2],41.661148,176,320
node[3],41.661148,176,320
node[3],41.663171,176,320
node[1],41.663171,176,320
node[0],41.663171,176,320
node[3],41.667171,180,320
node[1],41.667171,180,320
node[0],41.667171,180,320
node[1],41.670849,180,320
node[2],41.670849,180,320
node[3],41.670849,180,320
node[2],41.674297,176,320
node[1],41.674297,176,320
node[0],41.674297,176,320
node[3],41.675171,172,320
node[1],41.675171,172,320
node[0],41.675171,172,320
node[2],41.675813,172,320
node[1],41.675814,172,320
node[0],41.675814,172,320
node[1],41.676849,176,320
node[2],41.676849,176,320
node[3],41.676849,176,320
node[0],41.679148,172,320
node[2],41.679148,172,320
node[3],41.679148,172,320
node[0],41.681148,180,320
node[2],41.681148,180,320
node[3],41.681148,180,320
node[2],41.685297,180,320
node[1],41.685297,180,320
node[0],41.685297,180,320
node[1],41.690850,172,320
node[2],41.690850,172,320
node[3],41.690850,172,320
node[3],41.692171,176,320
node[1],41.692171,176,320
node[0],41.692171,176,320
node[0],41.700148,176,320
node[2],41.700148,176,320
node[3],41.700148,176,320
node[1],41.706850,180,320
node[2],41.706850,180,320
node[3],41.706850,180,320
node[2],41.709297,172,320
node[1],41.709297,172,320
node[0],41.709297,172,320
node[0],41.710148,172,320
node[2],41.710148,172,320
node[3],41.710148,172,320
node[2],41.711297,176,320
node[1],41.711297,176,320
node[0],41.711297,176,320
node[0],41.725148,180,320
node[2],41.725148,180,320
node[3],41.725148,180,320
node[3],41.727171,180,320
node[1],41.727171,180,320
node[0],41.727171,180,320
node[0],41.735148,176,320
node[2],41.735148,176,320
node[3],41.735148,176,320
node[1],41.735850,172,320
node[2],41.735850,172,320
node[3],41.735850,172,320
node[1],41.745850,176,320
node[2],41.745850,176,320
node[3],41.745850,176,320
node[1],41.760849,172,320
node[2],41.760849,172,320
node[3],41.760849,172,320
node[3],41.762171,172,320
node[1],41.762171,172,320
node[0],41.762171,172,320
node[1],41.770849,176,320
node[2],41.770849,176,320
node[3],41.770849,176,320
node[0],41.771148,172,320
node[2],41.771148,172,320
node[3],41.771148,172,320
node[1],41.779850,180,320
node[2],41.779850,180,320
node[3],41.779850,180,320
node[0],41.780765,180,320
node[2],41.780765,180,320
node[3],41.780765,180,320
node[2],41.788297,172,320
node[1],41.788297,172,320
node[0],41.788297,172,320
node[3],41.811171,176,320
node[1],41.811171,176,320
node[0],41.811171,176,320
node[2],41.811826,176,320
node[1],41.811827,176,320
node[0],41.811827,176,320
node[3],41.819171,180,320
node[1],41.819171,180,320
node[0],41.819171,180,320
node[1],41.831850,180,320
node[2],41.831850,180,320
node[3],41.831850,180,320
node[1],41.832850,176,320
node[2],41.832850,176,320
node[3],41.832850,176,320
node[0],41.835148,172,320
node[2],41.835148,172,320
node[3],41.835148,172,320
node[2],41.842297,172,320
node[1],41.842297,172,320
node[0],41.842297,172,320
node[0],41.846148,176,320
node[2],41.846148,176,320
node[3],41.846148,176,320
node[1],41.848850,172,320
node[2],41.848850,172,320
node[3],41.848850,172,320
node[0],41.863148,180,320
node[2],41.863148,180,320
node[3],41.863148,180,320
node[2],41.864297,180,320
node[1],41.864297,180,320
node[0],41.864297,180,320
node[2],41.879297,176,320
node[1],41.879297,176,320
node[0],41.879297,176,320
node[2],41.881297,172,320
node[1],41.881297,172,320
node[0],41.881297,172,320
node[1],41.888850,172,320
node[2],41.888850,172,320
node[3],41.888850,172,320
node[3],41.896171,176,320
node[1],41.896171,176,320
node[0],41.896171,176,320
node[0],41.897148,172,320
node[2],41.897148,172,320
node[3],41.897148,172,320
node[3],41.909171,180,320
node[1],41.909171,180,320
node[0],41.909171,180,320
node[3],41.927171,176,320
node[1],41.927171,176,320
node[0],41.927171,176,320
node[3],41.929171,172,320
node[1],41.929171,172,320
node[0],41.929171,172,320
node[1],41.935850,176,320
node[2],41.935850,176,320
node[3],41.935850,176,320
node[2],41.940297,176,320
node[1],41.940297,176,320
node[0],41.940297,176,320
node[1],41.940850,180,320
node[2],41.940850,180,320
node[3],41.940850,180,320
node[0],41.947148,176,320
node[2],41.947148,176,320
node[3],41.947148,176,320
node[2],41.954297,172,320
node[1],41.954297,172,320
node[0],41.954297,172,320
node[2],41.957297,180,320
node[1],41.957297,180,320
node[0],41.957297,180,320
node[3],41.958171,172,320
node[1],41.958171,172,320
node[0],41.958171,172,320
node[2],41.965296,176,320
node[1],41.965296,176,320
node[0],41.965296,176,320
node[0],41.968148,180,320
node[2],41.968148,180,320
node[3],41.968148,180,320
node[1],41.970850,176,320
node[2],41.970850,176,320
node[3],41.970850,176,320
node[0],41.978148,176,320
node[2],41.978148,176,320
node[3],41.978148,176,320
node[2],41.984297,180,320
node[1],41.984297,180,320
node[0],41.984297,180,320
node[1],42.010850,180,320
node[2],42.010850,180,320
node[3],42.010850,180,320
node[2],42.019297,172,320
node[1],42.019297,172,320
node[0],42.019297,172,320
node[2],42.021297,176,320
node[1],42.021297,176,320
node[0],42.021297,176,320
node[0],42.027148,176,320
node[2],42.027148,176,320
node[3],42.027148,176,320
node[2],42.034296,180,320
node[1],42.034296,180,320
node[0],42.034296,180,320
node[0],42.036148,172,320
node[2],42.036148,172,320
node[3],42.036148,172,320
node[3],42.042171,172,320
node[1],42.042171,172,320
node[0],42.042171,172,320
node[3],42.048171,176,320
node[1],42.048171,176,320
node[0],42.048171,176,320
node[0],42.050147,180,320
node[2],42.050147,180,320
node[3],42.050147,180,320
node[0],42.052147,176,320
node[2],42.052147,176,320
node[3],42.052147,176,320
node[2],42.059297,172,320
node[1],42.059297,172,320
node[0],42.059297,172,320
node[0],42.061147,172,320
node[2],42.061147,172,320
node[3],42.061147,172,320
node[1],42.079850,172,320
node[2],42.079850,172,320
node[3],42.079850,172,320
node[3],42.082171,176,320
node[1],42.082171,176,320
node[0],42.082171,176,320
node[1],42.082850,180,320
node[2],42.082850,180,320
node[3],42.082850,180,320
node[2],42.083713,180,320
node[1],42.083713,180,320
node[0],42.083713,180,320
node[2],42.088297,176,320
node[1],42.088297,176,320
node[0],42.088297,176,320
node[0],42.096148,172,320
node[2],42.096148,172,320
node[3],42.096148,172,320
node[2],42.096816,172,320
node[1],42.096816,172,320
node[0],42.096816,172,320
node[1],42.103850,176,320
node[2],42.103850,176,320
node[3],42.103850,176,320
node[3],42.104171,172,320
node[1],42.104171,172,320
node[0],42.104171,172,320
node[0],42.110148,176,320
node[2],42.110148,176,320
node[3],42.110148,176,320
node[3],42.116171,176,320
node[1],42.116171,176,320
node[0],42.116171,176,320
node[2],42.125297,172,320
node[1],42.125297,172,320
node[0],42.125297,172,320
node[3],42.138171,172,320
node[1],42.138171,172,320
node[0],42.138171,172,320
node[1],42.140850,180,320
node[2],42.140850,180,320
node[3],42.140850,180,320
node[1],42.146850,176,320
node[2],42.146850,176,320
node[3],42.146850,176,320
node[0],42.147148,172,320
node[2],42.147148,172,320
node[3],42.147148,172,320
node[3],42.147505,176,320
node[1],42.147505,176,320
node[0],42.147505,176,320
node[2],42.149297,176,320
node[1],42.149297,176,320
node[0],42.149297,176,320
node[2],42.155297,172,320
node[1],42.155297,172,320
node[0],42.155297,172,320
node[0],42.169148,176,320
node[2],42.169148,176,320
node[3],42.169148,176,320
node[2],42.173297,180,320
node[1],42.173297,180,320
node[0],42.173297,180,320
node[1],42.175850,172,320
node[2],42.175850,172,320
node[3],42.175850,172,320
node[0],42.186148,172,320
node[2],42.186148,172,320
node[3],42.186148,172,320
node[3],42.186171,176,320
node[1],42.186171,176,320
node[0],42.186171,176,320
node[0],42.195148,180,320
node[2],42.195148,180,320
node[3],42.195148,180,320
node[1],42.224850,180,320
node[2],42.224850,180,320
node[3],42.224850,180,320
node[2],42.227297,172,320
node[1],42.227297,172,320
node[0],42.227297,172,320
node[3],42.230171,172,320
node[1],42.230171,172,320
node[0],42.230171,172,320
node[2],42.230297,180,320
node[1],42.230297,180,320
node[0],42.230297,180,320
node[3],42.236171,176,320
node[1],42.236171,176,320
node[0],42.236171,176,320
node[3],42.239171,180,320
node[1],42.239171,180,320
node[0],42.239171,180,320
node[2],42.242297,176,320
node[1],42.242297,176,320
node[0],42.242297,176,320
node[3],42.255171,172,320
node[1],42.255171,172,320
node[0],42.255171,172,320
node[1],42.256850,172,320
node[2],42.256850,172,320
node[3],42.256850,172,320
node[0],42.260148,172,320
node[2],42.260148,172,320
node[3],42.260148,172,320
node[3],42.261171,176,320
node[1],42.261171,176,320
node[0],42.261171,176,320
node[0],42.262148,180,320
node[2],42.262148,180,320
node[3],42.262148,180,320
node[1],42.266850,176,320
node[2],42.266850,176,320
node[3],42.266850,176,320
node[1],42.274849,180,320
node[2],42.274849,180,320
node[3],42.274849,180,320
node[0],42.278148,176,320
node[2],42.278148,176,320
node[3],42.278148,176,320
node[1],42.284850,172,320
node[2],42.284850,172,320
node[3],42.284850,172,320
node[1],42.291849,176,320
node[2],42.291849,176,320
node[3],42.291849,176,320
node[2],42.294297,180,320
node[1],42.294297,180,320
node[0],42.294297,180,320
node[1],42.309850,172,320
node[2],42.309850,172,320
node[3],42.309850,172,320
node[0],42.310492,172,320
node[2],42.310492,172,320
node[3],42.310492,172,320
node[0],42.316148,180,320
node[2],42.316148,180,320
node[3],42.316148,180,320
node[3],42.318171,176,320
node[1],42.318171,176,320
node[0],42.318171,176,320
node[1],42.328850,180,320
node[2],42.328850,180,320
node[3],42.328850,180,320
node[1],42.338850,176,320
node[2],42.338850,176,320
node[3],42.338850,176,320
node[0],42.344148,172,320
node[2],42.344148,172,320
node[3],42.344148,172,320
node[0],42.346148,176,320
node[2],42.346148,176,320
node[3],42.346148,176,320
node[3],42.351171,176,320
node[1],42.351171,176,320
node[0],42.351171,176,320
node[3],42.355171,172,320
node[1],42.355171,172,320
node[0],42.355171,172,320
node[2],42.362297,172,320
node[1],42.362297,172,320
node[0],42.362297,172,320
node[1],42.362978,172,320
node[2],42.362979,172,320
node[3],42.362979,172,320
node[1],42.368850,176,320
node[2],42.368850,176,320
node[3],42.368850,176,320
node[3],42.373171,180,320
node[1],42.373171,180,320
node[0],42.373171,180,320
node[1],42.378849,180,320
node[2],42.378849,180,320
node[3],42.378849,180,320
node[3],42.389171,172,320
node[1],42.389171,172,320
node[0],42.389171,172,320
node[0],42.394148,172,320
node[2],42.394148,172,320
node[3],42.394148,172,320
node[3],42.406171,176,320
node[1],42.406171,176,320
node[0],42.406171,176,320
node[3],42.414171,172,320
node[1],42.414171,172,320
node[0],42.414171,172,320
node[0],42.423148,176,320
node[2],42.423148,176,320
node[3],42.423148,176,320
node[1],42.429850,176,320
node[2],42.429850,176,320
node[3],42.429850,176,320
node[1],42.430850,172,320
node[2],42.430850,172,320
node[3],42.430850,172,320
node[1],42.435850,180,320
node[2],42.435850,180,320
node[3],42.435850,180,320
node[2],42.438297,172,320
node[1],42.438297,172,320
node[0],42.438297,172,320
node[3],42.439171,172,320
node[1],42.439171,172,320
node[0],42.439171,172,320
node[3],42.445171,176,320
node[1],42.445171,176,320
node[0],42.445171,176,320
node[3],42.464171,180,320
node[1],42.464171,180,320
node[0],42.464171,180,320
node[1],42.472850,172,320
node[2],42.472850,172,320
node[3],42.472850,172,320
node[1],42.484850,176,320
node[2],42.484850,176,320
node[3],42.484850,176,320
node[0],42.485148,172,320
node[2],42.485148,172,320
node[3],42.485148,172,320
node[1],42.498850,180,320
node[2],42.498850,180,320
node[3],42.498850,180,320
node[2],42.504297,172,320
node[1],42.504297,172,320
node[0],42.504297,172,320
node[1],42.506850,172,320
node[2],42.506850,172,320
node[3],42.506850,172,320
node[2],42.512297,176,320
node[1],42.512297,176,320
node[0],42.512297,176,320
node[0],42.513148,176,320
node[2],42.513148,176,320
node[3],42.513148,176,320
node[1],42.520850,176,320
node[2],42.520850,176,320
node[3],42.520850,176,320
node[0],42.527148,172,320
node[2],42.527148,172,320
node[3],42.527148,172,320
node[3],42.532171,172,320
node[1],42.532171,172,320
node[0],42.532171,172,320
node[3],42.537171,180,320
node[1],42.537171,180,320
node[0],42.537171,180,320
node[0],42.538147,176,320
node[2],42.538147,176,320
node[3],42.538147,176,320
node[3],42.543171,176,320
node[1],42.543171,176,320
node[0],42.543171,176,320
node[0],42.550147,180,320
node[2],42.550147,180,320
node[3],42.550147,180,320
node[2],42.554297,172,320
node[1],42.554297,172,320
node[0],42.554297,172,320
node[0],42.559148,172,320
node[2],42.559148,172,320
node[3],42.559148,172,320
node[2],42.567297,176,320
node[1],42.567297,176,320
node[0],42.567297,176,320
node[3],42.581171,172,320
node[1],42.581171,172,320
node[0],42.581171,172,320
node[0],42.585148,176,320
node[2],42.585148,176,320
node[3],42.585148,176,320
node[0],42.596148,180,320
node[2],42.596148,180,320
node[3],42.596148,180,320
node[2],42.606297,176,320
node[1],42.606297,176,320
node[0],42.606297,176,320
node[1],42.609850,180,320
node[2],42.609850,180,320
node[3],42.609850,180,320
node[1],42.610850,176,320
node[2],42.610850,176,320
node[3],42.610850,176,320
node[3],42.615171,176,320
node[1],42.615171,176,320
node[0],42.615171,176,320
node[0],42.619148,172,320
node[2],42.619148,172,320
node[3],42.619148,172,320
node[1],42.626850,172,320
node[2],42.626850,172,320
node[3],42.626850,172,320
node[3],42.639171,180,320
node[1],42.639171,180,320
node[0],42.639171,180,320
node[1],42.645850,176,320
node[2],42.645850,176,320
node[3],42.645850,176,320
node[1],42.663850,172,320
node[2],42.663850,172,320
node[3],42.663850,172,320
node[0],42.677148,180,320
node[2],42.677148,180,320
node[3],42.677148,180,320
node[2],42.683297,180,320
node[1],42.683297,180,320
node[0],42.683297,180,320
node[3],42.684171,172,320
node[1],42.684171,172,320
node[0],42.684171,172,320
node[0],42.686148,176,320
node[2],42.686148,176,320
node[3],42.686148,176,320
node[0],42.688148,172,320
node[2],42.688148,172,320
node[3],42.688148,172,320
node[3],42.695171,176,320
node[1],42.695171,176,320
node[0],42.695171,176,320
node[3],42.705171,180,320
node[1],42.705171,180,320
node[0],42.705171,180,320
node[1],42.708850,172,320
node[2],42.708850,172,320
node[3],42.708850,172,320
node[3],42.711171,172,320
node[1],42.711171,172,320
node[0],42.711171,172,320
node[2],42.723297,176,320
node[1],42.723297,176,320
node[0],42.723297,176,320
node[1],42.730850,180,320
node[2],42.730850,180,320
node[3],42.730850,180,320
node[3],42.735171,180,320
node[1],42.735171,180,320
node[0],42.735171,180,320
node[1],42.741850,176,320
node[2],42.741850,176,320
node[3],42.741850,176,320
node[1],42.746850,172,320
node[2],42.746850,172,320
node[3],42.746850,172,320
node[2],42.747518,172,320
node[1],42.747518,172,320
node[0],42.747518,172,320
node[0],42.754148,180,320
node[2],42.754148,180,320
node[3],42.754148,180,320
node[0],42.758148,172,320
node[2],42.758148,172,320
node[3],42.758148,172,320
node[1],42.766849,176,320
node[2],42.766849,176,320
node[3],42.766849,176,320
node[3],42.767504,176,320
node[1],42.767504,176,320
node[0],42.767504,176,320
node[3],42.777171,172,320
node[1],42.777171,172,320
node[0],42.777171,172,320
node[0],42.792148,172,320
node[2],42.792148,172,320
node[3],42.792148,172,320
node[0],42.793148,176,320
node[2],42.793148,176,320
node[3],42.793148,176,320
node[3],42.795171,176,320
node[1],42.795171,176,320
node[0],42.795171,176,320
node[3],42.798171,180,320
node[1],42.798171,180,320
node[0],42.798171,180,320
node[1],42.800850,172,320
node[2],42.800850,172,320
node[3],42.800850,172,320
node[2],42.807297,172,320
node[1],42.807297,172,320
node[0],42.807297,172,320
node[1],42.808850,176,320
node[2],42.808850,176,320
node[3],42.808850,176,320
node[3],42.809171,172,320
node[1],42.809171,172,320
node[0],42.809171,172,320
node[2],42.830297,180,320
node[1],42.830297,180,320
node[0],42.830297,180,320
node[2],42.841297,172,320
node[1],42.841297,172,320
node[0],42.841297,172,320
node[0],42.842148,176,320
node[2],42.842148,176,320
node[3],42.842148,176,320
node[0],42.846148,172,320
node[2],42.846148,172,320
node[3],42.846148,172,320
node[2],42.858297,180,320
node[1],42.858297,180,320
node[0],42.858297,180,320
node[3],42.862171,172,320
node[1],42.862171,172,320
node[0],42.862171,172,320
node[2],42.878297,172,320
node[1],42.878297,172,320
node[0],42.878297,172,320
node[3],42.898171,176,320
node[1],42.898171,176,320
node[0],42.898171,176,320
node[1],42.898850,180,320
node[2],42.898850,180,320
node[3],42.898850,180,320
node[0],42.899148,176,320
node[2],42.899148,176,320
node[3],42.899148,176,320
node[2],42.899583,180,320
node[1],42.899583,180,320
node[0],42.899583,180,320
node[2],42.900297,176,320
node[1],42.900297,176,320
node[0],42.900297,176,320
node[0],42.904148,180,320
node[2],42.904148,180,320
node[3],42.904148,180,320
node[0],42.909148,172,320
node[2],42.909148,172,320
node[3],42.909148,172,320
node[3],42.920171,172,320
node[1],42.920171,172,320
node[0],42.920171,172,320
node[2],42.923297,172,320
node[1],42.923297,172,320
node[0],42.923297,172,320
node[0],42.924147,176,320
node[2],42.924147,176,320
node[3],42.924147,176,320
node[2],42.932297,176,320
node[1],42.932297,176,320
node[0],42.932297,176,320
node[0],42.934147,172,320
node[2],42.934147,172,320
node[3],42.934147,172,320
node[2],42.948296,172,320
node[1],42.948296,172,320
node[0],42.948296,172,320
node[1],42.961850,176,320
node[2],42.961850,176,320
node[3],42.961850,176,320
node[2],42.962505,176,320
node[1],42.962505,176,320
node[0],42.962505,176,320
node[1],42.962850,172,320
node[2],42.962850,172,320
node[3],42.962850,172,320
node[1],42.970849,180,320
node[2],42.970849,180,320
node[3],42.970849,180,320
node[2],42.974297,180,320
node[1],42.974297,180,320
node[0],42.974297,180,320
node[2],42.985297,172,320
node[1],42.985297,172,320
node[0],42.985297,172,320
node[0],42.989148,176,320
node[2],42.989148,176,320
node[3],42.989148,176,320
node[2],42.989816,176,320
node[1],42.989816,176,320
node[0],42.989816,176,320
node[1],42.992850,172,320
node[2],42.992850,172,320
node[3],42.992850,172,320
node[0],43.004148,172,320
node[2],43.004148,172,320
node[3],43.004148,172,320
node[3],43.008171,176,320
node[1],43.008171,176,320
node[0],43.008171,176,320
node[2],43.010296,172,320
node[1],43.010296,172,320
node[0],43.010296,172,320
node[1],43.012850,176,320
node[2],43.012850,176,320
node[3],43.012850,176,320
node[1],43.015850,180,320
node[2],43.015850,180,320
node[3],43.015850,180,320
node[1],43.017849,172,320
node[2],43.017849,172,320
node[3],43.017849,172,320
node[2],43.018297,176,320
node[1],43.018297,176,320
node[0],43.018297,176,320
node[3],43.026171,172,320
node[1],43.026171,172,320
node[0],43.026171,172,320
node[3],43.030171,180,320
node[1],43.030171,180,320
node[0],43.030171,180,320
node[1],43.037849,176,320
node[2],43.037849,176,320
node[3],43.037849,176,320
node[1],43.040849,180,320
node[2],43.040849,180,320
node[3],43.040849,180,320
node[3],43.044171,176,320
node[1],43.044171,176,320
node[0],43.044171,176,320
node[0],43.051148,172,320
node[2],43.051148,172,320
node[3],43.051148,172,320
node[2],43.062297,180,320
node[1],43.062297,180,320
node[0],43.062297,180,320
node[3],43.071171,176,320
node[1],43.071171,176,320
node[0],43.071171,176,320
node[0],43.077148,172,320
node[2],43.077148,172,320
node[3],43.077148,172,320
node[1],43.078850,176,320
node[2],43.078850,176,320
node[3],43.078850,176,320
node[2],43.081297,172,320
node[1],43.081297,172,320
node[0],43.081297,172,320
node[2],43.082297,176,320
node[1],43.082297,176,320
node[0],43.082297,176,320
node[1],43.098850,172,320
node[2],43.098850,172,320
node[3],43.098850,172,320
node[0],43.103148,180,320
node[2],43.103148,180,320
node[3],43.103148,180,320
node[3],43.108171,180,320
node[1],43.108171,180,320
node[0],43.108171,180,320
node[1],43.115850,180,320
node[2],43.115850,180,320
node[3],43.115850,180,320
node[0],43.116148,172,320
node[2],43.116148,172,320
node[3],43.116148,172,320
node[0],43.118148,176,320
node[2],43.118148,176,320
node[3],43.118148,176,320
node[2],43.130297,176,320
node[1],43.130297,176,320
node[0],43.130297,176,320
node[0],43.172148,180,320
node[2],43.172148,180,320
node[3],43.172148,180,320
node[3],43.174171,172,320
node[1],43.174171,172,320
node[0],43.174171,172,320
node[0],43.177148,176,320
node[2],43.177148,176,320
node[3],43.177148,176,320
node[1],43.180850,176,320
node[2],43.180850,176,320
node[3],43.180850,176,320
node[3],43.187171,180,320
node[1],43.187171,180,320
node[0],43.187171,180,320
node[0],43.200148,180,320
node[2],43.200148,180,320
node[3],43.200148,180,320
node[3],43.203171,176,320
node[1],43.203171,176,320
node[0],43.203171,176,320
node[0],43.207148,176,320
node[2],43.207148,176,320
node[3],43.207148,176,320
node[1],43.207850,172,320
node[2],43.207850,172,320
node[3],43.207850,172,320
node[0],43.208518,172,320
node[2],43.208518,172,320
node[3],43.208518,172,320
node[1],43.211850,180,320
node[2],43.211850,180,320
node[3],43.211850,180,320
node[1],43.217850,176,320
node[2],43.217850,176,320
node[3],43.217850,176,320
node[3],43.225868,180,320
node[1],43.225868,180,320
node[0],43.225868,180,320
node[3],43.228171,172,320
node[1],43.228171,172,320
node[0],43.228171,172,320
node[2],43.228297,176,320
node[1],43.228297,176,320
node[0],43.228297,176,320
node[0],43.233148,172,320
node[2],43.233148,172,320
node[3],43.233148,172,320
node[1],43.237850,180,320
node[2],43.237850,180,320
node[3],43.237850,180,320
node[3],43.247171,176,320
node[1],43.247171,176,320
node[0],43.247171,176,320
node[0],43.251148,180,320
node[2],43.251148,180,320
node[3],43.251148,180,320
node[3],43.253171,172,320
node[1],43.253171,172,320
node[0],43.253171,172,320
node[1],43.255850,176,320
node[2],43.255850,176,320
node[3],43.255850,176,320
node[0],43.261148,176,320
node[2],43.261148,176,320
node[3],43.261148,176,320
node[2],43.264297,172,320
node[1],43.264297,172,320
node[0],43.264297,172,320
node[0],43.300148,176,320
node[2],43.300148,176,320
node[3],43.300148,176,320
node[1],43.303850,176,320
node[2],43.303850,176,320
node[3],43.303850,176,320
node[2],43.305297,176,320
node[1],43.305297,176,320
node[0],43.305297,176,320
node[1],43.308850,180,320
node[2],43.308850,180,320
node[3],43.308850,180,320
node[2],43.315297,172,320
node[1],43.315297,172,320
node[0],43.315297,172,320
node[1],43.344850,172,320
node[2],43.344850,172,320
node[3],43.344850,172,320
node[2],43.345297,176,320
node[1],43.345297,176,320
node[0],43.345297,176,320
node[0],43.348148,172,320
node[2],43.348148,172,320
node[3],43.348148,172,320
node[0],43.369148,180,320
node[2],43.369148,180,320
node[3],43.369148,180,320
node[1],43.373850,172,320
node[2],43.373850,172,320
node[3],43.373850,172,320
node[2],43.378297,176,320
node[1],43.378297,176,320
node[0],43.378297,176,320
node[0],43.380148,176,320
node[2],43.380148,176,320
node[3],43.380148,176,320
node[2],43.384297,180,320
node[1],43.384297,180,320
node[0],43.384297,180,320
node[0],43.407148,180,320
node[2],43.407148,180,320
node[3],43.407148,180,320
node[1],43.419850,172,320
node[2],43.419850,172,320
node[3],43.419850,172,320
node[1],43.422850,176,320
node[2],43.422850,176,320
node[3],43.422850,176,320
node[0],43.432148,172,320
node[2],43.432148,172,320
node[3],43.432148,172,320
node[0],43.441148,176,320
node[2],43.441148,176,320
node[3],43.441148,176,320
node[0],43.457148,172,320
node[2],43.457148,172,320
node[3],43.457148,172,320
node[1],43.459850,172,320
node[2],43.459850,172,320
node[3],43.459850,172,320
node[0],43.473148,176,320
node[2],43.473148,176,320
node[3],43.473148,176,320
node[0],43.490148,172,320
node[2],43.490148,172,320
node[3],43.490148,172,320
node[2],43.508297,172,320
node[1],43.508297,172,320
node[0],43.508297,172,320
node[3],43.511171,176,320
node[1],43.511171,176,320
node[0],43.511171,176,320
node[3],43.515171,180,320
node[1],43.515171,180,320
node[0],43.515171,180,320
node[2],43.515297,176,320
node[1],43.515297,176,320
node[0],43.515297,176,320
node[1],43.524850,172,320
node[2],43.524850,172,320
node[3],43.524850,172,320
node[2],43.526296,180,320
node[1],43.526296,180,320
node[0],43.526296,180,320
node[0],43.527148,172,320
node[2],43.527148,172,320
node[3],43.527148,172,320
node[2],43.533296,172,320
node[1],43.533296,172,320
node[0],43.533296,172,320
node[2],43.540296,176,320
node[1],43.540296,176,320
node[0],43.540296,176,320
node[1],43.540964,176,320
node[2],43.540965,176,320
node[3],43.540965,176,320
node[3],43.549171,176,320
node[1],43.549171,176,320
node[0],43.549171,176,320
node[2],43.551296,180,320
node[1],43.551296,180,320
node[0],43.551296,180,320
node[1],43.557850,172,320
node[2],43.557850,172,320
node[3],43.557850,172,320
node[2],43.558531,172,320
node[1],43.558531,172,320
node[0],43.558531,172,320
node[1],43.565849,176,320
node[2],43.565849,176,320
node[3],43.565849,176,320
node[3],43.584171,180,320
node[1],43.584171,180,320
node[0],43.584171,180,320
node[3],43.590171,176,320
node[1],43.590171,176,320
node[0],43.590171,176,320
node[2],43.591297,180,320
node[1],43.591297,180,320
node[0],43.591297,180,320
node[0],43.597148,180,320
node[2],43.597148,180,320
node[3],43.597148,180,320
node[0],43.599148,172,320
node[2],43.599148,172,320
node[3],43.599148,172,320
node[0],43.604148,176,320
node[2],43.604148,176,320
node[3],43.604148,176,320
node[1],43.607850,176,320
node[2],43.607850,176,320
node[3],43.607850,176,320
node[2],43.625297,172,320
node[1],43.625297,172,320
node[0],43.625297,172,320
node[1],43.626850,180,320
node[2],43.626850,180,320
node[3],43.626850,180,320
node[3],43.631171,172,320
node[1],43.631171,172,320
node[0],43.631171,172,320
node[2],43.648297,176,320
node[1],43.648297,176,320
node[0],43.648297,176,320
node[0],43.649148,176,320
node[2],43.649148,176,320
node[3],43.649148,176,320
node[0],43.651148,180,320
node[2],43.651148,180,320
node[3],43.651148,180,320
node[0],43.654148,172,320
node[2],43.654148,172,320
node[3],43.654148,172,320
node[1],43.661850,176,320
node[2],43.661850,176,320
node[3],43.661850,176,320
node[0],43.674147,176,320
node[2],43.674147,176,320
node[3],43.674147,176,320
node[3],43.679171,176,320
node[1],43.679171,176,320
node[0],43.679171,176,320
node[2],43.682297,172,320
node[1],43.682297,172,320
node[0],43.682297,172,320
node[3],43.690171,180,320
node[1],43.690171,180,320
node[0],43.690171,180,320
node[1],43.691074,180,320
node[2],43.691074,180,320
node[3],43.691074,180,320
node[0],43.696148,180,320
node[2],43.696148,180,320
node[3],43.696148,180,320
node[2],43.702297,176,320
node[1],43.702297,176,320
node[0],43.702297,176,320
node[1],43.705850,172,320
node[2],43.705850,172,320
node[3],43.705850,172,320
node[0],43.708148,172,320
node[2],43.708148,172,320
node[3],43.708148,172,320
node[2],43.720297,172,320
node[1],43.720297,172,320
node[0],43.720297,172,320
node[2],43.753297,176,320
node[1],43.753297,176,320
node[0],43.753297,176,320
node[1],43.753850,172,320
node[2],43.753850,172,320
node[3],43.753850,172,320
node[3],43.759171,172,320
node[1],43.759171,172,320
node[0],43.759171,172,320
node[2],43.759813,172,320
node[1],43.759814,172,320
node[0],43.759814,172,320
node[1],43.767850,176,320
node[2],43.767850,176,320
node[3],43.767850,176,320
node[2],43.769297,180,320
node[1],43.769297,180,320
node[0],43.769297,180,320
node[3],43.783171,180,320
node[1],43.783171,180,320
node[0],43.783171,180,320
node[0],43.790148,176,320
node[2],43.790148,176,320
node[3],43.790148,176,320
node[2],43.794297,176,320
node[1],43.794297,176,320
node[0],43.794297,176,320
node[1],43.806850,172,320
node[2],43.806850,172,320
node[3],43.806850,172,320
node[1],43.809850,180,320
node[2],43.809850,180,320
node[3],43.809850,180,320
node[2],43.819297,176,320
node[1],43.819297,176,320
node[0],43.819297,176,320
node[1],43.819978,176,320
node[2],43.819979,176,320
node[3],43.819979,176,320
node[3],43.829171,172,320
node[1],43.829171,172,320
node[0],43.829171,172,320
node[0],43.830148,176,320
node[2],43.830148,176,320
node[3],43.830148,176,320
node[2],43.831297,180,320
node[1],43.831297,180,320
node[0],43.831297,180,320
node[2],43.835297,172,320
node[1],43.835297,172,320
node[0],43.835297,172,320
node[1],43.837850,172,320
node[2],43.837850,172,320
node[3],43.837850,172,320
node[1],43.852850,176,320
node[2],43.852850,176,320
node[3],43.852850,176,320
node[2],43.857297,180,320
node[1],43.857297,180,320
node[0],43.857297,180,320
node[2],43.869297,172,320
node[1],43.869297,172,320
node[0],43.869297,172,320
node[3],43.870171,180,320
node[1],43.870171,180,320
node[0],43.870171,180,320
node[0],43.871148,180,320
node[2],43.871148,180,320
node[3],43.871148,180,320
node[0],43.896148,172,320
node[2],43.896148,172,320
node[3],43.896148,172,320
node[0],43.898148,180,320
node[2],43.898148,180,320
node[3],43.898148,180,320
node[0],43.901148,176,320
node[2],43.901148,176,320
node[3],43.901148,176,320
node[2],43.902297,176,320
node[1],43.902297,176,320
node[0],43.902297,176,320
node[1],43.902850,180,320
node[2],43.902850,180,320
node[3],43.902850,180,320
node[1],43.914850,172,320
node[2],43.914850,172,320
node[3],43.914850,172,320
node[1],43.919850,176,320
node[2],43.919850,176,320
node[3],43.919850,176,320
node[1],43.931850,180,320
node[2],43.931850,180,320
node[3],43.931850,180,320
node[3],43.936171,180,320
node[1],43.936171,180,320
node[0],43.936171,180,320
node[3],43.941171,176,320
node[1],43.941171,176,320
node[0],43.941171,176,320
node[0],43.947148,172,320
node[2],43.947148,172,320
node[3],43.947148,172,320
node[3],43.950171,172,320
node[1],43.950171,172,320
node[0],43.950171,172,320
node[0],43.963148,176,320
node[2],43.963148,176,320
node[3],43.963148,176,320
node[3],43.966171,176,320
node[1],43.966171,176,320
node[0],43.966171,176,320
node[1],43.982850,172,320
node[2],43.982850,172,320
node[3],43.982850,172,320
node[0],43.994148,172,320
node[2],43.994148,172,320
node[3],43.994148,172,320
node[0],43.998148,176,320
node[2],43.998148,176,320
node[3],43.998148,176,320
node[0],44.013148,180,320
node[2],44.013148,180,320
node[3],44.013148,180,320
node[0],44.020148,172,320
node[2],44.020148,172,320
node[3],44.020148,172,320
node[3],44.028171,176,320
node[1],44.028171,176,320
node[0],44.028171,176,320
node[1],44.037850,172,320
node[2],44.037850,172,320
node[3],44.037850,172,320
node[0],44.043148,176,320
node[2],44.043148,176,320
node[3],44.043148,176,320
node[2],44.049297,176,320
node[1],44.049297,176,320
node[0],44.049297,176,320
node[3],44.055171,176,320
node[1],44.055171,176,320
node[0],44.055171,176,320
node[3],44.066171,180,320
node[1],44.066171,180,320
node[0],44.066171,180,320
node[3],44.067171,172,320
node[1],44.067171,172,320
node[0],44.067171,172,320
node[0],44.074148,172,320
node[2],44.074148,172,320
node[3],44.074148,172,320
node[0],44.081148,180,320
node[2],44.081148,180,320
node[3],44.081148,180,320
node[3],44.085171,176,320
node[1],44.085171,176,320
node[0],44.085171,176,320
node[2],44.087297,176,320
node[1],44.087297,176,320
node[0],44.087297,176,320
node[3],44.091171,180,320
node[1],44.091171,180,320
node[0],44.091171,180,320
node[3],44.094171,172,320
node[1],44.094171,172,320
node[0],44.094171,172,320
node[3],44.110171,176,320
node[1],44.110171,176,320
node[0],44.110171,176,320
node[2],44.122297,176,320
node[1],44.122297,176,320
node[0],44.122297,176,320
node[1],44.124850,180,320
node[2],44.124850,180,320
node[3],44.124850,180,320
node[1],44.127850,176,320
node[2],44.127850,176,320
node[3],44.127850,176,320
node[2],44.130297,172,320
node[1],44.130297,172,320
node[0],44.130297,172,320
node[3],44.143171,176,320
node[1],44.143171,176,320
node[0],44.143171,176,320
node[0],44.144148,172,320
node[2],44.144148,172,320
node[3],44.144148,172,320
node[1],44.148850,172,320
node[2],44.148850,172,320
node[3],44.148850,172,320
node[1],44.156850,176,320
node[2],44.156850,176,320
node[3],44.156850,176,320
node[0],44.162148,180,320
node[2],44.162148,180,320
node[3],44.162148,180,320
node[0],44.164148,176,320
node[2],44.164148,176,320
node[3],44.164148,176,320
node[2],44.166297,180,320
node[1],44.166297,180,320
node[0],44.166297,180,320
node[3],44.185171,180,320
node[1],44.185171,180,320
node[0],44.185171,180,320
node[0],44.186148,172,320
node[2],44.186148,172,320
node[3],44.186148,172,320
node[1],44.187850,172,320
node[2],44.187850,172,320
node[3],44.187850,172,320
node[3],44.191171,176,320
node[1],44.191171,176,320
node[0],44.191171,176,320
node[1],44.206850,176,320
node[2],44.206850,176,320
node[3],44.206850,176,320
node[2],44.208297,176,320
node[1],44.208297,176,320
node[0],44.208297,176,320
node[1],44.218850,172,320
node[2],44.218850,172,320
node[3],44.218850,172,320
node[0],44.221148,176,320
node[2],44.221148,176,320
node[3],44.221148,176,320
node[1],44.221850,180,320
node[2],44.221850,180,320
node[3],44.221850,180,320
node[0],44.229148,172,320
node[2],44.229148,172,320
node[3],44.229148,172,320
node[1],44.231849,176,320
node[2],44.231849,176,320
node[3],44.231849,176,320
node[3],44.248171,172,320
node[1],44.248171,172,320
node[0],44.248171,172,320
node[1],44.258850,176,320
node[2],44.258850,176,320
node[3],44.258850,176,320
node[3],44.270171,176,320
node[1],44.270171,176,320
node[0],44.270171,176,320
node[3],44.271171,180,320
node[1],44.271171,180,320
node[0],44.271171,180,320
node[2],44.273297,180,320
node[1],44.273297,180,320
node[0],44.273297,180,320
node[3],44.281171,172,320
node[1],44.281171,172,320
node[0],44.281171,172,320
node[1],44.284850,176,320
node[2],44.284850,176,320
node[3],44.284850,176,320
node[3],44.295171,176,320
node[1],44.295171,176,320
node[0],44.295171,176,320
node[1],44.297850,172,320
node[2],44.297850,172,320
node[3],44.297850,172,320
node[3],44.299171,180,320
node[1],44.299171,180,320
node[0],44.299171,180,320
node[0],44.304148,176,320
node[2],44.304148,176,320
node[3],44.304148,176,320
node[2],44.307297,172,320
node[1],44.307297,172,320
node[0],44.307297,172,320
node[3],44.315171,172,320
node[1],44.315171,172,320
node[0],44.315171,172,320
node[0],44.320148,172,320
node[2],44.320148,172,320
node[3],44.320148,172,320
node[2],44.322297,176,320
node[1],44.322297,176,320
node[0],44.322297,176,320
node[2],44.326296,180,320
node[1],44.326296,180,320
node[0],44.326296,180,320
node[2],44.356297,176,320
node[1],44.356297,176,320
node[0],44.356297,176,320
node[3],44.359171,176,320
node[1],44.359171,176,320
node[0],44.359171,176,320
node[3],44.360171,172,320
node[1],44.360171,172,320
node[0],44.360171,172,320
node[2],44.361297,172,320
node[1],44.361297,172,320
node[0],44.361297,172,320
node[3],44.367171,180,320
node[1],44.367171,180,320
node[0],44.367171,180,320
node[1],44.372850,180,320
node[2],44.372850,180,320
node[3],44.372850,180,320
node[1],44.376850,172,320
node[2],44.376850,172,320
node[3],44.376850,172,320
node[2],44.382297,176,320
node[1],44.382297,176,320
node[0],44.382297,176,320
node[3],44.384171,176,320
node[1],44.384171,176,320
node[0],44.384171,176,320
node[1],44.388850,176,320
node[2],44.388850,176,320
node[3],44.388850,176,320
node[0],44.405148,172,320
node[2],44.405148,172,320
node[3],44.405148,172,320
node[0],44.410148,180,320
node[2],44.410148,180,320
node[3],44.410148,180,320
node[1],44.416850,180,320
node[2],44.416850,180,320
node[3],44.416850,180,320
node[0],44.417148,176,320
node[2],44.417148,176,320
node[3],44.417148,176,320
node[1],44.422850,172,320
node[2],44.422850,172,320
node[3],44.422850,172,320
node[1],44.429850,176,320
node[2],44.429850,176,320
node[3],44.429850,176,320
node[0],44.440148,172,320
node[2],44.440148,172,320
node[3],44.440148,172,320
node[3],44.446171,176,320
node[1],44.446171,176,320
node[0],44.446171,176,320
node[3],44.447171,172,320
node[1],44.447171,172,320
node[0],44.447171,172,320
node[2],44.465297,176,320
node[1],44.465297,176,320
node[0],44.465297,176,320
node[2],44.469297,180,320
node[1],44.469297,180,320
node[0],44.469297,180,320
node[0],44.470173,180,320
node[2],44.470173,180,320
node[3],44.470173,180,320
node[1],44.473850,180,320
node[2],44.473850,180,320
node[3],44.473850,180,320
node[3],44.480171,176,320
node[1],44.480171,176,320
node[0],44.480171,176,320
node[3],44.484171,172,320
node[1],44.484171,172,320
node[0],44.484171,172,320
node[0],44.487148,172,320
node[2],44.487148,172,320
node[3],44.487148,172,320
node[1],44.503850,176,320
node[2],44.503850,176,320
node[3],44.503850,176,320
node[1],44.510850,180,320
node[2],44.510850,180,320
node[3],44.510850,180,320
node[3],44.542171,172,320
node[1],44.542171,172,320
node[0],44.542171,172,320
node[1],44.544850,176,320
node[2],44.544850,176,320
node[3],44.544850,176,320
node[2],44.545297,172,320
node[1],44.545297,172,320
node[0],44.545297,172,320
node[2],44.555297,180,320
node[1],44.555297,180,320
node[0],44.555297,180,320
node[2],44.567297,176,320
node[1],44.567297,176,320
node[0],44.567297,176,320
node[0],44.570148,176,320
node[2],44.570148,176,320
node[3],44.570148,176,320
node[2],44.572297,172,320
node[1],44.572297,172,320
node[0],44.572297,172,320
node[2],44.580296,180,320
node[1],44.580296,180,320
node[0],44.580296,180,320
node[1],44.582850,172,320
node[2],44.582850,172,320
node[3],44.582850,172,320
node[1],44.584850,176,320
node[2],44.584850,176,320
node[3],44.584850,176,320
node[2],44.592296,176,320
node[1],44.592296,176,320
node[0],44.592296,176,320
node[3],44.595171,172,320
node[1],44.595171,172,320
node[0],44.595171,172,320
node[3],44.597171,180,320
node[1],44.597171,180,320
node[0],44.597171,180,320
node[2],44.599297,172,320
node[1],44.599297,172,320
node[0],44.599297,172,320
node[3],44.606171,176,320
node[1],44.606171,176,320
node[0],44.606171,176,320
node[2],44.617296,176,320
node[1],44.617296,176,320
node[0],44.617296,176,320
node[2],44.624296,172,320
node[1],44.624296,172,320
node[0],44.624296,172,320
node[1],44.635850,180,320
node[2],44.635850,180,320
node[3],44.635850,180,320
node[3],44.647171,176,320
node[1],44.647171,176,320
node[0],44.647171,176,320
node[3],44.654171,172,320
node[1],44.654171,172,320
node[0],44.654171,172,320
node[0],44.655148,180,320
node[2],44.655148,180,320
node[3],44.655148,180,320
node[2],44.661297,172,320
node[1],44.661297,172,320
node[0],44.661297,172,320
node[1],44.665850,172,320
node[2],44.665850,172,320
node[3],44.665850,172,320
node[2],44.667297,176,320
node[1],44.667297,176,320
node[0],44.667297,176,320
node[3],44.670171,180,320
node[1],44.670171,180,320
node[0],44.670171,180,320
node[0],44.675148,172,320
node[2],44.675148,172,320
node[3],44.675148,172,320
node[3],44.675171,176,320
node[1],44.675171,176,320
node[0],44.675171,176,320
node[3],44.685171,172,320
node[1],44.685171,172,320
node[0],44.685171,172,320
node[3],44.695171,180,320
node[1],44.695171,180,320
node[0],44.695171,180,320
node[3],44.705171,176,320
node[1],44.705171,176,320
node[0],44.705171,176,320
node[0],44.719148,172,320
node[2],44.719148,172,320
node[3],44.719148,172,320
node[1],44.730850,180,320
node[2],44.730850,180,320
node[3],44.730850,180,320
node[0],44.731148,176,320
node[2],44.731148,176,320
node[3],44.731148,176,320
node[0],44.744147,172,320
node[2],44.744147,172,320
node[3],44.744147,172,320
node[1],44.744850,176,320
node[2],44.744850,176,320
node[3],44.744850,176,320
node[1],44.746850,172,320
node[2],44.746850,172,320
node[3],44.746850,172,320
node[0],44.750147,180,320
node[2],44.750147,180,320
node[3],44.750147,180,320
node[3],44.755171,176,320
node[1],44.755171,176,320
node[0],44.755171,176,320
node[3],44.756171,172,320
node[1],44.756171,172,320
node[0],44.756171,172,320
node[3],44.764171,180,320
node[1],44.764171,180,320
node[0],44.764171,180,320
node[3],44.780171,176,320
node[1],44.780171,176,320
node[0],44.780171,176,320
node[3],44.781171,172,320
node[1],44.781171,172,320
node[0],44.781171,172,320
node[3],44.789171,180,320
node[1],44.789171,180,320
node[0],44.789171,180,320
node[0],44.794148,176,320
node[2],44.794148,176,320
node[3],44.794148,176,320
node[0],44.811148,172,320
node[2],44.811148,172,320
node[3],44.811148,172,320
node[3],44.819171,180,320
node[1],44.819171,180,320
node[0],44.819171,180,320
node[0],44.823148,176,320
node[2],44.823148,176,320
node[3],44.823148,176,320
node[2],44.828297,180,320
node[1],44.828297,180,320
node[0],44.828297,180,320
node[1],44.849850,176,320
node[2],44.849850,176,320
node[3],44.849850,176,320
node[1],44.851850,172,320
node[2],44.851850,172,320
node[3],44.851850,172,320
node[2],44.862297,176,320
node[1],44.862297,176,320
node[0],44.862297,176,320
node[0],44.866148,176,320
node[2],44.866148,176,320
node[3],44.866148,176,320
node[2],44.875297,172,320
node[1],44.875297,172,320
node[0],44.875297,172,320
node[0],44.890148,172,320
node[2],44.890148,172,320
node[3],44.890148,172,320
node[1],44.911850,172,320
node[2],44.911850,172,320
node[3],44.911850,172,320
node[2],44.912505,172,320
node[1],44.912505,172,320
node[0],44.912505,172,320
node[0],44.913148,180,320
node[2],44.913148,180,320
node[3],44.913148,180,320
node[0],44.914148,176,320
node[2],44.914148,176,320
node[3],44.914148,176,320
node[3],44.924171,176,320
node[1],44.924171,176,320
node[0],44.924171,176,320
node[1],44.924850,180,320
node[2],44.924850,180,320
node[3],44.924850,180,320
node[3],44.926171,180,320
node[1],44.926171,180,320
node[0],44.926171,180,320
node[0],44.931148,172,320
node[2],44.931148,172,320
node[3],44.931148,172,320
node[1],44.937850,172,320
node[2],44.937850,172,320
node[3],44.937850,172,320
node[3],44.939171,172,320
node[1],44.939171,172,320
node[0],44.939171,172,320
node[1],44.944850,176,320
node[2],44.944850,176,320
node[3],44.944850,176,320
node[2],44.948297,172,320
node[1],44.948297,172,320
node[0],44.948297,172,320
node[2],44.954297,180,320
node[1],44.954297,180,320
node[0],44.954297,180,320
node[1],44.962849,172,320
node[2],44.962849,172,320
node[3],44.962849,172,320
node[2],44.965297,176,320
node[1],44.965297,176,320
node[0],44.965297,176,320
node[0],44.969148,176,320
node[2],44.969148,176,320
node[3],44.969148,176,320
node[3],44.980171,176,320
node[1],44.980171,176,320
node[0],44.980171,176,320
node[3],44.983171,172,320
node[1],44.983171,172,320
node[0],44.983171,172,320
node[1],44.983850,180,320
node[2],44.983850,180,320
node[3],44.983850,180,320
node[1],44.997850,172,320
node[2],44.997850,172,320
node[3],44.997850,172,320
node[2],45.023297,176,320
node[1],45.023297,176,320
node[0],45.023297,176,320
node[1],45.063850,172,320
node[2],45.063850,172,320
node[3],45.063850,172,320
node[2],45.074297,176,320
node[1],45.074297,176,320
node[0],45.074297,176,320
node[1],45.084850,176,320
node[2],45.084850,176,320
node[3],45.084850,176,320
node[1],45.085850,180,320
node[2],45.085850,180,320
node[3],45.085850,180,320
node[1],45.088850,172,320
node[2],45.088850,172,320
node[3],45.088850,172,320
node[2],45.113297,176,320
node[1],45.113297,176,320
node[0],45.113297,176,320
node[2],45.114297,172,320
node[1],45.114297,172,320
node[0],45.114297,172,320
node[0],45.116148,176,320
node[2],45.116148,176,320
node[3],45.116148,176,320
node[0],45.124148,180,320
node[2],45.124148,180,320
node[3],45.124148,180,320
node[1],45.124850,176,320
node[2],45.124850,176,320
node[3],45.124850,176,320
node[2],45.126296,180,320
node[1],45.126296,180,320
node[0],45.126296,180,320
node[1],45.129850,172,320
node[2],45.129850,172,320
node[3],45.129850,172,320
node[3],45.130171,180,320
node[1],45.130171,180,320
node[0],45.130171,180,320
node[1],45.133850,180,320
node[2],45.133850,180,320
node[3],45.133850,180,320
node[3],45.137171,172,320
node[1],45.137171,172,320
node[0],45.137171,172,320
node[2],45.138296,176,320
node[1],45.138296,176,320
node[0],45.138296,176,320
node[0],45.140148,172,320
node[2],45.140148,172,320
node[3],45.140148,172,320
node[0],45.144148,176,320
node[2],45.144148,176,320
node[3],45.144148,176,320
node[3],45.144790,176,320
node[1],45.144790,176,320
node[0],45.144790,176,320
node[1],45.157850,172,320
node[2],45.157850,172,320
node[3],45.157850,172,320
node[3],45.162171,172,320
node[1],45.162171,172,320
node[0],45.162171,172,320
node[0],45.165147,172,320
node[2],45.165147,172,320
node[3],45.165147,172,320
node[2],45.167297,176,320
node[1],45.167297,176,320
node[0],45.167297,176,320
node[0],45.169147,176,320
node[2],45.169147,176,320
node[3],45.169147,176,320
node[3],45.169815,176,320
node[1],45.169815,176,320
node[0],45.169815,176,320
node[1],45.177850,176,320
node[2],45.177850,176,320
node[3],45.177850,176,320
node[3],45.180171,180,320
node[1],45.180171,180,320
node[0],45.180171,180,320
node[3],45.187171,172,320
node[1],45.187171,172,320
node[0],45.187171,172,320
node[2],45.188297,180,320
node[1],45.188297,180,320
node[0],45.188297,180,320
node[2],45.189297,172,320
node[1],45.189297,172,320
node[0],45.189297,172,320
node[1],45.192850,180,320
node[2],45.192850,180,320
node[3],45.192850,180,320
node[1],45.195850,172,320
node[2],45.195850,172,320
node[3],45.195850,172,320
node[1],45.202849,176,320
node[2],45.202849,176,320
node[3],45.202849,176,320
node[0],45.216148,176,320
node[2],45.216148,176,320
node[3],45.216148,176,320
node[0],45.229148,172,320
node[2],45.229148,172,320
node[3],45.229148,172,320
node[3],45.234171,176,320
node[1],45.234171,176,320
node[0],45.234171,176,320
node[2],45.238297,172,320
node[1],45.238297,172,320
node[0],45.238297,172,320
node[2],45.241297,176,320
node[1],45.241297,176,320
node[0],45.241297,176,320
node[2],45.246531,180,320
node[1],45.246531,180,320
node[0],45.246531,180,320
node[1],45.261850,176,320
node[2],45.261850,176,320
node[3],45.261850,176,320
node[2],45.263296,172,320
node[1],45.263296,172,320
node[0],45.263296,172,320
node[1],45.267850,172,320
node[2],45.267850,172,320
node[3],45.267850,172,320
node[3],45.276171,172,320
node[1],45.276171,172,320
node[0],45.276171,172,320
node[1],45.280850,180,320
node[2],45.280850,180,320
node[3],45.280850,180,320
node[1],45.286849,176,320
node[2],45.286849,176,320
node[3],45.286849,176,320
node[2],45.290297,176,320
node[1],45.290297,176,320
node[0],45.290297,176,320
node[3],45.291171,180,320
node[1],45.291171,180,320
node[0],45.291171,180,320
node[3],45.300171,176,320
node[1],45.300171,176,320
node[0],45.300171,176,320
node[2],45.303297,172,320
node[1],45.303297,172,320
node[0],45.303297,172,320
node[0],45.306148,172,320
node[2],45.306148,172,320
node[3],45.306148,172,320
node[2],45.315296,176,320
node[1],45.315296,176,320
node[0],45.315296,176,320
node[0],45.320148,180,320
node[2],45.320148,180,320
node[3],45.320148,180,320
node[3],45.322171,172,320
node[1],45.322171,172,320
node[0],45.322171,172,320
node[0],45.328148,176,320
node[2],45.328148,176,320
node[3],45.328148,176,320
node[2],45.336297,180,320
node[1],45.336297,180,320
node[0],45.336297,180,320
node[1],45.343850,176,320
node[2],45.343850,176,320
node[3],45.343850,176,320
node[3],45.344518,176,320
node[1],45.344518,176,320
node[0],45.344518,176,320
node[2],45.352297,172,320
node[1],45.352297,172,320
node[0],45.352297,172,320
node[0],45.377148,180,320
node[2],45.377148,180,320
node[3],45.377148,180,320
node[2],45.379297,180,320
node[1],45.379297,180,320
node[0],45.379297,180,320
node[0],45.389148,176,320
node[2],45.389148,176,320
node[3],45.389148,176,320
node[3],45.392171,176,320
node[1],45.392171,176,320
node[0],45.392171,176,320
node[0],45.399148,172,320
node[2],45.399148,172,320
node[3],45.399148,172,320
node[2],45.399297,176,320
node[1],45.399297,176,320
node[0],45.399297,176,320
node[1],45.402850,172,320
node[2],45.402850,172,320
node[3],45.402850,172,320
node[2],45.405297,172,320
node[1],45.405297,172,320
node[0],45.405297,172,320
node[2],45.440297,172,320
node[1],45.440297,172,320
node[0],45.440297,172,320
node[0],45.452148,172,320
node[2],45.452148,172,320
node[3],45.452148,172,320
node[0],45.488148,176,320
node[2],45.488148,176,320
node[3],45.488148,176,320
node[1],45.498850,176,320
node[2],45.498850,176,320
node[3],45.498850,176,320
node[0],45.499148,172,320
node[2],45.499148,172,320
node[3],45.499148,172,320
node[0],45.502148,180,320
node[2],45.502148,180,320
node[3],45.502148,180,320
node[0],45.513147,176,320
node[2],45.513147,176,320
node[3],45.513147,176,320
node[1],45.515850,180,320
node[2],45.515850,180,320
node[3],45.515850,180,320
node[1],45.522850,172,320
node[2],45.522850,172,320
node[3],45.522850,172,320
node[0],45.524147,172,320
node[2],45.524147,172,320
node[3],45.524147,172,320
node[3],45.536171,180,320
node[1],45.536171,180,320
node[0],45.536171,180,320
node[1],45.538850,176,320
node[2],45.538850,176,320
node[3],45.538850,176,320
node[3],45.539171,172,320
node[1],45.539171,172,320
node[0],45.539171,172,320
node[0],45.541148,176,320
node[2],45.541148,176,320
node[3],45.541148,176,320
node[1],45.551850,172,320
node[2],45.551850,172,320
node[3],45.551850,172,320
node[2],45.553297,180,320
node[1],45.553297,180,320
node[0],45.553297,180,320
node[3],45.554171,176,320
node[1],45.554171,176,320
node[0],45.554171,176,320
node[0],45.560148,180,320
node[2],45.560148,180,320
node[3],45.560148,180,320
node[1],45.563849,176,320
node[2],45.563849,176,320
node[3],45.563849,176,320
node[3],45.577171,172,320
node[1],45.577171,172,320
node[0],45.577171,172,320
node[3],45.585171,176,320
node[1],45.585171,176,320
node[0],45.585171,176,320
node[3],45.589171,180,320
node[1],45.589171,180,320
node[0],45.589171,180,320
node[1],45.604850,172,320
node[2],45.604850,172,320
node[3],45.604850,172,320
node[3],45.607171,172,320
node[1],45.607171,172,320
node[0],45.607171,172,320
node[2],45.616297,176,320
node[1],45.616297,176,320
node[0],45.616297,176,320
node[3],45.618171,180,320
node[1],45.618171,180,320
node[0],45.618171,180,320
node[1],45.620850,180,320
node[2],45.620850,180,320
node[3],45.620850,180,320
node[0],45.628148,172,320
node[2],45.628148,172,320
node[3],45.628148,172,320
node[1],45.636850,176,320
node[2],45.636850,176,320
node[3],45.636850,176,320
node[3],45.640171,172,320
node[1],45.640171,172,320
node[0],45.640171,172,320
node[3],45.643171,176,320
node[1],45.643171,176,320
node[0],45.643171,176,320
node[1],45.647850,172,320
node[2],45.647850,172,320
node[3],45.647850,172,320
node[0],45.659148,176,320
node[2],45.659148,176,320
node[3],45.659148,176,320
node[3],45.671171,180,320
node[1],45.671171,180,320
node[0],45.671171,180,320
node[1],45.672850,176,320
node[2],45.672850,176,320
node[3],45.672850,176,320
node[1],45.674850,180,320
node[2],45.674850,180,320
node[3],45.674850,180,320
node[3],45.676171,172,320
node[1],45.676171,172,320
node[0],45.676171,172,320
node[0],45.679148,172,320
node[2],45.679148,172,320
node[3],45.679148,172,320
node[2],45.690297,180,320
node[1],45.690297,180,320
node[0],45.690297,180,320
node[2],45.700297,176,320
node[1],45.700297,176,320
node[0],45.700297,176,320
node[3],45.701171,180,320
node[1],45.701171,180,320
node[0],45.701171,180,320
node[1],45.701850,176,320
node[2],45.701850,176,320
node[3],45.701850,176,320
node[0],45.716148,176,320
node[2],45.716148,176,320
node[3],45.716148,176,320
node[2],45.720297,172,320
node[1],45.720297,172,320
node[0],45.720297,172,320
node[2],45.725296,176,320
node[1],45.725296,176,320
node[0],45.725296,176,320
node[1],45.730850,180,320
node[2],45.730850,180,320
node[3],45.730850,180,320
node[0],45.732148,172,320
node[2],45.732148,172,320
node[3],45.732148,172,320
node[1],45.735850,172,320
node[2],45.735850,172,320
node[3],45.735850,172,320
node[1],45.737850,176,320
node[2],45.737850,176,320
node[3],45.737850,176,320
node[2],45.740296,180,320
node[1],45.740296,180,320
node[0],45.740296,180,320
node[0],45.745148,176,320
node[2],45.745148,176,320
node[3],45.745148,176,320
node[0],45.752148,180,320
node[2],45.752148,180,320
node[3],45.752148,180,320
node[0],45.757147,172,320
node[2],45.757147,172,320
node[3],45.757147,172,320
node[1],45.760849,172,320
node[2],45.760849,172,320
node[3],45.760849,172,320
node[1],45.762850,176,320
node[2],45.762850,176,320
node[3],45.762850,176,320
node[0],45.770147,176,320
node[2],45.770147,176,320
node[3],45.770147,176,320
node[3],45.775171,180,320
node[1],45.775171,180,320
node[0],45.775171,180,320
node[1],45.780849,180,320
node[2],45.780849,180,320
node[3],45.780849,180,320
node[2],45.786297,180,320
node[1],45.786297,180,320
node[0],45.786297,180,320
node[3],45.809171,180,320
node[1],45.809171,180,320
node[0],45.809171,180,320
node[1],45.821850,176,320
node[2],45.821850,176,320
node[3],45.821850,176,320
node[2],45.846609,180,320
node[1],45.846609,180,320
node[0],45.846609,180,320
node[1],45.856850,172,320
node[2],45.856850,172,320
node[3],45.856850,172,320
node[1],45.859850,176,320
node[2],45.859850,176,320
node[3],45.859850,176,320
node[3],45.865171,172,320
node[1],45.865171,172,320
node[0],45.865171,172,320
node[1],45.876850,180,320
node[2],45.876850,180,320
node[3],45.876850,180,320
node[0],45.890148,180,320
node[2],45.890148,180,320
node[3],45.890148,180,320
node[3],45.905171,176,320
node[1],45.905171,176,320
node[0],45.905171,176,320
node[0],45.912148,172,320
node[2],45.912148,172,320
node[3],45.912148,172,320
node[3],45.914171,180,320
node[1],45.914171,180,320
node[0],45.914171,180,320
node[2],45.922297,176,320
node[1],45.922297,176,320
node[0],45.922297,176,320
node[2],45.935297,180,320
node[1],45.935297,180,320
node[0],45.935297,180,320
node[1],45.946850,176,320
node[2],45.946850,176,320
node[3],45.946850,176,320
node[1],45.983850,176,320
node[2],45.983850,176,320
node[3],45.983850,176,320
node[0],45.991148,172,320
node[2],45.991148,172,320
node[3],45.991148,172,320
node[1],45.992850,172,320
node[2],45.992850,172,320
node[3],45.992850,172,320
node[0],45.995148,176,320
node[2],45.995148,176,320
node[3],45.995148,176,320
node[0],46.006148,180,320
node[2],46.006148,180,320
node[3],46.006148,180,320
node[1],46.026850,172,320
node[2],46.026850,172,320
node[3],46.026850,172,320
node[0],46.030148,172,320
node[2],46.030148,172,320
node[3],46.030148,172,320
node[3],46.030171,176,320
node[1],46.030171,176,320
node[0],46.030171,176,320
node[2],46.038297,176,320
node[1],46.038297,176,320
node[0],46.038297,176,320
node[1],46.039850,176,320
node[2],46.039850,176,320
node[3],46.039850,176,320
node[1],46.054850,172,320
node[2],46.054850,172,320
node[3],46.054850,172,320
node[3],46.058171,176,320
node[1],46.058171,176,320
node[0],46.058171,176,320
node[1],46.064849,176,320
node[2],46.064849,176,320
node[3],46.064849,176,320
node[2],46.077297,180,320
node[1],46.077297,180,320
node[0],46.077297,180,320
node[0],46.078148,172,320
node[2],46.078148,172,320
node[3],46.078148,172,320
node[2],46.079297,172,320
node[1],46.079297,172,320
node[0],46.079297,172,320
node[1],46.081850,172,320
node[2],46.081850,172,320
node[3],46.081850,172,320
node[0],46.089148,180,320
node[2],46.089148,180,320
node[3],46.089148,180,320
node[3],46.089171,172,320
node[1],46.089171,172,320
node[0],46.089171,172,320
node[0],46.094148,176,320
node[2],46.094148,176,320
node[3],46.094148,176,320
node[1],46.094850,180,320
node[2],46.094850,180,320
node[3],46.094850,180,320
node[0],46.103147,172,320
node[2],46.103147,172,320
node[3],46.103147,172,320
node[2],46.115297,172,320
node[1],46.115297,172,320
node[0],46.115297,172,320
node[3],46.144171,172,320
node[1],46.144171,172,320
node[0],46.144171,172,320
node[3],46.147171,176,320
node[1],46.147171,176,320
node[0],46.147171,176,320
node[2],46.153297,180,320
node[1],46.153297,180,320
node[0],46.153297,180,320
node[2],46.162297,176,320
node[1],46.162297,176,320
node[0],46.162297,176,320
node[0],46.165148,172,320
node[2],46.165148,172,320
node[3],46.165148,172,320
node[1],46.166850,176,320
node[2],46.166850,176,320
node[3],46.166850,176,320
node[1],46.169850,172,320
node[2],46.169850,172,320
node[3],46.169850,172,320
node[2],46.174297,172,320
node[1],46.174297,172,320
node[0],46.174297,172,320
node[0],46.176148,180,320
node[2],46.176148,180,320
node[3],46.176148,180,320
node[3],46.178171,172,320
node[1],46.178171,172,320
node[0],46.178171,172,320
node[2],46.178296,180,320
node[1],46.178296,180,320
node[0],46.178296,180,320
node[1],46.180850,180,320
node[2],46.180850,180,320
node[3],46.180850,180,320
node[3],46.184171,176,320
node[1],46.184171,176,320
node[0],46.184171,176,320
node[2],46.189297,176,320
node[1],46.189297,176,320
node[0],46.189297,176,320
node[3],46.193171,180,320
node[1],46.193171,180,320
node[0],46.193171,180,320
node[2],46.200297,172,320
node[1],46.200297,172,320
node[0],46.200297,172,320
node[3],46.207171,172,320
node[1],46.207171,172,320
node[0],46.207171,172,320
node[3],46.209171,176,320
node[1],46.209171,176,320
node[0],46.209171,176,320
node[1],46.227850,172,320
node[2],46.227850,172,320
node[3],46.227850,172,320
node[3],46.231171,180,320
node[1],46.231171,180,320
node[0],46.231171,180,320
node[1],46.243850,180,320
node[2],46.243850,180,320
node[3],46.243850,180,320
node[1],46.244850,176,320
node[2],46.244850,176,320
node[3],46.244850,176,320
node[0],46.249148,172,320
node[2],46.249148,172,320
node[3],46.249148,172,320
node[0],46.256148,180,320
node[2],46.256148,180,320
node[3],46.256148,180,320
node[2],46.263297,180,320
node[1],46.263297,180,320
node[0],46.263297,180,320
node[3],46.270171,176,320
node[1],46.270171,176,320
node[0],46.270171,176,320
node[2],46.270297,172,320
node[1],46.270297,172,320
node[0],46.270297,172,320
node[1],46.276850,176,320
node[2],46.276850,176,320
node[3],46.276850,176,320
node[3],46.285171,172,320
node[1],46.285171,172,320
node[0],46.285171,172,320
node[2],46.294297,180,320
node[1],46.294297,180,320
node[0],46.294297,180,320
node[0],46.303148,176,320
node[2],46.303148,176,320
node[3],46.303148,176,320
node[3],46.307171,180,320
node[1],46.307171,180,320
node[0],46.307171,180,320
node[2],46.308297,176,320
node[1],46.308297,176,320
node[0],46.308297,176,320
node[2],46.322297,172,320
node[1],46.322297,172,320
node[0],46.322297,172,320
node[1],46.324850,172,320
node[2],46.324850,172,320
node[3],46.324850,172,320
node[1],46.331850,180,320
node[2],46.331850,180,320
node[3],46.331850,180,320
node[2],46.342297,176,320
node[1],46.342297,176,320
node[0],46.342297,176,320
node[1],46.345850,176,320
node[2],46.345850,176,320
node[3],46.345850,176,320
node[2],46.361297,180,320
node[1],46.361297,180,320
node[0],46.361297,180,320
node[2],46.362297,172,320
node[1],46.362297,172,320
node[0],46.362297,172,320
node[1],46.386850,180,320
node[2],46.386850,180,320
node[3],46.386850,180,320
node[3],46.389171,172,320
node[1],46.389171,172,320
node[0],46.389171,172,320
node[2],46.391297,176,320
node[1],46.391297,176,320
node[0],46.391297,176,320
node[3],46.395171,180,320
node[1],46.395171,180,320
node[0],46.395171,180,320
node[3],46.396171,176,320
node[1],46.396171,176,320
node[0],46.396171,176,320
node[2],46.408297,172,320
node[1],46.408297,172,320
node[0],46.408297,172,320
node[3],46.414171,172,320
node[1],46.414171,172,320
node[0],46.414171,172,320
node[2],46.416297,176,320
node[1],46.416297,176,320
node[0],46.416297,176,320
node[3],46.420171,180,320
node[1],46.420171,180,320
node[0],46.420171,180,320
node[1],46.420850,172,320
node[2],46.420850,172,320
node[3],46.420850,172,320
node[3],46.421171,176,320
node[1],46.421171,176,320
node[0],46.421171,176,320
node[2],46.455297,176,320
node[1],46.455297,176,320
node[0],46.455297,176,320
node[0],46.469148,172,320
node[2],46.469148,172,320
node[3],46.469148,172,320
node[1],46.492850,172,320
node[2],46.492850,172,320
node[3],46.492850,172,320
node[1],46.499850,176,320
node[2],46.499850,176,320
node[3],46.499850,176,320
node[2],46.500297,172,320
node[1],46.500297,172,320
node[0],46.500297,172,320
node[1],46.500850,180,320
node[2],46.500850,180,320
node[3],46.500850,180,320
node[1],46.517849,172,320
node[2],46.517849,172,320
node[3],46.517849,172,320
node[2],46.524297,176,320
node[1],46.524297,176,320
node[0],46.524297,176,320
node[1],46.524965,176,320
node[2],46.524966,176,320
node[3],46.524966,176,320
node[1],46.525933,180,320
node[2],46.525933,180,320
node[3],46.525933,180,320
node[0],46.526148,176,320
node[2],46.526148,176,320
node[3],46.526148,176,320
node[2],46.529297,180,320
node[1],46.529297,180,320
node[0],46.529297,180,320
node[0],46.533148,172,320
node[2],46.533148,172,320
node[3],46.533148,172,320
node[3],46.544171,176,320
node[1],46.544171,176,320
node[0],46.544171,176,320
node[0],46.553148,176,320
node[2],46.553148,176,320
node[3],46.553148,176,320
node[2],46.556297,172,320
node[1],46.556297,172,320
node[0],46.556297,172,320
node[1],46.556850,176,320
node[2],46.556850,176,320
node[3],46.556850,176,320
node[2],46.567297,176,320
node[1],46.567297,176,320
node[0],46.567297,176,320
node[0],46.580148,176,320
node[2],46.580148,176,320
node[3],46.580148,176,320
node[2],46.580297,180,320
node[1],46.580297,180,320
node[0],46.580297,180,320
node[3],46.593171,176,320
node[1],46.593171,176,320
node[0],46.593171,176,320
node[0],46.597148,180,320
node[2],46.597148,180,320
node[3],46.597148,180,320
node[2],46.603297,172,320
node[1],46.603297,172,320
node[0],46.603297,172,320
node[3],46.605171,172,320
node[1],46.605171,172,320
node[0],46.605171,172,320
node[0],46.609148,172,320
node[2],46.609148,172,320
node[3],46.609148,172,320
node[1],46.610850,176,320
node[2],46.610850,176,320
node[3],46.610850,176,320
node[1],46.616850,180,320
node[2],46.616850,180,320
node[3],46.616850,180,320
node[0],46.618148,176,320
node[2],46.618148,176,320
node[3],46.618148,176,320
node[0],46.622147,180,320
node[2],46.622147,180,320
node[3],46.622147,180,320
node[2],46.622297,176,320
node[1],46.622297,176,320
node[0],46.622297,176,320
node[2],46.628296,172,320
node[1],46.628296,172,320
node[0],46.628296,172,320
node[1],46.631850,172,320
node[2],46.631850,172,320
node[3],46.631850,172,320
node[0],46.634147,172,320
node[2],46.634147,172,320
node[3],46.634147,172,320
node[3],46.642171,176,320
node[1],46.642171,176,320
node[0],46.642171,176,320
node[0],46.643147,176,320
node[2],46.643147,176,320
node[3],46.643147,176,320
node[2],46.646609,180,320
node[1],46.646609,180,320
node[0],46.646609,180,320
node[2],46.654297,176,320
node[1],46.654297,176,320
node[0],46.654297,176,320
node[3],46.671171,176,320
node[1],46.671171,176,320
node[0],46.671171,176,320
node[1],46.671850,172,320
node[2],46.671850,172,320
node[3],46.671850,172,320
node[1],46.675850,180,320
node[2],46.675850,180,320
node[3],46.675850,180,320
node[0],46.677148,176,320
node[2],46.677148,176,320
node[3],46.677148,176,320
node[2],46.677297,172,320
node[1],46.677297,172,320
node[0],46.677297,172,320
node[1],46.679850,176,320
node[2],46.679850,176,320
node[3],46.679850,176,320
node[2],46.681297,180,320
node[1],46.681297,180,320
node[0],46.681297,180,320
node[2],46.688297,176,320
node[1],46.688297,176,320
node[0],46.688297,176,320
node[0],46.691148,172,320
node[2],46.691148,172,320
node[3],46.691148,172,320
node[0],46.709148,180,320
node[2],46.709148,180,320
node[3],46.709148,180,320
node[3],46.712171,180,320
node[1],46.712171,180,320
node[0],46.712171,180,320
node[0],46.719148,172,320
node[2],46.719148,172,320
node[3],46.719148,172,320
node[1],46.722850,172,320
node[2],46.722850,172,320
node[3],46.722850,172,320
node[2],46.726297,172,320
node[1],46.726297,172,320
node[0],46.726297,172,320
node[0],46.736148,176,320
node[2],46.736148,176,320
node[3],46.736148,176,320
node[1],46.744850,176,320
node[2],46.744850,176,320
node[3],46.744850,176,320
node[2],46.746583,180,320
node[1],46.746583,180,320
node[0],46.746583,180,320
node[3],46.751171,172,320
node[1],46.751171,172,320
node[0],46.751171,172,320
node[2],46.756297,176,320
node[1],46.756297,176,320
node[0],46.756297,176,320
node[0],46.776148,172,320
node[2],46.776148,172,320
node[3],46.776148,172,320
node[0],46.778148,176,320
node[2],46.778148,176,320
node[3],46.778148,176,320
node[0],46.798148,180,320
node[2],46.798148,180,320
node[3],46.798148,180,320
node[1],46.805850,176,320
node[2],46.805850,176,320
node[3],46.805850,176,320
node[3],46.806531,176,320
node[1],46.806531,176,320
node[0],46.806531,176,320
node[2],46.814297,172,320
node[1],46.814297,172,320
node[0],46.814297,172,320
node[1],46.818850,172,320
node[2],46.818850,172,320
node[3],46.818850,172,320
node[0],46.820148,172,320
node[2],46.820148,172,320
node[3],46.820148,172,320
node[2],46.829297,176,320
node[1],46.829297,176,320
node[0],46.829297,176,320
node[3],46.831171,172,320
node[1],46.831171,172,320
node[0],46.831171,172,320
node[0],46.833148,176,320
node[2],46.833148,176,320
node[3],46.833148,176,320
node[1],46.840850,176,320
node[2],46.840850,176,320
node[3],46.840850,176,320
node[0],46.848148,172,320
node[2],46.848148,172,320
node[3],46.848148,172,320
node[3],46.857171,176,320
node[1],46.857171,176,320
node[0],46.857171,176,320
node[1],46.867850,172,320
node[2],46.867850,172,320
node[3],46.867850,172,320
node[3],46.872171,180,320
node[1],46.872171,180,320
node[0],46.872171,180,320
node[0],46.873148,180,320
node[2],46.873148,180,320
node[3],46.873148,180,320
node[1],46.882850,176,320
node[2],46.882850,176,320
node[3],46.882850,176,320
node[3],46.892171,172,320
node[1],46.892171,172,320
node[0],46.892171,172,320
node[1],46.899850,180,320
node[2],46.899850,180,320
node[3],46.899850,180,320
node[1],46.900850,172,320
node[2],46.900850,172,320
node[3],46.900850,172,320
node[3],46.903171,176,320
node[1],46.903171,176,320
node[0],46.903171,176,320
node[1],46.916850,176,320
node[2],46.916850,176,320
node[3],46.916850,176,320
node[0],46.927148,176,320
node[2],46.927148,176,320
node[3],46.927148,176,320
node[1],46.928850,172,320
node[2],46.928850,172,320
node[3],46.928850,172,320
node[3],46.942171,172,320
node[1],46.942171,172,320
node[0],46.942171,172,320
node[0],46.953148,172,320
node[2],46.953148,172,320
node[3],46.953148,172,320
node[0],46.954148,180,320
node[2],46.954148,180,320
node[3],46.954148,180,320
node[1],46.968850,176,320
node[2],46.968850,176,320
node[3],46.968850,176,320
node[1],46.974850,172,320
node[2],46.974850,172,320
node[3],46.974850,172,320
node[0],46.977148,176,320
node[2],46.977148,176,320
node[3],46.977148,176,320
node[2],46.977829,176,320
node[1],46.977829,176,320
node[0],46.977829,176,320
node[2],46.992297,180,320
node[1],46.992297,180,320
node[0],46.992297,180,320
node[0],47.001148,180,320
node[2],47.001148,180,320
node[3],47.001148,180,320
node[0],47.005148,176,320
node[2],47.005148,176,320
node[3],47.005148,176,320
node[3],47.005790,176,320
node[1],47.005790,176,320
node[0],47.005790,176,320
node[0],47.034148,176,320
node[2],47.034148,176,320
node[3],47.034148,176,320
node[2],47.038297,172,320
node[1],47.038297,172,320
node[0],47.038297,172,320
node[1],47.039850,176,320
node[2],47.039850,176,320
node[3],47.039850,176,320
node[0],47.044148,172,320
node[2],47.044148,172,320
node[3],47.044148,172,320
node[2],47.044297,180,320
node[1],47.044297,180,320
node[0],47.044297,180,320
node[3],47.048171,172,320
node[1],47.048171,172,320
node[0],47.048171,172,320
node[2],47.050297,176,320
node[1],47.050297,176,320
node[0],47.050297,176,320
node[1],47.054850,172,320
node[2],47.054850,172,320
node[3],47.054850,172,320
node[2],47.063296,172,320
node[1],47.063296,172,320
node[0],47.063296,172,320
node[2],47.069296,180,320
node[1],47.069296,180,320
node[0],47.069296,180,320
node[3],47.077171,176,320
node[1],47.077171,176,320
node[0],47.077171,176,320
node[2],47.081297,176,320
node[1],47.081297,176,320
node[0],47.081297,176,320
node[2],47.088296,172,320
node[1],47.088296,172,320
node[0],47.088296,172,320
node[0],47.095148,180,320
node[2],47.095148,180,320
node[3],47.095148,180,320
node[0],47.098148,176,320
node[2],47.098148,176,320
node[3],47.098148,176,320
node[1],47.100850,172,320
node[2],47.100850,172,320
node[3],47.100850,172,320
node[0],47.121148,172,320
node[2],47.121148,172,320
node[3],47.121148,172,320
node[2],47.124297,172,320
node[1],47.124297,172,320
node[0],47.124297,172,320
node[1],47.125850,172,320
node[2],47.125850,172,320
node[3],47.125850,172,320
node[2],47.128297,180,320
node[1],47.128297,180,320
node[0],47.128297,180,320
node[0],47.137148,176,320
node[2],47.137148,176,320
node[3],47.137148,176,320
node[1],47.138850,176,320
node[2],47.138850,176,320
node[3],47.138850,176,320
node[2],47.143297,176,320
node[1],47.143297,176,320
node[0],47.143297,176,320
node[0],47.146147,172,320
node[2],47.146147,172,320
node[3],47.146147,172,320
node[3],47.149171,176,320
node[1],47.149171,176,320
node[0],47.149171,176,320
node[3],47.152171,172,320
node[1],47.152171,172,320
node[0],47.152171,172,320
node[2],47.161297,180,320
node[1],47.161297,180,320
node[0],47.161297,180,320
node[0],47.167148,180,320
node[2],47.167148,180,320
node[3],47.167148,180,320
node[2],47.175297,176,320
node[1],47.175297,176,320
node[0],47.175297,176,320
node[2],47.179297,172,320
node[1],47.179297,172,320
node[0],47.179297,172,320
node[3],47.182171,176,320
node[1],47.182171,176,320
node[0],47.182171,176,320
node[2],47.195297,180,320
node[1],47.195297,180,320
node[0],47.195297,180,320
node[1],47.203850,176,320
node[2],47.203850,176,320
node[3],47.203850,176,320
node[3],47.205171,180,320
node[1],47.205171,180,320
node[0],47.205171,180,320
node[0],47.212148,180,320
node[2],47.212148,180,320
node[3],47.212148,180,320
node[0],47.215148,176,320
node[2],47.215148,176,320
node[3],47.215148,176,320
node[0],47.216148,172,320
node[2],47.216148,172,320
node[3],47.216148,172,320
node[3],47.222171,172,320
node[1],47.222171,172,320
node[0],47.222171,172,320
node[3],47.226171,176,320
node[1],47.226171,176,320
node[0],47.226171,176,320
node[3],47.231171,180,320
node[1],47.231171,180,320
node[0],47.231171,180,320
node[2],47.232297,172,320
node[1],47.232297,172,320
node[0],47.232297,172,320
node[1],47.236850,172,320
node[2],47.236850,172,320
node[3],47.236850,172,320
node[0],47.240147,176,320
node[2],47.240147,176,320
node[3],47.240147,176,320
node[0],47.241147,172,320
node[2],47.241147,172,320
node[3],47.241147,172,320
node[1],47.244850,180,320
node[2],47.244850,180,320
node[3],47.244850,180,320
node[2],47.250297,180,320
node[1],47.250297,180,320
node[0],47.250297,180,320
node[1],47.260850,176,320
node[2],47.260850,176,320
node[3],47.260850,176,320
node[1],47.261850,172,320
node[2],47.261850,172,320
node[3],47.261850,172,320
node[0],47.262147,180,320
node[2],47.262147,180,320
node[3],47.262147,180,320
node[3],47.267171,176,320
node[1],47.267171,176,320
node[0],47.267171,176,320
node[0],47.268148,172,320
node[2],47.268148,172,320
node[3],47.268148,172,320
node[3],47.269171,172,320
node[1],47.269171,172,320
node[0],47.269171,172,320
node[1],47.289850,172,320
node[2],47.289850,172,320
node[3],47.289850,172,320
node[2],47.294297,172,320
node[1],47.294297,172,320
node[0],47.294297,172,320
node[0],47.299148,172,320
node[2],47.299148,172,320
node[3],47.299148,172,320
node[2],47.309297,176,320
node[1],47.309297,176,320
node[0],47.309297,176,320
node[0],47.316148,180,320
node[2],47.316148,180,320
node[3],47.316148,180,320
node[0],47.318148,176,320
node[2],47.318148,176,320
node[3],47.318148,176,320
node[2],47.320297,172,320
node[1],47.320297,172,320
node[0],47.320297,172,320
node[2],47.338297,176,320
node[1],47.338297,176,320
node[0],47.338297,176,320
node[0],47.349148,172,320
node[2],47.349148,172,320
node[3],47.349148,172,320
node[0],47.355148,176,320
node[2],47.355148,176,320
node[3],47.355148,176,320
node[3],47.356171,172,320
node[1],47.356171,172,320
node[0],47.356171,172,320
node[1],47.370850,172,320
node[2],47.370850,172,320
node[3],47.370850,172,320
node[0],47.371148,180,320
node[2],47.371148,180,320
node[3],47.371148,180,320
node[2],47.380297,172,320
node[1],47.380297,172,320
node[0],47.380297,172,320
node[0],47.383148,172,320
node[2],47.383148,172,320
node[3],47.383148,172,320
node[3],47.398171,176,320
node[1],47.398171,176,320
node[0],47.398171,176,320
node[2],47.403297,176,320
node[1],47.403297,176,320
node[0],47.403297,176,320
node[0],47.406148,176,320
node[2],47.406148,176,320
node[3],47.406148,176,320
node[2],47.415297,172,320
node[1],47.415297,172,320
node[0],47.415297,172,320
node[2],47.426296,180,320
node[1],47.426296,180,320
node[0],47.426296,180,320
node[2],47.430297,176,320
node[1],47.430297,176,320
node[0],47.430297,176,320
node[1],47.436850,180,320
node[2],47.436850,180,320
node[3],47.436850,180,320
node[3],47.438171,172,320
node[1],47.438171,172,320
node[0],47.438171,172,320
node[0],47.440148,176,320
node[2],47.440148,176,320
node[3],47.440148,176,320
node[1],47.447850,176,320
node[2],47.447850,176,320
node[3],47.447850,176,320
node[3],47.452171,176,320
node[1],47.452171,176,320
node[0],47.452171,176,320
node[1],47.458850,172,320
node[2],47.458850,172,320
node[3],47.458850,172,320
node[1],47.472849,176,320
node[2],47.472849,176,320
node[3],47.472849,176,320
node[2],47.475297,176,320
node[1],47.475297,176,320
node[0],47.475297,176,320
node[0],47.476148,176,320
node[2],47.476148,176,320
node[3],47.476148,176,320
node[1],47.487850,180,320
node[2],47.487850,180,320
node[3],47.487850,180,320
node[2],47.488297,172,320
node[1],47.488297,172,320
node[0],47.488297,172,320
node[1],47.512850,180,320
node[2],47.512850,180,320
node[3],47.512850,180,320
node[0],47.513148,176,320
node[2],47.513148,176,320
node[3],47.513148,176,320
node[1],47.519850,172,320
node[2],47.519850,172,320
node[3],47.519850,172,320
node[2],47.525297,176,320
node[1],47.525297,176,320
node[0],47.525297,176,320
node[3],47.539171,180,320
node[1],47.539171,180,320
node[0],47.539171,180,320
node[0],47.540148,176,320
node[2],47.540148,176,320
node[3],47.540148,176,320
node[2],47.540297,180,320
node[1],47.540297,180,320
node[0],47.540297,180,320
node[2],47.544297,172,320
node[1],47.544297,172,320
node[0],47.544297,172,320
node[3],47.552171,172,320
node[1],47.552171,172,320
node[0],47.552171,172,320
node[3],47.564171,176,320
node[1],47.564171,176,320
node[0],47.564171,176,320
node[2],47.564839,176,320
node[1],47.564840,176,320
node[0],47.564840,176,320
node[0],47.568148,180,320
node[2],47.568148,180,320
node[3],47.568148,180,320
node[0],47.570148,176,320
node[2],47.570148,176,320
node[3],47.570148,176,320
node[2],47.571297,172,320
node[1],47.571297,172,320
node[0],47.571297,172,320
node[3],47.577171,172,320
node[1],47.577171,172,320
node[0],47.577171,172,320
node[0],47.580148,172,320
node[2],47.580148,172,320
node[3],47.580148,172,320
node[3],47.596171,180,320
node[1],47.596171,180,320
node[0],47.596171,180,320
node[2],47.597297,176,320
node[1],47.597297,176,320
node[0],47.597297,176,320
node[0],47.602148,180,320
node[2],47.602148,180,320
node[3],47.602148,180,320
node[2],47.602297,172,320
node[1],47.602297,172,320
node[0],47.602297,172,320
node[2],47.622296,176,320
node[1],47.622296,176,320
node[0],47.622296,176,320
node[0],47.624148,176,320
node[2],47.624148,176,320
node[3],47.624148,176,320
node[2],47.626296,180,320
node[1],47.626296,180,320
node[0],47.626296,180,320
node[3],47.636171,172,320
node[1],47.636171,172,320
node[0],47.636171,172,320
node[0],47.639148,172,320
node[2],47.639148,172,320
node[3],47.639148,172,320
node[2],47.652297,180,320
node[1],47.652297,180,320
node[0],47.652297,180,320
node[0],47.670148,180,320
node[2],47.670148,180,320
node[3],47.670148,180,320
node[2],47.675297,176,320
node[1],47.675297,176,320
node[0],47.675297,176,320
node[3],47.677171,172,320
node[1],47.677171,172,320
node[0],47.677171,172,320
node[3],47.679171,180,320
node[1],47.679171,180,320
node[0],47.679171,180,320
node[2],47.695297,180,320
node[1],47.695297,180,320
node[0],47.695297,180,320
node[0],47.714148,176,320
node[2],47.714148,176,320
node[3],47.714148,176,320
node[3],47.714171,180,320
node[1],47.714171,180,320
node[0],47.714171,180,320
node[3],47.724171,172,320
node[1],47.724171,172,320
node[0],47.724171,172,320
node[2],47.730297,172,320
node[1],47.730297,172,320
node[0],47.730297,172,320
node[0],47.731148,172,320
node[2],47.731148,172,320
node[3],47.731148,172,320
node[1],47.750850,176,320
node[2],47.750850,176,320
node[3],47.750850,176,320
node[2],47.764297,176,320
node[1],47.764297,176,320
node[0],47.764297,176,320
node[1],47.764850,172,320
node[2],47.764850,172,320
node[3],47.764850,172,320
node[2],47.777297,180,320
node[1],47.777297,180,320
node[0],47.777297,180,320
node[1],47.778850,180,320
node[2],47.778850,180,320
node[3],47.778850,180,320
node[1],47.784850,176,320
node[2],47.784850,176,320
node[3],47.784850,176,320
node[3],47.785171,172,320
node[1],47.785171,172,320
node[0],47.785171,172,320
node[2],47.785839,172,320
node[1],47.785840,172,320
node[0],47.785840,172,320
node[2],47.789296,176,320
node[1],47.789296,176,320
node[0],47.789296,176,320
node[0],47.801148,176,320
node[2],47.801148,176,320
node[3],47.801148,176,320
node[1],47.807850,172,320
node[2],47.807850,172,320
node[3],47.807850,172,320
node[2],47.811297,172,320
node[1],47.811297,172,320
node[0],47.811297,172,320
node[0],47.822148,180,320
node[2],47.822148,180,320
node[3],47.822148,180,320
node[3],47.822171,176,320
node[1],47.822171,176,320
node[0],47.822171,176,320
node[1],47.824850,180,320
node[2],47.824850,180,320
node[3],47.824850,180,320
node[2],47.827296,180,320
node[1],47.827296,180,320
node[0],47.827296,180,320
node[3],47.837171,180,320
node[1],47.837171,180,320
node[0],47.837171,180,320
node[0],47.840148,172,320
node[2],47.840148,172,320
node[3],47.840148,172,320
node[2],47.840816,172,320
node[1],47.840816,172,320
node[0],47.840816,172,320
node[1],47.857850,172,320
node[2],47.857850,172,320
node[3],47.857850,172,320
node[2],47.863297,176,320
node[1],47.863297,176,320
node[0],47.863297,176,320
node[3],47.866171,176,320
node[1],47.866171,176,320
node[0],47.866171,176,320
node[3],47.873171,172,320
node[1],47.873171,172,320
node[0],47.873171,172,320
node[2],47.888297,180,320
node[1],47.888297,180,320
node[0],47.888297,180,320
node[1],47.894850,176,320
node[2],47.894850,176,320
node[3],47.894850,176,320
node[0],47.895148,172,320
node[2],47.895148,172,320
node[3],47.895148,172,320
node[1],47.897850,180,320
node[2],47.897850,180,320
node[3],47.897850,180,320
node[2],47.900297,176,320
node[1],47.900297,176,320
node[0],47.900297,176,320
node[0],47.904148,176,320
node[2],47.904148,176,320
node[3],47.904148,176,320
node[0],47.910148,180,320
node[2],47.910148,180,320
node[3],47.910148,180,320
node[2],47.919297,172,320
node[1],47.919297,172,320
node[0],47.919297,172,320
node[3],47.937171,172,320
node[1],47.937171,172,320
node[0],47.937171,172,320
node[3],47.940171,176,320
node[1],47.940171,176,320
node[0],47.940171,176,320
node[0],47.942148,172,320
node[2],47.942148,172,320
node[3],47.942148,172,320
node[2],47.944297,180,320
node[1],47.944297,180,320
node[0],47.944297,180,320
node[0],47.949148,176,320
node[2],47.949148,176,320
node[3],47.949148,176,320
node[2],47.949297,172,320
node[1],47.949297,172,320
node[0],47.949297,172,320
node[0],47.960147,180,320
node[2],47.960147,180,320
node[3],47.960147,180,320
node[2],47.974297,176,320
node[1],47.974297,176,320
node[0],47.974297,176,320
node[3],47.984171,172,320
node[1],47.984171,172,320
node[0],47.984171,172,320
node[2],47.984813,172,320
node[1],47.984814,172,320
node[0],47.984814,172,320
node[2],47.986297,180,320
node[1],47.986297,180,320
node[0],47.986297,180,320
node[0],48.004148,172,320
node[2],48.004148,172,320
node[3],48.004148,172,320
node[3],48.005171,180,320
node[1],48.005171,180,320
node[0],48.005171,180,320
node[0],48.007148,180,320
node[2],48.007148,180,320
node[3],48.007148,180,320
node[0],48.011148,176,320
node[2],48.011148,176,320
node[3],48.011148,176,320
node[2],48.016297,176,320
node[1],48.016297,176,320
node[0],48.016297,176,320
node[3],48.017171,176,320
node[1],48.017171,176,320
node[0],48.017171,176,320
node[1],48.020850,172,320
node[2],48.020850,172,320
node[3],48.020850,172,320
node[2],48.024297,172,320
node[1],48.024297,172,320
node[0],48.024297,172,320
node[0],48.029147,172,320
node[2],48.029147,172,320
node[3],48.029147,172,320
node[1],48.029850,180,320
node[2],48.029850,180,320
node[3],48.029850,180,320
node[0],48.036147,176,320
node[2],48.036147,176,320
node[3],48.036147,176,320
node[2],48.036296,180,320
node[1],48.036296,180,320
node[0],48.036296,180,320
node[2],48.041296,176,320
node[1],48.041296,176,320
node[0],48.041296,176,320
node[1],48.042850,176,320
node[2],48.042850,176,320
node[3],48.042850,176,320
node[3],48.044171,176,320
node[1],48.044171,176,320
node[0],48.044171,176,320
node[3],48.045171,172,320
node[1],48.045171,172,320
node[0],48.045171,172,320
node[2],48.049296,172,320
node[1],48.049296,172,320
node[0],48.049296,172,320
node[0],48.054147,172,320
node[2],48.054147,172,320
node[3],48.054147,172,320
node[1],48.055850,172,320
node[2],48.055850,172,320
node[3],48.055850,172,320
node[0],48.057147,180,320
node[2],48.057147,180,320
node[3],48.057147,180,320
node[3],48.064171,180,320
node[1],48.064171,180,320
node[0],48.064171,180,320
node[1],48.067849,176,320
node[2],48.067849,176,320
node[3],48.067849,176,320
node[1],48.079849,180,320
node[2],48.079849,180,320
node[3],48.079849,180,320
node[1],48.080849,172,320
node[2],48.080849,172,320
node[3],48.080849,172,320
node[2],48.081504,172,320
node[1],48.081505,172,320
node[0],48.081505,172,320
node[3],48.085171,172,320
node[1],48.085171,172,320
node[0],48.085171,172,320
node[0],48.088148,172,320
node[2],48.088148,172,320
node[3],48.088148,172,320
node[1],48.094850,176,320
node[2],48.094850,176,320
node[3],48.094850,176,320
node[2],48.103297,176,320
node[1],48.103297,176,320
node[0],48.103297,176,320
node[1],48.104849,180,320
node[2],48.104849,180,320
node[3],48.104849,180,320
node[3],48.110171,176,320
node[1],48.110171,176,320
node[0],48.110171,176,320
node[2],48.121297,172,320
node[1],48.121297,172,320
node[0],48.121297,172,320
node[0],48.122148,172,320
node[2],48.122148,172,320
node[3],48.122148,172,320
node[1],48.124850,172,320
node[2],48.124850,172,320
node[3],48.124850,172,320
node[1],48.136850,176,320
node[2],48.136850,176,320
node[3],48.136850,176,320
node[3],48.158171,176,320
node[1],48.158171,176,320
node[0],48.158171,176,320
node[3],48.166171,172,320
node[1],48.166171,172,320
node[0],48.166171,172,320
node[1],48.174850,180,320
node[2],48.174850,180,320
node[3],48.174850,180,320
node[0],48.185148,176,320
node[2],48.185148,176,320
node[3],48.185148,176,320
node[0],48.187148,180,320
node[2],48.187148,180,320
node[3],48.187148,180,320
node[2],48.195297,180,320
node[1],48.195297,180,320
node[0],48.195297,180,320
node[3],48.197171,180,320
node[1],48.197171,180,320
node[0],48.197171,180,320
node[3],48.203171,172,320
node[1],48.203171,172,320
node[0],48.203171,172,320
node[3],48.216171,176,320
node[1],48.216171,176,320
node[0],48.216171,176,320
node[0],48.220148,180,320
node[2],48.220148,180,320
node[3],48.220148,180,320
node[3],48.222171,180,320
node[1],48.222171,180,320
node[0],48.222171,180,320
node[2],48.234297,172,320
node[1],48.234297,172,320
node[0],48.234297,172,320
node[1],48.237850,176,320
node[2],48.237850,176,320
node[3],48.237850,176,320
node[0],48.250148,176,320
node[2],48.250148,176,320
node[3],48.250148,176,320
node[2],48.255297,180,320
node[1],48.255297,180,320
node[0],48.255297,180,320
node[1],48.260850,172,320
node[2],48.260850,172,320
node[3],48.260850,172,320
node[1],48.264850,176,320
node[2],48.264850,176,320
node[3],48.264850,176,320
node[3],48.266171,176,320
node[1],48.266171,176,320
node[0],48.266171,176,320
node[1],48.301850,176,320
node[2],48.301850,176,320
node[3],48.301850,176,320
node[2],48.322297,176,320
node[1],48.322297,176,320
node[0],48.322297,176,320
node[1],48.329850,176,320
node[2],48.329850,176,320
node[3],48.329850,176,320
node[0],48.334148,176,320
node[2],48.334148,176,320
node[3],48.334148,176,320
node[0],48.339148,172,320
node[2],48.339148,172,320
node[3],48.339148,172,320
node[2],48.342297,180,320
node[1],48.342297,180,320
node[0],48.342297,180,320
node[1],48.344850,172,320
node[2],48.344850,172,320
node[3],48.344850,172,320
node[3],48.346171,172,320
node[1],48.346171,172,320
node[0],48.346171,172,320
node[3],48.347171,176,320
node[1],48.347171,176,320
node[0],48.347171,176,320
node[1],48.354849,176,320
node[2],48.354849,176,320
node[3],48.354849,176,320
node[2],48.355530,176,320
node[1],48.355531,176,320
node[0],48.355531,176,320
node[0],48.356148,180,320
node[2],48.356148,180,320
node[3],48.356148,180,320
node[1],48.369849,172,320
node[2],48.369849,172,320
node[3],48.369849,172,320
node[2],48.370530,172,320
node[1],48.370531,172,320
node[0],48.370531,172,320
node[1],48.370849,180,320
node[2],48.370849,180,320
node[3],48.370849,180,320
node[0],48.377148,172,320
node[2],48.377148,172,320
node[3],48.377148,172,320
node[2],48.377297,180,320
node[1],48.377297,180,320
node[0],48.377297,180,320
node[1],48.379849,176,320
node[2],48.379849,176,320
node[3],48.379849,176,320
node[3],48.386171,176,320
node[1],48.386171,176,320
node[0],48.386171,176,320
node[0],48.397148,180,320
node[2],48.397148,180,320
node[3],48.397148,180,320
node[1],48.398037,180,320
node[2],48.398037,180,320
node[3],48.398037,180,320
node[1],48.407850,176,320
node[2],48.407850,176,320
node[3],48.407850,176,320
node[0],48.408148,172,320
node[2],48.408148,172,320
node[3],48.408148,172,320
node[0],48.411148,176,320
node[2],48.411148,176,320
node[3],48.411148,176,320
node[3],48.411829,176,320
node[1],48.411829,176,320
node[0],48.411829,176,320
node[2],48.416297,176,320
node[1],48.416297,176,320
node[0],48.416297,176,320
node[2],48.422297,172,320
node[1],48.422297,172,320
node[0],48.422297,172,320
node[0],48.423148,180,320
node[2],48.423148,180,320
node[3],48.423148,180,320
node[0],48.433147,172,320
node[2],48.433147,172,320
node[3],48.433147,172,320
node[1],48.451850,172,320
node[2],48.451850,172,320
node[3],48.451850,172,320
node[3],48.463171,176,320
node[1],48.463171,176,320
node[0],48.463171,176,320
node[1],48.467850,176,320
node[2],48.467850,176,320
node[3],48.467850,176,320
node[1],48.470850,180,320
node[2],48.470850,180,320
node[3],48.470850,180,320
node[2],48.472297,176,320
node[1],48.472297,176,320
node[0],48.472297,176,320
node[1],48.476849,172,320
node[2],48.476849,172,320
node[3],48.476849,172,320
node[2],48.499297,172,320
node[1],48.499297,172,320
node[0],48.499297,172,320
node[3],48.502171,180,320
node[1],48.502171,180,320
node[0],48.502171,180,320
node[0],48.507148,176,320
node[2],48.507148,176,320
node[3],48.507148,176,320
node[1],48.521850,172,320
node[2],48.521850,172,320
node[3],48.521850,172,320
node[1],48.534850,180,320
node[2],48.534850,180,320
node[3],48.534850,180,320
node[1],48.559850,176,320
node[2],48.559850,176,320
node[3],48.559850,176,320
node[3],48.560171,172,320
node[1],48.560171,172,320
node[0],48.560171,172,320
node[0],48.570148,180,320
node[2],48.570148,180,320
node[3],48.570148,180,320
node[0],48.574148,176,320
node[2],48.574148,176,320
node[3],48.574148,176,320
node[2],48.577297,172,320
node[1],48.577297,172,320
node[0],48.577297,172,320
node[2],48.592297,176,320
node[1],48.592297,176,320
node[0],48.592297,176,320
node[3],48.594171,176,320
node[1],48.594171,176,320
node[0],48.594171,176,320
node[0],48.596148,172,320
node[2],48.596148,172,320
node[3],48.596148,172,320
node[3],48.596171,180,320
node[1],48.596171,180,320
node[0],48.596171,180,320
node[3],48.598171,172,320
node[1],48.598171,172,320
node[0],48.598171,172,320
node[2],48.610297,172,320
node[1],48.610297,172,320
node[0],48.610297,172,320
node[2],48.617296,176,320
node[1],48.617296,176,320
node[0],48.617296,176,320
node[0],48.624148,180,320
node[2],48.624148,180,320
node[3],48.624148,180,320
node[2],48.626296,180,320
node[1],48.626296,180,320
node[0],48.626296,180,320
node[2],48.635296,172,320
node[1],48.635296,172,320
node[0],48.635296,172,320
node[0],48.637148,172,320
node[2],48.637148,172,320
node[3],48.637148,172,320
node[0],48.638148,176,320
node[2],48.638148,176,320
node[3],48.638148,176,320
node[1],48.640850,172,320
node[2],48.640850,172,320
node[3],48.640850,172,320
node[1],48.647850,176,320
node[2],48.647850,176,320
node[3],48.647850,176,320
node[3],48.654171,172,320
node[1],48.654171,172,320
node[0],48.654171,172,320
node[2],48.659297,180,320
node[1],48.659297,180,320
node[0],48.659297,180,320
node[0],48.662147,172,320
node[2],48.662147,172,320
node[3],48.662147,172,320
node[0],48.663147,176,320
node[2],48.663147,176,320
node[3],48.663147,176,320
node[2],48.663802,176,320
node[1],48.663802,176,320
node[0],48.663803,176,320
node[1],48.666850,172,320
node[2],48.666850,172,320
node[3],48.666850,172,320
node[3],48.670171,180,320
node[1],48.670171,180,320
node[0],48.670171,180,320
node[1],48.670931,180,320
node[2],48.670931,180,320
node[3],48.670931,180,320
node[2],48.686297,172,320
node[1],48.686297,172,320
node[0],48.686297,172,320
node[1],48.688850,176,320
node[2],48.688850,176,320
node[3],48.688850,176,320
node[2],48.692297,180,320
node[1],48.692297,180,320
node[0],48.692297,180,320
node[3],48.696171,172,320
node[1],48.696171,172,320
node[0],48.696171,172,320
node[2],48.697297,176,320
node[1],48.697297,176,320
node[0],48.697297,176,320
node[3],48.698171,180,320
node[1],48.698171,180,320
node[0],48.698171,180,320
node[1],48.709850,180,320
node[2],48.709850,180,320
node[3],48.709850,180,320
node[2],48.711296,172,320
node[1],48.711296,172,320
node[0],48.711296,172,320
node[1],48.715850,176,320
node[2],48.715850,176,320
node[3],48.715850,176,320
node[1],48.716850,172,320
node[2],48.716850,172,320
node[3],48.716850,172,320
node[2],48.725297,176,320
node[1],48.725297,176,320
node[0],48.725297,176,320
node[0],48.738148,172,320
node[2],48.738148,172,320
node[3],48.738148,172,320
node[2],48.740297,172,320
node[1],48.740297,172,320
node[0],48.740297,172,320
node[1],48.741850,180,320
node[2],48.741850,180,320
node[3],48.741850,180,320
node[1],48.743850,176,320
node[2],48.743850,176,320
node[3],48.743850,176,320
node[1],48.754850,172,320
node[2],48.754850,172,320
node[3],48.754850,172,320
node[2],48.765297,172,320
node[1],48.765297,172,320
node[0],48.765297,172,320
node[0],48.768148,176,320
node[2],48.768148,176,320
node[3],48.768148,176,320
node[0],48.788148,180,320
node[2],48.788148,180,320
node[3],48.788148,180,320
node[1],48.795850,176,320
node[2],48.795850,176,320
node[3],48.795850,176,320
node[0],48.812148,172,320
node[2],48.812148,172,320
node[3],48.812148,172,320
node[0],48.813148,180,320
node[2],48.813148,180,320
node[3],48.813148,180,320
node[1],48.817850,172,320
node[2],48.817850,172,320
node[3],48.817850,172,320
node[2],48.818505,172,320
node[1],48.818505,172,320
node[0],48.818505,172,320
node[1],48.821850,176,320
node[2],48.821850,176,320
node[3],48.821850,176,320
node[1],48.855850,176,320
node[2],48.855850,176,320
node[3],48.855850,176,320
node[2],48.862297,176,320
node[1],48.862297,176,320
node[0],48.862297,176,320
node[0],48.874148,176,320
node[2],48.874148,176,320
node[3],48.874148,176,320
node[2],48.881297,180,320
node[1],48.881297,180,320
node[0],48.881297,180,320
node[3],48.889171,176,320
node[1],48.889171,176,320
node[0],48.889171,176,320
node[3],48.914171,176,320
node[1],48.914171,176,320
node[0],48.914171,176,320
node[0],48.919148,172,320
node[2],48.919148,172,320
node[3],48.919148,172,320
node[3],48.920171,172,320
node[1],48.920171,172,320
node[0],48.920171,172,320
node[2],48.928297,176,320
node[1],48.928297,176,320
node[0],48.928297,176,320
node[0],48.929148,176,320
node[2],48.929148,176,320
node[3],48.929148,176,320
node[1],48.954850,172,320
node[2],48.954850,172,320
node[3],48.954850,172,320
node[1],48.961850,176,320
node[2],48.961850,176,320
node[3],48.961850,176,320
node[0],48.966148,172,320
node[2],48.966148,172,320
node[3],48.966148,172,320
node[1],48.970849,180,320
node[2],48.970849,180,320
node[3],48.970849,180,320
node[3],48.984171,176,320
node[1],48.984171,176,320
node[0],48.984171,176,320
node[1],48.992850,176,320
node[2],48.992850,176,320
node[3],48.992850,176,320
node[1],48.994850,172,320
node[2],48.994850,172,320
node[3],48.994850,172,320
node[2],49.001297,176,320
node[1],49.001297,176,320
node[0],49.001297,176,320
node[2],49.016297,172,320
node[1],49.016297,172,320
node[0],49.016297,172,320
node[3],49.017171,176,320
node[1],49.017171,176,320
node[0],49.017171,176,320
node[0],49.024148,176,320
node[2],49.024148,176,320
node[3],49.024148,176,320
node[2],49.026296,180,320
node[1],49.026296,180,320
node[0],49.026296,180,320
node[1],49.026850,172,320
node[2],49.026850,172,320
node[3],49.026850,172,320
node[1],49.028850,176,320
node[2],49.028850,176,320
node[3],49.028850,176,320
node[2],49.030297,176,320
node[1],49.030297,176,320
node[0],49.030297,176,320
node[1],49.037850,180,320
node[2],49.037850,180,320
node[3],49.037850,180,320
node[0],49.038148,172,320
node[2],49.038148,172,320
node[3],49.038148,172,320
node[3],49.041171,172,320
node[1],49.041171,172,320
node[0],49.041171,172,320
node[2],49.045297,172,320
node[1],49.045297,172,320
node[0],49.045297,172,320
node[3],49.054171,176,320
node[1],49.054171,176,320
node[0],49.054171,176,320
node[0],49.055148,180,320
node[2],49.055148,180,320
node[3],49.055148,180,320
node[1],49.058850,172,320
node[2],49.058850,172,320
node[3],49.058850,172,320
node[3],49.074171,172,320
node[1],49.074171,172,320
node[0],49.074171,172,320
node[0],49.076148,176,320
node[2],49.076148,176,320
node[3],49.076148,176,320
node[0],49.079148,172,320
node[2],49.079148,172,320
node[3],49.079148,172,320
node[1],49.080850,176,320
node[2],49.080850,176,320
node[3],49.080850,176,320
node[0],49.082148,180,320
node[2],49.082148,180,320
node[3],49.082148,180,320
node[1],49.083850,172,320
node[2],49.083850,172,320
node[3],49.083850,172,320
node[3],49.086171,180,320
node[1],49.086171,180,320
node[0],49.086171,180,320
node[0],49.118148,180,320
node[2],49.118148,180,320
node[3],49.118148,180,320
node[2],49.127297,176,320
node[1],49.127297,176,320
node[0],49.127297,176,320
node[3],49.132171,172,320
node[1],49.132171,172,320
node[0],49.132171,172,320
node[0],49.136148,172,320
node[2],49.136148,172,320
node[3],49.136148,172,320
node[1],49.139850,176,320
node[2],49.139850,176,320
node[3],49.139850,176,320
node[0],49.155148,176,320
node[2],49.155148,176,320
node[3],49.155148,176,320
node[1],49.162850,172,320
node[2],49.162850,172,320
node[3],49.162850,172,320
node[0],49.173148,180,320
node[2],49.173148,180,320
node[3],49.173148,180,320
node[1],49.174850,176,320
node[2],49.174850,176,320
node[3],49.174850,176,320
node[1],49.180850,180,320
node[2],49.180850,180,320
node[3],49.180850,180,320
node[2],49.182297,172,320
node[1],49.182297,172,320
node[0],49.182297,172,320
node[3],49.185171,180,320
node[1],49.185171,180,320
node[0],49.185171,180,320
node[1],49.187849,172,320
node[2],49.187849,172,320
node[3],49.187849,172,320
node[0],49.197148,172,320
node[2],49.197148,172,320
node[3],49.197148,172,320
node[3],49.203171,172,320
node[1],49.203171,172,320
node[0],49.203171,172,320
node[2],49.207297,176,320
node[1],49.207297,176,320
node[0],49.207297,176,320
node[3],49.212171,180,320
node[1],49.212171,180,320
node[0],49.212171,180,320
node[3],49.223171,176,320
node[1],49.223171,176,320
node[0],49.223171,176,320
node[3],49.228171,172,320
node[1],49.228171,172,320
node[0],49.228171,172,320
node[1],49.231850,172,320
node[2],49.231850,172,320
node[3],49.231850,172,320
node[0],49.234148,172,320
node[2],49.234148,172,320
node[3],49.234148,172,320
node[2],49.235297,176,320
node[1],49.235297,176,320
node[0],49.235297,176,320
node[1],49.239850,176,320
node[2],49.239850,176,320
node[3],49.239850,176,320
node[1],49.243850,180,320
node[2],49.243850,180,320
node[3],49.243850,180,320
node[0],49.253148,180,320
node[2],49.253148,180,320
node[3],49.253148,180,320
node[0],49.254148,176,320
node[2],49.254148,176,320
node[3],49.254148,176,320
node[1],49.256849,172,320
node[2],49.256849,172,320
node[3],49.256849,172,320
node[3],49.260171,172,320
node[1],49.260171,172,320
node[0],49.260171,172,320
node[1],49.266850,176,320
node[2],49.266850,176,320
node[3],49.266850,176,320
node[0],49.277148,172,320
node[2],49.277148,172,320
node[3],49.277148,172,320
node[1],49.281849,172,320
node[2],49.281849,172,320
node[3],49.281849,172,320
node[0],49.290148,180,320
node[2],49.290148,180,320
node[3],49.290148,180,320
node[1],49.291849,176,320
node[2],49.291849,176,320
node[3],49.291849,176,320
node[2],49.296297,176,320
node[1],49.296297,176,320
node[0],49.296297,176,320
node[2],49.298297,172,320
node[1],49.298297,172,320
node[0],49.298297,172,320
node[2],49.301297,180,320
node[1],49.301297,180,320
node[0],49.301297,180,320
node[3],49.305171,180,320
node[1],49.305171,180,320
node[0],49.305171,180,320
node[1],49.306850,180,320
node[2],49.306850,180,320
node[3],49.306850,180,320
node[0],49.315148,172,320
node[2],49.315148,172,320
node[3],49.315148,172,320
node[2],49.321296,176,320
node[1],49.321296,176,320
node[0],49.321296,176,320
node[2],49.323296,172,320
node[1],49.323296,172,320
node[0],49.323296,172,320
node[0],49.324148,176,320
node[2],49.324148,176,320
node[3],49.324148,176,320
node[3],49.338171,176,320
node[1],49.338171,176,320
node[0],49.338171,176,320
node[2],49.346296,176,320
node[1],49.346296,176,320
node[0],49.346296,176,320
node[3],49.348171,172,320
node[1],49.348171,172,320
node[0],49.348171,172,320
node[2],49.348826,172,320
node[1],49.348827,172,320
node[0],49.348827,172,320
node[1],49.355850,172,320
node[2],49.355850,172,320
node[3],49.355850,172,320
node[2],49.359297,180,320
node[1],49.359297,180,320
node[0],49.359297,180,320
node[3],49.367171,180,320
node[1],49.367171,180,320
node[0],49.367171,180,320
node[0],49.382148,176,320
node[2],49.382148,176,320
node[3],49.382148,176,320
node[3],49.393171,176,320
node[1],49.393171,176,320
node[0],49.393171,176,320
node[2],49.394297,180,320
node[1],49.394297,180,320
node[0],49.394297,180,320
node[3],49.396171,172,320
node[1],49.396171,172,320
node[0],49.396171,172,320
node[3],49.397171,180,320
node[1],49.397171,180,320
node[0],49.397171,180,320
node[0],49.403148,172,320
node[2],49.403148,172,320
node[3],49.403148,172,320
node[0],49.415148,180,320
node[2],49.415148,180,320
node[3],49.415148,180,320
node[2],49.415297,172,320
node[1],49.415297,172,320
node[0],49.415297,172,320
node[3],49.418171,176,320
node[1],49.418171,176,320
node[0],49.418171,176,320
node[2],49.431297,176,320
node[1],49.431297,176,320
node[0],49.431297,176,320
node[1],49.432850,180,320
node[2],49.432850,180,320
node[3],49.432850,180,320
node[2],49.443297,172,320
node[1],49.443297,172,320
node[0],49.443297,172,320
node[0],49.474148,180,320
node[2],49.474148,180,320
node[3],49.474148,180,320
node[3],49.483171,172,320
node[1],49.483171,172,320
node[0],49.483171,172,320
node[0],49.503148,172,320
node[2],49.503148,172,320
node[3],49.503148,172,320
node[1],49.516850,180,320
node[2],49.516850,180,320
node[3],49.516850,180,320
node[2],49.517297,172,320
node[1],49.517297,172,320
node[0],49.517297,172,320
node[1],49.519850,172,320
node[2],49.519850,172,320
node[3],49.519850,172,320
node[2],49.527297,176,320
node[1],49.527297,176,320
node[0],49.527297,176,320
node[3],49.545171,176,320
node[1],49.545171,176,320
node[0],49.545171,176,320
node[3],49.555171,172,320
node[1],49.555171,172,320
node[0],49.555171,172,320
node[2],49.558297,176,320
node[1],49.558297,176,320
node[0],49.558297,176,320
node[3],49.564171,180,320
node[1],49.564171,180,320
node[0],49.564171,180,320
node[1],49.572850,180,320
node[2],49.572850,180,320
node[3],49.572850,180,320
node[0],49.578148,176,320
node[2],49.578148,176,320
node[3],49.578148,176,320
node[1],49.586850,172,320
node[2],49.586850,172,320
node[3],49.586850,172,320
node[1],49.605850,180,320
node[2],49.605850,180,320
node[3],49.605850,180,320
node[3],49.613171,172,320
node[1],49.613171,172,320
node[0],49.613171,172,320
node[3],49.616171,176,320
node[1],49.616171,176,320
node[0],49.616171,176,320
node[1],49.624850,172,320
node[2],49.624850,172,320
node[3],49.624850,172,320
node[3],49.639171,172,320
node[1],49.639171,172,320
node[0],49.639171,172,320
node[2],49.641297,180,320
node[1],49.641297,180,320
node[0],49.641297,180,320
node[3],49.647171,176,320
node[1],49.647171,176,320
node[0],49.647171,176,320
node[1],49.655850,176,320
node[2],49.655850,176,320
node[3],49.655850,176,320
node[2],49.662297,172,320
node[1],49.662297,172,320
node[0],49.662297,172,320
node[0],49.663148,172,320
node[2],49.663148,172,320
node[3],49.663148,172,320
node[3],49.664171,180,320
node[1],49.664171,180,320
node[0],49.664171,180,320
node[0],49.667148,180,320
node[2],49.667148,180,320
node[3],49.667148,180,320
node[1],49.678850,180,320
node[2],49.678850,180,320
node[3],49.678850,180,320
node[0],49.680148,176,320
node[2],49.680148,176,320
node[3],49.680148,176,320
node[3],49.680803,176,320
node[1],49.680803,176,320
node[0],49.680803,176,320
node[1],49.683850,176,320
node[2],49.683850,176,320
node[3],49.683850,176,320
node[2],49.686297,180,320
node[1],49.686297,180,320
node[0],49.686297,180,320
node[1],49.691850,172,320
node[2],49.691850,172,320
node[3],49.691850,172,320
node[3],49.712171,172,320
node[1],49.712171,172,320
node[0],49.712171,172,320
node[0],49.716148,180,320
node[2],49.716148,180,320
node[3],49.716148,180,320
node[1],49.727850,176,320
node[2],49.727850,176,320
node[3],49.727850,176,320
node[0],49.744148,172,320
node[2],49.744148,172,320
node[3],49.744148,172,320
node[1],49.749850,172,320
node[2],49.749850,172,320
node[3],49.749850,172,320
node[1],49.752849,176,320
node[2],49.752849,176,320
node[3],49.752849,176,320
node[3],49.754171,172,320
node[1],49.754171,172,320
node[0],49.754171,172,320
node[3],49.761171,176,320
node[1],49.761171,176,320
node[0],49.761171,176,320
node[0],49.764148,176,320
node[2],49.764148,176,320
node[3],49.764148,176,320
node[0],49.766147,180,320
node[2],49.766147,180,320
node[3],49.766147,180,320
node[1],49.771850,180,320
node[2],49.771850,180,320
node[3],49.771850,180,320
node[1],49.774849,172,320
node[2],49.774849,172,320
node[3],49.774849,172,320
node[2],49.778297,180,320
node[1],49.778297,180,320
node[0],49.778297,180,320
node[1],49.797850,180,320
node[2],49.797850,180,320
node[3],49.797850,180,320
node[3],49.803171,172,320
node[1],49.803171,172,320
node[0],49.803171,172,320
node[1],49.803850,172,320
node[2],49.803850,172,320
node[3],49.803850,172,320
node[1],49.808850,176,320
node[2],49.808850,176,320
node[3],49.808850,176,320
node[2],49.811297,172,320
node[1],49.811297,172,320
node[0],49.811297,172,320
node[3],49.830171,176,320
node[1],49.830171,176,320
node[0],49.830171,176,320
node[1],49.831850,180,320
node[2],49.831850,180,320
node[3],49.831850,180,320
node[1],49.834850,172,320
node[2],49.834850,172,320
node[3],49.834850,172,320
node[3],49.839171,180,320
node[1],49.839171,180,320
node[0],49.839171,180,320
node[3],49.852171,172,320
node[1],49.852171,172,320
node[0],49.852171,172,320
node[1],49.852850,176,320
node[2],49.852850,176,320
node[3],49.852850,176,320
node[1],49.859849,172,320
node[2],49.859849,172,320
node[3],49.859849,172,320
node[0],49.860504,172,320
node[2],49.860504,172,320
node[3],49.860504,172,320
node[3],49.863171,176,320
node[1],49.863171,176,320
node[0],49.863171,176,320
node[3],49.877171,172,320
node[1],49.877171,172,320
node[0],49.877171,172,320
node[2],49.877297,176,320
node[1],49.877297,176,320
node[0],49.877297,176,320
node[1],49.877939,176,320
node[2],49.877940,176,320
node[3],49.877940,176,320
node[2],49.888297,172,320
node[1],49.888297,172,320
node[0],49.888297,172,320
node[2],49.906297,176,320
node[1],49.906297,176,320
node[0],49.906297,176,320
node[2],49.914297,172,320
node[1],49.914297,172,320
node[0],49.914297,172,320
node[3],49.918171,176,320
node[1],49.918171,176,320
node[0],49.918171,176,320
node[1],49.926850,172,320
node[2],49.926850,172,320
node[3],49.926850,172,320
node[0],49.953148,176,320
node[2],49.953148,176,320
node[3],49.953148,176,320
node[1],49.968850,172,320
node[2],49.968850,172,320
node[3],49.968850,172,320
node[0],49.974148,180,320
node[2],49.974148,180,320
node[3],49.974148,180,320
node[3],49.979171,176,320
node[1],49.979171,176,320
node[0],49.979171,176,320
node[3],49.984171,172,320
node[1],49.984171,172,320
node[0],49.984171,172,320
node[3],49.994171,180,320
node[1],49.994171,180,320
node[0],49.994171,180,320
node[3],50.008171,176,320
node[1],50.008171,176,320
node[0],50.008171,176,320
node[1],50.016850,176,320
node[2],50.016850,176,320
node[3],50.016850,176,320
node[1],50.047850,176,320
node[2],50.047850,176,320
node[3],50.047850,176,320
node[0],50.059148,172,320
node[2],50.059148,172,320
node[3],50.059148,172,320
node[1],50.076850,172,320
node[2],50.076850,172,320
node[3],50.076850,172,320
node[2],50.082297,180,320
node[1],50.082297,180,320
node[0],50.082297,180,320
node[3],50.086171,180,320
node[1],50.086171,180,320
node[0],50.086171,180,320
node[3],50.088171,172,320
node[1],50.088171,172,320
node[0],50.088171,172,320
node[1],50.092850,180,320
node[2],50.092850,180,320
node[3],50.092850,180,320
node[0],50.102148,172,320
node[2],50.102148,172,320
node[3],50.102148,172,320
node[0],50.107148,176,320
node[2],50.107148,176,320
node[3],50.107148,176,320
node[1],50.114850,172,320
node[2],50.114850,172,320
node[3],50.114850,172,320
node[1],50.119850,180,320
node[2],50.119850,180,320
node[3],50.119850,180,320
node[0],50.136148,176,320
node[2],50.136148,176,320
node[3],50.136148,176,320
node[2],50.144297,176,320
node[1],50.144297,176,320
node[0],50.144297,176,320
node[2],50.148297,172,320
node[1],50.148297,172,320
node[0],50.148297,172,320
node[1],50.150850,172,320
node[2],50.150850,172,320
node[3],50.150850,172,320
node[0],50.165148,172,320
node[2],50.165148,172,320
node[3],50.165148,172,320
node[2],50.170297,176,320
node[1],50.170297,176,320
node[0],50.170297,176,320
node[2],50.173297,180,320
node[1],50.173297,180,320
node[0],50.173297,180,320
node[3],50.176171,180,320
node[1],50.176171,180,320
node[0],50.176171,180,320
node[0],50.185148,176,320
node[2],50.185148,176,320
node[3],50.185148,176,320
node[2],50.198297,176,320
node[1],50.198297,176,320
node[0],50.198297,176,320
node[0],50.199148,172,320
node[2],50.199148,172,320
node[3],50.199148,172,320
node[3],50.201171,172,320
node[1],50.201171,172,320
node[0],50.201171,172,320
node[2],50.202297,172,320
node[1],50.202297,172,320
node[0],50.202297,172,320
node[1],50.204850,172,320
node[2],50.204850,172,320
node[3],50.204850,172,320
node[1],50.220850,180,320
node[2],50.220850,180,320
node[3],50.220850,180,320
node[1],50.224850,176,320
node[2],50.224850,176,320
node[3],50.224850,176,320
node[3],50.226171,172,320
node[1],50.226171,172,320
node[0],50.226171,172,320
node[1],50.238850,172,320
node[2],50.238850,172,320
node[3],50.238850,172,320
node[3],50.241171,176,320
node[1],50.241171,176,320
node[0],50.241171,176,320
node[3],50.251171,172,320
node[1],50.251171,172,320
node[0],50.251171,172,320
node[0],50.257148,172,320
node[2],50.257148,172,320
node[3],50.257148,172,320
node[1],50.262850,176,320
node[2],50.262850,176,320
node[3],50.262850,176,320
node[0],50.269148,180,320
node[2],50.269148,180,320
node[3],50.269148,180,320
node[1],50.279850,180,320
node[2],50.279850,180,320
node[3],50.279850,180,320
node[0],50.284148,176,320
node[2],50.284148,176,320
node[3],50.284148,176,320
node[3],50.295171,176,320
node[1],50.295171,176,320
node[0],50.295171,176,320
node[2],50.297297,180,320
node[1],50.297297,180,320
node[0],50.297297,180,320
node[1],50.299850,176,320
node[2],50.299850,176,320
node[3],50.299850,176,320
node[2],50.300297,172,320
node[1],50.300297,172,320
node[0],50.300297,172,320
node[3],50.308171,180,320
node[1],50.308171,180,320
node[0],50.308171,180,320
node[0],50.311148,176,320
node[2],50.311148,176,320
node[3],50.311148,176,320
node[2],50.315297,176,320
node[1],50.315297,176,320
node[0],50.315297,176,320
node[0],50.334148,172,320
node[2],50.334148,172,320
node[3],50.334148,172,320
node[2],50.334803,172,320
node[1],50.334803,172,320
node[0],50.334803,172,320
node[3],50.336171,176,320
node[1],50.336171,176,320
node[0],50.336171,176,320
node[0],50.344148,176,320
node[2],50.344148,176,320
node[3],50.344148,176,320
node[0],50.350147,180,320
node[2],50.350147,180,320
node[3],50.350147,180,320
node[3],50.353171,172,320
node[1],50.353171,172,320
node[0],50.353171,172,320
node[0],50.359148,172,320
node[2],50.359148,172,320
node[3],50.359148,172,320
node[1],50.362850,172,320
node[2],50.362850,172,320
node[3],50.362850,172,320
node[3],50.367171,176,320
node[1],50.367171,176,320
node[0],50.367171,176,320
node[0],50.369147,176,320
node[2],50.369147,176,320
node[3],50.369147,176,320
node[2],50.373297,180,320
node[1],50.373297,180,320
node[0],50.373297,180,320
node[2],50.375297,172,320
node[1],50.375297,172,320
node[0],50.375297,172,320
node[0],50.393148,180,320
node[2],50.393148,180,320
node[3],50.393148,180,320
node[2],50.393297,176,320
node[1],50.393297,176,320
node[0],50.393297,176,320
node[1],50.405850,172,320
node[2],50.405850,172,320
node[3],50.405850,172,320
node[1],50.414850,176,320
node[2],50.414850,176,320
node[3],50.414850,176,320
node[3],50.420171,176,320
node[1],50.420171,176,320
node[0],50.420171,176,320
node[3],50.426171,172,320
node[1],50.426171,172,320
node[0],50.426171,172,320
node[2],50.431297,180,320
node[1],50.431297,180,320
node[0],50.431297,180,320
node[0],50.440148,172,320
node[2],50.440148,172,320
node[3],50.440148,172,320
node[0],50.441148,176,320
node[2],50.441148,176,320
node[3],50.441148,176,320
node[2],50.446297,172,320
node[1],50.446297,172,320
node[0],50.446297,172,320
node[3],50.451171,176,320
node[1],50.451171,176,320
node[0],50.451171,176,320
node[0],50.453148,180,320
node[2],50.453148,180,320
node[3],50.453148,180,320
node[2],50.453297,176,320
node[1],50.453297,176,320
node[0],50.453297,176,320
node[1],50.455850,172,320
node[2],50.455850,172,320
node[3],50.455850,172,320
node[1],50.469850,176,320
node[2],50.469850,176,320
node[3],50.469850,176,320
node[0],50.483148,176,320
node[2],50.483148,176,320
node[3],50.483148,176,320
node[1],50.483850,180,320
node[2],50.483850,180,320
node[3],50.483850,180,320
node[1],50.486850,172,320
node[2],50.486850,172,320
node[3],50.486850,172,320
node[1],50.508850,176,320
node[2],50.508850,176,320
node[3],50.508850,176,320
node[3],50.516171,176,320
node[1],50.516171,176,320
node[0],50.516171,176,320
node[1],50.530850,172,320
node[2],50.530850,172,320
node[3],50.530850,172,320
node[0],50.535148,172,320
node[2],50.535148,172,320
node[3],50.535148,172,320
node[2],50.536297,180,320
node[1],50.536297,180,320
node[0],50.536297,180,320
node[1],50.538850,180,320
node[2],50.538850,180,320
node[3],50.538850,180,320
node[1],50.540850,176,320
node[2],50.540850,176,320
node[3],50.540850,176,320
node[0],50.545148,176,320
node[2],50.545148,176,320
node[3],50.545148,176,320
node[0],50.553148,180,320
node[2],50.553148,180,320
node[3],50.553148,180,320
node[3],50.560171,172,320
node[1],50.560171,172,320
node[0],50.560171,172,320
node[3],50.563171,176,320
node[1],50.563171,176,320
node[0],50.563171,176,320
node[3],50.567171,180,320
node[1],50.567171,180,320
node[0],50.567171,180,320
node[0],50.574148,172,320
node[2],50.574148,172,320
node[3],50.574148,172,320
node[1],50.584850,172,320
node[2],50.584850,172,320
node[3],50.584850,172,320
node[3],50.585531,172,320
node[1],50.585531,172,320
node[0],50.585531,172,320
node[0],50.615148,180,320
node[2],50.615148,180,320
node[3],50.615148,180,320
node[1],50.628850,180,320
node[2],50.628850,180,320
node[3],50.628850,180,320
node[3],50.644171,172,320
node[1],50.644171,172,320
node[0],50.644171,172,320
node[2],50.649297,176,320
node[1],50.649297,176,320
node[0],50.649297,176,320
node[1],50.662850,176,320
node[2],50.662850,176,320
node[3],50.662850,176,320
node[1],50.663850,172,320
node[2],50.663850,172,320
node[3],50.663850,172,320
node[3],50.673171,180,320
node[1],50.673171,180,320
node[0],50.673171,180,320
node[0],50.676148,180,320
node[2],50.676148,180,320
node[3],50.676148,180,320
node[1],50.680850,180,320
node[2],50.680850,180,320
node[3],50.680850,180,320
node[1],50.687849,176,320
node[2],50.687849,176,320
node[3],50.687849,176,320
node[3],50.700171,172,320
node[1],50.700171,172,320
node[0],50.700171,172,320
node[2],50.703297,176,320
node[1],50.703297,176,320
node[0],50.703297,176,320
node[2],50.707297,172,320
node[1],50.707297,172,320
node[0],50.707297,172,320
node[3],50.712171,180,320
node[1],50.712171,180,320
node[0],50.712171,180,320
node[1],50.735850,176,320
node[2],50.735850,176,320
node[3],50.735850,176,320
node[1],50.747850,172,320
node[2],50.747850,172,320
node[3],50.747850,172,320
node[2],50.752297,172,320
node[1],50.752297,172,320
node[0],50.752297,172,320
node[0],50.758148,172,320
node[2],50.758148,172,320
node[3],50.758148,172,320
node[0],50.761148,180,320
node[2],50.761148,180,320
node[3],50.761148,180,320
node[1],50.764850,176,320
node[2],50.764850,176,320
node[3],50.764850,176,320
node[3],50.771171,172,320
node[1],50.771171,172,320
node[0],50.771171,172,320
node[0],50.777148,176,320
node[2],50.777148,176,320
node[3],50.777148,176,320
node[0],50.790148,180,320
node[2],50.790148,180,320
node[3],50.790148,180,320
node[0],50.808148,172,320
node[2],50.808148,172,320
node[3],50.808148,172,320
node[1],50.815850,172,320
node[2],50.815850,172,320
node[3],50.815850,172,320
node[2],50.823297,172,320
node[1],50.823297,172,320
node[0],50.823297,172,320
node[3],50.824171,172,320
node[1],50.824171,172,320
node[0],50.824171,172,320
node[1],50.832850,180,320
node[2],50.832850,180,320
node[3],50.832850,180,320
node[3],50.834171,180,320
node[1],50.834171,180,320
node[0],50.834171,180,320
node[0],50.837148,176,320
node[2],50.837148,176,320
node[3],50.837148,176,320
node[1],50.839850,176,320
node[2],50.839850,176,320
node[3],50.839850,176,320
node[3],50.843171,176,320
node[1],50.843171,176,320
node[0],50.843171,176,320
node[1],50.858850,172,320
node[2],50.858850,172,320
node[3],50.858850,172,320
node[1],50.864849,176,320
node[2],50.864849,176,320
node[3],50.864849,176,320
node[0],50.869148,172,320
node[2],50.869148,172,320
node[3],50.869148,172,320
node[2],50.874297,180,320
node[1],50.874297,180,320
node[0],50.874297,180,320
node[1],50.882849,180,320
node[2],50.882849,180,320
node[3],50.882849,180,320
node[1],50.883849,172,320
node[2],50.883849,172,320
node[3],50.883849,172,320
node[3],50.889171,180,320
node[1],50.889171,180,320
node[0],50.889171,180,320
node[1],50.889849,176,320
node[2],50.889849,176,320
node[3],50.889849,176,320
node[2],50.891297,172,320
node[1],50.891297,172,320
node[0],50.891297,172,320
node[2],50.899297,180,320
node[1],50.899297,180,320
node[0],50.899297,180,320
node[3],50.903171,176,320
node[1],50.903171,176,320
node[0],50.903171,176,320
node[1],50.907849,180,320
node[2],50.907849,180,320
node[3],50.907849,180,320
node[1],50.908849,172,320
node[2],50.908849,172,320
node[3],50.908849,172,320
node[3],50.911171,172,320
node[1],50.911171,172,320
node[0],50.911171,172,320
node[1],50.914849,176,320
node[2],50.914849,176,320
node[3],50.914849,176,320
node[2],50.928297,172,320
node[1],50.928297,172,320
node[0],50.928297,172,320
node[1],50.932849,180,320
node[2],50.932849,180,320
node[3],50.932849,180,320
node[0],50.933148,172,320
node[2],50.933148,172,320
node[3],50.933148,172,320
node[2],50.935297,176,320
node[1],50.935297,176,320
node[0],50.935297,176,320
node[0],50.939148,176,320
node[2],50.939148,176,320
node[3],50.939148,176,320
node[1],50.940850,172,320
node[2],50.940850,172,320
node[3],50.940850,172,320
node[1],50.948850,176,320
node[2],50.948850,176,320
node[3],50.948850,176,320
node[2],50.949296,180,320
node[1],50.949296,180,320
node[0],50.949296,180,320
node[2],50.953296,172,320
node[1],50.953296,172,320
node[0],50.953296,172,320
node[0],50.956148,180,320
node[2],50.956148,180,320
node[3],50.956148,180,320
node[3],50.960171,172,320
node[1],50.960171,172,320
node[0],50.960171,172,320
node[0],50.980148,176,320
node[2],50.980148,176,320
node[3],50.980148,176,320
node[0],50.981148,172,320
node[2],50.981148,172,320
node[3],50.981148,172,320
node[0],50.984148,180,320
node[2],50.984148,180,320
node[3],50.984148,180,320
node[2],50.999297,172,320
node[1],50.999297,172,320
node[0],50.999297,172,320
node[1],51.001850,176,320
node[2],51.001850,176,320
node[3],51.001850,176,320
node[1],51.003850,180,320
node[2],51.003850,180,320
node[3],51.003850,180,320
node[3],51.009171,172,320
node[1],51.009171,172,320
node[0],51.009171,172,320
node[1],51.009850,172,320
node[2],51.009850,172,320
node[3],51.009850,172,320
node[0],51.011148,176,320
node[2],51.011148,176,320
node[3],51.011148,176,320
node[3],51.021171,180,320
node[1],51.021171,180,320
node[0],51.021171,180,320
node[0],51.024148,172,320
node[2],51.024148,172,320
node[3],51.024148,172,320
node[3],51.026171,176,320
node[1],51.026171,176,320
node[0],51.026171,176,320
node[1],51.047850,176,320
node[2],51.047850,176,320
node[3],51.047850,176,320
node[1],51.051850,172,320
node[2],51.051850,172,320
node[3],51.051850,172,320
node[1],51.070849,180,320
node[2],51.070849,180,320
node[3],51.070849,180,320
node[1],51.072849,176,320
node[2],51.072849,176,320
node[3],51.072849,176,320
node[0],51.073491,176,320
node[2],51.073491,176,320
node[3],51.073491,176,320
node[2],51.094297,172,320
node[1],51.094297,172,320
node[0],51.094297,172,320
node[0],51.106148,176,320
node[2],51.106148,176,320
node[3],51.106148,176,320
node[2],51.107297,176,320
node[1],51.107297,176,320
node[0],51.107297,176,320
node[1],51.111850,180,320
node[2],51.111850,180,320
node[3],51.111850,180,320
node[1],51.118850,176,320
node[2],51.118850,176,320
node[3],51.118850,176,320
node[0],51.119148,180,320
node[2],51.119148,180,320
node[3],51.119148,180,320
node[3],51.120171,172,320
node[1],51.120171,172,320
node[0],51.120171,172,320
node[2],51.126297,172,320
node[1],51.126297,172,320
node[0],51.126297,172,320
node[0],51.129148,172,320
node[2],51.129148,172,320
node[3],51.129148,172,320
node[3],51.133171,180,320
node[1],51.133171,180,320
node[0],51.133171,180,320
node[1],51.146850,172,320
node[2],51.146850,172,320
node[3],51.146850,172,320
node[3],51.147171,176,320
node[1],51.147171,176,320
node[0],51.147171,176,320
node[1],51.152850,176,320
node[2],51.152850,176,320
node[3],51.152850,176,320
node[2],51.157297,172,320
node[1],51.157297,172,320
node[0],51.157297,172,320
node[3],51.164171,172,320
node[1],51.164171,172,320
node[0],51.164171,172,320
node[1],51.170849,180,320
node[2],51.170849,180,320
node[3],51.170849,180,320
node[2],51.176297,176,320
node[1],51.176297,176,320
node[0],51.176297,176,320
node[3],51.178171,176,320
node[1],51.178171,176,320
node[0],51.178171,176,320
node[1],51.182850,176,320
node[2],51.182850,176,320
node[3],51.182850,176,320
node[3],51.194171,172,320
node[1],51.194171,172,320
node[0],51.194171,172,320
node[3],51.198171,180,320
node[1],51.198171,180,320
node[0],51.198171,180,320
node[1],51.203850,180,320
node[2],51.203850,180,320
node[3],51.203850,180,320
node[0],51.208148,176,320
node[2],51.208148,176,320
node[3],51.208148,176,320
node[3],51.217171,176,320
node[1],51.217171,176,320
node[0],51.217171,176,320
node[0],51.226148,172,320
node[2],51.226148,172,320
node[3],51.226148,172,320
node[1],51.233850,180,320
node[2],51.233850,180,320
node[3],51.233850,180,320
node[3],51.235171,180,320
node[1],51.235171,180,320
node[0],51.235171,180,320
node[1],51.238850,172,320
node[2],51.238850,172,320
node[3],51.238850,172,320
node[1],51.249850,176,320
node[2],51.249850,176,320
node[3],51.249850,176,320
node[2],51.251297,176,320
node[1],51.251297,176,320
node[0],51.251297,176,320
node[2],51.279297,176,320
node[1],51.279297,176,320
node[0],51.279297,176,320
node[2],51.293297,172,320
node[1],51.293297,172,320
node[0],51.293297,172,320
node[3],51.306171,176,320
node[1],51.306171,176,320
node[0],51.306171,176,320
node[2],51.306813,176,320
node[1],51.306814,176,320
node[0],51.306814,176,320
node[3],51.315171,172,320
node[1],51.315171,172,320
node[0],51.315171,172,320
node[0],51.322148,172,320
node[2],51.322148,172,320
node[3],51.322148,172,320
node[3],51.328171,180,320
node[1],51.328171,180,320
node[0],51.328171,180,320
node[2],51.333297,176,320
node[1],51.333297,176,320
node[0],51.333297,176,320
node[1],51.334850,172,320
node[2],51.334850,172,320
node[3],51.334850,172,320
node[3],51.342171,172,320
node[1],51.342171,172,320
node[0],51.342171,172,320
node[0],51.346148,176,320
node[2],51.346148,176,320
node[3],51.346148,176,320
node[2],51.355297,180,320
node[1],51.355297,180,320
node[0],51.355297,180,320
node[2],51.381297,180,320
node[1],51.381297,180,320
node[0],51.381297,180,320
node[1],51.390850,172,320
node[2],51.390850,172,320
node[3],51.390850,172,320
node[2],51.403297,172,320
node[1],51.403297,172,320
node[0],51.403297,172,320
node[3],51.404171,180,320
node[1],51.404171,180,320
node[0],51.404171,180,320
node[1],51.407850,176,320
node[2],51.407850,176,320
node[3],51.407850,176,320
node[3],51.413171,172,320
node[1],51.413171,172,320
node[0],51.413171,172,320
node[2],51.422297,176,320
node[1],51.422297,176,320
node[0],51.422297,176,320
node[1],51.426850,180,320
node[2],51.426850,180,320
node[3],51.426850,180,320
node[2],51.428296,172,320
node[1],51.428296,172,320
node[0],51.428296,172,320
node[2],51.431296,180,320
node[1],51.431296,180,320
node[0],51.431296,180,320
node[0],51.432148,172,320
node[2],51.432148,172,320
node[3],51.432148,172,320
node[0],51.438148,176,320
node[2],51.438148,176,320
node[3],51.438148,176,320
node[3],51.439171,172,320
node[1],51.439171,172,320
node[0],51.439171,172,320
node[3],51.443171,176,320
node[1],51.443171,176,320
node[0],51.443171,176,320
node[0],51.450147,180,320
node[2],51.450147,180,320
node[3],51.450147,180,320
node[1],51.462850,172,320
node[2],51.462850,172,320
node[3],51.462850,172,320
node[3],51.464171,180,320
node[1],51.464171,180,320
node[0],51.464171,180,320
node[1],51.465850,176,320
node[2],51.465850,176,320
node[3],51.465850,176,320
node[0],51.468148,172,320
node[2],51.468148,172,320
node[3],51.468148,172,320
node[3],51.475171,172,320
node[1],51.475171,172,320
node[0],51.475171,172,320
node[1],51.476849,180,320
node[2],51.476849,180,320
node[3],51.476849,180,320
node[3],51.478171,176,320
node[1],51.478171,176,320
node[0],51.478171,176,320
node[2],51.485297,180,320
node[1],51.485297,180,320
node[0],51.485297,180,320
node[2],51.486297,176,320
node[1],51.486297,176,320
node[0],51.486297,176,320
node[3],51.489171,180,320
node[1],51.489171,180,320
node[0],51.489171,180,320
node[0],51.493148,172,320
node[2],51.493148,172,320
node[3],51.493148,172,320
node[3],51.500171,172,320
node[1],51.500171,172,320
node[0],51.500171,172,320
node[2],51.501297,172,320
node[1],51.501297,172,320
node[0],51.501297,172,320
node[3],51.523171,180,320
node[1],51.523171,180,320
node[0],51.523171,180,320
node[2],51.525297,176,320
node[1],51.525297,176,320
node[0],51.525297,176,320
node[1],51.539850,176,320
node[2],51.539850,176,320
node[3],51.539850,176,320
node[2],51.541297,180,320
node[1],51.541297,180,320
node[0],51.541297,180,320
node[1],51.544850,172,320
node[2],51.544850,172,320
node[3],51.544850,172,320
node[2],51.546297,172,320
node[1],51.546297,172,320
node[0],51.546297,172,320
node[0],51.547148,176,320
node[2],51.547148,176,320
node[3],51.547148,176,320
node[0],51.558148,180,320
node[2],51.558148,180,320
node[3],51.558148,180,320
node[0],51.564148,172,320
node[2],51.564148,172,320
node[3],51.564148,172,320
node[1],51.564849,176,320
node[2],51.564849,176,320
node[3],51.564849,176,320
node[1],51.574850,180,320
node[2],51.574850,180,320
node[3],51.574850,180,320
node[1],51.580850,172,320
node[2],51.580850,172,320
node[3],51.580850,172,320
node[0],51.588148,176,320
node[2],51.588148,176,320
node[3],51.588148,176,320
node[2],51.591297,172,320
node[1],51.591297,172,320
node[0],51.591297,172,320
node[3],51.594171,180,320
node[1],51.594171,180,320
node[0],51.594171,180,320
node[2],51.595297,180,320
node[1],51.595297,180,320
node[0],51.595297,180,320
node[1],51.597850,176,320
node[2],51.597850,176,320
node[3],51.597850,176,320
node[1],51.603850,180,320
node[2],51.603850,180,320
node[3],51.603850,180,320
node[3],51.609171,172,320
node[1],51.609171,172,320
node[0],51.609171,172,320
node[3],51.639171,176,320
node[1],51.639171,176,320
node[0],51.639171,176,320
node[0],51.654148,176,320
node[2],51.654148,176,320
node[3],51.654148,176,320
node[0],51.661148,172,320
node[2],51.661148,172,320
node[3],51.661148,172,320
node[1],51.692850,172,320
node[2],51.692850,172,320
node[3],51.692850,172,320
node[3],51.701171,172,320
node[1],51.701171,172,320
node[0],51.701171,172,320
node[3],51.709171,176,320
node[1],51.709171,176,320
node[0],51.709171,176,320
node[1],51.711850,180,320
node[2],51.711850,180,320
node[3],51.711850,180,320
node[0],51.713148,176,320
node[2],51.713148,176,320
node[3],51.713148,176,320
node[3],51.716171,180,320
node[1],51.716171,180,320
node[0],51.716171,180,320
node[2],51.718297,176,320
node[1],51.718297,176,320
node[0],51.718297,176,320
node[2],51.721297,172,320
node[1],51.721297,172,320
node[0],51.721297,172,320
node[0],51.725148,172,320
node[2],51.725148,172,320
node[3],51.725148,172,320
node[2],51.748297,176,320
node[1],51.748297,176,320
node[0],51.748297,176,320
node[1],51.763850,176,320
node[2],51.763850,176,320
node[3],51.763850,176,320
node[0],51.775148,180,320
node[2],51.775148,180,320
node[3],51.775148,180,320
node[3],51.778171,180,320
node[1],51.778171,180,320
node[0],51.778171,180,320
node[2],51.784297,176,320
node[1],51.784297,176,320
node[0],51.784297,176,320
node[3],51.787171,172,320
node[1],51.787171,172,320
node[0],51.787171,172,320
node[1],51.789850,180,320
node[2],51.789850,180,320
node[3],51.789850,180,320
node[3],51.800171,176,320
node[1],51.800171,176,320
node[0],51.800171,176,320
node[1],51.810850,172,320
node[2],51.810850,172,320
node[3],51.810850,172,320
node[0],51.811148,180,320
node[2],51.811148,180,320
node[3],51.811148,180,320
node[0],51.813148,172,320
node[2],51.813148,172,320
node[3],51.813148,172,320
node[2],51.824297,172,320
node[1],51.824297,172,320
node[0],51.824297,172,320
node[2],51.860297,176,320
node[1],51.860297,176,320
node[0],51.860297,176,320
node[3],51.861171,172,320
node[1],51.861171,172,320
node[0],51.861171,172,320
node[1],51.861853,172,320
node[2],51.861853,172,320
node[3],51.861853,172,320
node[2],51.864297,172,320
node[1],51.864297,172,320
node[0],51.864297,172,320
node[0],51.882148,172,320
node[2],51.882148,172,320
node[3],51.882148,172,320
node[3],51.885171,180,320
node[1],51.885171,180,320
node[0],51.885171,180,320
node[0],51.888148,180,320
node[2],51.888148,180,320
node[3],51.888148,180,320
node[1],51.896850,176,320
node[2],51.896850,176,320
node[3],51.896850,176,320
node[3],51.903171,172,320
node[1],51.903171,172,320
node[0],51.903171,172,320
node[3],51.906171,176,320
node[1],51.906171,176,320
node[0],51.906171,176,320
node[1],51.907850,180,320
node[2],51.907850,180,320
node[3],51.907850,180,320
node[3],51.910171,180,320
node[1],51.910171,180,320
node[0],51.910171,180,320
node[2],51.910297,176,320
node[1],51.910297,176,320
node[0],51.910297,176,320
node[0],51.914148,172,320
node[2],51.914148,172,320
node[3],51.914148,172,320
node[2],51.914790,172,320
node[1],51.914790,172,320
node[0],51.914790,172,320
node[1],51.924850,172,320
node[2],51.924850,172,320
node[3],51.924850,172,320
node[2],51.926296,180,320
node[1],51.926296,180,320
node[0],51.926296,180,320
node[3],51.928171,172,320
node[1],51.928171,172,320
node[0],51.928171,172,320
node[0],51.932148,176,320
node[2],51.932148,176,320
node[3],51.932148,176,320
node[1],51.934850,180,320
node[2],51.934850,180,320
node[3],51.934850,180,320
node[2],51.940297,176,320
node[1],51.940297,176,320
node[0],51.940297,176,320
node[1],51.956850,172,320
node[2],51.956850,172,320
node[3],51.956850,172,320
node[1],51.958850,176,320
node[2],51.958850,176,320
node[3],51.958850,176,320
node[2],51.959297,180,320
node[1],51.959297,180,320
node[0],51.959297,180,320
node[3],51.962171,176,320
node[1],51.962171,176,320
node[0],51.962171,176,320
node[2],51.973297,172,320
node[1],51.973297,172,320
node[0],51.973297,172,320
node[3],51.978171,180,320
node[1],51.978171,180,320
node[0],51.978171,180,320
node[0],51.980148,172,320
node[2],51.980148,172,320
node[3],51.980148,172,320
node[1],51.983850,172,320
node[2],51.983850,172,320
node[3],51.983850,172,320
node[1],51.989850,180,320
node[2],51.989850,180,320
node[3],51.989850,180,320
node[1],52.004850,176,320
node[2],52.004850,176,320
node[3],52.004850,176,320
node[3],52.010171,176,320
node[1],52.010171,176,320
node[0],52.010171,176,320
node[1],52.019850,172,320
node[2],52.019850,172,320
node[3],52.019850,172,320
node[0],52.021148,172,320
node[2],52.021148,172,320
node[3],52.021148,172,320
node[3],52.026171,180,320
node[1],52.026171,180,320
node[0],52.026171,180,320
node[2],52.034297,172,320
node[1],52.034297,172,320
node[0],52.034297,172,320
node[1],52.040850,180,320
node[2],52.040850,180,320
node[3],52.040850,180,320
node[3],52.054171,176,320
node[1],52.054171,176,320
node[0],52.054171,176,320
node[3],52.057171,172,320
node[1],52.057171,172,320
node[0],52.057171,172,320
node[1],52.062850,172,320
node[2],52.062850,172,320
node[3],52.062850,172,320
node[2],52.065297,172,320
node[1],52.065297,172,320
node[0],52.065297,172,320
node[2],52.070297,180,320
node[1],52.070297,180,320
node[0],52.070297,180,320
node[3],52.076171,180,320
node[1],52.076171,180,320
node[0],52.076171,180,320
node[2],52.077297,176,320
node[1],52.077297,176,320
node[0],52.077297,176,320
node[3],52.087171,172,320
node[1],52.087171,172,320
node[0],52.087171,172,320
node[2],52.090296,172,320
node[1],52.090296,172,320
node[0],52.090296,172,320
node[2],52.095296,180,320
node[1],52.095296,180,320
node[0],52.095296,180,320
node[0],52.115148,176,320
node[2],52.115148,176,320
node[3],52.115148,176,320
node[1],52.121850,172,320
node[2],52.121850,172,320
node[3],52.121850,172,320
node[3],52.132171,172,320
node[1],52.132171,172,320
node[0],52.132171,172,320
node[0],52.139148,172,320
node[2],52.139148,172,320
node[3],52.139148,172,320
node[0],52.141148,176,320
node[2],52.141148,176,320
node[3],52.141148,176,320
node[2],52.153297,180,320
node[1],52.153297,180,320
node[0],52.153297,180,320
node[3],52.157171,172,320
node[1],52.157171,172,320
node[0],52.157171,172,320
node[0],52.162148,180,320
node[2],52.162148,180,320
node[3],52.162148,180,320
node[1],52.164850,172,320
node[2],52.164850,172,320
node[3],52.164850,172,320
node[0],52.174148,176,320
node[2],52.174148,176,320
node[3],52.174148,176,320
node[2],52.175297,176,320
node[1],52.175297,176,320
node[0],52.175297,176,320
node[1],52.181850,176,320
node[2],52.181850,176,320
node[3],52.181850,176,320
node[3],52.183171,180,320
node[1],52.183171,180,320
node[0],52.183171,180,320
node[0],52.189148,180,320
node[2],52.189148,180,320
node[3],52.189148,180,320
node[3],52.189171,176,320
node[1],52.189171,176,320
node[0],52.189171,176,320
node[2],52.190011,180,320
node[1],52.190011,180,320
node[0],52.190011,180,320
node[2],52.195297,172,320
node[1],52.195297,172,320
node[0],52.195297,172,320
node[0],52.197148,172,320
node[2],52.197148,172,320
node[3],52.197148,172,320
node[1],52.204850,180,320
node[2],52.204850,180,320
node[3],52.204850,180,320
node[1],52.213850,176,320
node[2],52.213850,176,320
node[3],52.213850,176,320
node[1],52.225850,172,320
node[2],52.225850,172,320
node[3],52.225850,172,320
node[0],52.231148,172,320
node[2],52.231148,172,320
node[3],52.231148,172,320
node[1],52.237850,180,320
node[2],52.237850,180,320
node[3],52.237850,180,320
node[3],52.238171,172,320
node[1],52.238171,172,320
node[0],52.238171,172,320
node[2],52.246297,172,320
node[1],52.246297,172,320
node[0],52.246297,172,320
node[0],52.255148,180,320
node[2],52.255148,180,320
node[3],52.255148,180,320
node[3],52.259171,176,320
node[1],52.259171,176,320
node[0],52.259171,176,320
node[2],52.261297,176,320
node[1],52.261297,176,320
node[0],52.261297,176,320
node[0],52.263148,176,320
node[2],52.263148,176,320
node[3],52.263148,176,320
node[2],52.263543,180,320
node[1],52.263544,180,320
node[0],52.263544,180,320
node[0],52.270148,172,320
node[2],52.270148,172,320
node[3],52.270148,172,320
node[1],52.282850,176,320
node[2],52.282850,176,320
node[3],52.282850,176,320
node[0],52.313148,180,320
node[2],52.313148,180,320
node[3],52.313148,180,320
node[0],52.315148,176,320
node[2],52.315148,176,320
node[3],52.315148,176,320
node[2],52.335297,180,320
node[1],52.335297,180,320
node[0],52.335297,180,320
node[1],52.343850,176,320
node[2],52.343850,176,320
node[3],52.343850,176,320
node[3],52.353171,176,320
node[1],52.353171,176,320
node[0],52.353171,176,320
node[3],52.354171,172,320
node[1],52.354171,172,320
node[0],52.354171,172,320
node[2],52.356297,172,320
node[1],52.356297,172,320
node[0],52.356297,172,320
node[2],52.364297,180,320
node[1],52.364297,180,320
node[0],52.364297,180,320
node[2],52.369297,176,320
node[1],52.369297,176,320
node[0],52.369297,176,320
node[3],52.384171,180,320
node[1],52.384171,180,320
node[0],52.384171,180,320
node[3],52.386171,176,320
node[1],52.386171,176,320
node[0],52.386171,176,320
node[0],52.391148,176,320
node[2],52.391148,176,320
node[3],52.391148,176,320
node[1],52.399850,172,320
node[2],52.399850,172,320
node[3],52.399850,172,320
node[2],52.401297,176,320
node[1],52.401297,176,320
node[0],52.401297,176,320
node[3],52.403171,172,320
node[1],52.403171,172,320
node[0],52.403171,172,320
node[1],52.409850,180,320
node[2],52.409850,180,320
node[3],52.409850,180,320
node[0],52.412148,172,320
node[2],52.412148,172,320
node[3],52.412148,172,320
node[0],52.413148,180,320
node[2],52.413148,180,320
node[3],52.413148,180,320
node[2],52.415297,172,320
node[1],52.415297,172,320
node[0],52.415297,172,320
node[3],52.420171,180,320
node[1],52.420171,180,320
node[0],52.420171,180,320
node[3],52.435171,176,320
node[1],52.435171,176,320
node[0],52.435171,176,320
node[2],52.435813,176,320
node[1],52.435814,176,320
node[0],52.435814,176,320
node[1],52.441850,180,320
node[2],52.441850,180,320
node[3],52.441850,180,320
node[1],52.453850,176,320
node[2],52.453850,176,320
node[3],52.453850,176,320
node[1],52.457850,172,320
node[2],52.457850,172,320
node[3],52.457850,172,320
node[0],52.458148,176,320
node[2],52.458148,176,320
node[3],52.458148,176,320
node[3],52.460171,172,320
node[1],52.460171,172,320
node[0],52.460171,172,320
node[3],52.463171,176,320
node[1],52.463171,176,320
node[0],52.463171,176,320
node[0],52.466148,180,320
node[2],52.466148,180,320
node[3],52.466148,180,320
node[2],52.467297,176,320
node[1],52.467297,176,320
node[0],52.467297,176,320
node[2],52.468297,180,320
node[1],52.468297,180,320
node[0],52.468297,180,320
node[0],52.470148,172,320
node[2],52.470148,172,320
node[3],52.470148,172,320
node[1],52.478849,176,320
node[2],52.478849,176,320
node[3],52.478849,176,320
node[1],52.482849,172,320
node[2],52.482849,172,320
node[3],52.482849,172,320
node[0],52.483147,176,320
node[2],52.483147,176,320
node[3],52.483147,176,320
node[3],52.485171,180,320
node[1],52.485171,180,320
node[0],52.485171,180,320
node[3],52.486171,172,320
node[1],52.486171,172,320
node[0],52.486171,172,320
node[0],52.491147,180,320
node[2],52.491147,180,320
node[3],52.491147,180,320
node[1],52.491958,180,320
node[2],52.491958,180,320
node[3],52.491958,180,320
node[3],52.501171,176,320
node[1],52.501171,176,320
node[0],52.501171,176,320
node[1],52.503849,176,320
node[2],52.503849,176,320
node[3],52.503849,176,320
node[3],52.510171,180,320
node[1],52.510171,180,320
node[0],52.510171,180,320
node[1],52.512850,172,320
node[2],52.512850,172,320
node[3],52.512850,172,320
node[1],52.520850,180,320
node[2],52.520850,180,320
node[3],52.520850,180,320
node[1],52.550850,172,320
node[2],52.550850,172,320
node[3],52.550850,172,320
node[1],52.553850,176,320
node[2],52.553850,176,320
node[3],52.553850,176,320
node[3],52.563171,172,320
node[1],52.563171,172,320
node[0],52.563171,172,320
node[1],52.570849,180,320
node[2],52.570849,180,320
node[3],52.570849,180,320
node[3],52.585171,180,320
node[1],52.585171,180,320
node[0],52.585171,180,320
node[3],52.590171,176,320
node[1],52.590171,176,320
node[0],52.590171,176,320
node[2],52.591297,180,320
node[1],52.591297,180,320
node[0],52.591297,180,320
node[2],52.596297,172,320
node[1],52.596297,172,320
node[0],52.596297,172,320
node[1],52.617029,180,320
node[2],52.617030,180,320
node[3],52.617030,180,320
node[2],52.624297,176,320
node[1],52.624297,176,320
node[0],52.624297,176,320
node[3],52.625171,176,320
node[1],52.625171,176,320
node[0],52.625171,176,320
node[3],52.626171,180,320
node[1],52.626171,180,320
node[0],52.626171,180,320
node[0],52.638148,172,320
node[2],52.638148,172,320
node[3],52.638148,172,320
node[2],52.643297,172,320
node[1],52.643297,172,320
node[0],52.643297,172,320
node[1],52.645850,172,320
node[2],52.645850,172,320
node[3],52.645850,172,320
node[0],52.655148,180,320
node[2],52.655148,180,320
node[3],52.655148,180,320
node[0],52.659148,176,320
node[2],52.659148,176,320
node[3],52.659148,176,320
node[3],52.660171,176,320
node[1],52.660171,176,320
node[0],52.660171,176,320
node[0],52.672148,172,320
node[2],52.672148,172,320
node[3],52.672148,172,320
node[3],52.680171,172,320
node[1],52.680171,172,320
node[0],52.680171,172,320
node[1],52.684850,172,320
node[2],52.684850,172,320
node[3],52.684850,172,320
node[2],52.685505,172,320
node[1],52.685505,172,320
node[0],52.685505,172,320
node[3],52.695171,180,320
node[1],52.695171,180,320
node[0],52.695171,180,320
node[3],52.703171,176,320
node[1],52.703171,176,320
node[0],52.703171,176,320
node[2],52.707297,176,320
node[1],52.707297,176,320
node[0],52.707297,176,320
node[1],52.714850,176,320
node[2],52.714850,176,320
node[3],52.714850,176,320
node[2],52.741297,180,320
node[1],52.741297,180,320
node[0],52.741297,180,320
node[2],52.745297,172,320
node[1],52.745297,172,320
node[0],52.745297,172,320
node[0],52.751148,176,320
node[2],52.751148,176,320
node[3],52.751148,176,320
node[0],52.754148,172,320
node[2],52.754148,172,320
node[3],52.754148,172,320
node[3],52.760171,172,320
node[1],52.760171,172,320
node[0],52.760171,172,320
node[1],52.764850,176,320
node[2],52.764850,176,320
node[3],52.764850,176,320
node[1],52.772850,180,320
node[2],52.772850,180,320
node[3],52.772850,180,320
node[1],52.773850,172,320
node[2],52.773850,172,320
node[3],52.773850,172,320
node[0],52.785148,172,320
node[2],52.785148,172,320
node[3],52.785148,172,320
node[2],52.790297,180,320
node[1],52.790297,180,320
node[0],52.790297,180,320
node[0],52.792148,180,320
node[2],52.792148,180,320
node[3],52.792148,180,320
node[0],52.805148,176,320
node[2],52.805148,176,320
node[3],52.805148,176,320
node[3],52.809171,180,320
node[1],52.809171,180,320
node[0],52.809171,180,320
node[0],52.810147,172,320
node[2],52.810147,172,320
node[3],52.810147,172,320
node[3],52.810171,176,320
node[1],52.810171,176,320
node[0],52.810171,176,320
node[3],52.819171,172,320
node[1],52.819171,172,320
node[0],52.819171,172,320
node[0],52.822148,180,320
node[2],52.822148,180,320
node[3],52.822148,180,320
node[3],52.834171,180,320
node[1],52.834171,180,320
node[0],52.834171,180,320
node[0],52.843148,172,320
node[2],52.843148,172,320
node[3],52.843148,172,320
node[3],52.854171,176,320
node[1],52.854171,176,320
node[0],52.854171,176,320
node[1],52.855850,176,320
node[2],52.855850,176,320
node[3],52.855850,176,320
node[2],52.860297,180,320
node[1],52.860297,180,320
node[0],52.860297,180,320
node[2],52.863297,176,320
node[1],52.863297,176,320
node[0],52.863297,176,320
node[1],52.864850,172,320
node[2],52.864850,172,320
node[3],52.864850,172,320
node[2],52.871297,172,320
node[1],52.871297,172,320
node[0],52.871297,172,320
node[1],52.872850,180,320
node[2],52.872850,180,320
node[3],52.872850,180,320
node[3],52.876171,172,320
node[1],52.876171,172,320
node[0],52.876171,172,320
node[2],52.896297,176,320
node[1],52.896297,176,320
node[0],52.896297,176,320
node[2],52.897297,180,320
node[1],52.897297,180,320
node[0],52.897297,180,320
node[3],52.899171,176,320
node[1],52.899171,176,320
node[0],52.899171,176,320
node[1],52.906850,180,320
node[2],52.906850,180,320
node[3],52.906850,180,320
node[3],52.910171,180,320
node[1],52.910171,180,320
node[0],52.910171,180,320
node[1],52.919850,172,320
node[2],52.919850,172,320
node[3],52.919850,172,320
node[1],52.920850,176,320
node[2],52.920850,176,320
node[3],52.920850,176,320
node[3],52.922171,172,320
node[1],52.922171,172,320
node[0],52.922171,172,320
node[2],52.922297,176,320
node[1],52.922297,176,320
node[0],52.922297,176,320
node[3],52.930171,176,320
node[1],52.930171,176,320
node[0],52.930171,176,320
node[2],52.930297,172,320
node[1],52.930297,172,320
node[0],52.930297,172,320
node[1],52.931849,180,320
node[2],52.931849,180,320
node[3],52.931849,180,320
node[1],52.947850,176,320
node[2],52.947850,176,320
node[3],52.947850,176,320
node[2],52.953297,176,320
node[1],52.953297,176,320
node[0],52.953297,176,320
node[3],52.957171,172,320
node[1],52.957171,172,320
node[0],52.957171,172,320
node[0],52.967148,172,320
node[2],52.967148,172,320
node[3],52.967148,172,320
node[3],52.970171,180,320
node[1],52.970171,180,320
node[0],52.970171,180,320
node[2],52.979297,176,320
node[1],52.979297,176,320
node[0],52.979297,176,320
node[2],52.992297,172,320
node[1],52.992297,172,320
node[0],52.992297,172,320
node[0],53.000148,172,320
node[2],53.000148,172,320
node[3],53.000148,172,320
node[2],53.001297,180,320
node[1],53.001297,180,320
node[0],53.001297,180,320
node[3],53.002171,172,320
node[1],53.002171,172,320
node[0],53.002171,172,320
node[2],53.016297,176,320
node[1],53.016297,176,320
node[0],53.016297,176,320
node[1],53.026850,172,320
node[2],53.026850,172,320
node[3],53.026850,172,320
node[1],53.027850,176,320
node[2],53.027850,176,320
node[3],53.027850,176,320
node[2],53.036297,172,320
node[1],53.036297,172,320
node[0],53.036297,172,320
node[3],53.044171,176,320
node[1],53.044171,176,320
node[0],53.044171,176,320
node[1],53.051849,172,320
node[2],53.051849,172,320
node[3],53.051849,172,320
node[0],53.053148,180,320
node[2],53.053148,180,320
node[3],53.053148,180,320
node[3],53.054171,172,320
node[1],53.054171,172,320
node[0],53.054171,172,320
node[2],53.056297,180,320
node[1],53.056297,180,320
node[0],53.056297,180,320
node[1],53.057850,176,320
node[2],53.057850,176,320
node[3],53.057850,176,320
node[1],53.070849,180,320
node[2],53.070849,180,320
node[3],53.070849,180,320
node[2],53.074297,172,320
node[1],53.074297,172,320
node[0],53.074297,172,320
node[1],53.076849,172,320
node[2],53.076849,172,320
node[3],53.076849,172,320
node[3],53.083171,180,320
node[1],53.083171,180,320
node[0],53.083171,180,320
node[0],53.087148,176,320
node[2],53.087148,176,320
node[3],53.087148,176,320
node[1],53.090850,176,320
node[2],53.090850,176,320
node[3],53.090850,176,320
node[0],53.091148,172,320
node[2],53.091148,172,320
node[3],53.091148,172,320
node[3],53.094171,176,320
node[1],53.094171,176,320
node[0],53.094171,176,320
node[3],53.099171,172,320
node[1],53.099171,172,320
node[0],53.099171,172,320
node[1],53.102069,180,320
node[2],53.102070,180,320
node[3],53.102070,180,320
node[0],53.105148,180,320
node[2],53.105148,180,320
node[3],53.105148,180,320
node[3],53.116171,180,320
node[1],53.116171,180,320
node[0],53.116171,180,320
node[2],53.138297,172,320
node[1],53.138297,172,320
node[0],53.138297,172,320
node[1],53.138850,176,320
node[2],53.138850,176,320
node[3],53.138850,176,320
node[3],53.140171,176,320
node[1],53.140171,176,320
node[0],53.140171,176,320
node[2],53.146622,180,320
node[1],53.146622,180,320
node[0],53.146622,180,320
node[1],53.152850,172,320
node[2],53.152850,172,320
node[3],53.152850,172,320
node[0],53.167148,172,320
node[2],53.167148,172,320
node[3],53.167148,172,320
node[3],53.187171,180,320
node[1],53.187171,180,320
node[0],53.187171,180,320
node[3],53.191171,172,320
node[1],53.191171,172,320
node[0],53.191171,172,320
node[3],53.196171,176,320
node[1],53.196171,176,320
node[0],53.196171,176,320
node[3],53.212171,180,320
node[1],53.212171,180,320
node[0],53.212171,180,320
node[3],53.216171,172,320
node[1],53.216171,172,320
node[0],53.216171,172,320
node[3],53.236171,176,320
node[1],53.236171,176,320
node[0],53.236171,176,320
node[1],53.237850,176,320
node[2],53.237850,176,320
node[3],53.237850,176,320
node[2],53.242297,180,320
node[1],53.242297,180,320
node[0],53.242297,180,320
node[3],53.250171,172,320
node[1],53.250171,172,320
node[0],53.250171,172,320
node[2],53.278297,172,320
node[1],53.278297,172,320
node[0],53.278297,172,320
node[1],53.287850,176,320
node[2],53.287850,176,320
node[3],53.287850,176,320
node[0],53.289148,176,320
node[2],53.289148,176,320
node[3],53.289148,176,320
node[2],53.294297,180,320
node[1],53.294297,180,320
node[0],53.294297,180,320
node[3],53.295171,172,320
node[1],53.295171,172,320
node[0],53.295171,172,320
node[3],53.297171,180,320
node[1],53.297171,180,320
node[0],53.297171,180,320
node[1],53.300850,172,320
node[2],53.300850,172,320
node[3],53.300850,172,320
node[2],53.303297,176,320
node[1],53.303297,176,320
node[0],53.303297,176,320
node[1],53.305850,180,320
node[2],53.305850,180,320
node[3],53.305850,180,320
node[0],53.311148,172,320
node[2],53.311148,172,320
node[3],53.311148,172,320
node[0],53.313148,180,320
node[2],53.313148,180,320
node[3],53.313148,180,320
node[3],53.335171,172,320
node[1],53.335171,172,320
node[0],53.335171,172,320
node[1],53.335850,176,320
node[2],53.335850,176,320
node[3],53.335850,176,320
node[3],53.342171,176,320
node[1],53.342171,176,320
node[0],53.342171,176,320
node[0],53.347148,172,320
node[2],53.347148,172,320
node[3],53.347148,172,320
node[1],53.350850,172,320
node[2],53.350850,172,320
node[3],53.350850,172,320
node[2],53.361297,180,320
node[1],53.361297,180,320
node[0],53.361297,180,320
node[2],53.369297,172,320
node[1],53.369297,172,320
node[0],53.369297,172,320
node[3],53.377171,172,320
node[1],53.377171,172,320
node[0],53.377171,172,320
node[1],53.377853,172,320
node[2],53.377853,172,320
node[3],53.377853,172,320
node[1],53.383850,180,320
node[2],53.383850,180,320
node[3],53.383850,180,320
node[2],53.387297,176,320
node[1],53.387297,176,320
node[0],53.387297,176,320
node[2],53.388297,180,320
node[1],53.388297,180,320
node[0],53.388297,180,320
node[3],53.407171,172,320
node[1],53.407171,172,320
node[0],53.407171,172,320
node[1],53.407850,172,320
node[2],53.407850,172,320
node[3],53.407850,172,320
node[2],53.412297,172,320
node[1],53.412297,172,320
node[0],53.412297,172,320
node[0],53.413148,176,320
node[2],53.413148,176,320
node[3],53.413148,176,320
node[2],53.423297,176,320
node[1],53.423297,176,320
node[0],53.423297,176,320
node[0],53.430148,172,320
node[2],53.430148,172,320
node[3],53.430148,172,320
node[3],53.437171,176,320
node[1],53.437171,176,320
node[0],53.437171,176,320
node[0],53.438147,176,320
node[2],53.438147,176,320
node[3],53.438147,176,320
node[0],53.450147,180,320
node[2],53.450147,180,320
node[3],53.450147,180,320
node[0],53.455147,172,320
node[2],53.455147,172,320
node[3],53.455147,172,320
node[1],53.465850,176,320
node[2],53.465850,176,320
node[3],53.465850,176,320
node[2],53.472297,176,320
node[1],53.472297,176,320
node[0],53.472297,176,320
node[0],53.477148,176,320
node[2],53.477148,176,320
node[3],53.477148,176,320
node[3],53.481171,176,320
node[1],53.481171,176,320
node[0],53.481171,176,320
node[0],53.485148,172,320
node[2],53.485148,172,320
node[3],53.485148,172,320
node[2],53.493297,180,320
node[1],53.493297,180,320
node[0],53.493297,180,320
node[3],53.502171,172,320
node[1],53.502171,172,320
node[0],53.502171,172,320
node[2],53.522297,172,320
node[1],53.522297,172,320
node[0],53.522297,172,320
node[1],53.524850,180,320
node[2],53.524850,180,320
node[3],53.524850,180,320
node[2],53.538297,176,320
node[1],53.538297,176,320
node[0],53.538297,176,320
node[1],53.544850,172,320
node[2],53.544850,172,320
node[3],53.544850,172,320
node[3],53.548171,176,320
node[1],53.548171,176,320
node[0],53.548171,176,320
node[0],53.552148,176,320
node[2],53.552148,176,320
node[3],53.552148,176,320
node[2],53.561297,172,320
node[1],53.561297,172,320
node[0],53.561297,172,320
node[2],53.563297,176,320
node[1],53.563297,176,320
node[0],53.563297,176,320
node[2],53.564297,180,320
node[1],53.564297,180,320
node[0],53.564297,180,320
node[1],53.564850,176,320
node[2],53.564850,176,320
node[3],53.564850,176,320
node[3],53.567171,180,320
node[1],53.567171,180,320
node[0],53.567171,180,320
node[3],53.576171,176,320
node[1],53.576171,176,320
node[0],53.576171,176,320
node[2],53.586296,172,320
node[1],53.586296,172,320
node[0],53.586296,172,320
node[3],53.587171,172,320
node[1],53.587171,172,320
node[0],53.587171,172,320
node[1],53.591850,172,320
node[2],53.591850,172,320
node[3],53.591850,172,320
node[3],53.594171,180,320
node[1],53.594171,180,320
node[0],53.594171,180,320
node[2],53.603297,176,320
node[1],53.603297,176,320
node[0],53.603297,176,320
node[1],53.613850,180,320
node[2],53.613850,180,320
node[3],53.613850,180,320
node[2],53.617297,172,320
node[1],53.617297,172,320
node[0],53.617297,172,320
node[3],53.631171,180,320
node[1],53.631171,180,320
node[0],53.631171,180,320
node[0],53.646148,176,320
node[2],53.646148,176,320
node[3],53.646148,176,320
node[2],53.646816,176,320
node[1],53.646816,176,320
node[0],53.646816,176,320
node[3],53.651171,172,320
node[1],53.651171,172,320
node[0],53.651171,172,320
node[1],53.658850,172,320
node[2],53.658850,172,320
node[3],53.658850,172,320
node[0],53.682148,176,320
node[2],53.682148,176,320
node[3],53.682148,176,320
node[1],53.683850,176,320
node[2],53.683850,176,320
node[3],53.683850,176,320
node[3],53.691171,176,320
node[1],53.691171,176,320
node[0],53.691171,176,320
node[2],53.698297,176,320
node[1],53.698297,176,320
node[0],53.698297,176,320
node[0],53.703148,180,320
node[2],53.703148,180,320
node[3],53.703148,180,320
node[2],53.719297,172,320
node[1],53.719297,172,320
node[0],53.719297,172,320
node[3],53.736171,172,320
node[1],53.736171,172,320
node[0],53.736171,172,320
node[0],53.744148,172,320
node[2],53.744148,172,320
node[3],53.744148,172,320
node[2],53.751297,176,320
node[1],53.751297,176,320
node[0],53.751297,176,320
node[2],53.754297,180,320
node[1],53.754297,180,320
node[0],53.754297,180,320
node[0],53.756148,180,320
node[2],53.756148,180,320
node[3],53.756148,180,320
node[0],53.759148,176,320
node[2],53.759148,176,320
node[3],53.759148,176,320
node[3],53.760171,176,320
node[1],53.760171,176,320
node[0],53.760171,176,320
node[2],53.760297,172,320
node[1],53.760297,172,320
node[0],53.760297,172,320
node[0],53.779148,172,320
node[2],53.779148,172,320
node[3],53.779148,172,320
node[2],53.799297,180,320
node[1],53.799297,180,320
node[0],53.799297,180,320
node[1],53.800850,176,320
node[2],53.800850,176,320
node[3],53.800850,176,320
node[3],53.806171,172,320
node[1],53.806171,172,320
node[0],53.806171,172,320
node[0],53.816148,180,320
node[2],53.816148,180,320
node[3],53.816148,180,320
node[0],53.825148,172,320
node[2],53.825148,172,320
node[3],53.825148,172,320
node[3],53.829171,180,320
node[1],53.829171,180,320
node[0],53.829171,180,320
node[1],53.835850,180,320
node[2],53.835850,180,320
node[3],53.835850,180,320
node[1],53.837850,172,320
node[2],53.837850,172,320
node[3],53.837850,172,320
node[0],53.838148,176,320
node[2],53.838148,176,320
node[3],53.838148,176,320
node[0],53.850147,172,320
node[2],53.850147,172,320
node[3],53.850147,172,320
node[2],53.859297,172,320
node[1],53.859297,172,320
node[0],53.859297,172,320
node[1],53.859850,176,320
node[2],53.859850,176,320
node[3],53.859850,176,320
node[2],53.874297,176,320
node[1],53.874297,176,320
node[0],53.874297,176,320
node[2],53.878297,180,320
node[1],53.878297,180,320
node[0],53.878297,180,320
node[1],53.881850,172,320
node[2],53.881850,172,320
node[3],53.881850,172,320
node[3],53.893171,176,320
node[1],53.893171,176,320
node[0],53.893171,176,320
node[2],53.894297,172,320
node[1],53.894297,172,320
node[0],53.894297,172,320
node[2],53.903297,176,320
node[1],53.903297,176,320
node[0],53.903297,176,320
node[1],53.910850,176,320
node[2],53.910850,176,320
node[3],53.910850,176,320
node[3],53.915171,180,320
node[1],53.915171,180,320
node[0],53.915171,180,320
node[2],53.919296,172,320
node[1],53.919296,172,320
node[0],53.919296,172,320
node[3],53.920171,172,320
node[1],53.920171,172,320
node[0],53.920171,172,320
node[3],53.932171,176,320
node[1],53.932171,176,320
node[0],53.932171,176,320
node[0],53.944148,172,320
node[2],53.944148,172,320
node[3],53.944148,172,320
node[2],53.949297,176,320
node[1],53.949297,176,320
node[0],53.949297,176,320
node[0],53.953148,176,320
node[2],53.953148,176,320
node[3],53.953148,176,320
node[1],53.953850,172,320
node[2],53.953850,172,320
node[3],53.953850,172,320
node[2],53.956297,172,320
node[1],53.956297,172,320
node[0],53.956297,172,320
node[2],53.961297,180,320
node[1],53.961297,180,320
node[0],53.961297,180,320
node[1],53.971850,180,320
node[2],53.971850,180,320
node[3],53.971850,180,320
node[3],53.974171,176,320
node[1],53.974171,176,320
node[0],53.974171,176,320
node[1],53.979850,172,320
node[2],53.979850,172,320
node[3],53.979850,172,320
node[1],53.991850,176,320
node[2],53.991850,176,320
node[3],53.991850,176,320
node[0],54.003148,176,320
node[2],54.003148,176,320
node[3],54.003148,176,320
node[2],54.006297,172,320
node[1],54.006297,172,320
node[0],54.006297,172,320
node[0],54.008148,180,320
node[2],54.008148,180,320
node[3],54.008148,180,320
node[0],54.016148,172,320
node[2],54.016148,172,320
node[3],54.016148,172,320
node[1],54.019850,172,320
node[2],54.019850,172,320
node[3],54.019850,172,320
node[3],54.032171,172,320
node[1],54.032171,172,320
node[0],54.032171,172,320
node[1],54.047850,176,320
node[2],54.047850,176,320
node[3],54.047850,176,320
node[0],54.048531,176,320
node[2],54.048531,176,320
node[3],54.048531,176,320
node[0],54.050148,172,320
node[2],54.050148,172,320
node[3],54.050148,172,320
node[3],54.055171,176,320
node[1],54.055171,176,320
node[0],54.055171,176,320
node[3],54.057171,172,320
node[1],54.057171,172,320
node[0],54.057171,172,320
node[1],54.061850,172,320
node[2],54.061850,172,320
node[3],54.061850,172,320
node[3],54.064171,180,320
node[1],54.064171,180,320
node[0],54.064171,180,320
node[1],54.070849,180,320
node[2],54.070849,180,320
node[3],54.070849,180,320
node[1],54.072849,176,320
node[2],54.072849,176,320
node[3],54.072849,176,320
node[3],54.080171,176,320
node[1],54.080171,176,320
node[0],54.080171,176,320
node[2],54.083297,180,320
node[1],54.083297,180,320
node[0],54.083297,180,320
node[0],54.090148,172,320
node[2],54.090148,172,320
node[3],54.090148,172,320
node[3],54.091171,180,320
node[1],54.091171,180,320
node[0],54.091171,180,320
node[0],54.101148,180,320
node[2],54.101148,180,320
node[3],54.101148,180,320
node[1],54.107850,176,320
node[2],54.107850,176,320
node[3],54.107850,176,320
node[0],54.114148,176,320
node[2],54.114148,176,320
node[3],54.114148,176,320
node[3],54.114803,176,320
node[1],54.114803,176,320
node[0],54.114803,176,320
node[1],54.138850,180,320
node[2],54.138850,180,320
node[3],54.138850,180,320
node[3],54.170171,176,320
node[1],54.170171,176,320
node[0],54.170171,176,320
node[0],54.171148,172,320
node[2],54.171148,172,320
node[3],54.171148,172,320
node[0],54.180148,180,320
node[2],54.180148,180,320
node[3],54.180148,180,320
node[3],54.180171,172,320
node[1],54.180171,172,320
node[0],54.180171,172,320
node[1],54.182850,172,320
node[2],54.182850,172,320
node[3],54.182850,172,320
node[0],54.203148,176,320
node[2],54.203148,176,320
node[3],54.203148,176,320
node[2],54.209297,176,320
node[1],54.209297,176,320
node[0],54.209297,176,320
node[2],54.214297,172,320
node[1],54.214297,172,320
node[0],54.214297,172,320
node[1],54.224850,176,320
node[2],54.224850,176,320
node[3],54.224850,176,320
node[1],54.229850,172,320
node[2],54.229850,172,320
node[3],54.229850,172,320
node[0],54.230148,176,320
node[2],54.230148,176,320
node[3],54.230148,176,320
node[0],54.240148,172,320
node[2],54.240148,172,320
node[3],54.240148,172,320
node[3],54.241171,172,320
node[1],54.241171,172,320
node[0],54.241171,172,320
node[2],54.244297,176,320
node[1],54.244297,176,320
node[0],54.244297,176,320
node[0],54.250147,180,320
node[2],54.250147,180,320
node[3],54.250147,180,320
node[0],54.255147,176,320
node[2],54.255147,176,320
node[3],54.255147,176,320
node[2],54.263297,172,320
node[1],54.263297,172,320
node[0],54.263297,172,320
node[1],54.268850,172,320
node[2],54.268850,172,320
node[3],54.268850,172,320
node[3],54.280171,172,320
node[1],54.280171,172,320
node[0],54.280171,172,320
node[2],54.282297,176,320
node[1],54.282297,176,320
node[0],54.282297,176,320
node[2],54.288297,172,320
node[1],54.288297,172,320
node[0],54.288297,172,320
node[1],54.288850,176,320
node[2],54.288850,176,320
node[3],54.288850,176,320
node[0],54.289518,176,320
node[2],54.289518,176,320
node[3],54.289518,176,320
node[1],54.292850,180,320
node[2],54.292850,180,320
node[3],54.292850,180,320
node[1],54.300850,172,320
node[2],54.300850,172,320
node[3],54.300850,172,320
node[2],54.307296,176,320
node[1],54.307296,176,320
node[0],54.307296,176,320
node[1],54.323850,180,320
node[2],54.323850,180,320
node[3],54.323850,180,320
node[0],54.335148,172,320
node[2],54.335148,172,320
node[3],54.335148,172,320
node[3],54.340171,176,320
node[1],54.340171,176,320
node[0],54.340171,176,320
node[0],54.341148,176,320
node[2],54.341148,176,320
node[3],54.341148,176,320
node[1],54.350850,172,320
node[2],54.350850,172,320
node[3],54.350850,172,320
node[3],54.359171,172,320
node[1],54.359171,172,320
node[0],54.359171,172,320
node[2],54.365297,172,320
node[1],54.365297,172,320
node[0],54.365297,172,320
node[1],54.372850,176,320
node[2],54.372850,176,320
node[3],54.372850,176,320
node[2],54.384297,180,320
node[1],54.384297,180,320
node[0],54.384297,180,320
node[1],54.387850,172,320
node[2],54.387850,172,320
node[3],54.387850,172,320
node[1],54.388850,180,320
node[2],54.388850,180,320
node[3],54.388850,180,320
node[1],54.400850,176,320
node[2],54.400850,176,320
node[3],54.400850,176,320
node[3],54.405171,176,320
node[1],54.405171,176,320
node[0],54.405171,176,320
node[2],54.407297,172,320
node[1],54.407297,172,320
node[0],54.407297,172,320
node[3],54.414171,180,320
node[1],54.414171,180,320
node[0],54.414171,180,320
node[0],54.415148,180,320
node[2],54.415148,180,320
node[3],54.415148,180,320
node[0],54.426148,176,320
node[2],54.426148,176,320
node[3],54.426148,176,320
node[2],54.429297,176,320
node[1],54.429297,176,320
node[0],54.429297,176,320
node[0],54.434148,172,320
node[2],54.434148,172,320
node[3],54.434148,172,320
node[2],54.437297,172,320
node[1],54.437297,172,320
node[0],54.437297,172,320
node[2],54.438297,180,320
node[1],54.438297,180,320
node[0],54.438297,180,320
node[3],54.441171,172,320
node[1],54.441171,172,320
node[0],54.441171,172,320
node[3],54.450171,176,320
node[1],54.450171,176,320
node[0],54.450171,176,320
node[0],54.451147,176,320
node[2],54.451147,176,320
node[3],54.451147,176,320
node[1],54.453850,172,320
node[2],54.453850,172,320
node[3],54.453850,172,320
node[0],54.459147,172,320
node[2],54.459147,172,320
node[3],54.459147,172,320
node[0],54.465148,180,320
node[2],54.465148,180,320
node[3],54.465148,180,320
node[1],54.471850,180,320
node[2],54.471850,180,320
node[3],54.471850,180,320
node[0],54.476147,176,320
node[2],54.476147,176,320
node[3],54.476147,176,320
node[1],54.476850,176,320
node[2],54.476850,176,320
node[3],54.476850,176,320
node[1],54.483850,172,320
node[2],54.483850,172,320
node[3],54.483850,172,320
node[0],54.488148,172,320
node[2],54.488148,172,320
node[3],54.488148,172,320
node[0],54.500148,180,320
node[2],54.500148,180,320
node[3],54.500148,180,320
node[0],54.501148,176,320
node[2],54.501148,176,320
node[3],54.501148,176,320
node[1],54.505850,180,320
node[2],54.505850,180,320
node[3],54.505850,180,320
node[0],54.513147,172,320
node[2],54.513147,172,320
node[3],54.513147,172,320
node[1],54.527850,172,320
node[2],54.527850,172,320
node[3],54.527850,172,320
node[0],54.528148,176,320
node[2],54.528148,176,320
node[3],54.528148,176,320
node[1],54.534850,180,320
node[2],54.534850,180,320
node[3],54.534850,180,320
node[0],54.546148,172,320
node[2],54.546148,172,320
node[3],54.546148,172,320
node[3],54.561171,172,320
node[1],54.561171,172,320
node[0],54.561171,172,320
node[3],54.579171,180,320
node[1],54.579171,180,320
node[0],54.579171,180,320
node[1],54.580850,172,320
node[2],54.580850,172,320
node[3],54.580850,172,320
node[3],54.585171,176,320
node[1],54.585171,176,320
node[0],54.585171,176,320
node[0],54.601148,180,320
node[2],54.601148,180,320
node[3],54.601148,180,320
node[3],54.608171,180,320
node[1],54.608171,180,320
node[0],54.608171,180,320
node[2],54.613297,172,320
node[1],54.613297,172,320
node[0],54.613297,172,320
node[2],54.614297,176,320
node[1],54.614297,176,320
node[0],54.614297,176,320
node[0],54.617148,172,320
node[2],54.617148,172,320
node[3],54.617148,172,320
node[2],54.626815,180,320
node[1],54.626815,180,320
node[0],54.626816,180,320
node[0],54.628148,176,320
node[2],54.628148,176,320
node[3],54.628148,176,320
node[0],54.642147,172,320
node[2],54.642147,172,320
node[3],54.642147,172,320
node[3],54.666171,180,320
node[1],54.666171,180,320
node[0],54.666171,180,320
node[3],54.667171,176,320
node[1],54.667171,176,320
node[0],54.667171,176,320
node[3],54.678171,172,320
node[1],54.678171,172,320
node[0],54.678171,172,320
node[2],54.686297,176,320
node[1],54.686297,176,320
node[0],54.686297,176,320
node[3],54.691171,180,320
node[1],54.691171,180,320
node[0],54.691171,180,320
node[2],54.702297,172,320
node[1],54.702297,172,320
node[0],54.702297,172,320
node[0],54.703148,180,320
node[2],54.703148,180,320
node[3],54.703148,180,320
node[0],54.726148,172,320
node[2],54.726148,172,320
node[3],54.726148,172,320
node[3],54.739171,176,320
node[1],54.739171,176,320
node[0],54.739171,176,320
node[1],54.739850,176,320
node[2],54.739850,176,320
node[3],54.739850,176,320
node[1],54.744850,180,320
node[2],54.744850,180,320
node[3],54.744850,180,320
node[2],54.746297,180,320
node[1],54.746297,180,320
node[0],54.746297,180,320
node[2],54.748297,172,320
node[1],54.748297,172,320
node[0],54.748297,172,320
node[0],54.756148,172,320
node[2],54.756148,172,320
node[3],54.756148,172,320
node[0],54.769148,180,320
node[2],54.769148,180,320
node[3],54.769148,180,320
node[1],54.769850,172,320
node[2],54.769850,172,320
node[3],54.769850,172,320
node[0],54.775148,176,320
node[2],54.775148,176,320
node[3],54.775148,176,320
node[2],54.777297,180,320
node[1],54.777297,180,320
node[0],54.777297,180,320
node[3],54.789171,176,320
node[1],54.789171,176,320
node[0],54.789171,176,320
node[0],54.791148,172,320
node[2],54.791148,172,320
node[3],54.791148,172,320
node[2],54.800297,172,320
node[1],54.800297,172,320
node[0],54.800297,172,320
node[0],54.802148,180,320
node[2],54.802148,180,320
node[3],54.802148,180,320
node[2],54.820297,176,320
node[1],54.820297,176,320
node[0],54.820297,176,320
node[3],54.821171,172,320
node[1],54.821171,172,320
node[0],54.821171,172,320
node[1],54.822850,176,320
node[2],54.822850,176,320
node[3],54.822850,176,320
node[3],54.840171,176,320
node[1],54.840171,176,320
node[0],54.840171,176,320
node[0],54.850148,176,320
node[2],54.850148,176,320
node[3],54.850148,176,320
node[2],54.850297,180,320
node[1],54.850297,180,320
node[0],54.850297,180,320
node[2],54.853297,176,320
node[1],54.853297,176,320
node[0],54.853297,176,320
node[2],54.871297,172,320
node[1],54.871297,172,320
node[0],54.871297,172,320
node[0],54.918148,180,320
node[2],54.918148,180,320
node[3],54.918148,180,320
node[2],54.921297,172,320
node[1],54.921297,172,320
node[0],54.921297,172,320
node[0],54.927148,172,320
node[2],54.927148,172,320
node[3],54.927148,172,320
node[1],54.929850,172,320
node[2],54.929850,172,320
node[3],54.929850,172,320
node[3],54.936171,180,320
node[1],54.936171,180,320
node[0],54.936171,180,320
node[1],54.941850,176,320
node[2],54.941850,176,320
node[3],54.941850,176,320
node[0],54.957148,176,320
node[2],54.957148,176,320
node[3],54.957148,176,320
node[3],54.960171,172,320
node[1],54.960171,172,320
node[0],54.960171,172,320
node[2],54.960297,180,320
node[1],54.960297,180,320
node[0],54.960297,180,320
node[3],54.980171,176,320
node[1],54.980171,176,320
node[0],54.980171,176,320
node[2],54.980297,172,320
node[1],54.980297,172,320
node[0],54.980297,172,320
node[2],54.986297,176,320
node[1],54.986297,176,320
node[0],54.986297,176,320
node[2],54.990297,180,320
node[1],54.990297,180,320
node[0],54.990297,180,320
node[0],54.994148,172,320
node[2],54.994148,172,320
node[3],54.994148,172,320
node[1],54.999850,176,320
node[2],54.999850,176,320
node[3],54.999850,176,320
node[2],55.005296,172,320
node[1],55.005296,172,320
node[0],55.005296,172,320
node[0],55.013148,180,320
node[2],55.013148,180,320
node[3],55.013148,180,320
node[2],55.013297,176,320
node[1],55.013297,176,320
node[0],55.013297,176,320
node[3],55.023171,176,320
node[1],55.023171,176,320
node[0],55.023171,176,320
node[2],55.030296,172,320
node[1],55.030296,172,320
node[0],55.030296,172,320
node[3],55.031171,180,320
node[1],55.031171,180,320
node[0],55.031171,180,320
node[1],55.035850,180,320
node[2],55.035850,180,320
node[3],55.035850,180,320
node[2],55.038296,176,320
node[1],55.038296,176,320
node[0],55.038296,176,320
node[3],55.045171,172,320
node[1],55.045171,172,320
node[0],55.045171,172,320
node[3],55.048171,176,320
node[1],55.048171,176,320
node[0],55.048171,176,320
node[1],55.050850,172,320
node[2],55.050850,172,320
node[3],55.050850,172,320
node[1],55.052850,176,320
node[2],55.052850,176,320
node[3],55.052850,176,320
node[2],55.054297,180,320
node[1],55.054297,180,320
node[0],55.054297,180,320
node[3],55.076171,172,320
node[1],55.076171,172,320
node[0],55.076171,172,320
node[3],55.078171,176,320
node[1],55.078171,176,320
node[0],55.078171,176,320
node[0],55.080148,176,320
node[2],55.080148,176,320
node[3],55.080148,176,320
node[3],55.084171,180,320
node[1],55.084171,180,320
node[0],55.084171,180,320
node[2],55.105297,176,320
node[1],55.105297,176,320
node[0],55.105297,176,320
node[2],55.113297,172,320
node[1],55.113297,172,320
node[0],55.113297,172,320
node[1],55.114850,180,320
node[2],55.114850,180,320
node[3],55.114850,180,320
node[0],55.116148,180,320
node[2],55.116148,180,320
node[3],55.116148,180,320
node[1],55.120850,172,320
node[2],55.120850,172,320
node[3],55.120850,172,320
node[1],55.125850,176,320
node[2],55.125850,176,320
node[3],55.125850,176,320
node[3],55.126171,172,320
node[1],55.126171,172,320
node[0],55.126171,172,320
node[3],55.128171,176,320
node[1],55.128171,176,320
node[0],55.128171,176,320
node[2],55.149297,180,320
node[1],55.149297,180,320
node[0],55.149297,180,320
node[1],55.150850,172,320
node[2],55.150850,172,320
node[3],55.150850,172,320
node[0],55.162148,172,320
node[2],55.162148,172,320
node[3],55.162148,172,320
node[2],55.162790,172,320
node[1],55.162790,172,320
node[0],55.162790,172,320
node[1],55.169850,176,320
node[2],55.169850,176,320
node[3],55.169850,176,320
node[0],55.173148,176,320
node[2],55.173148,176,320
node[3],55.173148,176,320
node[3],55.183171,172,320
node[1],55.183171,172,320
node[0],55.183171,172,320
node[1],55.184850,180,320
node[2],55.184850,180,320
node[3],55.184850,180,320
node[3],55.187171,176,320
node[1],55.187171,176,320
node[0],55.187171,176,320
node[3],55.190171,180,320
node[1],55.190171,180,320
node[0],55.190171,180,320
node[0],55.191148,180,320
node[2],55.191148,180,320
node[3],55.191148,180,320
node[2],55.198297,176,320
node[1],55.198297,176,320
node[0],55.198297,176,320
node[1],55.200850,176,320
node[2],55.200850,176,320
node[3],55.200850,176,320
node[1],55.202850,172,320
node[2],55.202850,172,320
node[3],55.202850,172,320
node[3],55.208171,172,320
node[1],55.208171,172,320
node[0],55.208171,172,320
node[3],55.212171,176,320
node[1],55.212171,176,320
node[0],55.212171,176,320
node[2],55.226297,176,320
node[1],55.226297,176,320
node[0],55.226297,176,320
node[3],55.229171,180,320
node[1],55.229171,180,320
node[0],55.229171,180,320
node[3],55.238171,172,320
node[1],55.238171,172,320
node[0],55.238171,172,320
node[1],55.240850,172,320
node[2],55.240850,172,320
node[3],55.240850,172,320
node[1],55.241850,180,320
node[2],55.241850,180,320
node[3],55.241850,180,320
node[1],55.256850,176,320
node[2],55.256850,176,320
node[3],55.256850,176,320
node[1],55.265849,172,320
node[2],55.265849,172,320
node[3],55.265849,172,320
node[3],55.270171,176,320
node[1],55.270171,176,320
node[0],55.270171,176,320
node[3],55.277171,172,320
node[1],55.277171,172,320
node[0],55.277171,172,320
node[1],55.281849,176,320
node[2],55.281849,176,320
node[3],55.281849,176,320
node[2],55.288297,180,320
node[1],55.288297,180,320
node[0],55.288297,180,320
node[0],55.289148,180,320
node[2],55.289148,180,320
node[3],55.289148,180,320
node[2],55.289297,172,320
node[1],55.289297,172,320
node[0],55.289297,172,320
node[1],55.294850,180,320
node[2],55.294850,180,320
node[3],55.294850,180,320
node[1],55.298850,172,320
node[2],55.298850,172,320
node[3],55.298850,172,320
node[2],55.327297,172,320
node[1],55.327297,172,320
node[0],55.327297,172,320
node[2],55.328297,176,320
node[1],55.328297,176,320
node[0],55.328297,176,320
node[3],55.347171,176,320
node[1],55.347171,176,320
node[0],55.347171,176,320
node[1],55.353850,176,320
node[2],55.353850,176,320
node[3],55.353850,176,320
node[0],55.357148,180,320
node[2],55.357148,180,320
node[3],55.357148,180,320
node[2],55.365297,176,320
node[1],55.365297,176,320
node[0],55.365297,176,320
node[2],55.380297,180,320
node[1],55.380297,180,320
node[0],55.380297,180,320
node[2],55.391297,176,320
node[1],55.391297,176,320
node[0],55.391297,176,320
node[2],55.394297,172,320
node[1],55.394297,172,320
node[0],55.394297,172,320
node[3],55.408171,172,320
node[1],55.408171,172,320
node[0],55.408171,172,320
node[0],55.417148,172,320
node[2],55.417148,172,320
node[3],55.417148,172,320
node[2],55.422297,172,320
node[1],55.422297,172,320
node[0],55.422297,172,320
node[0],55.423148,180,320
node[2],55.423148,180,320
node[3],55.423148,180,320
node[0],55.445148,172,320
node[2],55.445148,172,320
node[3],55.445148,172,320
node[3],55.450171,176,320
node[1],55.450171,176,320
node[0],55.450171,176,320
node[0],55.455148,176,320
node[2],55.455148,176,320
node[3],55.455148,176,320
node[3],55.460171,172,320
node[1],55.460171,172,320
node[0],55.460171,172,320
node[2],55.463297,176,320
node[1],55.463297,176,320
node[0],55.463297,176,320
node[3],55.470171,180,320
node[1],55.470171,180,320
node[0],55.470171,180,320
node[2],55.472297,180,320
node[1],55.472297,180,320
node[0],55.472297,180,320
node[1],55.495850,180,320
node[2],55.495850,180,320
node[3],55.495850,180,320
node[3],55.498171,172,320
node[1],55.498171,172,320
node[0],55.498171,172,320
node[0],55.502148,172,320
node[2],55.502148,172,320
node[3],55.502148,172,320
node[3],55.520171,176,320
node[1],55.520171,176,320
node[0],55.520171,176,320
node[0],55.521148,180,320
node[2],55.521148,180,320
node[3],55.521148,180,320
node[0],55.536148,176,320
node[2],55.536148,176,320
node[3],55.536148,176,320
node[2],55.537297,176,320
node[1],55.537297,176,320
node[0],55.537297,176,320
node[3],55.541171,172,320
node[1],55.541171,172,320
node[0],55.541171,172,320
node[0],55.548148,172,320
node[2],55.548148,172,320
node[3],55.548148,172,320
node[3],55.550171,176,320
node[1],55.550171,176,320
node[0],55.550171,176,320
node[2],55.560297,180,320
node[1],55.560297,180,320
node[0],55.560297,180,320
node[0],55.561147,176,320
node[2],55.561147,176,320
node[3],55.561147,176,320
node[3],55.564171,180,320
node[1],55.564171,180,320
node[0],55.564171,180,320
node[3],55.566171,172,320
node[1],55.566171,172,320
node[0],55.566171,172,320
node[2],55.568297,172,320
node[1],55.568297,172,320
node[0],55.568297,172,320
node[3],55.582171,176,320
node[1],55.582171,176,320
node[0],55.582171,176,320
node[2],55.582813,176,320
node[1],55.582814,176,320
node[0],55.582814,176,320
node[1],55.583850,180,320
node[2],55.583850,180,320
node[3],55.583850,180,320
node[2],55.586297,180,320
node[1],55.586297,180,320
node[0],55.586297,180,320
node[3],55.589171,180,320
node[1],55.589171,180,320
node[0],55.589171,180,320
node[3],55.594171,172,320
node[1],55.594171,172,320
node[0],55.594171,172,320
node[1],55.595850,176,320
node[2],55.595850,176,320
node[3],55.595850,176,320
node[2],55.596297,172,320
node[1],55.596297,172,320
node[0],55.596297,172,320
node[3],55.607171,176,320
node[1],55.607171,176,320
node[0],55.607171,176,320
node[1],55.607850,172,320
node[2],55.607850,172,320
node[3],55.607850,172,320
node[2],55.612297,176,320
node[1],55.612297,176,320
node[0],55.612297,176,320
node[1],55.629850,180,320
node[2],55.629850,180,320
node[3],55.629850,180,320
node[1],55.645850,176,320
node[2],55.645850,176,320
node[3],55.645850,176,320
node[2],55.653297,172,320
node[1],55.653297,172,320
node[0],55.653297,172,320
node[0],55.655148,172,320
node[2],55.655148,172,320
node[3],55.655148,172,320
node[2],55.659297,180,320
node[1],55.659297,180,320
node[0],55.659297,180,320
node[3],55.661171,172,320
node[1],55.661171,172,320
node[0],55.661171,172,320
node[3],55.662171,176,320
node[1],55.662171,176,320
node[0],55.662171,176,320
node[0],55.664148,180,320
node[2],55.664148,180,320
node[3],55.664148,180,320
node[1],55.665850,172,320
node[2],55.665850,172,320
node[3],55.665850,172,320
node[3],55.666171,180,320
node[1],55.666171,180,320
node[0],55.666171,180,320
node[1],55.674850,176,320
node[2],55.674850,176,320
node[3],55.674850,176,320
node[3],55.686171,172,320
node[1],55.686171,172,320
node[0],55.686171,172,320
node[3],55.687171,176,320
node[1],55.687171,176,320
node[0],55.687171,176,320
node[0],55.690148,180,320
node[2],55.690148,180,320
node[3],55.690148,180,320
node[2],55.690297,172,320
node[1],55.690297,172,320
node[0],55.690297,172,320
node[3],55.691171,180,320
node[1],55.691171,180,320
node[0],55.691171,180,320
node[2],55.700297,180,320
node[1],55.700297,180,320
node[0],55.700297,180,320
node[0],55.708148,172,320
node[2],55.708148,172,320
node[3],55.708148,172,320
node[3],55.711171,172,320
node[1],55.711171,172,320
node[0],55.711171,172,320
node[1],55.714850,176,320
node[2],55.714850,176,320
node[3],55.714850,176,320
node[0],55.717148,180,320
node[2],55.717148,180,320
node[3],55.717148,180,320
node[0],55.718148,176,320
node[2],55.718148,176,320
node[3],55.718148,176,320
node[1],55.722850,180,320
node[2],55.722850,180,320
node[3],55.722850,180,320
node[1],55.724850,172,320
node[2],55.724850,172,320
node[3],55.724850,172,320
node[0],55.733147,172,320
node[2],55.733147,172,320
node[3],55.733147,172,320
node[1],55.739849,176,320
node[2],55.739849,176,320
node[3],55.739849,176,320
node[0],55.743147,176,320
node[2],55.743147,176,320
node[3],55.743147,176,320
node[0],55.762148,172,320
node[2],55.762148,172,320
node[3],55.762148,172,320
node[2],55.762297,176,320
node[1],55.762297,176,320
node[0],55.762297,176,320
node[1],55.765850,176,320
node[2],55.765850,176,320
node[3],55.765850,176,320
node[1],55.771850,172,320
node[2],55.771850,172,320
node[3],55.771850,172,320
node[2],55.773297,180,320
node[1],55.773297,180,320
node[0],55.773297,180,320
node[0],55.777148,180,320
node[2],55.777148,180,320
node[3],55.777148,180,320
node[0],55.780148,176,320
node[2],55.780148,176,320
node[3],55.780148,176,320
node[3],55.797171,180,320
node[1],55.797171,180,320
node[0],55.797171,180,320
node[2],55.803297,172,320
node[1],55.803297,172,320
node[0],55.803297,172,320
node[3],55.810171,176,320
node[1],55.810171,176,320
node[0],55.810171,176,320
node[0],55.829148,176,320
node[2],55.829148,176,320
node[3],55.829148,176,320
node[1],55.829850,180,320
node[2],55.829850,180,320
node[3],55.829850,180,320
node[2],55.833297,180,320
node[1],55.833297,180,320
node[0],55.833297,180,320
node[3],55.838171,176,320
node[1],55.838171,176,320
node[0],55.838171,176,320
node[1],55.844850,172,320
node[2],55.844850,172,320
node[3],55.844850,172,320
node[1],55.867850,176,320
node[2],55.867850,176,320
node[3],55.867850,176,320
node[1],55.871850,172,320
node[2],55.871850,172,320
node[3],55.871850,172,320
node[3],55.875171,172,320
node[1],55.875171,172,320
node[0],55.875171,172,320
node[0],55.877148,176,320
node[2],55.877148,176,320
node[3],55.877148,176,320
node[3],55.877829,176,320
node[1],55.877829,176,320
node[0],55.877829,176,320
node[2],55.899297,172,320
node[1],55.899297,172,320
node[0],55.899297,172,320
node[1],55.899850,176,320
node[2],55.899850,176,320
node[3],55.899850,176,320
node[3],55.900171,172,320
node[1],55.900171,172,320
node[0],55.900171,172,320
node[1],55.900850,172,320
node[2],55.900850,172,320
node[3],55.900850,172,320
node[1],55.902004,180,320
node[2],55.902005,180,320
node[3],55.902005,180,320
node[3],55.906171,180,320
node[1],55.906171,180,320
node[0],55.906171,180,320
node[3],55.910171,176,320
node[1],55.910171,176,320
node[0],55.910171,176,320
node[3],55.925171,172,320
node[1],55.925171,172,320
node[0],55.925171,172,320
node[1],55.925850,176,320
node[2],55.925850,176,320
node[3],55.925850,176,320
node[2],55.937297,176,320
node[1],55.937297,176,320
node[0],55.937297,176,320
node[1],55.940850,180,320
node[2],55.940850,180,320
node[3],55.940850,180,320
node[1],55.941850,172,320
node[2],55.941850,172,320
node[3],55.941850,172,320
node[3],55.962171,176,320
node[1],55.962171,176,320
node[0],55.962171,176,320
node[2],55.969297,180,320
node[1],55.969297,180,320
node[0],55.969297,180,320
node[0],55.971148,172,320
node[2],55.971148,172,320
node[3],55.971148,172,320
node[0],55.973148,180,320
node[2],55.973148,180,320
node[3],55.973148,180,320
node[0],55.976148,176,320
node[2],55.976148,176,320
node[3],55.976148,176,320
node[2],55.976297,172,320
node[1],55.976297,172,320
node[0],55.976297,172,320
node[1],55.978850,172,320
node[2],55.978850,172,320
node[3],55.978850,172,320
node[1],56.003850,176,320
node[2],56.003850,176,320
node[3],56.003850,176,320
node[0],56.006148,180,320
node[2],56.006148,180,320
node[3],56.006148,180,320
node[2],56.024297,172,320
node[1],56.024297,172,320
node[0],56.024297,172,320
node[0],56.026148,172,320
node[2],56.026148,172,320
node[3],56.026148,172,320
node[1],56.027850,180,320
node[2],56.027850,180,320
node[3],56.027850,180,320
node[3],56.029171,176,320
node[1],56.029171,176,320
node[0],56.029171,176,320
node[0],56.031148,176,320
node[2],56.031148,176,320
node[3],56.031148,176,320
node[1],56.031850,172,320
node[2],56.031850,172,320
node[3],56.031850,172,320
node[0],56.051147,172,320
node[2],56.051147,172,320
node[3],56.051147,172,320
node[2],56.059297,172,320
node[1],56.059297,172,320
node[0],56.059297,172,320
node[1],56.074850,176,320
node[2],56.074850,176,320
node[3],56.074850,176,320
node[3],56.076171,180,320
node[1],56.076171,180,320
node[0],56.076171,180,320
node[1],56.094850,172,320
node[2],56.094850,172,320
node[3],56.094850,172,320
node[3],56.101171,180,320
node[1],56.101171,180,320
node[0],56.101171,180,320
node[1],56.102850,180,320
node[2],56.102850,180,320
node[3],56.102850,180,320
node[1],56.106850,176,320
node[2],56.106850,176,320
node[3],56.106850,176,320
node[1],56.119849,172,320
node[2],56.119849,172,320
node[3],56.119849,172,320
node[3],56.127171,176,320
node[1],56.127171,176,320
node[0],56.127171,176,320
node[1],56.127849,180,320
node[2],56.127849,180,320
node[3],56.127849,180,320
node[1],56.131849,176,320
node[2],56.131849,176,320
node[3],56.131849,176,320
node[0],56.137148,172,320
node[2],56.137148,172,320
node[3],56.137148,172,320
node[3],56.147171,172,320
node[1],56.147171,172,320
node[0],56.147171,172,320
node[3],56.153171,176,320
node[1],56.153171,176,320
node[0],56.153171,176,320
node[0],56.166148,176,320
node[2],56.166148,176,320
node[3],56.166148,176,320
node[2],56.172297,172,320
node[1],56.172297,172,320
node[0],56.172297,172,320
node[1],56.174850,172,320
node[2],56.174850,172,320
node[3],56.174850,172,320
node[1],56.186850,180,320
node[2],56.186850,180,320
node[3],56.186850,180,320
node[2],56.188297,180,320
node[1],56.188297,180,320
node[0],56.188297,180,320
node[2],56.190297,176,320
node[1],56.190297,176,320
node[0],56.190297,176,320
node[0],56.194148,180,320
node[2],56.194148,180,320
node[3],56.194148,180,320
node[1],56.196850,176,320
node[2],56.196850,176,320
node[3],56.196850,176,320
node[0],56.201148,172,320
node[2],56.201148,172,320
node[3],56.201148,172,320
node[2],56.207297,172,320
node[1],56.207297,172,320
node[0],56.207297,172,320
node[3],56.208171,180,320
node[1],56.208171,180,320
node[0],56.208171,180,320
node[0],56.212148,176,320
node[2],56.212148,176,320
node[3],56.212148,176,320
node[3],56.220171,176,320
node[1],56.220171,176,320
node[0],56.220171,176,320
node[0],56.232148,172,320
node[2],56.232148,172,320
node[3],56.232148,172,320
node[2],56.244297,176,320
node[1],56.244297,176,320
node[0],56.244297,176,320
node[0],56.250148,180,320
node[2],56.250148,180,320
node[3],56.250148,180,320
node[0],56.263148,176,320
node[2],56.263148,176,320
node[3],56.263148,176,320
node[3],56.265171,180,320
node[1],56.265171,180,320
node[0],56.265171,180,320
node[2],56.283297,176,320
node[1],56.283297,176,320
node[0],56.283297,176,320
node[3],56.292171,176,320
node[1],56.292171,176,320
node[0],56.292171,176,320
node[2],56.302297,172,320
node[1],56.302297,172,320
node[0],56.302297,172,320
node[3],56.306171,172,320
node[1],56.306171,172,320
node[0],56.306171,172,320
node[2],56.308296,176,320
node[1],56.308296,176,320
node[0],56.308296,176,320
node[1],56.308977,176,320
node[2],56.308978,176,320
node[3],56.308978,176,320
node[3],56.310171,180,320
node[1],56.310171,180,320
node[0],56.310171,180,320
node[3],56.322171,176,320
node[1],56.322171,176,320
node[0],56.322171,176,320
node[0],56.333148,176,320
node[2],56.333148,176,320
node[3],56.333148,176,320
node[1],56.351850,172,320
node[2],56.351850,172,320
node[3],56.351850,172,320
node[2],56.360297,176,320
node[1],56.360297,176,320
node[0],56.360297,176,320
node[3],56.365171,180,320
node[1],56.365171,180,320
node[0],56.365171,180,320
node[2],56.370297,180,320
node[1],56.370297,180,320
node[0],56.370297,180,320
node[1],56.372850,180,320
node[2],56.372850,180,320
node[3],56.372850,180,320
node[1],56.373850,176,320
node[2],56.373850,176,320
node[3],56.373850,176,320
node[1],56.389850,172,320
node[2],56.389850,172,320
node[3],56.389850,172,320
node[2],56.394297,176,320
node[1],56.394297,176,320
node[0],56.394297,176,320
node[2],56.397297,180,320
node[1],56.397297,180,320
node[0],56.397297,180,320
node[3],56.420171,180,320
node[1],56.420171,180,320
node[0],56.420171,180,320
node[2],56.421297,176,320
node[1],56.421297,176,320
node[0],56.421297,176,320
node[2],56.427297,172,320
node[1],56.427297,172,320
node[0],56.427297,172,320
node[3],56.428171,176,320
node[1],56.428171,176,320
node[0],56.428171,176,320
node[2],56.446296,176,320
node[1],56.446296,176,320
node[0],56.446296,176,320
node[3],56.447171,172,320
node[1],56.447171,172,320
node[0],56.447171,172,320
node[2],56.468297,180,320
node[1],56.468297,180,320
node[0],56.468297,180,320
node[2],56.469297,172,320
node[1],56.469297,172,320
node[0],56.469297,172,320
node[1],56.475850,172,320
node[2],56.475850,172,320
node[3],56.475850,172,320
node[3],56.476518,172,320
node[1],56.476518,172,320
node[0],56.476518,172,320
node[1],56.506850,176,320
node[2],56.506850,176,320
node[3],56.506850,176,320
node[1],56.511850,180,320
node[2],56.511850,180,320
node[3],56.511850,180,320
node[2],56.518297,172,320
node[1],56.518297,172,320
node[0],56.518297,172,320
node[0],56.533148,176,320
node[2],56.533148,176,320
node[3],56.533148,176,320
node[3],56.534171,172,320
node[1],56.534171,172,320
node[0],56.534171,172,320
node[1],56.541850,176,320
node[2],56.541850,176,320
node[3],56.541850,176,320
node[3],56.542531,176,320
node[1],56.542531,176,320
node[0],56.542531,176,320
node[2],56.553297,176,320
node[1],56.553297,176,320
node[0],56.553297,176,320
node[0],56.557148,172,320
node[2],56.557148,172,320
node[3],56.557148,172,320
node[3],56.559171,172,320
node[1],56.559171,172,320
node[0],56.559171,172,320
node[0],56.566148,180,320
node[2],56.566148,180,320
node[3],56.566148,180,320
node[2],56.600297,180,320
node[1],56.600297,180,320
node[0],56.600297,180,320
node[3],56.601171,180,320
node[1],56.601171,180,320
node[0],56.601171,180,320
node[3],56.609171,172,320
node[1],56.609171,172,320
node[0],56.609171,172,320
node[2],56.611297,172,320
node[1],56.611297,172,320
node[0],56.611297,172,320
node[3],56.615171,176,320
node[1],56.615171,176,320
node[0],56.615171,176,320
node[1],56.630850,180,320
node[2],56.630850,180,320
node[3],56.630850,180,320
node[1],56.631850,176,320
node[2],56.631850,176,320
node[3],56.631850,176,320
node[2],56.639297,172,320
node[1],56.639297,172,320
node[0],56.639297,172,320
node[2],56.640297,176,320
node[1],56.640297,176,320
node[0],56.640297,176,320
node[0],56.647148,176,320
node[2],56.647148,176,320
node[3],56.647148,176,320
node[2],56.654297,180,320
node[1],56.654297,180,320
node[0],56.654297,180,320
node[3],56.658171,176,320
node[1],56.658171,176,320
node[0],56.658171,176,320
node[0],56.663148,180,320
node[2],56.663148,180,320
node[3],56.663148,180,320
node[1],56.663850,172,320
node[2],56.663850,172,320
node[3],56.663850,172,320
node[3],56.682171,172,320
node[1],56.682171,172,320
node[0],56.682171,172,320
node[0],56.687148,172,320
node[2],56.687148,172,320
node[3],56.687148,172,320
node[2],56.704297,176,320
node[1],56.704297,176,320
node[0],56.704297,176,320
node[0],56.716148,180,320
node[2],56.716148,180,320
node[3],56.716148,180,320
node[1],56.725850,180,320
node[2],56.725850,180,320
node[3],56.725850,180,320
node[1],56.732850,176,320
node[2],56.732850,176,320
node[3],56.732850,176,320
node[3],56.737171,176,320
node[1],56.737171,176,320
node[0],56.737171,176,320
node[2],56.738297,180,320
node[1],56.738297,180,320
node[0],56.738297,180,320
node[0],56.751148,172,320
node[2],56.751148,172,320
node[3],56.751148,172,320
node[1],56.751850,172,320
node[2],56.751850,172,320
node[3],56.751850,172,320
node[2],56.757297,172,320
node[1],56.757297,172,320
node[0],56.757297,172,320
node[2],56.770297,180,320
node[1],56.770297,180,320
node[0],56.770297,180,320
node[2],56.780297,176,320
node[1],56.780297,176,320
node[0],56.780297,176,320
node[1],56.782850,176,320
node[2],56.782850,176,320
node[3],56.782850,176,320
node[2],56.797297,180,320
node[1],56.797297,180,320
node[0],56.797297,180,320
node[1],56.799850,180,320
node[2],56.799850,180,320
node[3],56.799850,180,320
node[0],56.800148,176,320
node[2],56.800148,176,320
node[3],56.800148,176,320
node[3],56.804171,176,320
node[1],56.804171,176,320
node[0],56.804171,176,320
node[0],56.808148,180,320
node[2],56.808148,180,320
node[3],56.808148,180,320
node[3],56.809171,180,320
node[1],56.809171,180,320
node[0],56.809171,180,320
node[3],56.822171,172,320
node[1],56.822171,172,320
node[0],56.822171,172,320
node[2],56.826297,172,320
node[1],56.826297,172,320
node[0],56.826297,172,320
node[0],56.829148,172,320
node[2],56.829148,172,320
node[3],56.829148,172,320
node[1],56.842850,176,320
node[2],56.842850,176,320
node[3],56.842850,176,320
node[3],56.843505,176,320
node[1],56.843505,176,320
node[0],56.843505,176,320
node[0],56.845148,176,320
node[2],56.845148,176,320
node[3],56.845148,176,320
node[1],56.847850,172,320
node[2],56.847850,172,320
node[3],56.847850,172,320
node[3],56.848505,172,320
node[1],56.848505,172,320
node[0],56.848505,172,320
node[0],56.858148,180,320
node[2],56.858148,180,320
node[3],56.858148,180,320
node[0],56.861148,172,320
node[2],56.861148,172,320
node[3],56.861148,172,320
node[1],56.867849,176,320
node[2],56.867849,176,320
node[3],56.867849,176,320
node[0],56.870147,176,320
node[2],56.870147,176,320
node[3],56.870147,176,320
node[2],56.874297,180,320
node[1],56.874297,180,320
node[0],56.874297,180,320
node[0],56.883147,180,320
node[2],56.883147,180,320
node[3],56.883147,180,320
node[2],56.889297,172,320
node[1],56.889297,172,320
node[0],56.889297,172,320
node[3],56.913171,172,320
node[1],56.913171,172,320
node[0],56.913171,172,320
node[2],56.913297,176,320
node[1],56.913297,176,320
node[0],56.913297,176,320
node[3],56.915171,176,320
node[1],56.915171,176,320
node[0],56.915171,176,320
node[2],56.927297,180,320
node[1],56.927297,180,320
node[0],56.927297,180,320
node[0],56.928148,172,320
node[2],56.928148,172,320
node[3],56.928148,172,320
node[2],56.929297,172,320
node[1],56.929297,172,320
node[0],56.929297,172,320
node[1],56.933850,176,320
node[2],56.933850,176,320
node[3],56.933850,176,320
node[0],56.934505,176,320
node[2],56.934505,176,320
node[3],56.934505,176,320
node[1],56.943850,180,320
node[2],56.943850,180,320
node[3],56.943850,180,320
node[2],56.947297,176,320
node[1],56.947297,176,320
node[0],56.947297,176,320
node[1],56.948850,172,320
node[2],56.948850,172,320
node[3],56.948850,172,320
node[0],56.950147,180,320
node[2],56.950147,180,320
node[3],56.950147,180,320
node[2],56.955297,172,320
node[1],56.955297,172,320
node[0],56.955297,172,320
node[1],56.958850,176,320
node[2],56.958850,176,320
node[3],56.958850,176,320
node[0],56.973148,172,320
node[2],56.973148,172,320
node[3],56.973148,172,320
node[1],56.973849,172,320
node[2],56.973849,172,320
node[3],56.973849,172,320
node[2],56.985297,172,320
node[1],56.985297,172,320
node[0],56.985297,172,320
node[0],56.986148,176,320
node[2],56.986148,176,320
node[3],56.986148,176,320
node[2],56.986297,180,320
node[1],56.986297,180,320
node[0],56.986297,180,320
node[3],57.006171,180,320
node[1],57.006171,180,320
node[0],57.006171,180,320
node[3],57.025171,176,320
node[1],57.025171,176,320
node[0],57.025171,176,320
node[2],57.033297,172,320
node[1],57.033297,172,320
node[0],57.033297,172,320
node[1],57.035850,180,320
node[2],57.035850,180,320
node[3],57.035850,180,320
node[2],57.036726,180,320
node[1],57.036726,180,320
node[0],57.036726,180,320
node[1],57.036850,176,320
node[2],57.036850,176,320
node[3],57.036850,176,320
node[2],57.037505,176,320
node[1],57.037505,176,320
node[0],57.037505,176,320
node[0],57.040148,172,320
node[2],57.040148,172,320
node[3],57.040148,172,320
node[1],57.059850,172,320
node[2],57.059850,172,320
node[3],57.059850,172,320
node[2],57.075297,176,320
node[1],57.075297,176,320
node[0],57.075297,176,320
node[2],57.076297,172,320
node[1],57.076297,172,320
node[0],57.076297,172,320
node[2],57.086297,180,320
node[1],57.086297,180,320
node[0],57.086297,180,320
node[1],57.090850,176,320
node[2],57.090850,176,320
node[3],57.090850,176,320
node[3],57.101171,180,320
node[1],57.101171,180,320
node[0],57.101171,180,320
node[0],57.104148,176,320
node[2],57.104148,176,320
node[3],57.104148,176,320
node[0],57.105148,180,320
node[2],57.105148,180,320
node[3],57.105148,180,320
node[2],57.106297,172,320
node[1],57.106297,172,320
node[0],57.106297,172,320
node[1],57.126850,172,320
node[2],57.126850,172,320
node[3],57.126850,172,320
node[1],57.128850,180,320
node[2],57.128850,180,320
node[3],57.128850,180,320
node[3],57.135171,172,320
node[1],57.135171,172,320
node[0],57.135171,172,320
node[0],57.137148,172,320
node[2],57.137148,172,320
node[3],57.137148,172,320
node[0],57.162148,180,320
node[2],57.162148,180,320
node[3],57.162148,180,320
node[3],57.166171,176,320
node[1],57.166171,176,320
node[0],57.166171,176,320
node[3],57.171171,180,320
node[1],57.171171,180,320
node[0],57.171171,180,320
node[1],57.172850,176,320
node[2],57.172850,176,320
node[3],57.172850,176,320
node[0],57.175148,172,320
node[2],57.175148,172,320
node[3],57.175148,172,320
node[2],57.186297,172,320
node[1],57.186297,172,320
node[0],57.186297,172,320
node[3],57.188171,172,320
node[1],57.188171,172,320
node[0],57.188171,172,320
node[3],57.192171,176,320
node[1],57.192171,176,320
node[0],57.192171,176,320
node[1],57.193850,180,320
node[2],57.193850,180,320
node[3],57.193850,180,320
node[0],57.194609,180,320
node[2],57.194609,180,320
node[3],57.194609,180,320
node[1],57.196850,172,320
node[2],57.196850,172,320
node[3],57.196850,172,320
node[1],57.200850,176,320
node[2],57.200850,176,320
node[3],57.200850,176,320
node[3],57.207171,180,320
node[1],57.207171,180,320
node[0],57.207171,180,320
node[1],57.219850,180,320
node[2],57.219850,180,320
node[3],57.219850,180,320
node[2],57.222297,176,320
node[1],57.222297,176,320
node[0],57.222297,176,320
node[1],57.224850,172,320
node[2],57.224850,172,320
node[3],57.224850,172,320
node[2],57.226297,180,320
node[1],57.226297,180,320
node[0],57.226297,180,320
node[3],57.227171,176,320
node[1],57.227171,176,320
node[0],57.227171,176,320
node[3],57.228171,172,320
node[1],57.228171,172,320
node[0],57.228171,172,320
node[0],57.243148,172,320
node[2],57.243148,172,320
node[3],57.243148,172,320
node[2],57.247297,172,320
node[1],57.247297,172,320
node[0],57.247297,172,320
node[3],57.252171,176,320
node[1],57.252171,176,320
node[0],57.252171,176,320
node[0],57.257148,180,320
node[2],57.257148,180,320
node[3],57.257148,180,320
node[2],57.262297,176,320
node[1],57.262297,176,320
node[0],57.262297,176,320
node[1],57.263850,172,320
node[2],57.263850,172,320
node[3],57.263850,172,320
node[1],57.276850,176,320
node[2],57.276850,176,320
node[3],57.276850,176,320
node[3],57.277171,180,320
node[1],57.277171,180,320
node[0],57.277171,180,320
node[2],57.281297,180,320
node[1],57.281297,180,320
node[0],57.281297,180,320
node[2],57.302297,172,320
node[1],57.302297,172,320
node[0],57.302297,172,320
node[2],57.314297,176,320
node[1],57.314297,176,320
node[0],57.314297,176,320
node[2],57.334297,172,320
node[1],57.334297,172,320
node[0],57.334297,172,320
node[1],57.351850,172,320
node[2],57.351850,172,320
node[3],57.351850,172,320
node[3],57.377171,172,320
node[1],57.377171,172,320
node[0],57.377171,172,320
node[3],57.388171,180,320
node[1],57.388171,180,320
node[0],57.388171,180,320
node[3],57.390171,176,320
node[1],57.390171,176,320
node[0],57.390171,176,320
node[1],57.402850,176,320
node[2],57.402850,176,320
node[3],57.402850,176,320
node[3],57.411171,172,320
node[1],57.411171,172,320
node[0],57.411171,172,320
node[3],57.421171,180,320
node[1],57.421171,180,320
node[0],57.421171,180,320
node[1],57.429850,172,320
node[2],57.429850,172,320
node[3],57.429850,172,320
node[1],57.437850,180,320
node[2],57.437850,180,320
node[3],57.437850,180,320
node[0],57.456148,172,320
node[2],57.456148,172,320
node[3],57.456148,172,320
node[2],57.457297,180,320
node[1],57.457297,180,320
node[0],57.457297,180,320
node[3],57.458171,176,320
node[1],57.458171,176,320
node[0],57.458171,176,320
node[1],57.463850,172,320
node[2],57.463850,172,320
node[3],57.463850,172,320
node[0],57.475148,180,320
node[2],57.475148,180,320
node[3],57.475148,180,320
node[1],57.481850,176,320
node[2],57.481850,176,320
node[3],57.481850,176,320
node[3],57.485171,180,320
node[1],57.485171,180,320
node[0],57.485171,180,320
node[2],57.486297,172,320
node[1],57.486297,172,320
node[0],57.486297,172,320
node[1],57.498850,180,320
node[2],57.498850,180,320
node[3],57.498850,180,320
node[2],57.500297,176,320
node[1],57.500297,176,320
node[0],57.500297,176,320
node[3],57.505171,172,320
node[1],57.505171,172,320
node[0],57.505171,172,320
node[2],57.511296,172,320
node[1],57.511296,172,320
node[0],57.511296,172,320
node[0],57.521148,176,320
node[2],57.521148,176,320
node[3],57.521148,176,320
node[0],57.522148,172,320
node[2],57.522148,172,320
node[3],57.522148,172,320
node[2],57.525296,176,320
node[1],57.525296,176,320
node[0],57.525296,176,320
node[3],57.542171,176,320
node[1],57.542171,176,320
node[0],57.542171,176,320
node[1],57.555850,176,320
node[2],57.555850,176,320
node[3],57.555850,176,320
node[0],57.566148,176,320
node[2],57.566148,176,320
node[3],57.566148,176,320
node[0],57.567148,180,320
node[2],57.567148,180,320
node[3],57.567148,180,320
node[3],57.567171,176,320
node[1],57.567171,176,320
node[0],57.567171,176,320
node[2],57.568297,172,320
node[1],57.568297,172,320
node[0],57.568297,172,320
node[0],57.578148,172,320
node[2],57.578148,172,320
node[3],57.578148,172,320
node[1],57.582850,176,320
node[2],57.582850,176,320
node[3],57.582850,176,320
node[3],57.591171,180,320
node[1],57.591171,180,320
node[0],57.591171,180,320
node[3],57.603171,176,320
node[1],57.603171,176,320
node[0],57.603171,176,320
node[0],57.608148,180,320
node[2],57.608148,180,320
node[3],57.608148,180,320
node[2],57.609297,172,320
node[1],57.609297,172,320
node[0],57.609297,172,320
node[3],57.612171,172,320
node[1],57.612171,172,320
node[0],57.612171,172,320
node[2],57.614297,176,320
node[1],57.614297,176,320
node[0],57.614297,176,320
node[3],57.619171,180,320
node[1],57.619171,180,320
node[0],57.619171,180,320
node[0],57.621148,172,320
node[2],57.621148,172,320
node[3],57.621148,172,320
node[1],57.624850,172,320
node[2],57.624850,172,320
node[3],57.624850,172,320
node[0],57.629148,176,320
node[2],57.629148,176,320
node[3],57.629148,176,320
node[2],57.641297,176,320
node[1],57.641297,176,320
node[0],57.641297,176,320
node[1],57.643850,180,320
node[2],57.643850,180,320
node[3],57.643850,180,320
node[2],57.648297,172,320
node[1],57.648297,172,320
node[0],57.648297,172,320
node[1],57.649850,172,320
node[2],57.649850,172,320
node[3],57.649850,172,320
node[0],57.657148,176,320
node[2],57.657148,176,320
node[3],57.657148,176,320
node[1],57.657850,176,320
node[2],57.657850,176,320
node[3],57.657850,176,320
node[0],57.661148,180,320
node[2],57.661148,180,320
node[3],57.661148,180,320
node[2],57.667297,176,320
node[1],57.667297,176,320
node[0],57.667297,176,320
node[3],57.675171,176,320
node[1],57.675171,176,320
node[0],57.675171,176,320
node[3],57.681171,172,320
node[1],57.681171,172,320
node[0],57.681171,172,320
node[1],57.691850,176,320
node[2],57.691850,176,320
node[3],57.691850,176,320
node[0],57.694148,176,320
node[2],57.694148,176,320
node[3],57.694148,176,320
node[0],57.698148,180,320
node[2],57.698148,180,320
node[3],57.698148,180,320
node[2],57.698985,180,320
node[1],57.698985,180,320
node[0],57.698985,180,320
node[1],57.716850,180,320
node[2],57.716850,180,320
node[3],57.716850,180,320
node[1],57.719850,176,320
node[2],57.719850,176,320
node[3],57.719850,176,320
node[3],57.723171,176,320
node[1],57.723171,176,320
node[0],57.723171,176,320
node[1],57.726850,172,320
node[2],57.726850,172,320
node[3],57.726850,172,320
node[0],57.736148,172,320
node[2],57.736148,172,320
node[3],57.736148,172,320
node[3],57.738171,172,320
node[1],57.738171,172,320
node[0],57.738171,172,320
node[1],57.741849,180,320
node[2],57.741849,180,320
node[3],57.741849,180,320
node[2],57.750297,172,320
node[1],57.750297,172,320
node[0],57.750297,172,320
node[2],57.751297,176,320
node[1],57.751297,176,320
node[0],57.751297,176,320
node[3],57.758171,176,320
node[1],57.758171,176,320
node[0],57.758171,176,320
node[3],57.763171,172,320
node[1],57.763171,172,320
node[0],57.763171,172,320
node[1],57.771850,172,320
node[2],57.771850,172,320
node[3],57.771850,172,320
node[3],57.772171,180,320
node[1],57.772171,180,320
node[0],57.772171,180,320
node[2],57.772917,180,320
node[1],57.772918,180,320
node[0],57.772918,180,320
node[1],57.785850,176,320
node[2],57.785850,176,320
node[3],57.785850,176,320
node[3],57.793171,176,320
node[1],57.793171,176,320
node[0],57.793171,176,320
node[3],57.797171,180,320
node[1],57.797171,180,320
node[0],57.797171,180,320
node[0],57.799148,180,320
node[2],57.799148,180,320
node[3],57.799148,180,320
node[0],57.801148,176,320
node[2],57.801148,176,320
node[3],57.801148,176,320
node[1],57.806850,172,320
node[2],57.806850,172,320
node[3],57.806850,172,320
node[3],57.810171,172,320
node[1],57.810171,172,320
node[0],57.810171,172,320
node[1],57.815850,176,320
node[2],57.815850,176,320
node[3],57.815850,176,320
node[1],57.816850,180,320
node[2],57.816850,180,320
node[3],57.816850,180,320
node[0],57.817148,172,320
node[2],57.817148,172,320
node[3],57.817148,172,320
node[2],57.822297,172,320
node[1],57.822297,172,320
node[0],57.822297,172,320
node[1],57.831849,172,320
node[2],57.831849,172,320
node[3],57.831849,172,320
node[3],57.835171,176,320
node[1],57.835171,176,320
node[0],57.835171,176,320
node[0],57.852148,172,320
node[2],57.852148,172,320
node[3],57.852148,172,320
node[1],57.852850,176,320
node[2],57.852850,176,320
node[3],57.852850,176,320
node[2],57.853297,172,320
node[1],57.853297,172,320
node[0],57.853297,172,320
node[2],57.861297,176,320
node[1],57.861297,176,320
node[0],57.861297,176,320
node[1],57.869850,172,320
node[2],57.869850,172,320
node[3],57.869850,172,320
node[0],57.874148,176,320
node[2],57.874148,176,320
node[3],57.874148,176,320
node[3],57.875171,176,320
node[1],57.875171,176,320
node[0],57.875171,176,320
node[1],57.880850,180,320
node[2],57.880850,180,320
node[3],57.880850,180,320
node[1],57.893850,176,320
node[2],57.893850,176,320
node[3],57.893850,176,320
node[2],57.898297,180,320
node[1],57.898297,180,320
node[0],57.898297,180,320
node[2],57.904297,172,320
node[1],57.904297,172,320
node[0],57.904297,172,320
node[3],57.905171,172,320
node[1],57.905171,172,320
node[0],57.905171,172,320
node[0],57.909148,172,320
node[2],57.909148,172,320
node[3],57.909148,172,320
node[1],57.910850,180,320
node[2],57.910850,180,320
node[3],57.910850,180,320
node[3],57.920171,176,320
node[1],57.920171,176,320
node[0],57.920171,176,320
node[0],57.933148,176,320
node[2],57.933148,176,320
node[3],57.933148,176,320
node[1],57.955850,172,320
node[2],57.955850,172,320
node[3],57.955850,172,320
node[3],57.967171,176,320
node[1],57.967171,176,320
node[0],57.967171,176,320
node[1],57.970850,176,320
node[2],57.970850,176,320
node[3],57.970850,176,320
node[1],57.975850,180,320
node[2],57.975850,180,320
node[3],57.975850,180,320
node[1],57.985850,172,320
node[2],57.985850,172,320
node[3],57.985850,172,320
node[2],57.986297,180,320
node[1],57.986297,180,320
node[0],57.986297,180,320
node[2],57.991297,172,320
node[1],57.991297,172,320
node[0],57.991297,172,320
node[0],57.997148,176,320
node[2],57.997148,176,320
node[3],57.997148,176,320
node[2],58.002297,176,320
node[1],58.002297,176,320
node[0],58.002297,176,320
node[3],58.012171,172,320
node[1],58.012171,172,320
node[0],58.012171,172,320
node[2],58.016297,172,320
node[1],58.016297,172,320
node[0],58.016297,172,320
node[1],58.016850,180,320
node[2],58.016850,180,320
node[3],58.016850,180,320
node[3],58.024171,180,320
node[1],58.024171,180,320
node[0],58.024171,180,320
node[3],58.027171,176,320
node[1],58.027171,176,320
node[0],58.027171,176,320
node[0],58.047148,176,320
node[2],58.047148,176,320
node[3],58.047148,176,320
node[2],58.056297,180,320
node[1],58.056297,180,320
node[0],58.056297,180,320
node[1],58.057850,176,320
node[2],58.057850,176,320
node[3],58.057850,176,320
node[0],58.064148,180,320
node[2],58.064148,180,320
node[3],58.064148,180,320
node[3],58.072171,176,320
node[1],58.072171,176,320
node[0],58.072171,176,320
node[2],58.073297,172,320
node[1],58.073297,172,320
node[0],58.073297,172,320
node[0],58.082148,176,320
node[2],58.082148,176,320
node[3],58.082148,176,320
node[2],58.108297,172,320
node[1],58.108297,172,320
node[0],58.108297,172,320
node[1],58.111850,180,320
node[2],58.111850,180,320
node[3],58.111850,180,320
node[1],58.128850,176,320
node[2],58.128850,176,320
node[3],58.128850,176,320
node[3],58.130171,176,320
node[1],58.130171,176,320
node[0],58.130171,176,320
node[1],58.132850,172,320
node[2],58.132850,172,320
node[3],58.132850,172,320
node[2],58.146297,172,320
node[1],58.146297,172,320
node[0],58.146297,172,320
node[2],58.151297,176,320
node[1],58.151297,176,320
node[0],58.151297,176,320
node[3],58.154171,172,320
node[1],58.154171,172,320
node[0],58.154171,172,320
node[0],58.155148,176,320
node[2],58.155148,176,320
node[3],58.155148,176,320
node[3],58.163171,176,320
node[1],58.163171,176,320
node[0],58.163171,176,320
node[0],58.170148,172,320
node[2],58.170148,172,320
node[3],58.170148,172,320
node[3],58.181171,172,320
node[1],58.181171,172,320
node[0],58.181171,172,320
node[1],58.186850,176,320
node[2],58.186850,176,320
node[3],58.186850,176,320
node[3],58.192171,176,320
node[1],58.192171,176,320
node[0],58.192171,176,320
node[3],58.198171,180,320
node[1],58.198171,180,320
node[0],58.198171,180,320
node[0],58.219148,172,320
node[2],58.219148,172,320
node[3],58.219148,172,320
node[2],58.223297,172,320
node[1],58.223297,172,320
node[0],58.223297,172,320
node[3],58.224171,176,320
node[1],58.224171,176,320
node[0],58.224171,176,320
node[0],58.228148,176,320
node[2],58.228148,176,320
node[3],58.228148,176,320
node[3],58.231171,172,320
node[1],58.231171,172,320
node[0],58.231171,172,320
node[1],58.233850,176,320
node[2],58.233850,176,320
node[3],58.233850,176,320
node[1],58.243850,172,320
node[2],58.243850,172,320
node[3],58.243850,172,320
node[2],58.254297,176,320
node[1],58.254297,176,320
node[0],58.254297,176,320
node[2],58.256297,180,320
node[1],58.256297,180,320
node[0],58.256297,180,320
node[2],58.259297,172,320
node[1],58.259297,172,320
node[0],58.259297,172,320
node[0],58.266148,176,320
node[2],58.266148,176,320
node[3],58.266148,176,320
node[2],58.279296,176,320
node[1],58.279296,176,320
node[0],58.279296,176,320
node[0],58.280148,172,320
node[2],58.280148,172,320
node[3],58.280148,172,320
node[2],58.284297,180,320
node[1],58.284297,180,320
node[0],58.284297,180,320
node[1],58.284850,176,320
node[2],58.284850,176,320
node[3],58.284850,176,320
node[1],58.298850,180,320
node[2],58.298850,180,320
node[3],58.298850,180,320
node[0],58.301148,176,320
node[2],58.301148,176,320
node[3],58.301148,176,320
node[3],58.308171,180,320
node[1],58.308171,180,320
node[0],58.308171,180,320
node[1],58.315850,172,320
node[2],58.315850,172,320
node[3],58.315850,172,320
node[2],58.319297,176,320
node[1],58.319297,176,320
node[0],58.319297,176,320
node[1],58.319952,176,320
node[2],58.319953,176,320
node[3],58.319953,176,320
node[1],58.323849,180,320
node[2],58.323849,180,320
node[3],58.323849,180,320
node[0],58.335148,172,320
node[2],58.335148,172,320
node[3],58.335148,172,320
node[0],58.344148,176,320
node[2],58.344148,176,320
node[3],58.344148,176,320
node[1],58.348850,172,320
node[2],58.348850,172,320
node[3],58.348850,172,320
node[2],58.359297,180,320
node[1],58.359297,180,320
node[0],58.359297,180,320
node[2],58.360297,176,320
node[1],58.360297,176,320
node[0],58.360297,176,320
node[3],58.376171,180,320
node[1],58.376171,180,320
node[0],58.376171,180,320
node[0],58.386148,176,320
node[2],58.386148,176,320
node[3],58.386148,176,320
node[2],58.389297,172,320
node[1],58.389297,172,320
node[0],58.389297,172,320
node[3],58.393171,176,320
node[1],58.393171,176,320
node[0],58.393171,176,320
node[1],58.393850,172,320
node[2],58.393850,172,320
node[3],58.393850,172,320
node[1],58.395850,176,320
node[2],58.395850,176,320
node[3],58.395850,176,320
node[2],58.400297,176,320
node[1],58.400297,176,320
node[0],58.400297,176,320
node[1],58.402850,180,320
node[2],58.402850,180,320
node[3],58.402850,180,320
node[0],58.411148,180,320
node[2],58.411148,180,320
node[3],58.411148,180,320
node[2],58.417297,172,320
node[1],58.417297,172,320
node[0],58.417297,172,320
node[0],58.430148,172,320
node[2],58.430148,172,320
node[3],58.430148,172,320
node[1],58.430850,172,320
node[2],58.430850,172,320
node[3],58.430850,172,320
node[3],58.440171,176,320
node[1],58.440171,176,320
node[0],58.440171,176,320
node[0],58.449148,176,320
node[2],58.449148,176,320
node[3],58.449148,176,320
node[0],58.459148,172,320
node[2],58.459148,172,320
node[3],58.459148,172,320
node[1],58.461850,176,320
node[2],58.461850,176,320
node[3],58.461850,176,320
node[1],58.462850,172,320
node[2],58.462850,172,320
node[3],58.462850,172,320
node[2],58.467297,180,320
node[1],58.467297,180,320
node[0],58.467297,180,320
node[1],58.477850,180,320
node[2],58.477850,180,320
node[3],58.477850,180,320
node[1],58.486849,176,320
node[2],58.486849,176,320
node[3],58.486849,176,320
node[2],58.490297,176,320
node[1],58.490297,176,320
node[0],58.490297,176,320
node[1],58.490850,172,320
node[2],58.490850,172,320
node[3],58.490850,172,320
node[1],58.502849,180,320
node[2],58.502849,180,320
node[3],58.502849,180,320
node[3],58.504171,176,320
node[1],58.504171,176,320
node[0],58.504171,176,320
node[2],58.510297,172,320
node[1],58.510297,172,320
node[0],58.510297,172,320
node[1],58.511849,176,320
node[2],58.511849,176,320
node[3],58.511849,176,320
node[2],58.530297,176,320
node[1],58.530297,176,320
node[0],58.530297,176,320
node[1],58.533850,172,320
node[2],58.533850,172,320
node[3],58.533850,172,320
node[1],58.558850,172,320
node[2],58.558850,172,320
node[3],58.558850,172,320
node[3],58.559171,176,320
node[1],58.559171,176,320
node[0],58.559171,176,320
node[2],58.559826,176,320
node[1],58.559827,176,320
node[0],58.559827,176,320
node[0],58.565148,176,320
node[2],58.565148,176,320
node[3],58.565148,176,320
node[2],58.575297,172,320
node[1],58.575297,172,320
node[0],58.575297,172,320
node[0],58.587148,172,320
node[2],58.587148,172,320
node[3],58.587148,172,320
node[0],58.596148,176,320
node[2],58.596148,176,320
node[3],58.596148,176,320
node[0],58.598148,180,320
node[2],58.598148,180,320
node[3],58.598148,180,320
node[1],58.599850,172,320
node[2],58.599850,172,320
node[3],58.599850,172,320
node[3],58.600505,172,320
node[1],58.600505,172,320
node[0],58.600505,172,320
node[2],58.603297,172,320
node[1],58.603297,172,320
node[0],58.603297,172,320
node[3],58.607171,180,320
node[1],58.607171,180,320
node[0],58.607171,180,320
node[1],58.617850,176,320
node[2],58.617850,176,320
node[3],58.617850,176,320
node[0],58.639148,176,320
node[2],58.639148,176,320
node[3],58.639148,176,320
node[2],58.640297,172,320
node[1],58.640297,172,320
node[0],58.640297,172,320
node[1],58.651850,176,320
node[2],58.651850,176,320
node[3],58.651850,176,320
node[3],58.653171,172,320
node[1],58.653171,172,320
node[0],58.653171,172,320
node[2],58.658297,180,320
node[1],58.658297,180,320
node[0],58.658297,180,320
node[1],58.658850,172,320
node[2],58.658850,172,320
node[3],58.658850,172,320
node[1],58.678850,176,320
node[2],58.678850,176,320
node[3],58.678850,176,320
node[3],58.679171,180,320
node[1],58.679171,180,320
node[0],58.679171,180,320
node[2],58.684297,176,320
node[1],58.684297,176,320
node[0],58.684297,176,320
node[0],58.694148,180,320
node[2],58.694148,180,320
node[3],58.694148,180,320
node[0],58.702148,172,320
node[2],58.702148,172,320
node[3],58.702148,172,320
node[0],58.703148,176,320
node[2],58.703148,176,320
node[3],58.703148,176,320
node[3],58.705171,176,320
node[1],58.705171,176,320
node[0],58.705171,176,320
node[2],58.707297,172,320
node[1],58.707297,172,320
node[0],58.707297,172,320
node[2],58.709296,176,320
node[1],58.709296,176,320
node[0],58.709296,176,320
node[3],58.714171,180,320
node[1],58.714171,180,320
node[0],58.714171,180,320
node[3],58.724171,172,320
node[1],58.724171,172,320
node[0],58.724171,172,320
node[2],58.726296,180,320
node[1],58.726296,180,320
node[0],58.726296,180,320
node[0],58.734148,172,320
node[2],58.734148,172,320
node[3],58.734148,172,320
node[0],58.735148,176,320
node[2],58.735148,176,320
node[3],58.735148,176,320
node[1],58.735850,176,320
node[2],58.735850,176,320
node[3],58.735850,176,320
node[0],58.750147,180,320
node[2],58.750147,180,320
node[3],58.750147,180,320
node[0],58.759147,172,320
node[2],58.759147,172,320
node[3],58.759147,172,320
node[0],58.760147,176,320
node[2],58.760147,176,320
node[3],58.760147,176,320
node[2],58.766297,172,320
node[1],58.766297,172,320
node[0],58.766297,172,320
node[0],58.775147,180,320
node[2],58.775147,180,320
node[3],58.775147,180,320
node[3],58.776171,176,320
node[1],58.776171,176,320
node[0],58.776171,176,320
node[1],58.777850,172,320
node[2],58.777850,172,320
node[3],58.777850,172,320
node[0],58.784147,172,320
node[2],58.784147,172,320
node[3],58.784147,172,320
node[2],58.788297,180,320
node[1],58.788297,180,320
node[0],58.788297,180,320
node[1],58.789850,180,320
node[2],58.789850,180,320
node[3],58.789850,180,320
node[1],58.798850,176,320
node[2],58.798850,176,320
node[3],58.798850,176,320
node[0],58.802148,180,320
node[2],58.802148,180,320
node[3],58.802148,180,320
node[2],58.807297,176,320
node[1],58.807297,176,320
node[0],58.807297,176,320
node[0],58.809148,172,320
node[2],58.809148,172,320
node[3],58.809148,172,320
node[2],58.812297,172,320
node[1],58.812297,172,320
node[0],58.812297,172,320
node[0],58.828148,176,320
node[2],58.828148,176,320
node[3],58.828148,176,320
node[2],58.832296,176,320
node[1],58.832296,176,320
node[0],58.832296,176,320
node[3],58.835171,172,320
node[1],58.835171,172,320
node[0],58.835171,172,320
node[3],58.843171,176,320
node[1],58.843171,176,320
node[0],58.843171,176,320
node[0],58.844148,172,320
node[2],58.844148,172,320
node[3],58.844148,172,320
node[2],58.847297,172,320
node[1],58.847297,172,320
node[0],58.847297,172,320
node[3],58.860171,172,320
node[1],58.860171,172,320
node[0],58.860171,172,320
node[2],58.867297,180,320
node[1],58.867297,180,320
node[0],58.867297,180,320
node[0],58.873148,172,320
node[2],58.873148,172,320
node[3],58.873148,172,320
node[3],58.874171,180,320
node[1],58.874171,180,320
node[0],58.874171,180,320
node[3],58.877171,176,320
node[1],58.877171,176,320
node[0],58.877171,176,320
node[1],58.877850,176,320
node[2],58.877850,176,320
node[3],58.877850,176,320
node[2],58.885297,172,320
node[1],58.885297,172,320
node[0],58.885297,172,320
node[0],58.894148,180,320
node[2],58.894148,180,320
node[3],58.894148,180,320
node[1],58.906850,180,320
node[2],58.906850,180,320
node[3],58.906850,180,320
node[3],58.928171,172,320
node[1],58.928171,172,320
node[0],58.928171,172,320
node[2],58.934297,180,320
node[1],58.934297,180,320
node[0],58.934297,180,320
node[2],58.935297,172,320
node[1],58.935297,172,320
node[0],58.935297,172,320
node[1],58.947850,172,320
node[2],58.947850,172,320
node[3],58.947850,172,320
node[3],58.949171,176,320
node[1],58.949171,176,320
node[0],58.949171,176,320
node[3],58.966171,172,320
node[1],58.966171,172,320
node[0],58.966171,172,320
node[1],58.973850,176,320
node[2],58.973850,176,320
node[3],58.973850,176,320
node[2],58.986297,180,320
node[1],58.986297,180,320
node[0],58.986297,180,320
node[3],58.992171,176,320
node[1],58.992171,176,320
node[0],58.992171,176,320
node[0],59.001148,180,320
node[2],59.001148,180,320
node[3],59.001148,180,320
node[3],59.012171,172,320
node[1],59.012171,172,320
node[0],59.012171,172,320
node[1],59.020850,172,320
node[2],59.020850,172,320
node[3],59.020850,172,320
node[2],59.022297,176,320
node[1],59.022297,176,320
node[0],59.022297,176,320
node[3],59.033171,176,320
node[1],59.033171,176,320
node[0],59.033171,176,320
node[1],59.069850,172,320
node[2],59.069850,172,320
node[3],59.069850,172,320
node[2],59.071297,180,320
node[1],59.071297,180,320
node[0],59.071297,180,320
node[3],59.072171,176,320
node[1],59.072171,176,320
node[0],59.072171,176,320
node[2],59.072826,176,320
node[1],59.072827,176,320
node[0],59.072827,176,320
node[1],59.079850,180,320
node[2],59.079850,180,320
node[3],59.079850,180,320
node[3],59.082171,172,320
node[1],59.082171,172,320
node[0],59.082171,172,320
node[0],59.086148,180,320
node[2],59.086148,180,320
node[3],59.086148,180,320
node[3],59.089171,180,320
node[1],59.089171,180,320
node[0],59.089171,180,320
node[0],59.092148,172,320
node[2],59.092148,172,320
node[3],59.092148,172,320
node[1],59.094850,172,320
node[2],59.094850,172,320
node[3],59.094850,172,320
node[2],59.095505,172,320
node[1],59.095505,172,320
node[0],59.095505,172,320
node[0],59.098148,176,320
node[2],59.098148,176,320
node[3],59.098148,176,320
node[2],59.098297,180,320
node[1],59.098297,180,320
node[0],59.098297,180,320
node[2],59.099297,176,320
node[1],59.099297,176,320
node[0],59.099297,176,320
node[3],59.104171,176,320
node[1],59.104171,176,320
node[0],59.104171,176,320
node[1],59.105850,180,320
node[2],59.105850,180,320
node[3],59.105850,180,320
node[1],59.118850,176,320
node[2],59.118850,176,320
node[3],59.118850,176,320
node[0],59.120148,180,320
node[2],59.120148,180,320
node[3],59.120148,180,320
node[2],59.120296,172,320
node[1],59.120296,172,320
node[0],59.120296,172,320
node[3],59.120998,180,320
node[1],59.120998,180,320
node[0],59.120998,180,320
node[0],59.122148,172,320
node[2],59.122148,172,320
node[3],59.122148,172,320
node[2],59.130297,176,320
node[1],59.130297,176,320
node[0],59.130297,176,320
node[3],59.134171,172,320
node[1],59.134171,172,320
node[0],59.134171,172,320
node[3],59.140171,176,320
node[1],59.140171,176,320
node[0],59.140171,176,320
node[2],59.146297,172,320
node[1],59.146297,172,320
node[0],59.146297,172,320
node[3],59.164171,172,320
node[1],59.164171,172,320
node[0],59.164171,172,320
node[2],59.167297,176,320
node[1],59.167297,176,320
node[0],59.167297,176,320
node[0],59.176148,172,320
node[2],59.176148,172,320
node[3],59.176148,172,320
node[2],59.176790,172,320
node[1],59.176790,172,320
node[0],59.176790,172,320
node[1],59.178850,180,320
node[2],59.178850,180,320
node[3],59.178850,180,320
node[0],59.179778,180,320
node[2],59.179778,180,320
node[3],59.179778,180,320
node[2],59.185297,180,320
node[1],59.185297,180,320
node[0],59.185297,180,320
node[0],59.189148,176,320
node[2],59.189148,176,320
node[3],59.189148,176,320
node[3],59.190171,176,320
node[1],59.190171,176,320
node[0],59.190171,176,320
node[1],59.194850,172,320
node[2],59.194850,172,320
node[3],59.194850,172,320
node[2],59.199297,176,320
node[1],59.199297,176,320
node[0],59.199297,176,320
node[3],59.213171,180,320
node[1],59.213171,180,320
node[0],59.213171,180,320
node[2],59.215297,172,320
node[1],59.215297,172,320
node[0],59.215297,172,320
node[1],59.215850,176,320
node[2],59.215850,176,320
node[3],59.215850,176,320
node[3],59.239171,176,320
node[1],59.239171,176,320
node[0],59.239171,176,320
node[3],59.250171,172,320
node[1],59.250171,172,320
node[0],59.250171,172,320
node[2],59.251297,180,320
node[1],59.251297,180,320
node[0],59.251297,180,320
node[2],59.265297,172,320
node[1],59.265297,172,320
node[0],59.265297,172,320
node[1],59.273850,172,320
node[2],59.273850,172,320
node[3],59.273850,172,320
node[2],59.279297,180,320
node[1],59.279297,180,320
node[0],59.279297,180,320
node[2],59.282297,176,320
node[1],59.282297,176,320
node[0],59.282297,176,320
node[1],59.285850,176,320
node[2],59.285850,176,320
node[3],59.285850,176,320
node[3],59.287171,172,320
node[1],59.287171,172,320
node[0],59.287171,172,320
node[2],59.290296,172,320
node[1],59.290296,172,320
node[0],59.290296,172,320
node[1],59.292850,180,320
node[2],59.292850,180,320
node[3],59.292850,180,320
node[3],59.309171,180,320
node[1],59.309171,180,320
node[0],59.309171,180,320
node[1],59.311850,172,320
node[2],59.311850,172,320
node[3],59.311850,172,320
node[1],59.324850,180,320
node[2],59.324850,180,320
node[3],59.324850,180,320
node[2],59.329296,180,320
node[1],59.329296,180,320
node[0],59.329296,180,320
node[3],59.331171,172,320
node[1],59.331171,172,320
node[0],59.331171,172,320
node[3],59.332171,176,320
node[1],59.332171,176,320
node[0],59.332171,176,320
node[0],59.352148,176,320
node[2],59.352148,176,320
node[3],59.352148,176,320
node[3],59.362171,176,320
node[1],59.362171,176,320
node[0],59.362171,176,320
node[2],59.376297,172,320
node[1],59.376297,172,320
node[0],59.376297,172,320
node[1],59.384850,172,320
node[2],59.384850,172,320
node[3],59.384850,172,320
node[1],59.400850,180,320
node[2],59.400850,180,320
node[3],59.400850,180,320
node[3],59.402171,172,320
node[1],59.402171,172,320
node[0],59.402171,172,320
node[3],59.405171,180,320
node[1],59.405171,180,320
node[0],59.405171,180,320
node[3],59.408171,176,320
node[1],59.408171,176,320
node[0],59.408171,176,320
node[2],59.412297,172,320
node[1],59.412297,172,320
node[0],59.412297,172,320
node[0],59.414148,180,320
node[2],59.414148,180,320
node[3],59.414148,180,320
node[0],59.418148,172,320
node[2],59.418148,172,320
node[3],59.418148,172,320
node[0],59.423148,176,320
node[2],59.423148,176,320
node[3],59.423148,176,320
node[0],59.455148,176,320
node[2],59.455148,176,320
node[3],59.455148,176,320
node[2],59.456297,176,320
node[1],59.456297,176,320
node[0],59.456297,176,320
node[1],59.456850,172,320
node[2],59.456850,172,320
node[3],59.456850,172,320
node[1],59.465850,176,320
node[2],59.465850,176,320
node[3],59.465850,176,320
node[0],59.470148,172,320
node[2],59.470148,172,320
node[3],59.470148,172,320
node[0],59.471148,180,320
node[2],59.471148,180,320
node[3],59.471148,180,320
node[3],59.480171,176,320
node[1],59.480171,176,320
node[0],59.480171,176,320
node[3],59.483171,180,320
node[1],59.483171,180,320
node[0],59.483171,180,320
node[0],59.484148,176,320
node[2],59.484148,176,320
node[3],59.484148,176,320
node[1],59.496850,176,320
node[2],59.496850,176,320
node[3],59.496850,176,320
node[1],59.497850,180,320
node[2],59.497850,180,320
node[3],59.497850,180,320
node[0],59.503148,172,320
node[2],59.503148,172,320
node[3],59.503148,172,320
node[0],59.510148,180,320
node[2],59.510148,180,320
node[3],59.510148,180,320
node[3],59.535945,180,320
node[1],59.535945,180,320
node[0],59.535945,180,320
node[0],59.561148,180,320
node[2],59.561148,180,320
node[3],59.561148,180,320
node[1],59.564850,176,320
node[2],59.564850,176,320
node[3],59.564850,176,320
node[1],59.584850,180,320
node[2],59.584850,180,320
node[3],59.584850,180,320
node[2],59.600297,176,320
node[1],59.600297,176,320
node[0],59.600297,176,320
node[3],59.612171,180,320
node[1],59.612171,180,320
node[0],59.612171,180,320
node[0],59.617148,172,320
node[2],59.617148,172,320
node[3],59.617148,172,320
node[3],59.624171,176,320
node[1],59.624171,176,320
node[0],59.624171,176,320
node[3],59.631171,172,320
node[1],59.631171,172,320
node[0],59.631171,172,320
node[2],59.634297,180,320
node[1],59.634297,180,320
node[0],59.634297,180,320
node[1],59.650850,172,320
node[2],59.650850,172,320
node[3],59.650850,172,320
node[0],59.653148,180,320
node[2],59.653148,180,320
node[3],59.653148,180,320
node[3],59.662171,176,320
node[1],59.662171,176,320
node[0],59.662171,176,320
node[1],59.663850,176,320
node[2],59.663850,176,320
node[3],59.663850,176,320
node[0],59.667148,176,320
node[2],59.667148,176,320
node[3],59.667148,176,320
node[1],59.670849,180,320
node[2],59.670849,180,320
node[3],59.670849,180,320
node[2],59.671297,172,320
node[1],59.671297,172,320
node[0],59.671297,172,320
node[2],59.676297,176,320
node[1],59.676297,176,320
node[0],59.676297,176,320
node[2],59.678297,180,320
node[1],59.678297,180,320
node[0],59.678297,180,320
node[1],59.682850,172,320
node[2],59.682850,172,320
node[3],59.682850,172,320
node[1],59.688850,176,320
node[2],59.688850,176,320
node[3],59.688850,176,320
node[3],59.694171,172,320
node[1],59.694171,172,320
node[0],59.694171,172,320
node[2],59.696296,172,320
node[1],59.696296,172,320
node[0],59.696296,172,320
node[1],59.710850,180,320
node[2],59.710850,180,320
node[3],59.710850,180,320
node[3],59.714171,180,320
node[1],59.714171,180,320
node[0],59.714171,180,320
node[1],59.724850,172,320
node[2],59.724850,172,320
node[3],59.724850,172,320
node[0],59.729148,172,320
node[2],59.729148,172,320
node[3],59.729148,172,320
node[1],59.731850,176,320
node[2],59.731850,176,320
node[3],59.731850,176,320
node[3],59.739171,176,320
node[1],59.739171,176,320
node[0],59.739171,176,320
node[0],59.747148,176,320
node[2],59.747148,176,320
node[3],59.747148,176,320
node[0],59.750148,180,320
node[2],59.750148,180,320
node[3],59.750148,180,320
node[3],59.753171,172,320
node[1],59.753171,172,320
node[0],59.753171,172,320
node[1],59.753850,172,320
node[2],59.753850,172,320
node[3],59.753850,172,320
node[1],59.765850,176,320
node[2],59.765850,176,320
node[3],59.765850,176,320
node[3],59.782171,180,320
node[1],59.782171,180,320
node[0],59.782171,180,320
node[0],59.783148,172,320
node[2],59.783148,172,320
node[3],59.783148,172,320
node[1],59.787850,172,320
node[2],59.787850,172,320
node[3],59.787850,172,320
node[0],59.789148,176,320
node[2],59.789148,176,320
node[3],59.789148,176,320
node[3],59.809171,176,320
node[1],59.809171,176,320
node[0],59.809171,176,320
node[3],59.812171,180,320
node[1],59.812171,180,320
node[0],59.812171,180,320
node[2],59.828297,176,320
node[1],59.828297,176,320
node[0],59.828297,176,320
node[1],59.841850,172,320
node[2],59.841850,172,320
node[3],59.841850,172,320
node[1],59.850850,176,320
node[2],59.850850,176,320
node[3],59.850850,176,320
node[0],59.857148,180,320
node[2],59.857148,180,320
node[3],59.857148,180,320
node[3],59.857171,172,320
node[1],59.857171,172,320
node[0],59.857171,172,320
node[2],59.865297,180,320
node[1],59.865297,180,320
node[0],59.865297,180,320
node[3],59.869171,176,320
node[1],59.869171,176,320
node[0],59.869171,176,320
node[1],59.884850,172,320
node[2],59.884850,172,320
node[3],59.884850,172,320
node[3],59.885518,172,320
node[1],59.885518,172,320
node[0],59.885518,172,320
node[3],59.906171,180,320
node[1],59.906171,180,320
node[0],59.906171,180,320
node[3],59.917171,172,320
node[1],59.917171,172,320
node[0],59.917171,172,320
node[2],59.933297,180,320
node[1],59.933297,180,320
node[0],59.933297,180,320
node[1],59.933850,176,320
node[2],59.933850,176,320
node[3],59.933850,176,320
node[0],59.935148,172,320
node[2],59.935148,172,320
node[3],59.935148,172,320
node[0],59.952148,180,320
node[2],59.952148,180,320
node[3],59.952148,180,320
node[2],59.952297,176,320
node[1],59.952297,176,320
node[0],59.952297,176,320
node[2],59.958297,180,320
node[1],59.958297,180,320
node[0],59.958297,180,320
node[0],59.972148,172,320
node[2],59.972148,172,320
node[3],59.972148,172,320
node[2],59.973297,172,320
node[1],59.973297,172,320
node[0],59.973297,172,320
node[3],59.985171,172,320
node[1],59.985171,172,320
node[0],59.985171,172,320
node[3],59.986171,176,320
node[1],59.986171,176,320
node[0],59.986171,176,320
node[0],59.999148,172,320
node[2],59.999148,172,320
node[3],59.999148,172,320
