nodeName, TxStationID, messageID, timestamp, T_elapsed, T_GO, x, y, delayDcc, T_GenCam, EarlyReq, CamType, 25m, 75m, 125m, 175m, 225m, 275m, 325m, 375m, 425m, 475m, 525m, 575m, 625m, 675m, 725m, 775m, 825m, 875m, 925m, 975m, 1025m, 1075m, 1125m, 1175m, 1225m, 1275m, 1325m, 1375m, 1425m, 1475m
node[3], 1277901399, 3, 0.300713, 0.100713, -0.022000, 99026740.000000, 54284250.000000, 0.025000, 1.000000, 0, 3, 0, 0, 0, 0, 0, 0, 0, 0, 0, 0, 0, 0, 0, 0, 0, 0, 0, 0, 0, 0, 0, 0, 0, 0, 0, 0, 0, 0, 0, 0
node[3], 1277901399, 4, 0.400713, 0.100000, 0.000000, 99026740.000000, 54284250.000000, 0.025000, 1.000000, 0, 3, 0, 0, 0, 0, 0, 0, 0, 0, 0, 0, 0, 0, 0, 0, 0, 0, 0, 0, 0, 0, 0, 0, 0, 0, 0, 0, 0, 0, 0, 0
node[3], 1277901399, 5, 0.500713, 0.100000, -0.013000, 99026740.000000, 54284250.000000, 0.025000, 1.000000, 0, 3, 0, 0, 0, 0, 0, 0, 0, 0, 0, 0, 0, 0, 0, 0, 0, 0, 0, 0, 0, 0, 0, 0, 0, 0, 0, 0, 0, 0, 0, 0
node[3], 1277901399, 6, 0.600713, 0.100000, 0.000000, 99026740.000000, 54284250.000000, 0.025000, 1.000000, 0, 3, 0, 0, 0, 0, 0, 0, 0, 0, 0, 0, 0, 0, 0, 0, 0, 0, 0, 0, 0, 0, 0, 0, 0, 0, 0, 0, 0, 0, 0, 0
node[2], 2774094101, 7, 0.638587, 0.438587, 0.000000, 99026740.000000, 54281360.000000, 0.025000, 1.000000, 0, 3, 0, 1, 0, 0, 0, 0, 0, 0, 0, 0, 0, 0, 0, 0, 0, 0, 0, 0, 0, 0, 0, 0, 0, 0, 0, 0, 0, 0, 0, 0
node[3], 1277901399, 8, 0.700713, 0.100000, 0.000000, 99026740.000000, 54284250.000000, 0.025000, 1.000000, 0, 3, 0, 1, 0, 0, 0, 0, 0, 0, 0, 0, 0, 0, 0, 0, 0, 0, 0, 0, 0, 0, 0, 0, 0, 0, 0, 0, 0, 0, 0, 0
node[2], 2774094101, 9, 0.738587, 0.100000, 0.000000, 99026740.000000, 54281360.000000, 0.025000, 1.000000, 0, 3, 0, 1, 0, 0, 0, 0, 0, 0, 0, 0, 0, 0, 0, 0, 0, 0, 0, 0, 0, 0, 0, 0, 0, 0, 0, 0, 0, 0, 0, 0
node[3], 1277901399, 10, 0.800713, 0.100000, -0.007000, 99026740.000000, 54284250.000000, 0.025000, 1.000000, 0, 3, 0, 1, 0, 0, 0, 0, 0, 0, 0, 0, 0, 0, 0, 0, 0, 0, 0, 0, 0, 0, 0, 0, 0, 0, 0, 0, 0, 0, 0, 0
node[1], 2588848963, 11, 0.824564, 0.624564, -0.025000, 99026730.000000, 54278460.000000, 0.025000, 1.000000, 0, 3, 0, 2, 0, 0, 0, 0, 0, 0, 0, 0, 0, 0, 0, 0, 0, 0, 0, 0, 0, 0, 0, 0, 0, 0, 0, 0, 0, 0, 0, 0
node[2], 2774094101, 12, 0.838587, 0.100000, 0.000000, 99026740.000000, 54281360.000000, 0.025000, 1.000000, 0, 3, 0, 2, 0, 0, 0, 0, 0, 0, 0, 0, 0, 0, 0, 0, 0, 0, 0, 0, 0, 0, 0, 0, 0, 0, 0, 0, 0, 0, 0, 0
node[3], 1277901399, 13, 0.900713, 0.100000, -0.014000, 99026740.000000, 54284250.000000, 0.025000, 1.000000, 0, 3, 0, 2, 0, 0, 0, 0, 0, 0, 0, 0, 0, 0, 0, 0, 0, 0, 0, 0, 0, 0, 0, 0, 0, 0, 0, 0, 0, 0, 0, 0
node[1], 2588848963, 14, 0.924564, 0.100000, 0.000000, 99026730.000000, 54278460.000000, 0.025000, 1.000000, 0, 3, 0, 2, 0, 0, 0, 0, 0, 0, 0, 0, 0, 0, 0, 0, 0, 0, 0, 0, 0, 0, 0, 0, 0, 0, 0, 0, 0, 0, 0, 0
node[2], 2774094101, 15, 0.938587, 0.100000, 0.000000, 99026740.000000, 54281360.000000, 0.025000, 1.000000, 0, 3, 0, 2, 0, 0, 0, 0, 0, 0, 0, 0, 0, 0, 0, 0, 0, 0, 0, 0, 0, 0, 0, 0, 0, 0, 0, 0, 0, 0, 0, 0
node[0], 2357136044, 16, 0.945266, 0.845266, 0.000000, 99026730.000000, 54275570.000000, 0.025000, 1.000000, 0, 3, 0, 2, 1, 0, 0, 0, 0, 0, 0, 0, 0, 0, 0, 0, 0, 0, 0, 0, 0, 0, 0, 0, 0, 0, 0, 0, 0, 0, 0, 0
node[3], 1277901399, 17, 1.000713, 0.100000, 0.000000, 99026740.000000, 54284250.000000, 0.025000, 1.000000, 0, 3, 0, 2, 1, 0, 0, 0, 0, 0, 0, 0, 0, 0, 0, 0, 0, 0, 0, 0, 0, 0, 0, 0, 0, 0, 0, 0, 0, 0, 0, 0
node[1], 2588848963, 18, 1.024564, 0.100000, 0.000000, 99026730.000000, 54278460.000000, 0.025000, 1.000000, 0, 3, 0, 3, 0, 0, 0, 0, 0, 0, 0, 0, 0, 0, 0, 0, 0, 0, 0, 0, 0, 0, 0, 0, 0, 0, 0, 0, 0, 0, 0, 0
node[2], 2774094101, 19, 1.038587, 0.100000, 0.000000, 99026740.000000, 54281360.000000, 0.025000, 1.000000, 0, 3, 0, 3, 0, 0, 0, 0, 0, 0, 0, 0, 0, 0, 0, 0, 0, 0, 0, 0, 0, 0, 0, 0, 0, 0, 0, 0, 0, 0, 0, 0
node[0], 2357136044, 20, 1.045266, 0.100000, 0.000000, 99026730.000000, 54275570.000000, 0.025000, 1.000000, 0, 3, 0, 2, 1, 0, 0, 0, 0, 0, 0, 0, 0, 0, 0, 0, 0, 0, 0, 0, 0, 0, 0, 0, 0, 0, 0, 0, 0, 0, 0, 0
node[3], 1277901399, 21, 1.100713, 0.100000, -0.016000, 99026740.000000, 54284250.000000, 0.025000, 1.000000, 0, 3, 0, 2, 1, 0, 0, 0, 0, 0, 0, 0, 0, 0, 0, 0, 0, 0, 0, 0, 0, 0, 0, 0, 0, 0, 0, 0, 0, 0, 0, 0
node[1], 2588848963, 22, 1.124564, 0.100000, 0.000000, 99026730.000000, 54278460.000000, 0.025000, 1.000000, 0, 3, 0, 3, 0, 0, 0, 0, 0, 0, 0, 0, 0, 0, 0, 0, 0, 0, 0, 0, 0, 0, 0, 0, 0, 0, 0, 0, 0, 0, 0, 0
node[2], 2774094101, 23, 1.138587, 0.100000, 0.000000, 99026740.000000, 54281360.000000, 0.025000, 1.000000, 0, 3, 0, 3, 0, 0, 0, 0, 0, 0, 0, 0, 0, 0, 0, 0, 0, 0, 0, 0, 0, 0, 0, 0, 0, 0, 0, 0, 0, 0, 0, 0
node[0], 2357136044, 24, 1.145266, 0.100000, 0.000000, 99026730.000000, 54275570.000000, 0.025000, 1.000000, 0, 3, 0, 2, 1, 0, 0, 0, 0, 0, 0, 0, 0, 0, 0, 0, 0, 0, 0, 0, 0, 0, 0, 0, 0, 0, 0, 0, 0, 0, 0, 0
node[3], 1277901399, 25, 1.200713, 0.100000, 0.000000, 99026740.000000, 54284250.000000, 0.025000, 1.000000, 0, 3, 0, 2, 1, 0, 0, 0, 0, 0, 0, 0, 0, 0, 0, 0, 0, 0, 0, 0, 0, 0, 0, 0, 0, 0, 0, 0, 0, 0, 0, 0
node[1], 2588848963, 26, 1.224564, 0.100000, 0.000000, 99026730.000000, 54278460.000000, 0.025000, 1.000000, 0, 3, 0, 3, 0, 0, 0, 0, 0, 0, 0, 0, 0, 0, 0, 0, 0, 0, 0, 0, 0, 0, 0, 0, 0, 0, 0, 0, 0, 0, 0, 0
node[2], 2774094101, 27, 1.238587, 0.100000, -0.020000, 99026740.000000, 54281360.000000, 0.025000, 1.000000, 0, 3, 0, 3, 0, 0, 0, 0, 0, 0, 0, 0, 0, 0, 0, 0, 0, 0, 0, 0, 0, 0, 0, 0, 0, 0, 0, 0, 0, 0, 0, 0
node[0], 2357136044, 28, 1.245266, 0.100000, 0.000000, 99026730.000000, 54275570.000000, 0.025000, 1.000000, 0, 3, 0, 2, 1, 0, 0, 0, 0, 0, 0, 0, 0, 0, 0, 0, 0, 0, 0, 0, 0, 0, 0, 0, 0, 0, 0, 0, 0, 0, 0, 0
node[3], 1277901399, 29, 1.300713, 0.100000, 0.000000, 99026740.000000, 54284250.000000, 0.025000, 1.000000, 0, 3, 0, 2, 1, 0, 0, 0, 0, 0, 0, 0, 0, 0, 0, 0, 0, 0, 0, 0, 0, 0, 0, 0, 0, 0, 0, 0, 0, 0, 0, 0
node[1], 2588848963, 30, 1.324564, 0.100000, 0.000000, 99026730.000000, 54278460.000000, 0.025000, 1.000000, 0, 3, 0, 3, 0, 0, 0, 0, 0, 0, 0, 0, 0, 0, 0, 0, 0, 0, 0, 0, 0, 0, 0, 0, 0, 0, 0, 0, 0, 0, 0, 0
node[2], 2774094101, 31, 1.338587, 0.100000, 0.000000, 99026740.000000, 54281360.000000, 0.025000, 1.000000, 0, 3, 0, 3, 0, 0, 0, 0, 0, 0, 0, 0, 0, 0, 0, 0, 0, 0, 0, 0, 0, 0, 0, 0, 0, 0, 0, 0, 0, 0, 0, 0
node[0], 2357136044, 32, 1.345266, 0.100000, 0.000000, 99026730.000000, 54275570.000000, 0.025000, 1.000000, 0, 3, 0, 2, 1, 0, 0, 0, 0, 0, 0, 0, 0, 0, 0, 0, 0, 0, 0, 0, 0, 0, 0, 0, 0, 0, 0, 0, 0, 0, 0, 0
node[3], 1277901399, 33, 1.400713, 0.100000, 0.000000, 99026740.000000, 54284250.000000, 0.025000, 1.000000, 0, 3, 0, 2, 1, 0, 0, 0, 0, 0, 0, 0, 0, 0, 0, 0, 0, 0, 0, 0, 0, 0, 0, 0, 0, 0, 0, 0, 0, 0, 0, 0
node[1], 2588848963, 34, 1.424564, 0.100000, 0.000000, 99026730.000000, 54278460.000000, 0.025000, 1.000000, 0, 3, 0, 3, 0, 0, 0, 0, 0, 0, 0, 0, 0, 0, 0, 0, 0, 0, 0, 0, 0, 0, 0, 0, 0, 0, 0, 0, 0, 0, 0, 0
node[2], 2774094101, 35, 1.438587, 0.100000, -0.004000, 99026740.000000, 54281360.000000, 0.025000, 1.000000, 0, 3, 0, 3, 0, 0, 0, 0, 0, 0, 0, 0, 0, 0, 0, 0, 0, 0, 0, 0, 0, 0, 0, 0, 0, 0, 0, 0, 0, 0, 0, 0
node[0], 2357136044, 36, 1.445266, 0.100000, 0.000000, 99026730.000000, 54275570.000000, 0.025000, 1.000000, 0, 3, 0, 2, 1, 0, 0, 0, 0, 0, 0, 0, 0, 0, 0, 0, 0, 0, 0, 0, 0, 0, 0, 0, 0, 0, 0, 0, 0, 0, 0, 0
node[3], 1277901399, 37, 1.500713, 0.100000, -0.003000, 99026740.000000, 54284250.000000, 0.025000, 1.000000, 0, 3, 0, 2, 1, 0, 0, 0, 0, 0, 0, 0, 0, 0, 0, 0, 0, 0, 0, 0, 0, 0, 0, 0, 0, 0, 0, 0, 0, 0, 0, 0
node[1], 2588848963, 38, 1.524564, 0.100000, 0.000000, 99026730.000000, 54278460.000000, 0.025000, 1.000000, 0, 3, 0, 3, 0, 0, 0, 0, 0, 0, 0, 0, 0, 0, 0, 0, 0, 0, 0, 0, 0, 0, 0, 0, 0, 0, 0, 0, 0, 0, 0, 0
node[2], 2774094101, 39, 1.538587, 0.100000, -0.012000, 99026740.000000, 54281360.000000, 0.025000, 1.000000, 0, 3, 0, 3, 0, 0, 0, 0, 0, 0, 0, 0, 0, 0, 0, 0, 0, 0, 0, 0, 0, 0, 0, 0, 0, 0, 0, 0, 0, 0, 0, 0
node[0], 2357136044, 40, 1.545266, 0.100000, 0.000000, 99026730.000000, 54275570.000000, 0.025000, 1.000000, 0, 3, 0, 2, 1, 0, 0, 0, 0, 0, 0, 0, 0, 0, 0, 0, 0, 0, 0, 0, 0, 0, 0, 0, 0, 0, 0, 0, 0, 0, 0, 0
node[3], 1277901399, 41, 1.600713, 0.100000, 0.000000, 99026740.000000, 54284250.000000, 0.025000, 1.000000, 0, 3, 0, 2, 1, 0, 0, 0, 0, 0, 0, 0, 0, 0, 0, 0, 0, 0, 0, 0, 0, 0, 0, 0, 0, 0, 0, 0, 0, 0, 0, 0
node[1], 2588848963, 42, 1.624564, 0.100000, 0.000000, 99026730.000000, 54278460.000000, 0.025000, 1.000000, 0, 3, 0, 3, 0, 0, 0, 0, 0, 0, 0, 0, 0, 0, 0, 0, 0, 0, 0, 0, 0, 0, 0, 0, 0, 0, 0, 0, 0, 0, 0, 0
node[2], 2774094101, 43, 1.638587, 0.100000, 0.000000, 99026740.000000, 54281360.000000, 0.025000, 1.000000, 0, 3, 0, 3, 0, 0, 0, 0, 0, 0, 0, 0, 0, 0, 0, 0, 0, 0, 0, 0, 0, 0, 0, 0, 0, 0, 0, 0, 0, 0, 0, 0
node[0], 2357136044, 44, 1.645266, 0.100000, 0.000000, 99026730.000000, 54275570.000000, 0.025000, 1.000000, 0, 3, 0, 2, 1, 0, 0, 0, 0, 0, 0, 0, 0, 0, 0, 0, 0, 0, 0, 0, 0, 0, 0, 0, 0, 0, 0, 0, 0, 0, 0, 0
node[3], 1277901399, 45, 1.700713, 0.100000, 0.000000, 99026740.000000, 54284250.000000, 0.025000, 1.000000, 0, 3, 0, 2, 1, 0, 0, 0, 0, 0, 0, 0, 0, 0, 0, 0, 0, 0, 0, 0, 0, 0, 0, 0, 0, 0, 0, 0, 0, 0, 0, 0
node[1], 2588848963, 46, 1.724564, 0.100000, 0.000000, 99026730.000000, 54278460.000000, 0.025000, 1.000000, 0, 3, 0, 3, 0, 0, 0, 0, 0, 0, 0, 0, 0, 0, 0, 0, 0, 0, 0, 0, 0, 0, 0, 0, 0, 0, 0, 0, 0, 0, 0, 0
node[2], 2774094101, 47, 1.738587, 0.100000, -0.021000, 99026740.000000, 54281360.000000, 0.025000, 1.000000, 0, 3, 0, 3, 0, 0, 0, 0, 0, 0, 0, 0, 0, 0, 0, 0, 0, 0, 0, 0, 0, 0, 0, 0, 0, 0, 0, 0, 0, 0, 0, 0
node[0], 2357136044, 48, 1.745266, 0.100000, -0.011000, 99026730.000000, 54275570.000000, 0.025000, 1.000000, 0, 3, 0, 2, 1, 0, 0, 0, 0, 0, 0, 0, 0, 0, 0, 0, 0, 0, 0, 0, 0, 0, 0, 0, 0, 0, 0, 0, 0, 0, 0, 0
node[3], 1277901399, 49, 1.800713, 0.100000, 0.000000, 99026740.000000, 54284250.000000, 0.025000, 1.000000, 0, 3, 0, 2, 1, 0, 0, 0, 0, 0, 0, 0, 0, 0, 0, 0, 0, 0, 0, 0, 0, 0, 0, 0, 0, 0, 0, 0, 0, 0, 0, 0
node[1], 2588848963, 50, 1.824564, 0.100000, -0.024000, 99026730.000000, 54278460.000000, 0.025000, 1.000000, 0, 3, 0, 3, 0, 0, 0, 0, 0, 0, 0, 0, 0, 0, 0, 0, 0, 0, 0, 0, 0, 0, 0, 0, 0, 0, 0, 0, 0, 0, 0, 0
node[2], 2774094101, 51, 1.838587, 0.100000, 0.000000, 99026740.000000, 54281360.000000, 0.025000, 1.000000, 0, 3, 0, 3, 0, 0, 0, 0, 0, 0, 0, 0, 0, 0, 0, 0, 0, 0, 0, 0, 0, 0, 0, 0, 0, 0, 0, 0, 0, 0, 0, 0
node[0], 2357136044, 52, 1.845266, 0.100000, -0.017000, 99026730.000000, 54275570.000000, 0.025000, 1.000000, 0, 3, 0, 2, 1, 0, 0, 0, 0, 0, 0, 0, 0, 0, 0, 0, 0, 0, 0, 0, 0, 0, 0, 0, 0, 0, 0, 0, 0, 0, 0, 0
node[3], 1277901399, 53, 1.900713, 0.100000, 0.000000, 99026740.000000, 54284250.000000, 0.025000, 1.000000, 0, 3, 0, 2, 1, 0, 0, 0, 0, 0, 0, 0, 0, 0, 0, 0, 0, 0, 0, 0, 0, 0, 0, 0, 0, 0, 0, 0, 0, 0, 0, 0
node[1], 2588848963, 54, 1.924564, 0.100000, 0.000000, 99026730.000000, 54278460.000000, 0.025000, 1.000000, 0, 3, 0, 3, 0, 0, 0, 0, 0, 0, 0, 0, 0, 0, 0, 0, 0, 0, 0, 0, 0, 0, 0, 0, 0, 0, 0, 0, 0, 0, 0, 0
node[2], 2774094101, 55, 1.938587, 0.100000, -0.001000, 99026740.000000, 54281360.000000, 0.025000, 1.000000, 0, 3, 0, 3, 0, 0, 0, 0, 0, 0, 0, 0, 0, 0, 0, 0, 0, 0, 0, 0, 0, 0, 0, 0, 0, 0, 0, 0, 0, 0, 0, 0
node[0], 2357136044, 56, 1.945266, 0.100000, 0.000000, 99026730.000000, 54275570.000000, 0.025000, 1.000000, 0, 3, 0, 2, 1, 0, 0, 0, 0, 0, 0, 0, 0, 0, 0, 0, 0, 0, 0, 0, 0, 0, 0, 0, 0, 0, 0, 0, 0, 0, 0, 0
node[3], 1277901399, 57, 2.000713, 0.100000, -0.017000, 99026740.000000, 54284250.000000, 0.025000, 1.000000, 0, 3, 0, 2, 1, 0, 0, 0, 0, 0, 0, 0, 0, 0, 0, 0, 0, 0, 0, 0, 0, 0, 0, 0, 0, 0, 0, 0, 0, 0, 0, 0
node[1], 2588848963, 58, 2.024564, 0.100000, 0.000000, 99026730.000000, 54278460.000000, 0.025000, 1.000000, 0, 3, 0, 3, 0, 0, 0, 0, 0, 0, 0, 0, 0, 0, 0, 0, 0, 0, 0, 0, 0, 0, 0, 0, 0, 0, 0, 0, 0, 0, 0, 0
node[2], 2774094101, 59, 2.038587, 0.100000, 0.000000, 99026740.000000, 54281360.000000, 0.025000, 1.000000, 0, 3, 0, 3, 0, 0, 0, 0, 0, 0, 0, 0, 0, 0, 0, 0, 0, 0, 0, 0, 0, 0, 0, 0, 0, 0, 0, 0, 0, 0, 0, 0
node[0], 2357136044, 60, 2.045266, 0.100000, -0.002000, 99026730.000000, 54275570.000000, 0.025000, 1.000000, 0, 3, 0, 2, 1, 0, 0, 0, 0, 0, 0, 0, 0, 0, 0, 0, 0, 0, 0, 0, 0, 0, 0, 0, 0, 0, 0, 0, 0, 0, 0, 0
node[3], 1277901399, 61, 2.100713, 0.100000, 0.000000, 99026740.000000, 54284250.000000, 0.025000, 1.000000, 0, 3, 0, 2, 1, 0, 0, 0, 0, 0, 0, 0, 0, 0, 0, 0, 0, 0, 0, 0, 0, 0, 0, 0, 0, 0, 0, 0, 0, 0, 0, 0
node[1], 2588848963, 62, 2.124564, 0.100000, -0.002000, 99026730.000000, 54278460.000000, 0.025000, 1.000000, 0, 3, 0, 3, 0, 0, 0, 0, 0, 0, 0, 0, 0, 0, 0, 0, 0, 0, 0, 0, 0, 0, 0, 0, 0, 0, 0, 0, 0, 0, 0, 0
node[2], 2774094101, 63, 2.138587, 0.100000, 0.000000, 99026740.000000, 54281360.000000, 0.025000, 1.000000, 0, 3, 0, 3, 0, 0, 0, 0, 0, 0, 0, 0, 0, 0, 0, 0, 0, 0, 0, 0, 0, 0, 0, 0, 0, 0, 0, 0, 0, 0, 0, 0
node[0], 2357136044, 64, 2.145266, 0.100000, 0.000000, 99026730.000000, 54275570.000000, 0.025000, 1.000000, 0, 3, 0, 2, 1, 0, 0, 0, 0, 0, 0, 0, 0, 0, 0, 0, 0, 0, 0, 0, 0, 0, 0, 0, 0, 0, 0, 0, 0, 0, 0, 0
node[3], 1277901399, 65, 2.200713, 0.100000, -0.018000, 99026740.000000, 54284250.000000, 0.025000, 1.000000, 0, 3, 0, 2, 1, 0, 0, 0, 0, 0, 0, 0, 0, 0, 0, 0, 0, 0, 0, 0, 0, 0, 0, 0, 0, 0, 0, 0, 0, 0, 0, 0
node[1], 2588848963, 66, 2.224564, 0.100000, 0.000000, 99026730.000000, 54278460.000000, 0.025000, 1.000000, 0, 3, 0, 3, 0, 0, 0, 0, 0, 0, 0, 0, 0, 0, 0, 0, 0, 0, 0, 0, 0, 0, 0, 0, 0, 0, 0, 0, 0, 0, 0, 0
node[2], 2774094101, 67, 2.238587, 0.100000, -0.025000, 99026740.000000, 54281360.000000, 0.025000, 1.000000, 0, 3, 0, 3, 0, 0, 0, 0, 0, 0, 0, 0, 0, 0, 0, 0, 0, 0, 0, 0, 0, 0, 0, 0, 0, 0, 0, 0, 0, 0, 0, 0
node[0], 2357136044, 68, 2.245266, 0.100000, -0.011000, 99026730.000000, 54275570.000000, 0.025000, 1.000000, 0, 3, 0, 2, 1, 0, 0, 0, 0, 0, 0, 0, 0, 0, 0, 0, 0, 0, 0, 0, 0, 0, 0, 0, 0, 0, 0, 0, 0, 0, 0, 0
node[3], 1277901399, 69, 2.300713, 0.100000, -0.023000, 99026740.000000, 54284250.000000, 0.025000, 1.000000, 0, 3, 0, 2, 1, 0, 0, 0, 0, 0, 0, 0, 0, 0, 0, 0, 0, 0, 0, 0, 0, 0, 0, 0, 0, 0, 0, 0, 0, 0, 0, 0
node[1], 2588848963, 70, 2.324564, 0.100000, 0.000000, 99026730.000000, 54278460.000000, 0.025000, 1.000000, 0, 3, 0, 3, 0, 0, 0, 0, 0, 0, 0, 0, 0, 0, 0, 0, 0, 0, 0, 0, 0, 0, 0, 0, 0, 0, 0, 0, 0, 0, 0, 0
node[2], 2774094101, 71, 2.338587, 0.100000, -0.001000, 99026740.000000, 54281360.000000, 0.025000, 1.000000, 0, 3, 0, 3, 0, 0, 0, 0, 0, 0, 0, 0, 0, 0, 0, 0, 0, 0, 0, 0, 0, 0, 0, 0, 0, 0, 0, 0, 0, 0, 0, 0
node[0], 2357136044, 72, 2.345266, 0.100000, 0.000000, 99026730.000000, 54275570.000000, 0.025000, 1.000000, 0, 3, 0, 2, 1, 0, 0, 0, 0, 0, 0, 0, 0, 0, 0, 0, 0, 0, 0, 0, 0, 0, 0, 0, 0, 0, 0, 0, 0, 0, 0, 0
node[3], 1277901399, 73, 2.400713, 0.100000, -0.025000, 99026740.000000, 54284250.000000, 0.025000, 1.000000, 0, 3, 0, 2, 1, 0, 0, 0, 0, 0, 0, 0, 0, 0, 0, 0, 0, 0, 0, 0, 0, 0, 0, 0, 0, 0, 0, 0, 0, 0, 0, 0
node[1], 2588848963, 74, 2.424564, 0.100000, 0.000000, 99026730.000000, 54278460.000000, 0.025000, 1.000000, 0, 3, 0, 3, 0, 0, 0, 0, 0, 0, 0, 0, 0, 0, 0, 0, 0, 0, 0, 0, 0, 0, 0, 0, 0, 0, 0, 0, 0, 0, 0, 0
node[2], 2774094101, 75, 2.438587, 0.100000, 0.000000, 99026740.000000, 54281360.000000, 0.025000, 1.000000, 0, 3, 0, 3, 0, 0, 0, 0, 0, 0, 0, 0, 0, 0, 0, 0, 0, 0, 0, 0, 0, 0, 0, 0, 0, 0, 0, 0, 0, 0, 0, 0
node[0], 2357136044, 76, 2.445266, 0.100000, -0.009000, 99026730.000000, 54275570.000000, 0.025000, 1.000000, 0, 3, 0, 2, 1, 0, 0, 0, 0, 0, 0, 0, 0, 0, 0, 0, 0, 0, 0, 0, 0, 0, 0, 0, 0, 0, 0, 0, 0, 0, 0, 0
node[3], 1277901399, 77, 2.500713, 0.100000, 0.000000, 99026740.000000, 54284250.000000, 0.025000, 1.000000, 0, 3, 0, 2, 1, 0, 0, 0, 0, 0, 0, 0, 0, 0, 0, 0, 0, 0, 0, 0, 0, 0, 0, 0, 0, 0, 0, 0, 0, 0, 0, 0
node[1], 2588848963, 78, 2.524564, 0.100000, -0.011000, 99026730.000000, 54278460.000000, 0.025000, 1.000000, 0, 3, 0, 3, 0, 0, 0, 0, 0, 0, 0, 0, 0, 0, 0, 0, 0, 0, 0, 0, 0, 0, 0, 0, 0, 0, 0, 0, 0, 0, 0, 0
node[2], 2774094101, 79, 2.538587, 0.100000, 0.000000, 99026740.000000, 54281360.000000, 0.025000, 1.000000, 0, 3, 0, 3, 0, 0, 0, 0, 0, 0, 0, 0, 0, 0, 0, 0, 0, 0, 0, 0, 0, 0, 0, 0, 0, 0, 0, 0, 0, 0, 0, 0
node[0], 2357136044, 80, 2.545266, 0.100000, 0.000000, 99026730.000000, 54275570.000000, 0.025000, 1.000000, 0, 3, 0, 2, 1, 0, 0, 0, 0, 0, 0, 0, 0, 0, 0, 0, 0, 0, 0, 0, 0, 0, 0, 0, 0, 0, 0, 0, 0, 0, 0, 0
node[3], 1277901399, 81, 2.600713, 0.100000, -0.004000, 99026740.000000, 54284250.000000, 0.025000, 1.000000, 0, 3, 0, 2, 1, 0, 0, 0, 0, 0, 0, 0, 0, 0, 0, 0, 0, 0, 0, 0, 0, 0, 0, 0, 0, 0, 0, 0, 0, 0, 0, 0
node[1], 2588848963, 82, 2.624564, 0.100000, 0.000000, 99026730.000000, 54278460.000000, 0.025000, 1.000000, 0, 3, 0, 3, 0, 0, 0, 0, 0, 0, 0, 0, 0, 0, 0, 0, 0, 0, 0, 0, 0, 0, 0, 0, 0, 0, 0, 0, 0, 0, 0, 0
node[2], 2774094101, 83, 2.638587, 0.100000, -0.019000, 99026740.000000, 54281360.000000, 0.025000, 1.000000, 0, 3, 0, 3, 0, 0, 0, 0, 0, 0, 0, 0, 0, 0, 0, 0, 0, 0, 0, 0, 0, 0, 0, 0, 0, 0, 0, 0, 0, 0, 0, 0
node[0], 2357136044, 84, 2.645266, 0.100000, 0.000000, 99026730.000000, 54275570.000000, 0.025000, 1.000000, 0, 3, 0, 2, 1, 0, 0, 0, 0, 0, 0, 0, 0, 0, 0, 0, 0, 0, 0, 0, 0, 0, 0, 0, 0, 0, 0, 0, 0, 0, 0, 0
node[3], 1277901399, 85, 2.700713, 0.100000, 0.000000, 99026740.000000, 54284250.000000, 0.025000, 1.000000, 0, 3, 0, 2, 1, 0, 0, 0, 0, 0, 0, 0, 0, 0, 0, 0, 0, 0, 0, 0, 0, 0, 0, 0, 0, 0, 0, 0, 0, 0, 0, 0
node[1], 2588848963, 86, 2.724564, 0.100000, 0.000000, 99026730.000000, 54278460.000000, 0.025000, 1.000000, 0, 3, 0, 3, 0, 0, 0, 0, 0, 0, 0, 0, 0, 0, 0, 0, 0, 0, 0, 0, 0, 0, 0, 0, 0, 0, 0, 0, 0, 0, 0, 0
node[2], 2774094101, 87, 2.738587, 0.100000, -0.021000, 99026740.000000, 54281360.000000, 0.025000, 1.000000, 0, 3, 0, 3, 0, 0, 0, 0, 0, 0, 0, 0, 0, 0, 0, 0, 0, 0, 0, 0, 0, 0, 0, 0, 0, 0, 0, 0, 0, 0, 0, 0
node[0], 2357136044, 88, 2.745266, 0.100000, -0.023000, 99026730.000000, 54275570.000000, 0.025000, 1.000000, 0, 3, 0, 2, 1, 0, 0, 0, 0, 0, 0, 0, 0, 0, 0, 0, 0, 0, 0, 0, 0, 0, 0, 0, 0, 0, 0, 0, 0, 0, 0, 0
node[3], 1277901399, 89, 2.800713, 0.100000, 0.000000, 99026740.000000, 54284250.000000, 0.025000, 1.000000, 0, 3, 0, 2, 1, 0, 0, 0, 0, 0, 0, 0, 0, 0, 0, 0, 0, 0, 0, 0, 0, 0, 0, 0, 0, 0, 0, 0, 0, 0, 0, 0
node[1], 2588848963, 90, 2.824564, 0.100000, 0.000000, 99026730.000000, 54278460.000000, 0.025000, 1.000000, 0, 3, 0, 3, 0, 0, 0, 0, 0, 0, 0, 0, 0, 0, 0, 0, 0, 0, 0, 0, 0, 0, 0, 0, 0, 0, 0, 0, 0, 0, 0, 0
node[2], 2774094101, 91, 2.838587, 0.100000, 0.000000, 99026740.000000, 54281360.000000, 0.025000, 1.000000, 0, 3, 0, 3, 0, 0, 0, 0, 0, 0, 0, 0, 0, 0, 0, 0, 0, 0, 0, 0, 0, 0, 0, 0, 0, 0, 0, 0, 0, 0, 0, 0
node[0], 2357136044, 92, 2.845266, 0.100000, 0.000000, 99026730.000000, 54275570.000000, 0.025000, 1.000000, 0, 3, 0, 2, 1, 0, 0, 0, 0, 0, 0, 0, 0, 0, 0, 0, 0, 0, 0, 0, 0, 0, 0, 0, 0, 0, 0, 0, 0, 0, 0, 0
node[3], 1277901399, 93, 2.900713, 0.100000, 0.000000, 99026740.000000, 54284250.000000, 0.025000, 1.000000, 0, 3, 0, 2, 1, 0, 0, 0, 0, 0, 0, 0, 0, 0, 0, 0, 0, 0, 0, 0, 0, 0, 0, 0, 0, 0, 0, 0, 0, 0, 0, 0
node[1], 2588848963, 94, 2.924564, 0.100000, 0.000000, 99026730.000000, 54278460.000000, 0.025000, 1.000000, 0, 3, 0, 3, 0, 0, 0, 0, 0, 0, 0, 0, 0, 0, 0, 0, 0, 0, 0, 0, 0, 0, 0, 0, 0, 0, 0, 0, 0, 0, 0, 0
node[2], 2774094101, 95, 2.938587, 0.100000, 0.000000, 99026740.000000, 54281360.000000, 0.025000, 1.000000, 0, 3, 0, 3, 0, 0, 0, 0, 0, 0, 0, 0, 0, 0, 0, 0, 0, 0, 0, 0, 0, 0, 0, 0, 0, 0, 0, 0, 0, 0, 0, 0
node[0], 2357136044, 96, 2.945266, 0.100000, 0.000000, 99026730.000000, 54275570.000000, 0.025000, 1.000000, 0, 3, 0, 2, 1, 0, 0, 0, 0, 0, 0, 0, 0, 0, 0, 0, 0, 0, 0, 0, 0, 0, 0, 0, 0, 0, 0, 0, 0, 0, 0, 0
node[3], 1277901399, 97, 3.000713, 0.100000, -0.015000, 99026740.000000, 54284250.000000, 0.025000, 1.000000, 0, 3, 0, 2, 1, 0, 0, 0, 0, 0, 0, 0, 0, 0, 0, 0, 0, 0, 0, 0, 0, 0, 0, 0, 0, 0, 0, 0, 0, 0, 0, 0
node[1], 2588848963, 98, 3.024564, 0.100000, 0.000000, 99026730.000000, 54278460.000000, 0.025000, 1.000000, 0, 3, 0, 3, 0, 0, 0, 0, 0, 0, 0, 0, 0, 0, 0, 0, 0, 0, 0, 0, 0, 0, 0, 0, 0, 0, 0, 0, 0, 0, 0, 0
node[2], 2774094101, 99, 3.038587, 0.100000, 0.000000, 99026740.000000, 54281360.000000, 0.025000, 1.000000, 0, 3, 0, 3, 0, 0, 0, 0, 0, 0, 0, 0, 0, 0, 0, 0, 0, 0, 0, 0, 0, 0, 0, 0, 0, 0, 0, 0, 0, 0, 0, 0
node[0], 2357136044, 100, 3.045266, 0.100000, 0.000000, 99026730.000000, 54275570.000000, 0.025000, 1.000000, 0, 3, 0, 2, 1, 0, 0, 0, 0, 0, 0, 0, 0, 0, 0, 0, 0, 0, 0, 0, 0, 0, 0, 0, 0, 0, 0, 0, 0, 0, 0, 0
node[3], 1277901399, 101, 3.100713, 0.100000, 0.000000, 99026740.000000, 54284250.000000, 0.025000, 1.000000, 0, 3, 0, 2, 1, 0, 0, 0, 0, 0, 0, 0, 0, 0, 0, 0, 0, 0, 0, 0, 0, 0, 0, 0, 0, 0, 0, 0, 0, 0, 0, 0
node[1], 2588848963, 102, 3.124564, 0.100000, -0.020000, 99026730.000000, 54278460.000000, 0.025000, 1.000000, 0, 3, 0, 3, 0, 0, 0, 0, 0, 0, 0, 0, 0, 0, 0, 0, 0, 0, 0, 0, 0, 0, 0, 0, 0, 0, 0, 0, 0, 0, 0, 0
node[2], 2774094101, 103, 3.138587, 0.100000, 0.000000, 99026740.000000, 54281360.000000, 0.025000, 1.000000, 0, 3, 0, 3, 0, 0, 0, 0, 0, 0, 0, 0, 0, 0, 0, 0, 0, 0, 0, 0, 0, 0, 0, 0, 0, 0, 0, 0, 0, 0, 0, 0
node[0], 2357136044, 104, 3.145266, 0.100000, 0.000000, 99026730.000000, 54275570.000000, 0.025000, 1.000000, 0, 3, 0, 2, 1, 0, 0, 0, 0, 0, 0, 0, 0, 0, 0, 0, 0, 0, 0, 0, 0, 0, 0, 0, 0, 0, 0, 0, 0, 0, 0, 0
node[3], 1277901399, 105, 3.200713, 0.100000, -0.005000, 99026740.000000, 54284250.000000, 0.025000, 1.000000, 0, 3, 0, 2, 1, 0, 0, 0, 0, 0, 0, 0, 0, 0, 0, 0, 0, 0, 0, 0, 0, 0, 0, 0, 0, 0, 0, 0, 0, 0, 0, 0
node[1], 2588848963, 106, 3.224564, 0.100000, 0.000000, 99026730.000000, 54278460.000000, 0.025000, 1.000000, 0, 3, 0, 3, 0, 0, 0, 0, 0, 0, 0, 0, 0, 0, 0, 0, 0, 0, 0, 0, 0, 0, 0, 0, 0, 0, 0, 0, 0, 0, 0, 0
node[2], 2774094101, 107, 3.238587, 0.100000, 0.000000, 99026740.000000, 54281360.000000, 0.025000, 1.000000, 0, 3, 0, 3, 0, 0, 0, 0, 0, 0, 0, 0, 0, 0, 0, 0, 0, 0, 0, 0, 0, 0, 0, 0, 0, 0, 0, 0, 0, 0, 0, 0
node[0], 2357136044, 108, 3.245266, 0.100000, 0.000000, 99026730.000000, 54275570.000000, 0.025000, 1.000000, 0, 3, 0, 2, 1, 0, 0, 0, 0, 0, 0, 0, 0, 0, 0, 0, 0, 0, 0, 0, 0, 0, 0, 0, 0, 0, 0, 0, 0, 0, 0, 0
node[3], 1277901399, 109, 3.300713, 0.100000, 0.000000, 99026740.000000, 54284250.000000, 0.025000, 1.000000, 0, 3, 0, 2, 1, 0, 0, 0, 0, 0, 0, 0, 0, 0, 0, 0, 0, 0, 0, 0, 0, 0, 0, 0, 0, 0, 0, 0, 0, 0, 0, 0
node[1], 2588848963, 110, 3.324564, 0.100000, -0.013000, 99026730.000000, 54278460.000000, 0.025000, 1.000000, 0, 3, 0, 3, 0, 0, 0, 0, 0, 0, 0, 0, 0, 0, 0, 0, 0, 0, 0, 0, 0, 0, 0, 0, 0, 0, 0, 0, 0, 0, 0, 0
node[2], 2774094101, 111, 3.338587, 0.100000, -0.015000, 99026740.000000, 54281360.000000, 0.025000, 1.000000, 0, 3, 0, 3, 0, 0, 0, 0, 0, 0, 0, 0, 0, 0, 0, 0, 0, 0, 0, 0, 0, 0, 0, 0, 0, 0, 0, 0, 0, 0, 0, 0
node[0], 2357136044, 112, 3.345266, 0.100000, 0.000000, 99026730.000000, 54275570.000000, 0.025000, 1.000000, 0, 3, 0, 2, 1, 0, 0, 0, 0, 0, 0, 0, 0, 0, 0, 0, 0, 0, 0, 0, 0, 0, 0, 0, 0, 0, 0, 0, 0, 0, 0, 0
node[3], 1277901399, 113, 3.400713, 0.100000, 0.000000, 99026740.000000, 54284250.000000, 0.025000, 1.000000, 0, 3, 0, 2, 1, 0, 0, 0, 0, 0, 0, 0, 0, 0, 0, 0, 0, 0, 0, 0, 0, 0, 0, 0, 0, 0, 0, 0, 0, 0, 0, 0
node[1], 2588848963, 114, 3.424564, 0.100000, 0.000000, 99026730.000000, 54278460.000000, 0.025000, 1.000000, 0, 3, 0, 3, 0, 0, 0, 0, 0, 0, 0, 0, 0, 0, 0, 0, 0, 0, 0, 0, 0, 0, 0, 0, 0, 0, 0, 0, 0, 0, 0, 0
node[2], 2774094101, 115, 3.438587, 0.100000, 0.000000, 99026740.000000, 54281360.000000, 0.025000, 1.000000, 0, 3, 0, 3, 0, 0, 0, 0, 0, 0, 0, 0, 0, 0, 0, 0, 0, 0, 0, 0, 0, 0, 0, 0, 0, 0, 0, 0, 0, 0, 0, 0
node[0], 2357136044, 116, 3.445266, 0.100000, 0.000000, 99026730.000000, 54275570.000000, 0.025000, 1.000000, 0, 3, 0, 2, 1, 0, 0, 0, 0, 0, 0, 0, 0, 0, 0, 0, 0, 0, 0, 0, 0, 0, 0, 0, 0, 0, 0, 0, 0, 0, 0, 0
node[3], 1277901399, 117, 3.500713, 0.100000, 0.000000, 99026740.000000, 54284250.000000, 0.025000, 1.000000, 0, 3, 0, 2, 1, 0, 0, 0, 0, 0, 0, 0, 0, 0, 0, 0, 0, 0, 0, 0, 0, 0, 0, 0, 0, 0, 0, 0, 0, 0, 0, 0
node[1], 2588848963, 118, 3.524564, 0.100000, 0.000000, 99026730.000000, 54278460.000000, 0.025000, 1.000000, 0, 3, 0, 3, 0, 0, 0, 0, 0, 0, 0, 0, 0, 0, 0, 0, 0, 0, 0, 0, 0, 0, 0, 0, 0, 0, 0, 0, 0, 0, 0, 0
node[2], 2774094101, 119, 3.538587, 0.100000, 0.000000, 99026740.000000, 54281360.000000, 0.025000, 1.000000, 0, 3, 0, 3, 0, 0, 0, 0, 0, 0, 0, 0, 0, 0, 0, 0, 0, 0, 0, 0, 0, 0, 0, 0, 0, 0, 0, 0, 0, 0, 0, 0
node[0], 2357136044, 120, 3.545266, 0.100000, 0.000000, 99026730.000000, 54275570.000000, 0.025000, 1.000000, 0, 3, 0, 2, 1, 0, 0, 0, 0, 0, 0, 0, 0, 0, 0, 0, 0, 0, 0, 0, 0, 0, 0, 0, 0, 0, 0, 0, 0, 0, 0, 0
node[3], 1277901399, 121, 3.600713, 0.100000, 0.000000, 99026740.000000, 54284250.000000, 0.025000, 1.000000, 0, 3, 0, 2, 1, 0, 0, 0, 0, 0, 0, 0, 0, 0, 0, 0, 0, 0, 0, 0, 0, 0, 0, 0, 0, 0, 0, 0, 0, 0, 0, 0
node[1], 2588848963, 122, 3.624564, 0.100000, -0.019000, 99026730.000000, 54278460.000000, 0.025000, 1.000000, 0, 3, 0, 3, 0, 0, 0, 0, 0, 0, 0, 0, 0, 0, 0, 0, 0, 0, 0, 0, 0, 0, 0, 0, 0, 0, 0, 0, 0, 0, 0, 0
node[2], 2774094101, 123, 3.638587, 0.100000, 0.000000, 99026740.000000, 54281360.000000, 0.025000, 1.000000, 0, 3, 0, 3, 0, 0, 0, 0, 0, 0, 0, 0, 0, 0, 0, 0, 0, 0, 0, 0, 0, 0, 0, 0, 0, 0, 0, 0, 0, 0, 0, 0
node[0], 2357136044, 124, 3.645266, 0.100000, 0.000000, 99026730.000000, 54275570.000000, 0.025000, 1.000000, 0, 3, 0, 2, 1, 0, 0, 0, 0, 0, 0, 0, 0, 0, 0, 0, 0, 0, 0, 0, 0, 0, 0, 0, 0, 0, 0, 0, 0, 0, 0, 0
node[3], 1277901399, 125, 3.700713, 0.100000, -0.021000, 99026740.000000, 54284250.000000, 0.025000, 1.000000, 0, 3, 0, 2, 1, 0, 0, 0, 0, 0, 0, 0, 0, 0, 0, 0, 0, 0, 0, 0, 0, 0, 0, 0, 0, 0, 0, 0, 0, 0, 0, 0
node[1], 2588848963, 126, 3.724564, 0.100000, 0.000000, 99026730.000000, 54278460.000000, 0.025000, 1.000000, 0, 3, 0, 3, 0, 0, 0, 0, 0, 0, 0, 0, 0, 0, 0, 0, 0, 0, 0, 0, 0, 0, 0, 0, 0, 0, 0, 0, 0, 0, 0, 0
node[2], 2774094101, 127, 3.738587, 0.100000, -0.015000, 99026740.000000, 54281360.000000, 0.025000, 1.000000, 0, 3, 0, 3, 0, 0, 0, 0, 0, 0, 0, 0, 0, 0, 0, 0, 0, 0, 0, 0, 0, 0, 0, 0, 0, 0, 0, 0, 0, 0, 0, 0
node[0], 2357136044, 128, 3.745266, 0.100000, 0.000000, 99026730.000000, 54275570.000000, 0.025000, 1.000000, 0, 3, 0, 2, 1, 0, 0, 0, 0, 0, 0, 0, 0, 0, 0, 0, 0, 0, 0, 0, 0, 0, 0, 0, 0, 0, 0, 0, 0, 0, 0, 0
node[3], 1277901399, 129, 3.800713, 0.100000, 0.000000, 99026740.000000, 54284250.000000, 0.025000, 1.000000, 0, 3, 0, 2, 1, 0, 0, 0, 0, 0, 0, 0, 0, 0, 0, 0, 0, 0, 0, 0, 0, 0, 0, 0, 0, 0, 0, 0, 0, 0, 0, 0
node[1], 2588848963, 130, 3.824564, 0.100000, 0.000000, 99026730.000000, 54278460.000000, 0.025000, 1.000000, 0, 3, 0, 3, 0, 0, 0, 0, 0, 0, 0, 0, 0, 0, 0, 0, 0, 0, 0, 0, 0, 0, 0, 0, 0, 0, 0, 0, 0, 0, 0, 0
node[2], 2774094101, 131, 3.838587, 0.100000, -0.015000, 99026740.000000, 54281360.000000, 0.025000, 1.000000, 0, 3, 0, 3, 0, 0, 0, 0, 0, 0, 0, 0, 0, 0, 0, 0, 0, 0, 0, 0, 0, 0, 0, 0, 0, 0, 0, 0, 0, 0, 0, 0
node[0], 2357136044, 132, 3.845266, 0.100000, 0.000000, 99026730.000000, 54275570.000000, 0.025000, 1.000000, 0, 3, 0, 2, 1, 0, 0, 0, 0, 0, 0, 0, 0, 0, 0, 0, 0, 0, 0, 0, 0, 0, 0, 0, 0, 0, 0, 0, 0, 0, 0, 0
node[3], 1277901399, 133, 3.900713, 0.100000, 0.000000, 99026740.000000, 54284250.000000, 0.025000, 1.000000, 0, 3, 0, 2, 1, 0, 0, 0, 0, 0, 0, 0, 0, 0, 0, 0, 0, 0, 0, 0, 0, 0, 0, 0, 0, 0, 0, 0, 0, 0, 0, 0
node[1], 2588848963, 134, 3.924564, 0.100000, 0.000000, 99026730.000000, 54278460.000000, 0.025000, 1.000000, 0, 3, 0, 3, 0, 0, 0, 0, 0, 0, 0, 0, 0, 0, 0, 0, 0, 0, 0, 0, 0, 0, 0, 0, 0, 0, 0, 0, 0, 0, 0, 0
node[2], 2774094101, 135, 3.938587, 0.100000, -0.017000, 99026740.000000, 54281360.000000, 0.025000, 1.000000, 0, 3, 0, 3, 0, 0, 0, 0, 0, 0, 0, 0, 0, 0, 0, 0, 0, 0, 0, 0, 0, 0, 0, 0, 0, 0, 0, 0, 0, 0, 0, 0
node[0], 2357136044, 136, 3.945266, 0.100000, 0.000000, 99026730.000000, 54275570.000000, 0.025000, 1.000000, 0, 3, 0, 2, 1, 0, 0, 0, 0, 0, 0, 0, 0, 0, 0, 0, 0, 0, 0, 0, 0, 0, 0, 0, 0, 0, 0, 0, 0, 0, 0, 0
node[3], 1277901399, 137, 4.000713, 0.100000, -0.019000, 99026740.000000, 54284250.000000, 0.025000, 1.000000, 0, 3, 0, 2, 1, 0, 0, 0, 0, 0, 0, 0, 0, 0, 0, 0, 0, 0, 0, 0, 0, 0, 0, 0, 0, 0, 0, 0, 0, 0, 0, 0
node[1], 2588848963, 138, 4.024564, 0.100000, 0.000000, 99026730.000000, 54278460.000000, 0.025000, 1.000000, 0, 3, 0, 3, 0, 0, 0, 0, 0, 0, 0, 0, 0, 0, 0, 0, 0, 0, 0, 0, 0, 0, 0, 0, 0, 0, 0, 0, 0, 0, 0, 0
node[2], 2774094101, 139, 4.038587, 0.100000, 0.000000, 99026740.000000, 54281360.000000, 0.025000, 1.000000, 0, 3, 0, 3, 0, 0, 0, 0, 0, 0, 0, 0, 0, 0, 0, 0, 0, 0, 0, 0, 0, 0, 0, 0, 0, 0, 0, 0, 0, 0, 0, 0
node[0], 2357136044, 140, 4.045266, 0.100000, 0.000000, 99026730.000000, 54275570.000000, 0.025000, 1.000000, 0, 3, 0, 2, 1, 0, 0, 0, 0, 0, 0, 0, 0, 0, 0, 0, 0, 0, 0, 0, 0, 0, 0, 0, 0, 0, 0, 0, 0, 0, 0, 0
node[3], 1277901399, 141, 4.100713, 0.100000, 0.000000, 99026740.000000, 54284250.000000, 0.025000, 1.000000, 0, 3, 0, 2, 1, 0, 0, 0, 0, 0, 0, 0, 0, 0, 0, 0, 0, 0, 0, 0, 0, 0, 0, 0, 0, 0, 0, 0, 0, 0, 0, 0
node[1], 2588848963, 142, 4.124564, 0.100000, -0.017000, 99026730.000000, 54278460.000000, 0.025000, 1.000000, 0, 3, 0, 3, 0, 0, 0, 0, 0, 0, 0, 0, 0, 0, 0, 0, 0, 0, 0, 0, 0, 0, 0, 0, 0, 0, 0, 0, 0, 0, 0, 0
node[2], 2774094101, 143, 4.138587, 0.100000, 0.000000, 99026740.000000, 54281360.000000, 0.025000, 1.000000, 0, 3, 0, 3, 0, 0, 0, 0, 0, 0, 0, 0, 0, 0, 0, 0, 0, 0, 0, 0, 0, 0, 0, 0, 0, 0, 0, 0, 0, 0, 0, 0
node[0], 2357136044, 144, 4.145266, 0.100000, -0.001000, 99026730.000000, 54275570.000000, 0.025000, 1.000000, 0, 3, 0, 2, 1, 0, 0, 0, 0, 0, 0, 0, 0, 0, 0, 0, 0, 0, 0, 0, 0, 0, 0, 0, 0, 0, 0, 0, 0, 0, 0, 0
node[3], 1277901399, 145, 4.200713, 0.100000, 0.000000, 99026740.000000, 54284250.000000, 0.025000, 1.000000, 0, 3, 0, 2, 1, 0, 0, 0, 0, 0, 0, 0, 0, 0, 0, 0, 0, 0, 0, 0, 0, 0, 0, 0, 0, 0, 0, 0, 0, 0, 0, 0
node[1], 2588848963, 146, 4.224564, 0.100000, 0.000000, 99026730.000000, 54278460.000000, 0.025000, 1.000000, 0, 3, 0, 3, 0, 0, 0, 0, 0, 0, 0, 0, 0, 0, 0, 0, 0, 0, 0, 0, 0, 0, 0, 0, 0, 0, 0, 0, 0, 0, 0, 0
node[2], 2774094101, 147, 4.238587, 0.100000, 0.000000, 99026740.000000, 54281360.000000, 0.025000, 1.000000, 0, 3, 0, 3, 0, 0, 0, 0, 0, 0, 0, 0, 0, 0, 0, 0, 0, 0, 0, 0, 0, 0, 0, 0, 0, 0, 0, 0, 0, 0, 0, 0
node[0], 2357136044, 148, 4.245266, 0.100000, 0.000000, 99026730.000000, 54275570.000000, 0.025000, 1.000000, 0, 3, 0, 2, 1, 0, 0, 0, 0, 0, 0, 0, 0, 0, 0, 0, 0, 0, 0, 0, 0, 0, 0, 0, 0, 0, 0, 0, 0, 0, 0, 0
node[3], 1277901399, 149, 4.300713, 0.100000, 0.000000, 99026740.000000, 54284250.000000, 0.025000, 1.000000, 0, 3, 0, 2, 1, 0, 0, 0, 0, 0, 0, 0, 0, 0, 0, 0, 0, 0, 0, 0, 0, 0, 0, 0, 0, 0, 0, 0, 0, 0, 0, 0
node[1], 2588848963, 150, 4.324564, 0.100000, 0.000000, 99026730.000000, 54278460.000000, 0.025000, 1.000000, 0, 3, 0, 3, 0, 0, 0, 0, 0, 0, 0, 0, 0, 0, 0, 0, 0, 0, 0, 0, 0, 0, 0, 0, 0, 0, 0, 0, 0, 0, 0, 0
node[2], 2774094101, 151, 4.338587, 0.100000, 0.000000, 99026740.000000, 54281360.000000, 0.025000, 1.000000, 0, 3, 0, 3, 0, 0, 0, 0, 0, 0, 0, 0, 0, 0, 0, 0, 0, 0, 0, 0, 0, 0, 0, 0, 0, 0, 0, 0, 0, 0, 0, 0
node[0], 2357136044, 152, 4.345266, 0.100000, -0.005000, 99026730.000000, 54275570.000000, 0.025000, 1.000000, 0, 3, 0, 2, 1, 0, 0, 0, 0, 0, 0, 0, 0, 0, 0, 0, 0, 0, 0, 0, 0, 0, 0, 0, 0, 0, 0, 0, 0, 0, 0, 0
node[3], 1277901399, 153, 4.400713, 0.100000, 0.000000, 99026740.000000, 54284250.000000, 0.025000, 1.000000, 0, 3, 0, 2, 1, 0, 0, 0, 0, 0, 0, 0, 0, 0, 0, 0, 0, 0, 0, 0, 0, 0, 0, 0, 0, 0, 0, 0, 0, 0, 0, 0
node[1], 2588848963, 154, 4.424564, 0.100000, -0.002000, 99026730.000000, 54278460.000000, 0.025000, 1.000000, 0, 3, 0, 3, 0, 0, 0, 0, 0, 0, 0, 0, 0, 0, 0, 0, 0, 0, 0, 0, 0, 0, 0, 0, 0, 0, 0, 0, 0, 0, 0, 0
node[2], 2774094101, 155, 4.438587, 0.100000, 0.000000, 99026740.000000, 54281360.000000, 0.025000, 1.000000, 0, 3, 0, 3, 0, 0, 0, 0, 0, 0, 0, 0, 0, 0, 0, 0, 0, 0, 0, 0, 0, 0, 0, 0, 0, 0, 0, 0, 0, 0, 0, 0
node[0], 2357136044, 156, 4.445266, 0.100000, 0.000000, 99026730.000000, 54275570.000000, 0.025000, 1.000000, 0, 3, 0, 2, 1, 0, 0, 0, 0, 0, 0, 0, 0, 0, 0, 0, 0, 0, 0, 0, 0, 0, 0, 0, 0, 0, 0, 0, 0, 0, 0, 0
node[3], 1277901399, 157, 4.500713, 0.100000, 0.000000, 99026740.000000, 54284250.000000, 0.025000, 1.000000, 0, 3, 0, 2, 1, 0, 0, 0, 0, 0, 0, 0, 0, 0, 0, 0, 0, 0, 0, 0, 0, 0, 0, 0, 0, 0, 0, 0, 0, 0, 0, 0
node[1], 2588848963, 158, 4.524564, 0.100000, 0.000000, 99026730.000000, 54278460.000000, 0.025000, 1.000000, 0, 3, 0, 3, 0, 0, 0, 0, 0, 0, 0, 0, 0, 0, 0, 0, 0, 0, 0, 0, 0, 0, 0, 0, 0, 0, 0, 0, 0, 0, 0, 0
node[2], 2774094101, 159, 4.538587, 0.100000, 0.000000, 99026740.000000, 54281360.000000, 0.025000, 1.000000, 0, 3, 0, 3, 0, 0, 0, 0, 0, 0, 0, 0, 0, 0, 0, 0, 0, 0, 0, 0, 0, 0, 0, 0, 0, 0, 0, 0, 0, 0, 0, 0
node[0], 2357136044, 160, 4.545266, 0.100000, 0.000000, 99026730.000000, 54275570.000000, 0.025000, 1.000000, 0, 3, 0, 2, 1, 0, 0, 0, 0, 0, 0, 0, 0, 0, 0, 0, 0, 0, 0, 0, 0, 0, 0, 0, 0, 0, 0, 0, 0, 0, 0, 0
node[3], 1277901399, 161, 4.600713, 0.100000, 0.000000, 99026740.000000, 54284250.000000, 0.025000, 1.000000, 0, 3, 0, 2, 1, 0, 0, 0, 0, 0, 0, 0, 0, 0, 0, 0, 0, 0, 0, 0, 0, 0, 0, 0, 0, 0, 0, 0, 0, 0, 0, 0
node[1], 2588848963, 162, 4.624564, 0.100000, 0.000000, 99026730.000000, 54278460.000000, 0.025000, 1.000000, 0, 3, 0, 3, 0, 0, 0, 0, 0, 0, 0, 0, 0, 0, 0, 0, 0, 0, 0, 0, 0, 0, 0, 0, 0, 0, 0, 0, 0, 0, 0, 0
node[2], 2774094101, 163, 4.638587, 0.100000, 0.000000, 99026740.000000, 54281360.000000, 0.025000, 1.000000, 0, 3, 0, 3, 0, 0, 0, 0, 0, 0, 0, 0, 0, 0, 0, 0, 0, 0, 0, 0, 0, 0, 0, 0, 0, 0, 0, 0, 0, 0, 0, 0
node[0], 2357136044, 164, 4.645266, 0.100000, -0.003000, 99026730.000000, 54275570.000000, 0.025000, 1.000000, 0, 3, 0, 2, 1, 0, 0, 0, 0, 0, 0, 0, 0, 0, 0, 0, 0, 0, 0, 0, 0, 0, 0, 0, 0, 0, 0, 0, 0, 0, 0, 0
node[3], 1277901399, 165, 4.700713, 0.100000, 0.000000, 99026740.000000, 54284250.000000, 0.025000, 1.000000, 0, 3, 0, 2, 1, 0, 0, 0, 0, 0, 0, 0, 0, 0, 0, 0, 0, 0, 0, 0, 0, 0, 0, 0, 0, 0, 0, 0, 0, 0, 0, 0
node[1], 2588848963, 166, 4.724564, 0.100000, 0.000000, 99026730.000000, 54278460.000000, 0.025000, 1.000000, 0, 3, 0, 3, 0, 0, 0, 0, 0, 0, 0, 0, 0, 0, 0, 0, 0, 0, 0, 0, 0, 0, 0, 0, 0, 0, 0, 0, 0, 0, 0, 0
node[2], 2774094101, 167, 4.738587, 0.100000, -0.009000, 99026740.000000, 54281360.000000, 0.025000, 1.000000, 0, 3, 0, 3, 0, 0, 0, 0, 0, 0, 0, 0, 0, 0, 0, 0, 0, 0, 0, 0, 0, 0, 0, 0, 0, 0, 0, 0, 0, 0, 0, 0
node[0], 2357136044, 168, 4.745266, 0.100000, 0.000000, 99026730.000000, 54275570.000000, 0.025000, 1.000000, 0, 3, 0, 2, 1, 0, 0, 0, 0, 0, 0, 0, 0, 0, 0, 0, 0, 0, 0, 0, 0, 0, 0, 0, 0, 0, 0, 0, 0, 0, 0, 0
node[3], 1277901399, 169, 4.800713, 0.100000, 0.000000, 99026740.000000, 54284250.000000, 0.025000, 1.000000, 0, 3, 0, 2, 1, 0, 0, 0, 0, 0, 0, 0, 0, 0, 0, 0, 0, 0, 0, 0, 0, 0, 0, 0, 0, 0, 0, 0, 0, 0, 0, 0
node[1], 2588848963, 170, 4.824564, 0.100000, 0.000000, 99026730.000000, 54278460.000000, 0.025000, 1.000000, 0, 3, 0, 3, 0, 0, 0, 0, 0, 0, 0, 0, 0, 0, 0, 0, 0, 0, 0, 0, 0, 0, 0, 0, 0, 0, 0, 0, 0, 0, 0, 0
node[2], 2774094101, 171, 4.838587, 0.100000, 0.000000, 99026740.000000, 54281360.000000, 0.025000, 1.000000, 0, 3, 0, 3, 0, 0, 0, 0, 0, 0, 0, 0, 0, 0, 0, 0, 0, 0, 0, 0, 0, 0, 0, 0, 0, 0, 0, 0, 0, 0, 0, 0
node[0], 2357136044, 172, 4.845266, 0.100000, -0.013000, 99026730.000000, 54275570.000000, 0.025000, 1.000000, 0, 3, 0, 2, 1, 0, 0, 0, 0, 0, 0, 0, 0, 0, 0, 0, 0, 0, 0, 0, 0, 0, 0, 0, 0, 0, 0, 0, 0, 0, 0, 0
node[3], 1277901399, 173, 4.900713, 0.100000, 0.000000, 99026740.000000, 54284250.000000, 0.025000, 1.000000, 0, 3, 0, 2, 1, 0, 0, 0, 0, 0, 0, 0, 0, 0, 0, 0, 0, 0, 0, 0, 0, 0, 0, 0, 0, 0, 0, 0, 0, 0, 0, 0
node[1], 2588848963, 174, 4.924564, 0.100000, 0.000000, 99026730.000000, 54278460.000000, 0.025000, 1.000000, 0, 3, 0, 3, 0, 0, 0, 0, 0, 0, 0, 0, 0, 0, 0, 0, 0, 0, 0, 0, 0, 0, 0, 0, 0, 0, 0, 0, 0, 0, 0, 0
node[2], 2774094101, 175, 4.938587, 0.100000, 0.000000, 99026740.000000, 54281360.000000, 0.025000, 1.000000, 0, 3, 0, 3, 0, 0, 0, 0, 0, 0, 0, 0, 0, 0, 0, 0, 0, 0, 0, 0, 0, 0, 0, 0, 0, 0, 0, 0, 0, 0, 0, 0
node[0], 2357136044, 176, 4.945266, 0.100000, 0.000000, 99026730.000000, 54275570.000000, 0.025000, 1.000000, 0, 3, 0, 2, 1, 0, 0, 0, 0, 0, 0, 0, 0, 0, 0, 0, 0, 0, 0, 0, 0, 0, 0, 0, 0, 0, 0, 0, 0, 0, 0, 0
node[3], 1277901399, 177, 5.000713, 0.100000, 0.000000, 99026740.000000, 54284250.000000, 0.025000, 1.000000, 0, 3, 0, 2, 1, 0, 0, 0, 0, 0, 0, 0, 0, 0, 0, 0, 0, 0, 0, 0, 0, 0, 0, 0, 0, 0, 0, 0, 0, 0, 0, 0
node[1], 2588848963, 178, 5.024564, 0.100000, -0.005000, 99026730.000000, 54278460.000000, 0.025000, 1.000000, 0, 3, 0, 3, 0, 0, 0, 0, 0, 0, 0, 0, 0, 0, 0, 0, 0, 0, 0, 0, 0, 0, 0, 0, 0, 0, 0, 0, 0, 0, 0, 0
node[2], 2774094101, 179, 5.038587, 0.100000, -0.008000, 99026740.000000, 54281360.000000, 0.025000, 1.000000, 0, 3, 0, 3, 0, 0, 0, 0, 0, 0, 0, 0, 0, 0, 0, 0, 0, 0, 0, 0, 0, 0, 0, 0, 0, 0, 0, 0, 0, 0, 0, 0
node[0], 2357136044, 180, 5.045266, 0.100000, 0.000000, 99026730.000000, 54275570.000000, 0.025000, 1.000000, 0, 3, 0, 2, 1, 0, 0, 0, 0, 0, 0, 0, 0, 0, 0, 0, 0, 0, 0, 0, 0, 0, 0, 0, 0, 0, 0, 0, 0, 0, 0, 0
node[3], 1277901399, 181, 5.100713, 0.100000, -0.024000, 99026740.000000, 54284250.000000, 0.025000, 1.000000, 0, 3, 0, 2, 1, 0, 0, 0, 0, 0, 0, 0, 0, 0, 0, 0, 0, 0, 0, 0, 0, 0, 0, 0, 0, 0, 0, 0, 0, 0, 0, 0
node[1], 2588848963, 182, 5.124564, 0.100000, -0.016000, 99026730.000000, 54278460.000000, 0.025000, 1.000000, 0, 3, 0, 3, 0, 0, 0, 0, 0, 0, 0, 0, 0, 0, 0, 0, 0, 0, 0, 0, 0, 0, 0, 0, 0, 0, 0, 0, 0, 0, 0, 0
node[2], 2774094101, 183, 5.138587, 0.100000, 0.000000, 99026740.000000, 54281360.000000, 0.025000, 1.000000, 0, 3, 0, 3, 0, 0, 0, 0, 0, 0, 0, 0, 0, 0, 0, 0, 0, 0, 0, 0, 0, 0, 0, 0, 0, 0, 0, 0, 0, 0, 0, 0
node[0], 2357136044, 184, 5.145266, 0.100000, 0.000000, 99026730.000000, 54275570.000000, 0.025000, 1.000000, 0, 3, 0, 2, 1, 0, 0, 0, 0, 0, 0, 0, 0, 0, 0, 0, 0, 0, 0, 0, 0, 0, 0, 0, 0, 0, 0, 0, 0, 0, 0, 0
node[3], 1277901399, 185, 5.200713, 0.100000, -0.020000, 99026740.000000, 54284250.000000, 0.025000, 1.000000, 0, 3, 0, 2, 1, 0, 0, 0, 0, 0, 0, 0, 0, 0, 0, 0, 0, 0, 0, 0, 0, 0, 0, 0, 0, 0, 0, 0, 0, 0, 0, 0
node[1], 2588848963, 186, 5.224564, 0.100000, 0.000000, 99026730.000000, 54278460.000000, 0.025000, 1.000000, 0, 3, 0, 3, 0, 0, 0, 0, 0, 0, 0, 0, 0, 0, 0, 0, 0, 0, 0, 0, 0, 0, 0, 0, 0, 0, 0, 0, 0, 0, 0, 0
node[2], 2774094101, 187, 5.238587, 0.100000, 0.000000, 99026740.000000, 54281360.000000, 0.025000, 1.000000, 0, 3, 0, 3, 0, 0, 0, 0, 0, 0, 0, 0, 0, 0, 0, 0, 0, 0, 0, 0, 0, 0, 0, 0, 0, 0, 0, 0, 0, 0, 0, 0
node[0], 2357136044, 188, 5.245266, 0.100000, 0.000000, 99026730.000000, 54275570.000000, 0.025000, 1.000000, 0, 3, 0, 2, 1, 0, 0, 0, 0, 0, 0, 0, 0, 0, 0, 0, 0, 0, 0, 0, 0, 0, 0, 0, 0, 0, 0, 0, 0, 0, 0, 0
node[3], 1277901399, 189, 5.300713, 0.100000, 0.000000, 99026740.000000, 54284250.000000, 0.025000, 1.000000, 0, 3, 0, 2, 1, 0, 0, 0, 0, 0, 0, 0, 0, 0, 0, 0, 0, 0, 0, 0, 0, 0, 0, 0, 0, 0, 0, 0, 0, 0, 0, 0
node[1], 2588848963, 190, 5.324564, 0.100000, -0.002000, 99026730.000000, 54278460.000000, 0.025000, 1.000000, 0, 3, 0, 3, 0, 0, 0, 0, 0, 0, 0, 0, 0, 0, 0, 0, 0, 0, 0, 0, 0, 0, 0, 0, 0, 0, 0, 0, 0, 0, 0, 0
node[2], 2774094101, 191, 5.338587, 0.100000, 0.000000, 99026740.000000, 54281360.000000, 0.025000, 1.000000, 0, 3, 0, 3, 0, 0, 0, 0, 0, 0, 0, 0, 0, 0, 0, 0, 0, 0, 0, 0, 0, 0, 0, 0, 0, 0, 0, 0, 0, 0, 0, 0
node[0], 2357136044, 192, 5.345266, 0.100000, 0.000000, 99026730.000000, 54275570.000000, 0.025000, 1.000000, 0, 3, 0, 2, 1, 0, 0, 0, 0, 0, 0, 0, 0, 0, 0, 0, 0, 0, 0, 0, 0, 0, 0, 0, 0, 0, 0, 0, 0, 0, 0, 0
node[3], 1277901399, 193, 5.400713, 0.100000, -0.017000, 99026740.000000, 54284250.000000, 0.025000, 1.000000, 0, 3, 0, 2, 1, 0, 0, 0, 0, 0, 0, 0, 0, 0, 0, 0, 0, 0, 0, 0, 0, 0, 0, 0, 0, 0, 0, 0, 0, 0, 0, 0
node[1], 2588848963, 194, 5.424564, 0.100000, 0.000000, 99026730.000000, 54278460.000000, 0.025000, 1.000000, 0, 3, 0, 3, 0, 0, 0, 0, 0, 0, 0, 0, 0, 0, 0, 0, 0, 0, 0, 0, 0, 0, 0, 0, 0, 0, 0, 0, 0, 0, 0, 0
node[2], 2774094101, 195, 5.438587, 0.100000, 0.000000, 99026740.000000, 54281360.000000, 0.025000, 1.000000, 0, 3, 0, 3, 0, 0, 0, 0, 0, 0, 0, 0, 0, 0, 0, 0, 0, 0, 0, 0, 0, 0, 0, 0, 0, 0, 0, 0, 0, 0, 0, 0
node[0], 2357136044, 196, 5.445266, 0.100000, -0.014000, 99026730.000000, 54275570.000000, 0.025000, 1.000000, 0, 3, 0, 2, 1, 0, 0, 0, 0, 0, 0, 0, 0, 0, 0, 0, 0, 0, 0, 0, 0, 0, 0, 0, 0, 0, 0, 0, 0, 0, 0, 0
node[3], 1277901399, 197, 5.500713, 0.100000, 0.000000, 99026740.000000, 54284250.000000, 0.025000, 1.000000, 0, 3, 0, 2, 1, 0, 0, 0, 0, 0, 0, 0, 0, 0, 0, 0, 0, 0, 0, 0, 0, 0, 0, 0, 0, 0, 0, 0, 0, 0, 0, 0
node[1], 2588848963, 198, 5.524564, 0.100000, -0.024000, 99026730.000000, 54278460.000000, 0.025000, 1.000000, 0, 3, 0, 3, 0, 0, 0, 0, 0, 0, 0, 0, 0, 0, 0, 0, 0, 0, 0, 0, 0, 0, 0, 0, 0, 0, 0, 0, 0, 0, 0, 0
node[2], 2774094101, 199, 5.538587, 0.100000, -0.008000, 99026740.000000, 54281360.000000, 0.025000, 1.000000, 0, 3, 0, 3, 0, 0, 0, 0, 0, 0, 0, 0, 0, 0, 0, 0, 0, 0, 0, 0, 0, 0, 0, 0, 0, 0, 0, 0, 0, 0, 0, 0
node[0], 2357136044, 200, 5.545266, 0.100000, 0.000000, 99026730.000000, 54275570.000000, 0.025000, 1.000000, 0, 3, 0, 2, 1, 0, 0, 0, 0, 0, 0, 0, 0, 0, 0, 0, 0, 0, 0, 0, 0, 0, 0, 0, 0, 0, 0, 0, 0, 0, 0, 0
node[3], 1277901399, 201, 5.600713, 0.100000, 0.000000, 99026740.000000, 54284250.000000, 0.025000, 1.000000, 0, 3, 0, 2, 1, 0, 0, 0, 0, 0, 0, 0, 0, 0, 0, 0, 0, 0, 0, 0, 0, 0, 0, 0, 0, 0, 0, 0, 0, 0, 0, 0
node[1], 2588848963, 202, 5.624564, 0.100000, 0.000000, 99026730.000000, 54278460.000000, 0.025000, 1.000000, 0, 3, 0, 3, 0, 0, 0, 0, 0, 0, 0, 0, 0, 0, 0, 0, 0, 0, 0, 0, 0, 0, 0, 0, 0, 0, 0, 0, 0, 0, 0, 0
node[2], 2774094101, 203, 5.638587, 0.100000, 0.000000, 99026740.000000, 54281360.000000, 0.025000, 1.000000, 0, 3, 0, 3, 0, 0, 0, 0, 0, 0, 0, 0, 0, 0, 0, 0, 0, 0, 0, 0, 0, 0, 0, 0, 0, 0, 0, 0, 0, 0, 0, 0
node[0], 2357136044, 204, 5.645266, 0.100000, -0.012000, 99026730.000000, 54275570.000000, 0.025000, 1.000000, 0, 3, 0, 2, 1, 0, 0, 0, 0, 0, 0, 0, 0, 0, 0, 0, 0, 0, 0, 0, 0, 0, 0, 0, 0, 0, 0, 0, 0, 0, 0, 0
node[3], 1277901399, 205, 5.700713, 0.100000, 0.000000, 99026740.000000, 54284250.000000, 0.025000, 1.000000, 0, 3, 0, 2, 1, 0, 0, 0, 0, 0, 0, 0, 0, 0, 0, 0, 0, 0, 0, 0, 0, 0, 0, 0, 0, 0, 0, 0, 0, 0, 0, 0
node[1], 2588848963, 206, 5.724564, 0.100000, 0.000000, 99026730.000000, 54278460.000000, 0.025000, 1.000000, 0, 3, 0, 3, 0, 0, 0, 0, 0, 0, 0, 0, 0, 0, 0, 0, 0, 0, 0, 0, 0, 0, 0, 0, 0, 0, 0, 0, 0, 0, 0, 0
node[2], 2774094101, 207, 5.738587, 0.100000, -0.017000, 99026740.000000, 54281360.000000, 0.025000, 1.000000, 0, 3, 0, 3, 0, 0, 0, 0, 0, 0, 0, 0, 0, 0, 0, 0, 0, 0, 0, 0, 0, 0, 0, 0, 0, 0, 0, 0, 0, 0, 0, 0
node[0], 2357136044, 208, 5.745266, 0.100000, -0.008000, 99026730.000000, 54275570.000000, 0.025000, 1.000000, 0, 3, 0, 2, 1, 0, 0, 0, 0, 0, 0, 0, 0, 0, 0, 0, 0, 0, 0, 0, 0, 0, 0, 0, 0, 0, 0, 0, 0, 0, 0, 0
node[3], 1277901399, 209, 5.800713, 0.100000, 0.000000, 99026740.000000, 54284250.000000, 0.025000, 1.000000, 0, 3, 0, 2, 1, 0, 0, 0, 0, 0, 0, 0, 0, 0, 0, 0, 0, 0, 0, 0, 0, 0, 0, 0, 0, 0, 0, 0, 0, 0, 0, 0
node[1], 2588848963, 210, 5.824564, 0.100000, 0.000000, 99026730.000000, 54278460.000000, 0.025000, 1.000000, 0, 3, 0, 3, 0, 0, 0, 0, 0, 0, 0, 0, 0, 0, 0, 0, 0, 0, 0, 0, 0, 0, 0, 0, 0, 0, 0, 0, 0, 0, 0, 0
node[2], 2774094101, 211, 5.838587, 0.100000, 0.000000, 99026740.000000, 54281360.000000, 0.025000, 1.000000, 0, 3, 0, 3, 0, 0, 0, 0, 0, 0, 0, 0, 0, 0, 0, 0, 0, 0, 0, 0, 0, 0, 0, 0, 0, 0, 0, 0, 0, 0, 0, 0
node[0], 2357136044, 212, 5.845266, 0.100000, -0.021000, 99026730.000000, 54275570.000000, 0.025000, 1.000000, 0, 3, 0, 2, 1, 0, 0, 0, 0, 0, 0, 0, 0, 0, 0, 0, 0, 0, 0, 0, 0, 0, 0, 0, 0, 0, 0, 0, 0, 0, 0, 0
node[3], 1277901399, 213, 5.900713, 0.100000, 0.000000, 99026740.000000, 54284250.000000, 0.025000, 1.000000, 0, 3, 0, 2, 1, 0, 0, 0, 0, 0, 0, 0, 0, 0, 0, 0, 0, 0, 0, 0, 0, 0, 0, 0, 0, 0, 0, 0, 0, 0, 0, 0
node[1], 2588848963, 214, 5.924564, 0.100000, 0.000000, 99026730.000000, 54278460.000000, 0.025000, 1.000000, 0, 3, 0, 3, 0, 0, 0, 0, 0, 0, 0, 0, 0, 0, 0, 0, 0, 0, 0, 0, 0, 0, 0, 0, 0, 0, 0, 0, 0, 0, 0, 0
node[2], 2774094101, 215, 5.938587, 0.100000, -0.008000, 99026740.000000, 54281360.000000, 0.025000, 1.000000, 0, 3, 0, 3, 0, 0, 0, 0, 0, 0, 0, 0, 0, 0, 0, 0, 0, 0, 0, 0, 0, 0, 0, 0, 0, 0, 0, 0, 0, 0, 0, 0
node[0], 2357136044, 216, 5.945266, 0.100000, 0.000000, 99026730.000000, 54275570.000000, 0.025000, 1.000000, 0, 3, 0, 2, 1, 0, 0, 0, 0, 0, 0, 0, 0, 0, 0, 0, 0, 0, 0, 0, 0, 0, 0, 0, 0, 0, 0, 0, 0, 0, 0, 0
node[3], 1277901399, 217, 6.000713, 0.100000, 0.000000, 99026740.000000, 54284250.000000, 0.025000, 1.000000, 0, 3, 0, 2, 1, 0, 0, 0, 0, 0, 0, 0, 0, 0, 0, 0, 0, 0, 0, 0, 0, 0, 0, 0, 0, 0, 0, 0, 0, 0, 0, 0
node[1], 2588848963, 218, 6.024564, 0.100000, 0.000000, 99026730.000000, 54278460.000000, 0.025000, 1.000000, 0, 3, 0, 3, 0, 0, 0, 0, 0, 0, 0, 0, 0, 0, 0, 0, 0, 0, 0, 0, 0, 0, 0, 0, 0, 0, 0, 0, 0, 0, 0, 0
node[2], 2774094101, 219, 6.038587, 0.100000, -0.023000, 99026740.000000, 54281360.000000, 0.025000, 1.000000, 0, 3, 0, 3, 0, 0, 0, 0, 0, 0, 0, 0, 0, 0, 0, 0, 0, 0, 0, 0, 0, 0, 0, 0, 0, 0, 0, 0, 0, 0, 0, 0
node[0], 2357136044, 220, 6.045266, 0.100000, 0.000000, 99026730.000000, 54275570.000000, 0.025000, 1.000000, 0, 3, 0, 2, 1, 0, 0, 0, 0, 0, 0, 0, 0, 0, 0, 0, 0, 0, 0, 0, 0, 0, 0, 0, 0, 0, 0, 0, 0, 0, 0, 0
node[3], 1277901399, 221, 6.100713, 0.100000, 0.000000, 99026740.000000, 54284250.000000, 0.025000, 1.000000, 0, 3, 0, 2, 1, 0, 0, 0, 0, 0, 0, 0, 0, 0, 0, 0, 0, 0, 0, 0, 0, 0, 0, 0, 0, 0, 0, 0, 0, 0, 0, 0
node[1], 2588848963, 222, 6.124564, 0.100000, 0.000000, 99026730.000000, 54278460.000000, 0.025000, 1.000000, 0, 3, 0, 3, 0, 0, 0, 0, 0, 0, 0, 0, 0, 0, 0, 0, 0, 0, 0, 0, 0, 0, 0, 0, 0, 0, 0, 0, 0, 0, 0, 0
node[2], 2774094101, 223, 6.138587, 0.100000, 0.000000, 99026740.000000, 54281360.000000, 0.025000, 1.000000, 0, 3, 0, 3, 0, 0, 0, 0, 0, 0, 0, 0, 0, 0, 0, 0, 0, 0, 0, 0, 0, 0, 0, 0, 0, 0, 0, 0, 0, 0, 0, 0
node[0], 2357136044, 224, 6.145266, 0.100000, -0.017000, 99026730.000000, 54275570.000000, 0.025000, 1.000000, 0, 3, 0, 2, 1, 0, 0, 0, 0, 0, 0, 0, 0, 0, 0, 0, 0, 0, 0, 0, 0, 0, 0, 0, 0, 0, 0, 0, 0, 0, 0, 0
node[3], 1277901399, 225, 6.200713, 0.100000, -0.019000, 99026740.000000, 54284250.000000, 0.025000, 1.000000, 0, 3, 0, 2, 1, 0, 0, 0, 0, 0, 0, 0, 0, 0, 0, 0, 0, 0, 0, 0, 0, 0, 0, 0, 0, 0, 0, 0, 0, 0, 0, 0
node[1], 2588848963, 226, 6.224564, 0.100000, 0.000000, 99026730.000000, 54278460.000000, 0.025000, 1.000000, 0, 3, 0, 3, 0, 0, 0, 0, 0, 0, 0, 0, 0, 0, 0, 0, 0, 0, 0, 0, 0, 0, 0, 0, 0, 0, 0, 0, 0, 0, 0, 0
node[2], 2774094101, 227, 6.238587, 0.100000, -0.016000, 99026740.000000, 54281360.000000, 0.025000, 1.000000, 0, 3, 0, 3, 0, 0, 0, 0, 0, 0, 0, 0, 0, 0, 0, 0, 0, 0, 0, 0, 0, 0, 0, 0, 0, 0, 0, 0, 0, 0, 0, 0
node[0], 2357136044, 228, 6.245266, 0.100000, 0.000000, 99026730.000000, 54275570.000000, 0.025000, 1.000000, 0, 3, 0, 2, 1, 0, 0, 0, 0, 0, 0, 0, 0, 0, 0, 0, 0, 0, 0, 0, 0, 0, 0, 0, 0, 0, 0, 0, 0, 0, 0, 0
node[3], 1277901399, 229, 6.300713, 0.100000, 0.000000, 99026740.000000, 54284250.000000, 0.025000, 1.000000, 0, 3, 0, 2, 1, 0, 0, 0, 0, 0, 0, 0, 0, 0, 0, 0, 0, 0, 0, 0, 0, 0, 0, 0, 0, 0, 0, 0, 0, 0, 0, 0
node[1], 2588848963, 230, 6.324564, 0.100000, -0.016000, 99026730.000000, 54278460.000000, 0.025000, 1.000000, 0, 3, 0, 3, 0, 0, 0, 0, 0, 0, 0, 0, 0, 0, 0, 0, 0, 0, 0, 0, 0, 0, 0, 0, 0, 0, 0, 0, 0, 0, 0, 0
node[2], 2774094101, 231, 6.338587, 0.100000, 0.000000, 99026740.000000, 54281360.000000, 0.025000, 1.000000, 0, 3, 0, 3, 0, 0, 0, 0, 0, 0, 0, 0, 0, 0, 0, 0, 0, 0, 0, 0, 0, 0, 0, 0, 0, 0, 0, 0, 0, 0, 0, 0
node[0], 2357136044, 232, 6.345266, 0.100000, -0.007000, 99026730.000000, 54275570.000000, 0.025000, 1.000000, 0, 3, 0, 2, 1, 0, 0, 0, 0, 0, 0, 0, 0, 0, 0, 0, 0, 0, 0, 0, 0, 0, 0, 0, 0, 0, 0, 0, 0, 0, 0, 0
node[3], 1277901399, 233, 6.400713, 0.100000, -0.015000, 99026740.000000, 54284250.000000, 0.025000, 1.000000, 0, 3, 0, 2, 1, 0, 0, 0, 0, 0, 0, 0, 0, 0, 0, 0, 0, 0, 0, 0, 0, 0, 0, 0, 0, 0, 0, 0, 0, 0, 0, 0
node[1], 2588848963, 234, 6.424564, 0.100000, 0.000000, 99026730.000000, 54278460.000000, 0.025000, 1.000000, 0, 3, 0, 3, 0, 0, 0, 0, 0, 0, 0, 0, 0, 0, 0, 0, 0, 0, 0, 0, 0, 0, 0, 0, 0, 0, 0, 0, 0, 0, 0, 0
node[2], 2774094101, 235, 6.438587, 0.100000, -0.001000, 99026740.000000, 54281360.000000, 0.025000, 1.000000, 0, 3, 0, 3, 0, 0, 0, 0, 0, 0, 0, 0, 0, 0, 0, 0, 0, 0, 0, 0, 0, 0, 0, 0, 0, 0, 0, 0, 0, 0, 0, 0
node[0], 2357136044, 236, 6.445266, 0.100000, -0.010000, 99026730.000000, 54275570.000000, 0.025000, 1.000000, 0, 3, 0, 2, 1, 0, 0, 0, 0, 0, 0, 0, 0, 0, 0, 0, 0, 0, 0, 0, 0, 0, 0, 0, 0, 0, 0, 0, 0, 0, 0, 0
node[3], 1277901399, 237, 6.500713, 0.100000, -0.009000, 99026740.000000, 54284250.000000, 0.025000, 1.000000, 0, 3, 0, 2, 1, 0, 0, 0, 0, 0, 0, 0, 0, 0, 0, 0, 0, 0, 0, 0, 0, 0, 0, 0, 0, 0, 0, 0, 0, 0, 0, 0
node[1], 2588848963, 238, 6.524564, 0.100000, -0.005000, 99026730.000000, 54278460.000000, 0.025000, 1.000000, 0, 3, 0, 3, 0, 0, 0, 0, 0, 0, 0, 0, 0, 0, 0, 0, 0, 0, 0, 0, 0, 0, 0, 0, 0, 0, 0, 0, 0, 0, 0, 0
node[2], 2774094101, 239, 6.538587, 0.100000, 0.000000, 99026740.000000, 54281360.000000, 0.025000, 1.000000, 0, 3, 0, 3, 0, 0, 0, 0, 0, 0, 0, 0, 0, 0, 0, 0, 0, 0, 0, 0, 0, 0, 0, 0, 0, 0, 0, 0, 0, 0, 0, 0
node[0], 2357136044, 240, 6.545266, 0.100000, 0.000000, 99026730.000000, 54275570.000000, 0.025000, 1.000000, 0, 3, 0, 2, 1, 0, 0, 0, 0, 0, 0, 0, 0, 0, 0, 0, 0, 0, 0, 0, 0, 0, 0, 0, 0, 0, 0, 0, 0, 0, 0, 0
node[3], 1277901399, 241, 6.600713, 0.100000, -0.025000, 99026740.000000, 54284250.000000, 0.025000, 1.000000, 0, 3, 0, 2, 1, 0, 0, 0, 0, 0, 0, 0, 0, 0, 0, 0, 0, 0, 0, 0, 0, 0, 0, 0, 0, 0, 0, 0, 0, 0, 0, 0
node[1], 2588848963, 242, 6.624564, 0.100000, -0.012000, 99026730.000000, 54278460.000000, 0.025000, 1.000000, 0, 3, 0, 3, 0, 0, 0, 0, 0, 0, 0, 0, 0, 0, 0, 0, 0, 0, 0, 0, 0, 0, 0, 0, 0, 0, 0, 0, 0, 0, 0, 0
node[2], 2774094101, 243, 6.638587, 0.100000, -0.004000, 99026740.000000, 54281360.000000, 0.025000, 1.000000, 0, 3, 0, 3, 0, 0, 0, 0, 0, 0, 0, 0, 0, 0, 0, 0, 0, 0, 0, 0, 0, 0, 0, 0, 0, 0, 0, 0, 0, 0, 0, 0
node[0], 2357136044, 244, 6.645266, 0.100000, 0.000000, 99026730.000000, 54275570.000000, 0.025000, 1.000000, 0, 3, 0, 2, 1, 0, 0, 0, 0, 0, 0, 0, 0, 0, 0, 0, 0, 0, 0, 0, 0, 0, 0, 0, 0, 0, 0, 0, 0, 0, 0, 0
node[3], 1277901399, 245, 6.700713, 0.100000, 0.000000, 99026740.000000, 54284250.000000, 0.025000, 1.000000, 0, 3, 0, 2, 1, 0, 0, 0, 0, 0, 0, 0, 0, 0, 0, 0, 0, 0, 0, 0, 0, 0, 0, 0, 0, 0, 0, 0, 0, 0, 0, 0
node[1], 2588848963, 246, 6.724564, 0.100000, 0.000000, 99026730.000000, 54278460.000000, 0.025000, 1.000000, 0, 3, 0, 3, 0, 0, 0, 0, 0, 0, 0, 0, 0, 0, 0, 0, 0, 0, 0, 0, 0, 0, 0, 0, 0, 0, 0, 0, 0, 0, 0, 0
node[2], 2774094101, 247, 6.738587, 0.100000, 0.000000, 99026740.000000, 54281360.000000, 0.025000, 1.000000, 0, 3, 0, 3, 0, 0, 0, 0, 0, 0, 0, 0, 0, 0, 0, 0, 0, 0, 0, 0, 0, 0, 0, 0, 0, 0, 0, 0, 0, 0, 0, 0
node[0], 2357136044, 248, 6.745266, 0.100000, 0.000000, 99026730.000000, 54275570.000000, 0.025000, 1.000000, 0, 3, 0, 2, 1, 0, 0, 0, 0, 0, 0, 0, 0, 0, 0, 0, 0, 0, 0, 0, 0, 0, 0, 0, 0, 0, 0, 0, 0, 0, 0, 0
node[3], 1277901399, 249, 6.800713, 0.100000, 0.000000, 99026740.000000, 54284250.000000, 0.025000, 1.000000, 0, 3, 0, 2, 1, 0, 0, 0, 0, 0, 0, 0, 0, 0, 0, 0, 0, 0, 0, 0, 0, 0, 0, 0, 0, 0, 0, 0, 0, 0, 0, 0
node[1], 2588848963, 250, 6.824564, 0.100000, 0.000000, 99026730.000000, 54278460.000000, 0.025000, 1.000000, 0, 3, 0, 3, 0, 0, 0, 0, 0, 0, 0, 0, 0, 0, 0, 0, 0, 0, 0, 0, 0, 0, 0, 0, 0, 0, 0, 0, 0, 0, 0, 0
node[2], 2774094101, 251, 6.838587, 0.100000, -0.001000, 99026740.000000, 54281360.000000, 0.025000, 1.000000, 0, 3, 0, 3, 0, 0, 0, 0, 0, 0, 0, 0, 0, 0, 0, 0, 0, 0, 0, 0, 0, 0, 0, 0, 0, 0, 0, 0, 0, 0, 0, 0
node[0], 2357136044, 252, 6.845266, 0.100000, 0.000000, 99026730.000000, 54275570.000000, 0.025000, 1.000000, 0, 3, 0, 2, 1, 0, 0, 0, 0, 0, 0, 0, 0, 0, 0, 0, 0, 0, 0, 0, 0, 0, 0, 0, 0, 0, 0, 0, 0, 0, 0, 0
node[3], 1277901399, 253, 6.900713, 0.100000, 0.000000, 99026740.000000, 54284250.000000, 0.025000, 1.000000, 0, 3, 0, 2, 1, 0, 0, 0, 0, 0, 0, 0, 0, 0, 0, 0, 0, 0, 0, 0, 0, 0, 0, 0, 0, 0, 0, 0, 0, 0, 0, 0
node[1], 2588848963, 254, 6.924564, 0.100000, 0.000000, 99026730.000000, 54278460.000000, 0.025000, 1.000000, 0, 3, 0, 3, 0, 0, 0, 0, 0, 0, 0, 0, 0, 0, 0, 0, 0, 0, 0, 0, 0, 0, 0, 0, 0, 0, 0, 0, 0, 0, 0, 0
node[2], 2774094101, 255, 6.938587, 0.100000, 0.000000, 99026740.000000, 54281360.000000, 0.025000, 1.000000, 0, 3, 0, 3, 0, 0, 0, 0, 0, 0, 0, 0, 0, 0, 0, 0, 0, 0, 0, 0, 0, 0, 0, 0, 0, 0, 0, 0, 0, 0, 0, 0
node[0], 2357136044, 256, 6.945266, 0.100000, 0.000000, 99026730.000000, 54275570.000000, 0.025000, 1.000000, 0, 3, 0, 2, 1, 0, 0, 0, 0, 0, 0, 0, 0, 0, 0, 0, 0, 0, 0, 0, 0, 0, 0, 0, 0, 0, 0, 0, 0, 0, 0, 0
node[3], 1277901399, 257, 7.000713, 0.100000, 0.000000, 99026740.000000, 54284250.000000, 0.025000, 1.000000, 0, 3, 0, 2, 1, 0, 0, 0, 0, 0, 0, 0, 0, 0, 0, 0, 0, 0, 0, 0, 0, 0, 0, 0, 0, 0, 0, 0, 0, 0, 0, 0
node[1], 2588848963, 258, 7.024564, 0.100000, 0.000000, 99026730.000000, 54278460.000000, 0.025000, 1.000000, 0, 3, 0, 3, 0, 0, 0, 0, 0, 0, 0, 0, 0, 0, 0, 0, 0, 0, 0, 0, 0, 0, 0, 0, 0, 0, 0, 0, 0, 0, 0, 0
node[2], 2774094101, 259, 7.038587, 0.100000, 0.000000, 99026740.000000, 54281360.000000, 0.025000, 1.000000, 0, 3, 0, 3, 0, 0, 0, 0, 0, 0, 0, 0, 0, 0, 0, 0, 0, 0, 0, 0, 0, 0, 0, 0, 0, 0, 0, 0, 0, 0, 0, 0
node[0], 2357136044, 260, 7.045266, 0.100000, 0.000000, 99026730.000000, 54275570.000000, 0.025000, 1.000000, 0, 3, 0, 2, 1, 0, 0, 0, 0, 0, 0, 0, 0, 0, 0, 0, 0, 0, 0, 0, 0, 0, 0, 0, 0, 0, 0, 0, 0, 0, 0, 0
node[3], 1277901399, 261, 7.100713, 0.100000, -0.008000, 99026740.000000, 54284250.000000, 0.025000, 1.000000, 0, 3, 0, 2, 1, 0, 0, 0, 0, 0, 0, 0, 0, 0, 0, 0, 0, 0, 0, 0, 0, 0, 0, 0, 0, 0, 0, 0, 0, 0, 0, 0
node[1], 2588848963, 262, 7.124564, 0.100000, 0.000000, 99026730.000000, 54278460.000000, 0.025000, 1.000000, 0, 3, 0, 3, 0, 0, 0, 0, 0, 0, 0, 0, 0, 0, 0, 0, 0, 0, 0, 0, 0, 0, 0, 0, 0, 0, 0, 0, 0, 0, 0, 0
node[2], 2774094101, 263, 7.138587, 0.100000, 0.000000, 99026740.000000, 54281360.000000, 0.025000, 1.000000, 0, 3, 0, 3, 0, 0, 0, 0, 0, 0, 0, 0, 0, 0, 0, 0, 0, 0, 0, 0, 0, 0, 0, 0, 0, 0, 0, 0, 0, 0, 0, 0
node[0], 2357136044, 264, 7.145266, 0.100000, 0.000000, 99026730.000000, 54275570.000000, 0.025000, 1.000000, 0, 3, 0, 2, 1, 0, 0, 0, 0, 0, 0, 0, 0, 0, 0, 0, 0, 0, 0, 0, 0, 0, 0, 0, 0, 0, 0, 0, 0, 0, 0, 0
node[3], 1277901399, 265, 7.200713, 0.100000, 0.000000, 99026740.000000, 54284250.000000, 0.025000, 1.000000, 0, 3, 0, 2, 1, 0, 0, 0, 0, 0, 0, 0, 0, 0, 0, 0, 0, 0, 0, 0, 0, 0, 0, 0, 0, 0, 0, 0, 0, 0, 0, 0
node[1], 2588848963, 266, 7.224564, 0.100000, 0.000000, 99026730.000000, 54278460.000000, 0.025000, 1.000000, 0, 3, 0, 3, 0, 0, 0, 0, 0, 0, 0, 0, 0, 0, 0, 0, 0, 0, 0, 0, 0, 0, 0, 0, 0, 0, 0, 0, 0, 0, 0, 0
node[2], 2774094101, 267, 7.238587, 0.100000, 0.000000, 99026740.000000, 54281360.000000, 0.025000, 1.000000, 0, 3, 0, 3, 0, 0, 0, 0, 0, 0, 0, 0, 0, 0, 0, 0, 0, 0, 0, 0, 0, 0, 0, 0, 0, 0, 0, 0, 0, 0, 0, 0
node[0], 2357136044, 268, 7.245266, 0.100000, 0.000000, 99026730.000000, 54275570.000000, 0.025000, 1.000000, 0, 3, 0, 2, 1, 0, 0, 0, 0, 0, 0, 0, 0, 0, 0, 0, 0, 0, 0, 0, 0, 0, 0, 0, 0, 0, 0, 0, 0, 0, 0, 0
node[3], 1277901399, 269, 7.300713, 0.100000, 0.000000, 99026740.000000, 54284250.000000, 0.025000, 1.000000, 0, 3, 0, 2, 1, 0, 0, 0, 0, 0, 0, 0, 0, 0, 0, 0, 0, 0, 0, 0, 0, 0, 0, 0, 0, 0, 0, 0, 0, 0, 0, 0
node[1], 2588848963, 270, 7.324564, 0.100000, 0.000000, 99026730.000000, 54278460.000000, 0.025000, 1.000000, 0, 3, 0, 3, 0, 0, 0, 0, 0, 0, 0, 0, 0, 0, 0, 0, 0, 0, 0, 0, 0, 0, 0, 0, 0, 0, 0, 0, 0, 0, 0, 0
node[2], 2774094101, 271, 7.338587, 0.100000, 0.000000, 99026740.000000, 54281360.000000, 0.025000, 1.000000, 0, 3, 0, 3, 0, 0, 0, 0, 0, 0, 0, 0, 0, 0, 0, 0, 0, 0, 0, 0, 0, 0, 0, 0, 0, 0, 0, 0, 0, 0, 0, 0
node[0], 2357136044, 272, 7.345266, 0.100000, 0.000000, 99026730.000000, 54275570.000000, 0.025000, 1.000000, 0, 3, 0, 2, 1, 0, 0, 0, 0, 0, 0, 0, 0, 0, 0, 0, 0, 0, 0, 0, 0, 0, 0, 0, 0, 0, 0, 0, 0, 0, 0, 0
node[3], 1277901399, 273, 7.400713, 0.100000, 0.000000, 99026740.000000, 54284250.000000, 0.025000, 1.000000, 0, 3, 0, 2, 1, 0, 0, 0, 0, 0, 0, 0, 0, 0, 0, 0, 0, 0, 0, 0, 0, 0, 0, 0, 0, 0, 0, 0, 0, 0, 0, 0
node[1], 2588848963, 274, 7.424564, 0.100000, 0.000000, 99026730.000000, 54278460.000000, 0.025000, 1.000000, 0, 3, 0, 3, 0, 0, 0, 0, 0, 0, 0, 0, 0, 0, 0, 0, 0, 0, 0, 0, 0, 0, 0, 0, 0, 0, 0, 0, 0, 0, 0, 0
node[2], 2774094101, 275, 7.438587, 0.100000, -0.009000, 99026740.000000, 54281360.000000, 0.025000, 1.000000, 0, 3, 0, 3, 0, 0, 0, 0, 0, 0, 0, 0, 0, 0, 0, 0, 0, 0, 0, 0, 0, 0, 0, 0, 0, 0, 0, 0, 0, 0, 0, 0
node[0], 2357136044, 276, 7.445266, 0.100000, 0.000000, 99026730.000000, 54275570.000000, 0.025000, 1.000000, 0, 3, 0, 2, 1, 0, 0, 0, 0, 0, 0, 0, 0, 0, 0, 0, 0, 0, 0, 0, 0, 0, 0, 0, 0, 0, 0, 0, 0, 0, 0, 0
node[3], 1277901399, 277, 7.500713, 0.100000, -0.021000, 99026740.000000, 54284250.000000, 0.025000, 1.000000, 0, 3, 0, 2, 1, 0, 0, 0, 0, 0, 0, 0, 0, 0, 0, 0, 0, 0, 0, 0, 0, 0, 0, 0, 0, 0, 0, 0, 0, 0, 0, 0
node[1], 2588848963, 278, 7.524564, 0.100000, 0.000000, 99026730.000000, 54278460.000000, 0.025000, 1.000000, 0, 3, 0, 3, 0, 0, 0, 0, 0, 0, 0, 0, 0, 0, 0, 0, 0, 0, 0, 0, 0, 0, 0, 0, 0, 0, 0, 0, 0, 0, 0, 0
node[2], 2774094101, 279, 7.538587, 0.100000, 0.000000, 99026740.000000, 54281360.000000, 0.025000, 1.000000, 0, 3, 0, 3, 0, 0, 0, 0, 0, 0, 0, 0, 0, 0, 0, 0, 0, 0, 0, 0, 0, 0, 0, 0, 0, 0, 0, 0, 0, 0, 0, 0
node[0], 2357136044, 280, 7.545266, 0.100000, 0.000000, 99026730.000000, 54275570.000000, 0.025000, 1.000000, 0, 3, 0, 2, 1, 0, 0, 0, 0, 0, 0, 0, 0, 0, 0, 0, 0, 0, 0, 0, 0, 0, 0, 0, 0, 0, 0, 0, 0, 0, 0, 0
node[3], 1277901399, 281, 7.600713, 0.100000, 0.000000, 99026740.000000, 54284250.000000, 0.025000, 1.000000, 0, 3, 0, 2, 1, 0, 0, 0, 0, 0, 0, 0, 0, 0, 0, 0, 0, 0, 0, 0, 0, 0, 0, 0, 0, 0, 0, 0, 0, 0, 0, 0
node[1], 2588848963, 282, 7.624564, 0.100000, -0.021000, 99026730.000000, 54278460.000000, 0.025000, 1.000000, 0, 3, 0, 3, 0, 0, 0, 0, 0, 0, 0, 0, 0, 0, 0, 0, 0, 0, 0, 0, 0, 0, 0, 0, 0, 0, 0, 0, 0, 0, 0, 0
node[2], 2774094101, 283, 7.638587, 0.100000, 0.000000, 99026740.000000, 54281360.000000, 0.025000, 1.000000, 0, 3, 0, 3, 0, 0, 0, 0, 0, 0, 0, 0, 0, 0, 0, 0, 0, 0, 0, 0, 0, 0, 0, 0, 0, 0, 0, 0, 0, 0, 0, 0
node[0], 2357136044, 284, 7.645266, 0.100000, 0.000000, 99026730.000000, 54275570.000000, 0.025000, 1.000000, 0, 3, 0, 2, 1, 0, 0, 0, 0, 0, 0, 0, 0, 0, 0, 0, 0, 0, 0, 0, 0, 0, 0, 0, 0, 0, 0, 0, 0, 0, 0, 0
node[3], 1277901399, 285, 7.700713, 0.100000, 0.000000, 99026740.000000, 54284250.000000, 0.025000, 1.000000, 0, 3, 0, 2, 1, 0, 0, 0, 0, 0, 0, 0, 0, 0, 0, 0, 0, 0, 0, 0, 0, 0, 0, 0, 0, 0, 0, 0, 0, 0, 0, 0
node[1], 2588848963, 286, 7.724564, 0.100000, 0.000000, 99026730.000000, 54278460.000000, 0.025000, 1.000000, 0, 3, 0, 3, 0, 0, 0, 0, 0, 0, 0, 0, 0, 0, 0, 0, 0, 0, 0, 0, 0, 0, 0, 0, 0, 0, 0, 0, 0, 0, 0, 0
node[2], 2774094101, 287, 7.738587, 0.100000, 0.000000, 99026740.000000, 54281360.000000, 0.025000, 1.000000, 0, 3, 0, 3, 0, 0, 0, 0, 0, 0, 0, 0, 0, 0, 0, 0, 0, 0, 0, 0, 0, 0, 0, 0, 0, 0, 0, 0, 0, 0, 0, 0
node[0], 2357136044, 288, 7.745266, 0.100000, 0.000000, 99026730.000000, 54275570.000000, 0.025000, 1.000000, 0, 3, 0, 2, 1, 0, 0, 0, 0, 0, 0, 0, 0, 0, 0, 0, 0, 0, 0, 0, 0, 0, 0, 0, 0, 0, 0, 0, 0, 0, 0, 0
node[3], 1277901399, 289, 7.800713, 0.100000, -0.011000, 99026740.000000, 54284250.000000, 0.025000, 1.000000, 0, 3, 0, 2, 1, 0, 0, 0, 0, 0, 0, 0, 0, 0, 0, 0, 0, 0, 0, 0, 0, 0, 0, 0, 0, 0, 0, 0, 0, 0, 0, 0
node[1], 2588848963, 290, 7.824564, 0.100000, -0.019000, 99026730.000000, 54278460.000000, 0.025000, 1.000000, 0, 3, 0, 3, 0, 0, 0, 0, 0, 0, 0, 0, 0, 0, 0, 0, 0, 0, 0, 0, 0, 0, 0, 0, 0, 0, 0, 0, 0, 0, 0, 0
node[2], 2774094101, 291, 7.838587, 0.100000, 0.000000, 99026740.000000, 54281360.000000, 0.025000, 1.000000, 0, 3, 0, 3, 0, 0, 0, 0, 0, 0, 0, 0, 0, 0, 0, 0, 0, 0, 0, 0, 0, 0, 0, 0, 0, 0, 0, 0, 0, 0, 0, 0
node[0], 2357136044, 292, 7.845266, 0.100000, 0.000000, 99026730.000000, 54275570.000000, 0.025000, 1.000000, 0, 3, 0, 2, 1, 0, 0, 0, 0, 0, 0, 0, 0, 0, 0, 0, 0, 0, 0, 0, 0, 0, 0, 0, 0, 0, 0, 0, 0, 0, 0, 0
node[3], 1277901399, 293, 7.900713, 0.100000, 0.000000, 99026740.000000, 54284250.000000, 0.025000, 1.000000, 0, 3, 0, 2, 1, 0, 0, 0, 0, 0, 0, 0, 0, 0, 0, 0, 0, 0, 0, 0, 0, 0, 0, 0, 0, 0, 0, 0, 0, 0, 0, 0
node[1], 2588848963, 294, 7.924564, 0.100000, 0.000000, 99026730.000000, 54278460.000000, 0.025000, 1.000000, 0, 3, 0, 3, 0, 0, 0, 0, 0, 0, 0, 0, 0, 0, 0, 0, 0, 0, 0, 0, 0, 0, 0, 0, 0, 0, 0, 0, 0, 0, 0, 0
node[2], 2774094101, 295, 7.938587, 0.100000, 0.000000, 99026740.000000, 54281360.000000, 0.025000, 1.000000, 0, 3, 0, 3, 0, 0, 0, 0, 0, 0, 0, 0, 0, 0, 0, 0, 0, 0, 0, 0, 0, 0, 0, 0, 0, 0, 0, 0, 0, 0, 0, 0
node[0], 2357136044, 296, 7.945266, 0.100000, -0.007000, 99026730.000000, 54275570.000000, 0.025000, 1.000000, 0, 3, 0, 2, 1, 0, 0, 0, 0, 0, 0, 0, 0, 0, 0, 0, 0, 0, 0, 0, 0, 0, 0, 0, 0, 0, 0, 0, 0, 0, 0, 0
node[3], 1277901399, 297, 8.000713, 0.100000, -0.001000, 99026740.000000, 54284250.000000, 0.025000, 1.000000, 0, 3, 0, 2, 1, 0, 0, 0, 0, 0, 0, 0, 0, 0, 0, 0, 0, 0, 0, 0, 0, 0, 0, 0, 0, 0, 0, 0, 0, 0, 0, 0
node[1], 2588848963, 298, 8.024564, 0.100000, -0.002000, 99026730.000000, 54278460.000000, 0.025000, 1.000000, 0, 3, 0, 3, 0, 0, 0, 0, 0, 0, 0, 0, 0, 0, 0, 0, 0, 0, 0, 0, 0, 0, 0, 0, 0, 0, 0, 0, 0, 0, 0, 0
node[2], 2774094101, 299, 8.038587, 0.100000, 0.000000, 99026740.000000, 54281360.000000, 0.025000, 1.000000, 0, 3, 0, 3, 0, 0, 0, 0, 0, 0, 0, 0, 0, 0, 0, 0, 0, 0, 0, 0, 0, 0, 0, 0, 0, 0, 0, 0, 0, 0, 0, 0
node[0], 2357136044, 300, 8.045266, 0.100000, 0.000000, 99026730.000000, 54275570.000000, 0.025000, 1.000000, 0, 3, 0, 2, 1, 0, 0, 0, 0, 0, 0, 0, 0, 0, 0, 0, 0, 0, 0, 0, 0, 0, 0, 0, 0, 0, 0, 0, 0, 0, 0, 0
node[3], 1277901399, 301, 8.100713, 0.100000, 0.000000, 99026740.000000, 54284250.000000, 0.025000, 1.000000, 0, 3, 0, 2, 1, 0, 0, 0, 0, 0, 0, 0, 0, 0, 0, 0, 0, 0, 0, 0, 0, 0, 0, 0, 0, 0, 0, 0, 0, 0, 0, 0
node[1], 2588848963, 302, 8.124564, 0.100000, 0.000000, 99026730.000000, 54278460.000000, 0.025000, 1.000000, 0, 3, 0, 3, 0, 0, 0, 0, 0, 0, 0, 0, 0, 0, 0, 0, 0, 0, 0, 0, 0, 0, 0, 0, 0, 0, 0, 0, 0, 0, 0, 0
node[2], 2774094101, 303, 8.138587, 0.100000, -0.004000, 99026740.000000, 54281360.000000, 0.025000, 1.000000, 0, 3, 0, 3, 0, 0, 0, 0, 0, 0, 0, 0, 0, 0, 0, 0, 0, 0, 0, 0, 0, 0, 0, 0, 0, 0, 0, 0, 0, 0, 0, 0
node[0], 2357136044, 304, 8.145266, 0.100000, 0.000000, 99026730.000000, 54275570.000000, 0.025000, 1.000000, 0, 3, 0, 2, 1, 0, 0, 0, 0, 0, 0, 0, 0, 0, 0, 0, 0, 0, 0, 0, 0, 0, 0, 0, 0, 0, 0, 0, 0, 0, 0, 0
node[3], 1277901399, 305, 8.200713, 0.100000, 0.000000, 99026740.000000, 54284250.000000, 0.025000, 1.000000, 0, 3, 0, 2, 1, 0, 0, 0, 0, 0, 0, 0, 0, 0, 0, 0, 0, 0, 0, 0, 0, 0, 0, 0, 0, 0, 0, 0, 0, 0, 0, 0
node[1], 2588848963, 306, 8.224564, 0.100000, 0.000000, 99026730.000000, 54278460.000000, 0.025000, 1.000000, 0, 3, 0, 3, 0, 0, 0, 0, 0, 0, 0, 0, 0, 0, 0, 0, 0, 0, 0, 0, 0, 0, 0, 0, 0, 0, 0, 0, 0, 0, 0, 0
node[2], 2774094101, 307, 8.238587, 0.100000, 0.000000, 99026740.000000, 54281360.000000, 0.025000, 1.000000, 0, 3, 0, 3, 0, 0, 0, 0, 0, 0, 0, 0, 0, 0, 0, 0, 0, 0, 0, 0, 0, 0, 0, 0, 0, 0, 0, 0, 0, 0, 0, 0
node[0], 2357136044, 308, 8.245266, 0.100000, -0.018000, 99026730.000000, 54275570.000000, 0.025000, 1.000000, 0, 3, 0, 2, 1, 0, 0, 0, 0, 0, 0, 0, 0, 0, 0, 0, 0, 0, 0, 0, 0, 0, 0, 0, 0, 0, 0, 0, 0, 0, 0, 0
node[3], 1277901399, 309, 8.300713, 0.100000, 0.000000, 99026740.000000, 54284250.000000, 0.025000, 1.000000, 0, 3, 0, 2, 1, 0, 0, 0, 0, 0, 0, 0, 0, 0, 0, 0, 0, 0, 0, 0, 0, 0, 0, 0, 0, 0, 0, 0, 0, 0, 0, 0
node[1], 2588848963, 310, 8.324564, 0.100000, -0.001000, 99026730.000000, 54278460.000000, 0.025000, 1.000000, 0, 3, 0, 3, 0, 0, 0, 0, 0, 0, 0, 0, 0, 0, 0, 0, 0, 0, 0, 0, 0, 0, 0, 0, 0, 0, 0, 0, 0, 0, 0, 0
node[2], 2774094101, 311, 8.338587, 0.100000, 0.000000, 99026740.000000, 54281360.000000, 0.025000, 1.000000, 0, 3, 0, 3, 0, 0, 0, 0, 0, 0, 0, 0, 0, 0, 0, 0, 0, 0, 0, 0, 0, 0, 0, 0, 0, 0, 0, 0, 0, 0, 0, 0
node[0], 2357136044, 312, 8.345266, 0.100000, 0.000000, 99026730.000000, 54275570.000000, 0.025000, 1.000000, 0, 3, 0, 2, 1, 0, 0, 0, 0, 0, 0, 0, 0, 0, 0, 0, 0, 0, 0, 0, 0, 0, 0, 0, 0, 0, 0, 0, 0, 0, 0, 0
node[3], 1277901399, 313, 8.400713, 0.100000, 0.000000, 99026740.000000, 54284250.000000, 0.025000, 1.000000, 0, 3, 0, 2, 1, 0, 0, 0, 0, 0, 0, 0, 0, 0, 0, 0, 0, 0, 0, 0, 0, 0, 0, 0, 0, 0, 0, 0, 0, 0, 0, 0
node[1], 2588848963, 314, 8.424564, 0.100000, 0.000000, 99026730.000000, 54278460.000000, 0.025000, 1.000000, 0, 3, 0, 3, 0, 0, 0, 0, 0, 0, 0, 0, 0, 0, 0, 0, 0, 0, 0, 0, 0, 0, 0, 0, 0, 0, 0, 0, 0, 0, 0, 0
node[2], 2774094101, 315, 8.438587, 0.100000, -0.024000, 99026740.000000, 54281360.000000, 0.025000, 1.000000, 0, 3, 0, 3, 0, 0, 0, 0, 0, 0, 0, 0, 0, 0, 0, 0, 0, 0, 0, 0, 0, 0, 0, 0, 0, 0, 0, 0, 0, 0, 0, 0
node[0], 2357136044, 316, 8.445266, 0.100000, -0.015000, 99026730.000000, 54275570.000000, 0.025000, 1.000000, 0, 3, 0, 2, 1, 0, 0, 0, 0, 0, 0, 0, 0, 0, 0, 0, 0, 0, 0, 0, 0, 0, 0, 0, 0, 0, 0, 0, 0, 0, 0, 0
node[3], 1277901399, 317, 8.500713, 0.100000, 0.000000, 99026740.000000, 54284250.000000, 0.025000, 1.000000, 0, 3, 0, 2, 1, 0, 0, 0, 0, 0, 0, 0, 0, 0, 0, 0, 0, 0, 0, 0, 0, 0, 0, 0, 0, 0, 0, 0, 0, 0, 0, 0
node[1], 2588848963, 318, 8.524564, 0.100000, -0.021000, 99026730.000000, 54278460.000000, 0.025000, 1.000000, 0, 3, 0, 3, 0, 0, 0, 0, 0, 0, 0, 0, 0, 0, 0, 0, 0, 0, 0, 0, 0, 0, 0, 0, 0, 0, 0, 0, 0, 0, 0, 0
node[2], 2774094101, 319, 8.538587, 0.100000, -0.013000, 99026740.000000, 54281360.000000, 0.025000, 1.000000, 0, 3, 0, 3, 0, 0, 0, 0, 0, 0, 0, 0, 0, 0, 0, 0, 0, 0, 0, 0, 0, 0, 0, 0, 0, 0, 0, 0, 0, 0, 0, 0
node[0], 2357136044, 320, 8.545266, 0.100000, -0.023000, 99026730.000000, 54275570.000000, 0.025000, 1.000000, 0, 3, 0, 2, 1, 0, 0, 0, 0, 0, 0, 0, 0, 0, 0, 0, 0, 0, 0, 0, 0, 0, 0, 0, 0, 0, 0, 0, 0, 0, 0, 0
node[3], 1277901399, 321, 8.600713, 0.100000, -0.019000, 99026740.000000, 54284250.000000, 0.025000, 1.000000, 0, 3, 0, 2, 1, 0, 0, 0, 0, 0, 0, 0, 0, 0, 0, 0, 0, 0, 0, 0, 0, 0, 0, 0, 0, 0, 0, 0, 0, 0, 0, 0
node[1], 2588848963, 322, 8.624564, 0.100000, 0.000000, 99026730.000000, 54278460.000000, 0.025000, 1.000000, 0, 3, 0, 3, 0, 0, 0, 0, 0, 0, 0, 0, 0, 0, 0, 0, 0, 0, 0, 0, 0, 0, 0, 0, 0, 0, 0, 0, 0, 0, 0, 0
node[2], 2774094101, 323, 8.638587, 0.100000, 0.000000, 99026740.000000, 54281360.000000, 0.025000, 1.000000, 0, 3, 0, 3, 0, 0, 0, 0, 0, 0, 0, 0, 0, 0, 0, 0, 0, 0, 0, 0, 0, 0, 0, 0, 0, 0, 0, 0, 0, 0, 0, 0
node[0], 2357136044, 324, 8.645266, 0.100000, 0.000000, 99026730.000000, 54275570.000000, 0.025000, 1.000000, 0, 3, 0, 2, 1, 0, 0, 0, 0, 0, 0, 0, 0, 0, 0, 0, 0, 0, 0, 0, 0, 0, 0, 0, 0, 0, 0, 0, 0, 0, 0, 0
node[3], 1277901399, 325, 8.700713, 0.100000, -0.017000, 99026740.000000, 54284250.000000, 0.025000, 1.000000, 0, 3, 0, 2, 1, 0, 0, 0, 0, 0, 0, 0, 0, 0, 0, 0, 0, 0, 0, 0, 0, 0, 0, 0, 0, 0, 0, 0, 0, 0, 0, 0
node[1], 2588848963, 326, 8.724564, 0.100000, 0.000000, 99026730.000000, 54278460.000000, 0.025000, 1.000000, 0, 3, 0, 3, 0, 0, 0, 0, 0, 0, 0, 0, 0, 0, 0, 0, 0, 0, 0, 0, 0, 0, 0, 0, 0, 0, 0, 0, 0, 0, 0, 0
node[2], 2774094101, 327, 8.738587, 0.100000, -0.020000, 99026740.000000, 54281360.000000, 0.025000, 1.000000, 0, 3, 0, 3, 0, 0, 0, 0, 0, 0, 0, 0, 0, 0, 0, 0, 0, 0, 0, 0, 0, 0, 0, 0, 0, 0, 0, 0, 0, 0, 0, 0
node[0], 2357136044, 328, 8.745266, 0.100000, -0.024000, 99026730.000000, 54275570.000000, 0.025000, 1.000000, 0, 3, 0, 2, 1, 0, 0, 0, 0, 0, 0, 0, 0, 0, 0, 0, 0, 0, 0, 0, 0, 0, 0, 0, 0, 0, 0, 0, 0, 0, 0, 0
node[3], 1277901399, 329, 8.800713, 0.100000, -0.018000, 99026740.000000, 54284250.000000, 0.025000, 1.000000, 0, 3, 0, 2, 1, 0, 0, 0, 0, 0, 0, 0, 0, 0, 0, 0, 0, 0, 0, 0, 0, 0, 0, 0, 0, 0, 0, 0, 0, 0, 0, 0
node[1], 2588848963, 330, 8.824564, 0.100000, 0.000000, 99026730.000000, 54278460.000000, 0.025000, 1.000000, 0, 3, 0, 3, 0, 0, 0, 0, 0, 0, 0, 0, 0, 0, 0, 0, 0, 0, 0, 0, 0, 0, 0, 0, 0, 0, 0, 0, 0, 0, 0, 0
node[2], 2774094101, 331, 8.838587, 0.100000, 0.000000, 99026740.000000, 54281360.000000, 0.025000, 1.000000, 0, 3, 0, 3, 0, 0, 0, 0, 0, 0, 0, 0, 0, 0, 0, 0, 0, 0, 0, 0, 0, 0, 0, 0, 0, 0, 0, 0, 0, 0, 0, 0
node[0], 2357136044, 332, 8.845266, 0.100000, 0.000000, 99026730.000000, 54275570.000000, 0.025000, 1.000000, 0, 3, 0, 2, 1, 0, 0, 0, 0, 0, 0, 0, 0, 0, 0, 0, 0, 0, 0, 0, 0, 0, 0, 0, 0, 0, 0, 0, 0, 0, 0, 0
node[3], 1277901399, 333, 8.900713, 0.100000, 0.000000, 99026740.000000, 54284250.000000, 0.025000, 1.000000, 0, 3, 0, 2, 1, 0, 0, 0, 0, 0, 0, 0, 0, 0, 0, 0, 0, 0, 0, 0, 0, 0, 0, 0, 0, 0, 0, 0, 0, 0, 0, 0
node[1], 2588848963, 334, 8.924564, 0.100000, 0.000000, 99026730.000000, 54278460.000000, 0.025000, 1.000000, 0, 3, 0, 3, 0, 0, 0, 0, 0, 0, 0, 0, 0, 0, 0, 0, 0, 0, 0, 0, 0, 0, 0, 0, 0, 0, 0, 0, 0, 0, 0, 0
node[2], 2774094101, 335, 8.938587, 0.100000, -0.024000, 99026740.000000, 54281360.000000, 0.025000, 1.000000, 0, 3, 0, 3, 0, 0, 0, 0, 0, 0, 0, 0, 0, 0, 0, 0, 0, 0, 0, 0, 0, 0, 0, 0, 0, 0, 0, 0, 0, 0, 0, 0
node[0], 2357136044, 336, 8.945266, 0.100000, -0.024000, 99026730.000000, 54275570.000000, 0.025000, 1.000000, 0, 3, 0, 2, 1, 0, 0, 0, 0, 0, 0, 0, 0, 0, 0, 0, 0, 0, 0, 0, 0, 0, 0, 0, 0, 0, 0, 0, 0, 0, 0, 0
node[3], 1277901399, 337, 9.000713, 0.100000, 0.000000, 99026740.000000, 54284250.000000, 0.025000, 1.000000, 0, 3, 0, 2, 1, 0, 0, 0, 0, 0, 0, 0, 0, 0, 0, 0, 0, 0, 0, 0, 0, 0, 0, 0, 0, 0, 0, 0, 0, 0, 0, 0
node[1], 2588848963, 338, 9.024564, 0.100000, 0.000000, 99026730.000000, 54278460.000000, 0.025000, 1.000000, 0, 3, 0, 3, 0, 0, 0, 0, 0, 0, 0, 0, 0, 0, 0, 0, 0, 0, 0, 0, 0, 0, 0, 0, 0, 0, 0, 0, 0, 0, 0, 0
node[2], 2774094101, 339, 9.038587, 0.100000, 0.000000, 99026740.000000, 54281360.000000, 0.025000, 1.000000, 0, 3, 0, 3, 0, 0, 0, 0, 0, 0, 0, 0, 0, 0, 0, 0, 0, 0, 0, 0, 0, 0, 0, 0, 0, 0, 0, 0, 0, 0, 0, 0
node[0], 2357136044, 340, 9.045266, 0.100000, -0.002000, 99026730.000000, 54275570.000000, 0.025000, 1.000000, 0, 3, 0, 2, 1, 0, 0, 0, 0, 0, 0, 0, 0, 0, 0, 0, 0, 0, 0, 0, 0, 0, 0, 0, 0, 0, 0, 0, 0, 0, 0, 0
node[3], 1277901399, 341, 9.100713, 0.100000, 0.000000, 99026740.000000, 54284250.000000, 0.025000, 1.000000, 0, 3, 0, 2, 1, 0, 0, 0, 0, 0, 0, 0, 0, 0, 0, 0, 0, 0, 0, 0, 0, 0, 0, 0, 0, 0, 0, 0, 0, 0, 0, 0
node[1], 2588848963, 342, 9.124564, 0.100000, 0.000000, 99026730.000000, 54278460.000000, 0.025000, 1.000000, 0, 3, 0, 3, 0, 0, 0, 0, 0, 0, 0, 0, 0, 0, 0, 0, 0, 0, 0, 0, 0, 0, 0, 0, 0, 0, 0, 0, 0, 0, 0, 0
node[2], 2774094101, 343, 9.138587, 0.100000, 0.000000, 99026740.000000, 54281360.000000, 0.025000, 1.000000, 0, 3, 0, 3, 0, 0, 0, 0, 0, 0, 0, 0, 0, 0, 0, 0, 0, 0, 0, 0, 0, 0, 0, 0, 0, 0, 0, 0, 0, 0, 0, 0
node[0], 2357136044, 344, 9.145266, 0.100000, 0.000000, 99026730.000000, 54275570.000000, 0.025000, 1.000000, 0, 3, 0, 2, 1, 0, 0, 0, 0, 0, 0, 0, 0, 0, 0, 0, 0, 0, 0, 0, 0, 0, 0, 0, 0, 0, 0, 0, 0, 0, 0, 0
node[3], 1277901399, 345, 9.200713, 0.100000, 0.000000, 99026740.000000, 54284250.000000, 0.025000, 1.000000, 0, 3, 0, 2, 1, 0, 0, 0, 0, 0, 0, 0, 0, 0, 0, 0, 0, 0, 0, 0, 0, 0, 0, 0, 0, 0, 0, 0, 0, 0, 0, 0
node[1], 2588848963, 346, 9.224564, 0.100000, -0.001000, 99026730.000000, 54278460.000000, 0.025000, 1.000000, 0, 3, 0, 3, 0, 0, 0, 0, 0, 0, 0, 0, 0, 0, 0, 0, 0, 0, 0, 0, 0, 0, 0, 0, 0, 0, 0, 0, 0, 0, 0, 0
node[2], 2774094101, 347, 9.238587, 0.100000, 0.000000, 99026740.000000, 54281360.000000, 0.025000, 1.000000, 0, 3, 0, 3, 0, 0, 0, 0, 0, 0, 0, 0, 0, 0, 0, 0, 0, 0, 0, 0, 0, 0, 0, 0, 0, 0, 0, 0, 0, 0, 0, 0
node[0], 2357136044, 348, 9.245266, 0.100000, -0.012000, 99026730.000000, 54275570.000000, 0.025000, 1.000000, 0, 3, 0, 2, 1, 0, 0, 0, 0, 0, 0, 0, 0, 0, 0, 0, 0, 0, 0, 0, 0, 0, 0, 0, 0, 0, 0, 0, 0, 0, 0, 0
node[3], 1277901399, 349, 9.300713, 0.100000, 0.000000, 99026740.000000, 54284250.000000, 0.025000, 1.000000, 0, 3, 0, 2, 1, 0, 0, 0, 0, 0, 0, 0, 0, 0, 0, 0, 0, 0, 0, 0, 0, 0, 0, 0, 0, 0, 0, 0, 0, 0, 0, 0
node[1], 2588848963, 350, 9.324564, 0.100000, 0.000000, 99026730.000000, 54278460.000000, 0.025000, 1.000000, 0, 3, 0, 3, 0, 0, 0, 0, 0, 0, 0, 0, 0, 0, 0, 0, 0, 0, 0, 0, 0, 0, 0, 0, 0, 0, 0, 0, 0, 0, 0, 0
node[2], 2774094101, 351, 9.338587, 0.100000, -0.014000, 99026740.000000, 54281360.000000, 0.025000, 1.000000, 0, 3, 0, 3, 0, 0, 0, 0, 0, 0, 0, 0, 0, 0, 0, 0, 0, 0, 0, 0, 0, 0, 0, 0, 0, 0, 0, 0, 0, 0, 0, 0
node[0], 2357136044, 352, 9.345266, 0.100000, 0.000000, 99026730.000000, 54275570.000000, 0.025000, 1.000000, 0, 3, 0, 2, 1, 0, 0, 0, 0, 0, 0, 0, 0, 0, 0, 0, 0, 0, 0, 0, 0, 0, 0, 0, 0, 0, 0, 0, 0, 0, 0, 0
node[3], 1277901399, 353, 9.400713, 0.100000, -0.012000, 99026740.000000, 54284250.000000, 0.025000, 1.000000, 0, 3, 0, 2, 1, 0, 0, 0, 0, 0, 0, 0, 0, 0, 0, 0, 0, 0, 0, 0, 0, 0, 0, 0, 0, 0, 0, 0, 0, 0, 0, 0
node[1], 2588848963, 354, 9.424564, 0.100000, -0.003000, 99026730.000000, 54278460.000000, 0.025000, 1.000000, 0, 3, 0, 3, 0, 0, 0, 0, 0, 0, 0, 0, 0, 0, 0, 0, 0, 0, 0, 0, 0, 0, 0, 0, 0, 0, 0, 0, 0, 0, 0, 0
node[2], 2774094101, 355, 9.438587, 0.100000, 0.000000, 99026740.000000, 54281360.000000, 0.025000, 1.000000, 0, 3, 0, 3, 0, 0, 0, 0, 0, 0, 0, 0, 0, 0, 0, 0, 0, 0, 0, 0, 0, 0, 0, 0, 0, 0, 0, 0, 0, 0, 0, 0
node[0], 2357136044, 356, 9.445266, 0.100000, 0.000000, 99026730.000000, 54275570.000000, 0.025000, 1.000000, 0, 3, 0, 2, 1, 0, 0, 0, 0, 0, 0, 0, 0, 0, 0, 0, 0, 0, 0, 0, 0, 0, 0, 0, 0, 0, 0, 0, 0, 0, 0, 0
node[3], 1277901399, 357, 9.500713, 0.100000, 0.000000, 99026740.000000, 54284250.000000, 0.025000, 1.000000, 0, 3, 0, 2, 1, 0, 0, 0, 0, 0, 0, 0, 0, 0, 0, 0, 0, 0, 0, 0, 0, 0, 0, 0, 0, 0, 0, 0, 0, 0, 0, 0
node[1], 2588848963, 358, 9.524564, 0.100000, 0.000000, 99026730.000000, 54278460.000000, 0.025000, 1.000000, 0, 3, 0, 3, 0, 0, 0, 0, 0, 0, 0, 0, 0, 0, 0, 0, 0, 0, 0, 0, 0, 0, 0, 0, 0, 0, 0, 0, 0, 0, 0, 0
node[2], 2774094101, 359, 9.538587, 0.100000, 0.000000, 99026740.000000, 54281360.000000, 0.025000, 1.000000, 0, 3, 0, 3, 0, 0, 0, 0, 0, 0, 0, 0, 0, 0, 0, 0, 0, 0, 0, 0, 0, 0, 0, 0, 0, 0, 0, 0, 0, 0, 0, 0
node[0], 2357136044, 360, 9.545266, 0.100000, 0.000000, 99026730.000000, 54275570.000000, 0.025000, 1.000000, 0, 3, 0, 2, 1, 0, 0, 0, 0, 0, 0, 0, 0, 0, 0, 0, 0, 0, 0, 0, 0, 0, 0, 0, 0, 0, 0, 0, 0, 0, 0, 0
node[3], 1277901399, 361, 9.600713, 0.100000, 0.000000, 99026740.000000, 54284250.000000, 0.025000, 1.000000, 0, 3, 0, 2, 1, 0, 0, 0, 0, 0, 0, 0, 0, 0, 0, 0, 0, 0, 0, 0, 0, 0, 0, 0, 0, 0, 0, 0, 0, 0, 0, 0
node[1], 2588848963, 362, 9.624564, 0.100000, 0.000000, 99026730.000000, 54278460.000000, 0.025000, 1.000000, 0, 3, 0, 3, 0, 0, 0, 0, 0, 0, 0, 0, 0, 0, 0, 0, 0, 0, 0, 0, 0, 0, 0, 0, 0, 0, 0, 0, 0, 0, 0, 0
node[2], 2774094101, 363, 9.638587, 0.100000, 0.000000, 99026740.000000, 54281360.000000, 0.025000, 1.000000, 0, 3, 0, 3, 0, 0, 0, 0, 0, 0, 0, 0, 0, 0, 0, 0, 0, 0, 0, 0, 0, 0, 0, 0, 0, 0, 0, 0, 0, 0, 0, 0
node[0], 2357136044, 364, 9.645266, 0.100000, -0.019000, 99026730.000000, 54275570.000000, 0.025000, 1.000000, 0, 3, 0, 2, 1, 0, 0, 0, 0, 0, 0, 0, 0, 0, 0, 0, 0, 0, 0, 0, 0, 0, 0, 0, 0, 0, 0, 0, 0, 0, 0, 0
node[3], 1277901399, 365, 9.700713, 0.100000, 0.000000, 99026740.000000, 54284250.000000, 0.025000, 1.000000, 0, 3, 0, 2, 1, 0, 0, 0, 0, 0, 0, 0, 0, 0, 0, 0, 0, 0, 0, 0, 0, 0, 0, 0, 0, 0, 0, 0, 0, 0, 0, 0
node[1], 2588848963, 366, 9.724564, 0.100000, 0.000000, 99026730.000000, 54278460.000000, 0.025000, 1.000000, 0, 3, 0, 3, 0, 0, 0, 0, 0, 0, 0, 0, 0, 0, 0, 0, 0, 0, 0, 0, 0, 0, 0, 0, 0, 0, 0, 0, 0, 0, 0, 0
node[2], 2774094101, 367, 9.738587, 0.100000, -0.005000, 99026740.000000, 54281360.000000, 0.025000, 1.000000, 0, 3, 0, 3, 0, 0, 0, 0, 0, 0, 0, 0, 0, 0, 0, 0, 0, 0, 0, 0, 0, 0, 0, 0, 0, 0, 0, 0, 0, 0, 0, 0
node[0], 2357136044, 368, 9.745266, 0.100000, -0.003000, 99026730.000000, 54275570.000000, 0.025000, 1.000000, 0, 3, 0, 2, 1, 0, 0, 0, 0, 0, 0, 0, 0, 0, 0, 0, 0, 0, 0, 0, 0, 0, 0, 0, 0, 0, 0, 0, 0, 0, 0, 0
node[3], 1277901399, 369, 9.800713, 0.100000, 0.000000, 99026740.000000, 54284250.000000, 0.025000, 1.000000, 0, 3, 0, 2, 1, 0, 0, 0, 0, 0, 0, 0, 0, 0, 0, 0, 0, 0, 0, 0, 0, 0, 0, 0, 0, 0, 0, 0, 0, 0, 0, 0
node[1], 2588848963, 370, 9.824564, 0.100000, 0.000000, 99026730.000000, 54278460.000000, 0.025000, 1.000000, 0, 3, 0, 3, 0, 0, 0, 0, 0, 0, 0, 0, 0, 0, 0, 0, 0, 0, 0, 0, 0, 0, 0, 0, 0, 0, 0, 0, 0, 0, 0, 0
node[2], 2774094101, 371, 9.838587, 0.100000, -0.015000, 99026740.000000, 54281360.000000, 0.025000, 1.000000, 0, 3, 0, 3, 0, 0, 0, 0, 0, 0, 0, 0, 0, 0, 0, 0, 0, 0, 0, 0, 0, 0, 0, 0, 0, 0, 0, 0, 0, 0, 0, 0
node[0], 2357136044, 372, 9.845266, 0.100000, 0.000000, 99026730.000000, 54275570.000000, 0.025000, 1.000000, 0, 3, 0, 2, 1, 0, 0, 0, 0, 0, 0, 0, 0, 0, 0, 0, 0, 0, 0, 0, 0, 0, 0, 0, 0, 0, 0, 0, 0, 0, 0, 0
node[3], 1277901399, 373, 9.900713, 0.100000, 0.000000, 99026740.000000, 54284250.000000, 0.025000, 1.000000, 0, 3, 0, 2, 1, 0, 0, 0, 0, 0, 0, 0, 0, 0, 0, 0, 0, 0, 0, 0, 0, 0, 0, 0, 0, 0, 0, 0, 0, 0, 0, 0
node[1], 2588848963, 374, 9.924564, 0.100000, 0.000000, 99026730.000000, 54278460.000000, 0.025000, 1.000000, 0, 3, 0, 3, 0, 0, 0, 0, 0, 0, 0, 0, 0, 0, 0, 0, 0, 0, 0, 0, 0, 0, 0, 0, 0, 0, 0, 0, 0, 0, 0, 0
node[2], 2774094101, 375, 9.938587, 0.100000, -0.011000, 99026740.000000, 54281360.000000, 0.025000, 1.000000, 0, 3, 0, 3, 0, 0, 0, 0, 0, 0, 0, 0, 0, 0, 0, 0, 0, 0, 0, 0, 0, 0, 0, 0, 0, 0, 0, 0, 0, 0, 0, 0
node[0], 2357136044, 376, 9.945266, 0.100000, 0.000000, 99026730.000000, 54275570.000000, 0.025000, 1.000000, 0, 3, 0, 2, 1, 0, 0, 0, 0, 0, 0, 0, 0, 0, 0, 0, 0, 0, 0, 0, 0, 0, 0, 0, 0, 0, 0, 0, 0, 0, 0, 0
node[3], 1277901399, 377, 10.000713, 0.100000, 0.000000, 99026740.000000, 54284250.000000, 0.025000, 1.000000, 0, 3, 0, 2, 1, 0, 0, 0, 0, 0, 0, 0, 0, 0, 0, 0, 0, 0, 0, 0, 0, 0, 0, 0, 0, 0, 0, 0, 0, 0, 0, 0
node[1], 2588848963, 378, 10.024564, 0.100000, -0.018000, 99026730.000000, 54278460.000000, 0.025000, 1.000000, 0, 3, 0, 3, 0, 0, 0, 0, 0, 0, 0, 0, 0, 0, 0, 0, 0, 0, 0, 0, 0, 0, 0, 0, 0, 0, 0, 0, 0, 0, 0, 0
node[2], 2774094101, 379, 10.038587, 0.100000, 0.000000, 99026740.000000, 54281360.000000, 0.025000, 1.000000, 0, 3, 0, 3, 0, 0, 0, 0, 0, 0, 0, 0, 0, 0, 0, 0, 0, 0, 0, 0, 0, 0, 0, 0, 0, 0, 0, 0, 0, 0, 0, 0
node[0], 2357136044, 380, 10.045266, 0.100000, 0.000000, 99026730.000000, 54275570.000000, 0.025000, 1.000000, 0, 3, 0, 2, 1, 0, 0, 0, 0, 0, 0, 0, 0, 0, 0, 0, 0, 0, 0, 0, 0, 0, 0, 0, 0, 0, 0, 0, 0, 0, 0, 0
node[3], 1277901399, 381, 10.100713, 0.100000, -0.016000, 99026740.000000, 54284250.000000, 0.025000, 1.000000, 0, 3, 0, 2, 1, 0, 0, 0, 0, 0, 0, 0, 0, 0, 0, 0, 0, 0, 0, 0, 0, 0, 0, 0, 0, 0, 0, 0, 0, 0, 0, 0
node[1], 2588848963, 382, 10.124564, 0.100000, 0.000000, 99026730.000000, 54278460.000000, 0.025000, 1.000000, 0, 3, 0, 3, 0, 0, 0, 0, 0, 0, 0, 0, 0, 0, 0, 0, 0, 0, 0, 0, 0, 0, 0, 0, 0, 0, 0, 0, 0, 0, 0, 0
node[2], 2774094101, 383, 10.138587, 0.100000, 0.000000, 99026740.000000, 54281360.000000, 0.025000, 1.000000, 0, 3, 0, 3, 0, 0, 0, 0, 0, 0, 0, 0, 0, 0, 0, 0, 0, 0, 0, 0, 0, 0, 0, 0, 0, 0, 0, 0, 0, 0, 0, 0
node[0], 2357136044, 384, 10.145266, 0.100000, -0.018000, 99026730.000000, 54275570.000000, 0.025000, 1.000000, 0, 3, 0, 2, 1, 0, 0, 0, 0, 0, 0, 0, 0, 0, 0, 0, 0, 0, 0, 0, 0, 0, 0, 0, 0, 0, 0, 0, 0, 0, 0, 0
node[3], 1277901399, 385, 10.200713, 0.100000, 0.000000, 99026740.000000, 54284250.000000, 0.025000, 1.000000, 0, 3, 0, 2, 1, 0, 0, 0, 0, 0, 0, 0, 0, 0, 0, 0, 0, 0, 0, 0, 0, 0, 0, 0, 0, 0, 0, 0, 0, 0, 0, 0
node[1], 2588848963, 386, 10.224564, 0.100000, -0.004000, 99026730.000000, 54278460.000000, 0.025000, 1.000000, 0, 3, 0, 3, 0, 0, 0, 0, 0, 0, 0, 0, 0, 0, 0, 0, 0, 0, 0, 0, 0, 0, 0, 0, 0, 0, 0, 0, 0, 0, 0, 0
node[2], 2774094101, 387, 10.238587, 0.100000, -0.016000, 99026740.000000, 54281360.000000, 0.025000, 1.000000, 0, 3, 0, 3, 0, 0, 0, 0, 0, 0, 0, 0, 0, 0, 0, 0, 0, 0, 0, 0, 0, 0, 0, 0, 0, 0, 0, 0, 0, 0, 0, 0
node[0], 2357136044, 388, 10.245266, 0.100000, -0.010000, 99026730.000000, 54275570.000000, 0.025000, 1.000000, 0, 3, 0, 2, 1, 0, 0, 0, 0, 0, 0, 0, 0, 0, 0, 0, 0, 0, 0, 0, 0, 0, 0, 0, 0, 0, 0, 0, 0, 0, 0, 0
node[3], 1277901399, 389, 10.300713, 0.100000, 0.000000, 99026740.000000, 54284250.000000, 0.025000, 1.000000, 0, 3, 0, 2, 1, 0, 0, 0, 0, 0, 0, 0, 0, 0, 0, 0, 0, 0, 0, 0, 0, 0, 0, 0, 0, 0, 0, 0, 0, 0, 0, 0
node[1], 2588848963, 390, 10.324564, 0.100000, -0.016000, 99026730.000000, 54278460.000000, 0.025000, 1.000000, 0, 3, 0, 3, 0, 0, 0, 0, 0, 0, 0, 0, 0, 0, 0, 0, 0, 0, 0, 0, 0, 0, 0, 0, 0, 0, 0, 0, 0, 0, 0, 0
node[2], 2774094101, 391, 10.338587, 0.100000, -0.011000, 99026740.000000, 54281360.000000, 0.025000, 1.000000, 0, 3, 0, 3, 0, 0, 0, 0, 0, 0, 0, 0, 0, 0, 0, 0, 0, 0, 0, 0, 0, 0, 0, 0, 0, 0, 0, 0, 0, 0, 0, 0
node[0], 2357136044, 392, 10.345266, 0.100000, 0.000000, 99026730.000000, 54275570.000000, 0.025000, 1.000000, 0, 3, 0, 2, 1, 0, 0, 0, 0, 0, 0, 0, 0, 0, 0, 0, 0, 0, 0, 0, 0, 0, 0, 0, 0, 0, 0, 0, 0, 0, 0, 0
node[3], 1277901399, 393, 10.400713, 0.100000, 0.000000, 99026740.000000, 54284250.000000, 0.025000, 1.000000, 0, 3, 0, 2, 1, 0, 0, 0, 0, 0, 0, 0, 0, 0, 0, 0, 0, 0, 0, 0, 0, 0, 0, 0, 0, 0, 0, 0, 0, 0, 0, 0
node[1], 2588848963, 394, 10.424564, 0.100000, -0.021000, 99026730.000000, 54278460.000000, 0.025000, 1.000000, 0, 3, 0, 3, 0, 0, 0, 0, 0, 0, 0, 0, 0, 0, 0, 0, 0, 0, 0, 0, 0, 0, 0, 0, 0, 0, 0, 0, 0, 0, 0, 0
node[2], 2774094101, 395, 10.438587, 0.100000, 0.000000, 99026740.000000, 54281360.000000, 0.025000, 1.000000, 0, 3, 0, 3, 0, 0, 0, 0, 0, 0, 0, 0, 0, 0, 0, 0, 0, 0, 0, 0, 0, 0, 0, 0, 0, 0, 0, 0, 0, 0, 0, 0
node[0], 2357136044, 396, 10.445266, 0.100000, 0.000000, 99026730.000000, 54275570.000000, 0.025000, 1.000000, 0, 3, 0, 2, 1, 0, 0, 0, 0, 0, 0, 0, 0, 0, 0, 0, 0, 0, 0, 0, 0, 0, 0, 0, 0, 0, 0, 0, 0, 0, 0, 0
node[3], 1277901399, 397, 10.500713, 0.100000, 0.000000, 99026740.000000, 54284250.000000, 0.025000, 1.000000, 0, 3, 0, 2, 1, 0, 0, 0, 0, 0, 0, 0, 0, 0, 0, 0, 0, 0, 0, 0, 0, 0, 0, 0, 0, 0, 0, 0, 0, 0, 0, 0
node[1], 2588848963, 398, 10.524564, 0.100000, 0.000000, 99026730.000000, 54278460.000000, 0.025000, 1.000000, 0, 3, 0, 3, 0, 0, 0, 0, 0, 0, 0, 0, 0, 0, 0, 0, 0, 0, 0, 0, 0, 0, 0, 0, 0, 0, 0, 0, 0, 0, 0, 0
node[2], 2774094101, 399, 10.538587, 0.100000, 0.000000, 99026740.000000, 54281360.000000, 0.025000, 1.000000, 0, 3, 0, 3, 0, 0, 0, 0, 0, 0, 0, 0, 0, 0, 0, 0, 0, 0, 0, 0, 0, 0, 0, 0, 0, 0, 0, 0, 0, 0, 0, 0
node[0], 2357136044, 400, 10.545266, 0.100000, -0.004000, 99026730.000000, 54275570.000000, 0.025000, 1.000000, 0, 3, 0, 2, 1, 0, 0, 0, 0, 0, 0, 0, 0, 0, 0, 0, 0, 0, 0, 0, 0, 0, 0, 0, 0, 0, 0, 0, 0, 0, 0, 0
node[3], 1277901399, 401, 10.600713, 0.100000, 0.000000, 99026740.000000, 54284250.000000, 0.025000, 1.000000, 0, 3, 0, 2, 1, 0, 0, 0, 0, 0, 0, 0, 0, 0, 0, 0, 0, 0, 0, 0, 0, 0, 0, 0, 0, 0, 0, 0, 0, 0, 0, 0
node[1], 2588848963, 402, 10.624564, 0.100000, 0.000000, 99026730.000000, 54278460.000000, 0.025000, 1.000000, 0, 3, 0, 3, 0, 0, 0, 0, 0, 0, 0, 0, 0, 0, 0, 0, 0, 0, 0, 0, 0, 0, 0, 0, 0, 0, 0, 0, 0, 0, 0, 0
node[2], 2774094101, 403, 10.638587, 0.100000, 0.000000, 99026740.000000, 54281360.000000, 0.025000, 1.000000, 0, 3, 0, 3, 0, 0, 0, 0, 0, 0, 0, 0, 0, 0, 0, 0, 0, 0, 0, 0, 0, 0, 0, 0, 0, 0, 0, 0, 0, 0, 0, 0
node[0], 2357136044, 404, 10.645266, 0.100000, 0.000000, 99026730.000000, 54275570.000000, 0.025000, 1.000000, 0, 3, 0, 2, 1, 0, 0, 0, 0, 0, 0, 0, 0, 0, 0, 0, 0, 0, 0, 0, 0, 0, 0, 0, 0, 0, 0, 0, 0, 0, 0, 0
node[3], 1277901399, 405, 10.700713, 0.100000, 0.000000, 99026740.000000, 54284250.000000, 0.025000, 1.000000, 0, 3, 0, 2, 1, 0, 0, 0, 0, 0, 0, 0, 0, 0, 0, 0, 0, 0, 0, 0, 0, 0, 0, 0, 0, 0, 0, 0, 0, 0, 0, 0
node[1], 2588848963, 406, 10.724564, 0.100000, 0.000000, 99026730.000000, 54278460.000000, 0.025000, 1.000000, 0, 3, 0, 3, 0, 0, 0, 0, 0, 0, 0, 0, 0, 0, 0, 0, 0, 0, 0, 0, 0, 0, 0, 0, 0, 0, 0, 0, 0, 0, 0, 0
node[2], 2774094101, 407, 10.738587, 0.100000, -0.024000, 99026740.000000, 54281360.000000, 0.025000, 1.000000, 0, 3, 0, 3, 0, 0, 0, 0, 0, 0, 0, 0, 0, 0, 0, 0, 0, 0, 0, 0, 0, 0, 0, 0, 0, 0, 0, 0, 0, 0, 0, 0
node[0], 2357136044, 408, 10.745266, 0.100000, 0.000000, 99026730.000000, 54275570.000000, 0.025000, 1.000000, 0, 3, 0, 2, 1, 0, 0, 0, 0, 0, 0, 0, 0, 0, 0, 0, 0, 0, 0, 0, 0, 0, 0, 0, 0, 0, 0, 0, 0, 0, 0, 0
node[3], 1277901399, 409, 10.800713, 0.100000, 0.000000, 99026740.000000, 54284250.000000, 0.025000, 1.000000, 0, 3, 0, 2, 1, 0, 0, 0, 0, 0, 0, 0, 0, 0, 0, 0, 0, 0, 0, 0, 0, 0, 0, 0, 0, 0, 0, 0, 0, 0, 0, 0
node[1], 2588848963, 410, 10.824564, 0.100000, 0.000000, 99026730.000000, 54278460.000000, 0.025000, 1.000000, 0, 3, 0, 3, 0, 0, 0, 0, 0, 0, 0, 0, 0, 0, 0, 0, 0, 0, 0, 0, 0, 0, 0, 0, 0, 0, 0, 0, 0, 0, 0, 0
node[2], 2774094101, 411, 10.838587, 0.100000, -0.016000, 99026740.000000, 54281360.000000, 0.025000, 1.000000, 0, 3, 0, 3, 0, 0, 0, 0, 0, 0, 0, 0, 0, 0, 0, 0, 0, 0, 0, 0, 0, 0, 0, 0, 0, 0, 0, 0, 0, 0, 0, 0
node[0], 2357136044, 412, 10.845266, 0.100000, 0.000000, 99026730.000000, 54275570.000000, 0.025000, 1.000000, 0, 3, 0, 2, 1, 0, 0, 0, 0, 0, 0, 0, 0, 0, 0, 0, 0, 0, 0, 0, 0, 0, 0, 0, 0, 0, 0, 0, 0, 0, 0, 0
node[3], 1277901399, 413, 10.900713, 0.100000, -0.017000, 99026740.000000, 54284250.000000, 0.025000, 1.000000, 0, 3, 0, 2, 1, 0, 0, 0, 0, 0, 0, 0, 0, 0, 0, 0, 0, 0, 0, 0, 0, 0, 0, 0, 0, 0, 0, 0, 0, 0, 0, 0
node[1], 2588848963, 414, 10.924564, 0.100000, 0.000000, 99026730.000000, 54278460.000000, 0.025000, 1.000000, 0, 3, 0, 3, 0, 0, 0, 0, 0, 0, 0, 0, 0, 0, 0, 0, 0, 0, 0, 0, 0, 0, 0, 0, 0, 0, 0, 0, 0, 0, 0, 0
node[2], 2774094101, 415, 10.938587, 0.100000, 0.000000, 99026740.000000, 54281360.000000, 0.025000, 1.000000, 0, 3, 0, 3, 0, 0, 0, 0, 0, 0, 0, 0, 0, 0, 0, 0, 0, 0, 0, 0, 0, 0, 0, 0, 0, 0, 0, 0, 0, 0, 0, 0
node[0], 2357136044, 416, 10.945266, 0.100000, 0.000000, 99026730.000000, 54275570.000000, 0.025000, 1.000000, 0, 3, 0, 2, 1, 0, 0, 0, 0, 0, 0, 0, 0, 0, 0, 0, 0, 0, 0, 0, 0, 0, 0, 0, 0, 0, 0, 0, 0, 0, 0, 0
node[3], 1277901399, 417, 11.000713, 0.100000, 0.000000, 99026740.000000, 54284250.000000, 0.025000, 1.000000, 0, 3, 0, 2, 1, 0, 0, 0, 0, 0, 0, 0, 0, 0, 0, 0, 0, 0, 0, 0, 0, 0, 0, 0, 0, 0, 0, 0, 0, 0, 0, 0
node[1], 2588848963, 418, 11.024564, 0.100000, -0.014000, 99026730.000000, 54278460.000000, 0.025000, 1.000000, 0, 3, 0, 3, 0, 0, 0, 0, 0, 0, 0, 0, 0, 0, 0, 0, 0, 0, 0, 0, 0, 0, 0, 0, 0, 0, 0, 0, 0, 0, 0, 0
node[2], 2774094101, 419, 11.038587, 0.100000, 0.000000, 99026740.000000, 54281360.000000, 0.025000, 1.000000, 0, 3, 0, 3, 0, 0, 0, 0, 0, 0, 0, 0, 0, 0, 0, 0, 0, 0, 0, 0, 0, 0, 0, 0, 0, 0, 0, 0, 0, 0, 0, 0
node[0], 2357136044, 420, 11.045266, 0.100000, -0.017000, 99026730.000000, 54275570.000000, 0.025000, 1.000000, 0, 3, 0, 2, 1, 0, 0, 0, 0, 0, 0, 0, 0, 0, 0, 0, 0, 0, 0, 0, 0, 0, 0, 0, 0, 0, 0, 0, 0, 0, 0, 0
node[3], 1277901399, 421, 11.100713, 0.100000, -0.003000, 99026740.000000, 54284250.000000, 0.025000, 1.000000, 0, 3, 0, 2, 1, 0, 0, 0, 0, 0, 0, 0, 0, 0, 0, 0, 0, 0, 0, 0, 0, 0, 0, 0, 0, 0, 0, 0, 0, 0, 0, 0
node[1], 2588848963, 422, 11.124564, 0.100000, -0.021000, 99026730.000000, 54278460.000000, 0.025000, 1.000000, 0, 3, 0, 3, 0, 0, 0, 0, 0, 0, 0, 0, 0, 0, 0, 0, 0, 0, 0, 0, 0, 0, 0, 0, 0, 0, 0, 0, 0, 0, 0, 0
node[2], 2774094101, 423, 11.138587, 0.100000, 0.000000, 99026740.000000, 54281360.000000, 0.025000, 1.000000, 0, 3, 0, 3, 0, 0, 0, 0, 0, 0, 0, 0, 0, 0, 0, 0, 0, 0, 0, 0, 0, 0, 0, 0, 0, 0, 0, 0, 0, 0, 0, 0
node[0], 2357136044, 424, 11.145266, 0.100000, -0.017000, 99026730.000000, 54275570.000000, 0.025000, 1.000000, 0, 3, 0, 2, 1, 0, 0, 0, 0, 0, 0, 0, 0, 0, 0, 0, 0, 0, 0, 0, 0, 0, 0, 0, 0, 0, 0, 0, 0, 0, 0, 0
node[3], 1277901399, 425, 11.200713, 0.100000, 0.000000, 99026740.000000, 54284250.000000, 0.025000, 1.000000, 0, 3, 0, 2, 1, 0, 0, 0, 0, 0, 0, 0, 0, 0, 0, 0, 0, 0, 0, 0, 0, 0, 0, 0, 0, 0, 0, 0, 0, 0, 0, 0
node[1], 2588848963, 426, 11.224564, 0.100000, -0.023000, 99026730.000000, 54278460.000000, 0.025000, 1.000000, 0, 3, 0, 3, 0, 0, 0, 0, 0, 0, 0, 0, 0, 0, 0, 0, 0, 0, 0, 0, 0, 0, 0, 0, 0, 0, 0, 0, 0, 0, 0, 0
node[2], 2774094101, 427, 11.238587, 0.100000, -0.023000, 99026740.000000, 54281360.000000, 0.025000, 1.000000, 0, 3, 0, 3, 0, 0, 0, 0, 0, 0, 0, 0, 0, 0, 0, 0, 0, 0, 0, 0, 0, 0, 0, 0, 0, 0, 0, 0, 0, 0, 0, 0
node[0], 2357136044, 428, 11.245266, 0.100000, 0.000000, 99026730.000000, 54275570.000000, 0.025000, 1.000000, 0, 3, 0, 2, 1, 0, 0, 0, 0, 0, 0, 0, 0, 0, 0, 0, 0, 0, 0, 0, 0, 0, 0, 0, 0, 0, 0, 0, 0, 0, 0, 0
node[3], 1277901399, 429, 11.300713, 0.100000, 0.000000, 99026740.000000, 54284250.000000, 0.025000, 1.000000, 0, 3, 0, 2, 1, 0, 0, 0, 0, 0, 0, 0, 0, 0, 0, 0, 0, 0, 0, 0, 0, 0, 0, 0, 0, 0, 0, 0, 0, 0, 0, 0
node[1], 2588848963, 430, 11.324564, 0.100000, 0.000000, 99026730.000000, 54278460.000000, 0.025000, 1.000000, 0, 3, 0, 3, 0, 0, 0, 0, 0, 0, 0, 0, 0, 0, 0, 0, 0, 0, 0, 0, 0, 0, 0, 0, 0, 0, 0, 0, 0, 0, 0, 0
node[2], 2774094101, 431, 11.338587, 0.100000, -0.021000, 99026740.000000, 54281360.000000, 0.025000, 1.000000, 0, 3, 0, 3, 0, 0, 0, 0, 0, 0, 0, 0, 0, 0, 0, 0, 0, 0, 0, 0, 0, 0, 0, 0, 0, 0, 0, 0, 0, 0, 0, 0
node[0], 2357136044, 432, 11.345266, 0.100000, -0.018000, 99026730.000000, 54275570.000000, 0.025000, 1.000000, 0, 3, 0, 2, 1, 0, 0, 0, 0, 0, 0, 0, 0, 0, 0, 0, 0, 0, 0, 0, 0, 0, 0, 0, 0, 0, 0, 0, 0, 0, 0, 0
node[3], 1277901399, 433, 11.400713, 0.100000, 0.000000, 99026740.000000, 54284250.000000, 0.025000, 1.000000, 0, 3, 0, 2, 1, 0, 0, 0, 0, 0, 0, 0, 0, 0, 0, 0, 0, 0, 0, 0, 0, 0, 0, 0, 0, 0, 0, 0, 0, 0, 0, 0
node[1], 2588848963, 434, 11.424564, 0.100000, -0.021000, 99026730.000000, 54278460.000000, 0.025000, 1.000000, 0, 3, 0, 3, 0, 0, 0, 0, 0, 0, 0, 0, 0, 0, 0, 0, 0, 0, 0, 0, 0, 0, 0, 0, 0, 0, 0, 0, 0, 0, 0, 0
node[2], 2774094101, 435, 11.438587, 0.100000, 0.000000, 99026740.000000, 54281360.000000, 0.025000, 1.000000, 0, 3, 0, 3, 0, 0, 0, 0, 0, 0, 0, 0, 0, 0, 0, 0, 0, 0, 0, 0, 0, 0, 0, 0, 0, 0, 0, 0, 0, 0, 0, 0
node[0], 2357136044, 436, 11.445266, 0.100000, 0.000000, 99026730.000000, 54275570.000000, 0.025000, 1.000000, 0, 3, 0, 2, 1, 0, 0, 0, 0, 0, 0, 0, 0, 0, 0, 0, 0, 0, 0, 0, 0, 0, 0, 0, 0, 0, 0, 0, 0, 0, 0, 0
node[3], 1277901399, 437, 11.500713, 0.100000, 0.000000, 99026740.000000, 54284250.000000, 0.025000, 1.000000, 0, 3, 0, 2, 1, 0, 0, 0, 0, 0, 0, 0, 0, 0, 0, 0, 0, 0, 0, 0, 0, 0, 0, 0, 0, 0, 0, 0, 0, 0, 0, 0
node[1], 2588848963, 438, 11.524564, 0.100000, 0.000000, 99026730.000000, 54278460.000000, 0.025000, 1.000000, 0, 3, 0, 3, 0, 0, 0, 0, 0, 0, 0, 0, 0, 0, 0, 0, 0, 0, 0, 0, 0, 0, 0, 0, 0, 0, 0, 0, 0, 0, 0, 0
node[2], 2774094101, 439, 11.538587, 0.100000, 0.000000, 99026740.000000, 54281360.000000, 0.025000, 1.000000, 0, 3, 0, 3, 0, 0, 0, 0, 0, 0, 0, 0, 0, 0, 0, 0, 0, 0, 0, 0, 0, 0, 0, 0, 0, 0, 0, 0, 0, 0, 0, 0
node[0], 2357136044, 440, 11.545266, 0.100000, -0.024000, 99026730.000000, 54275570.000000, 0.025000, 1.000000, 0, 3, 0, 2, 1, 0, 0, 0, 0, 0, 0, 0, 0, 0, 0, 0, 0, 0, 0, 0, 0, 0, 0, 0, 0, 0, 0, 0, 0, 0, 0, 0
node[3], 1277901399, 441, 11.600713, 0.100000, 0.000000, 99026740.000000, 54284250.000000, 0.025000, 1.000000, 0, 3, 0, 2, 1, 0, 0, 0, 0, 0, 0, 0, 0, 0, 0, 0, 0, 0, 0, 0, 0, 0, 0, 0, 0, 0, 0, 0, 0, 0, 0, 0
node[1], 2588848963, 442, 11.624564, 0.100000, 0.000000, 99026730.000000, 54278460.000000, 0.025000, 1.000000, 0, 3, 0, 3, 0, 0, 0, 0, 0, 0, 0, 0, 0, 0, 0, 0, 0, 0, 0, 0, 0, 0, 0, 0, 0, 0, 0, 0, 0, 0, 0, 0
node[2], 2774094101, 443, 11.638587, 0.100000, 0.000000, 99026740.000000, 54281360.000000, 0.025000, 1.000000, 0, 3, 0, 3, 0, 0, 0, 0, 0, 0, 0, 0, 0, 0, 0, 0, 0, 0, 0, 0, 0, 0, 0, 0, 0, 0, 0, 0, 0, 0, 0, 0
node[0], 2357136044, 444, 11.645266, 0.100000, -0.003000, 99026730.000000, 54275570.000000, 0.025000, 1.000000, 0, 3, 0, 2, 1, 0, 0, 0, 0, 0, 0, 0, 0, 0, 0, 0, 0, 0, 0, 0, 0, 0, 0, 0, 0, 0, 0, 0, 0, 0, 0, 0
node[3], 1277901399, 445, 11.700713, 0.100000, 0.000000, 99026740.000000, 54284250.000000, 0.025000, 1.000000, 0, 3, 0, 2, 1, 0, 0, 0, 0, 0, 0, 0, 0, 0, 0, 0, 0, 0, 0, 0, 0, 0, 0, 0, 0, 0, 0, 0, 0, 0, 0, 0
node[1], 2588848963, 446, 11.724564, 0.100000, 0.000000, 99026730.000000, 54278460.000000, 0.025000, 1.000000, 0, 3, 0, 3, 0, 0, 0, 0, 0, 0, 0, 0, 0, 0, 0, 0, 0, 0, 0, 0, 0, 0, 0, 0, 0, 0, 0, 0, 0, 0, 0, 0
node[2], 2774094101, 447, 11.738587, 0.100000, 0.000000, 99026740.000000, 54281360.000000, 0.025000, 1.000000, 0, 3, 0, 3, 0, 0, 0, 0, 0, 0, 0, 0, 0, 0, 0, 0, 0, 0, 0, 0, 0, 0, 0, 0, 0, 0, 0, 0, 0, 0, 0, 0
node[0], 2357136044, 448, 11.745266, 0.100000, 0.000000, 99026730.000000, 54275570.000000, 0.025000, 1.000000, 0, 3, 0, 2, 1, 0, 0, 0, 0, 0, 0, 0, 0, 0, 0, 0, 0, 0, 0, 0, 0, 0, 0, 0, 0, 0, 0, 0, 0, 0, 0, 0
node[3], 1277901399, 449, 11.800713, 0.100000, -0.005000, 99026740.000000, 54284250.000000, 0.025000, 1.000000, 0, 3, 0, 2, 1, 0, 0, 0, 0, 0, 0, 0, 0, 0, 0, 0, 0, 0, 0, 0, 0, 0, 0, 0, 0, 0, 0, 0, 0, 0, 0, 0
node[1], 2588848963, 450, 11.824564, 0.100000, 0.000000, 99026730.000000, 54278460.000000, 0.025000, 1.000000, 0, 3, 0, 3, 0, 0, 0, 0, 0, 0, 0, 0, 0, 0, 0, 0, 0, 0, 0, 0, 0, 0, 0, 0, 0, 0, 0, 0, 0, 0, 0, 0
node[2], 2774094101, 451, 11.838587, 0.100000, -0.021000, 99026740.000000, 54281360.000000, 0.025000, 1.000000, 0, 3, 0, 3, 0, 0, 0, 0, 0, 0, 0, 0, 0, 0, 0, 0, 0, 0, 0, 0, 0, 0, 0, 0, 0, 0, 0, 0, 0, 0, 0, 0
node[0], 2357136044, 452, 11.845266, 0.100000, 0.000000, 99026730.000000, 54275570.000000, 0.025000, 1.000000, 0, 3, 0, 2, 1, 0, 0, 0, 0, 0, 0, 0, 0, 0, 0, 0, 0, 0, 0, 0, 0, 0, 0, 0, 0, 0, 0, 0, 0, 0, 0, 0
node[3], 1277901399, 453, 11.900713, 0.100000, 0.000000, 99026740.000000, 54284250.000000, 0.025000, 1.000000, 0, 3, 0, 2, 1, 0, 0, 0, 0, 0, 0, 0, 0, 0, 0, 0, 0, 0, 0, 0, 0, 0, 0, 0, 0, 0, 0, 0, 0, 0, 0, 0
node[1], 2588848963, 454, 11.924564, 0.100000, -0.018000, 99026730.000000, 54278460.000000, 0.025000, 1.000000, 0, 3, 0, 3, 0, 0, 0, 0, 0, 0, 0, 0, 0, 0, 0, 0, 0, 0, 0, 0, 0, 0, 0, 0, 0, 0, 0, 0, 0, 0, 0, 0
node[2], 2774094101, 455, 11.938587, 0.100000, -0.007000, 99026740.000000, 54281360.000000, 0.025000, 1.000000, 0, 3, 0, 3, 0, 0, 0, 0, 0, 0, 0, 0, 0, 0, 0, 0, 0, 0, 0, 0, 0, 0, 0, 0, 0, 0, 0, 0, 0, 0, 0, 0
node[0], 2357136044, 456, 11.945266, 0.100000, 0.000000, 99026730.000000, 54275570.000000, 0.025000, 1.000000, 0, 3, 0, 2, 1, 0, 0, 0, 0, 0, 0, 0, 0, 0, 0, 0, 0, 0, 0, 0, 0, 0, 0, 0, 0, 0, 0, 0, 0, 0, 0, 0
node[3], 1277901399, 457, 12.000713, 0.100000, 0.000000, 99026740.000000, 54284250.000000, 0.025000, 1.000000, 0, 3, 0, 2, 1, 0, 0, 0, 0, 0, 0, 0, 0, 0, 0, 0, 0, 0, 0, 0, 0, 0, 0, 0, 0, 0, 0, 0, 0, 0, 0, 0
node[1], 2588848963, 458, 12.024564, 0.100000, 0.000000, 99026730.000000, 54278460.000000, 0.025000, 1.000000, 0, 3, 0, 3, 0, 0, 0, 0, 0, 0, 0, 0, 0, 0, 0, 0, 0, 0, 0, 0, 0, 0, 0, 0, 0, 0, 0, 0, 0, 0, 0, 0
node[2], 2774094101, 459, 12.038587, 0.100000, 0.000000, 99026740.000000, 54281360.000000, 0.025000, 1.000000, 0, 3, 0, 3, 0, 0, 0, 0, 0, 0, 0, 0, 0, 0, 0, 0, 0, 0, 0, 0, 0, 0, 0, 0, 0, 0, 0, 0, 0, 0, 0, 0
node[0], 2357136044, 460, 12.045266, 0.100000, -0.019000, 99026730.000000, 54275570.000000, 0.025000, 1.000000, 0, 3, 0, 2, 1, 0, 0, 0, 0, 0, 0, 0, 0, 0, 0, 0, 0, 0, 0, 0, 0, 0, 0, 0, 0, 0, 0, 0, 0, 0, 0, 0
node[3], 1277901399, 461, 12.100713, 0.100000, 0.000000, 99026740.000000, 54284250.000000, 0.025000, 1.000000, 0, 3, 0, 2, 1, 0, 0, 0, 0, 0, 0, 0, 0, 0, 0, 0, 0, 0, 0, 0, 0, 0, 0, 0, 0, 0, 0, 0, 0, 0, 0, 0
node[1], 2588848963, 462, 12.124564, 0.100000, 0.000000, 99026730.000000, 54278460.000000, 0.025000, 1.000000, 0, 3, 0, 3, 0, 0, 0, 0, 0, 0, 0, 0, 0, 0, 0, 0, 0, 0, 0, 0, 0, 0, 0, 0, 0, 0, 0, 0, 0, 0, 0, 0
node[2], 2774094101, 463, 12.138587, 0.100000, 0.000000, 99026740.000000, 54281360.000000, 0.025000, 1.000000, 0, 3, 0, 3, 0, 0, 0, 0, 0, 0, 0, 0, 0, 0, 0, 0, 0, 0, 0, 0, 0, 0, 0, 0, 0, 0, 0, 0, 0, 0, 0, 0
node[0], 2357136044, 464, 12.145266, 0.100000, 0.000000, 99026730.000000, 54275570.000000, 0.025000, 1.000000, 0, 3, 0, 2, 1, 0, 0, 0, 0, 0, 0, 0, 0, 0, 0, 0, 0, 0, 0, 0, 0, 0, 0, 0, 0, 0, 0, 0, 0, 0, 0, 0
node[3], 1277901399, 465, 12.200713, 0.100000, -0.021000, 99026740.000000, 54284250.000000, 0.025000, 1.000000, 0, 3, 0, 2, 1, 0, 0, 0, 0, 0, 0, 0, 0, 0, 0, 0, 0, 0, 0, 0, 0, 0, 0, 0, 0, 0, 0, 0, 0, 0, 0, 0
node[1], 2588848963, 466, 12.224564, 0.100000, -0.010000, 99026730.000000, 54278460.000000, 0.025000, 1.000000, 0, 3, 0, 3, 0, 0, 0, 0, 0, 0, 0, 0, 0, 0, 0, 0, 0, 0, 0, 0, 0, 0, 0, 0, 0, 0, 0, 0, 0, 0, 0, 0
node[2], 2774094101, 467, 12.238587, 0.100000, 0.000000, 99026740.000000, 54281360.000000, 0.025000, 1.000000, 0, 3, 0, 3, 0, 0, 0, 0, 0, 0, 0, 0, 0, 0, 0, 0, 0, 0, 0, 0, 0, 0, 0, 0, 0, 0, 0, 0, 0, 0, 0, 0
node[0], 2357136044, 468, 12.245266, 0.100000, -0.017000, 99026730.000000, 54275570.000000, 0.025000, 1.000000, 0, 3, 0, 2, 1, 0, 0, 0, 0, 0, 0, 0, 0, 0, 0, 0, 0, 0, 0, 0, 0, 0, 0, 0, 0, 0, 0, 0, 0, 0, 0, 0
node[3], 1277901399, 469, 12.300713, 0.100000, -0.010000, 99026740.000000, 54284250.000000, 0.025000, 1.000000, 0, 3, 0, 2, 1, 0, 0, 0, 0, 0, 0, 0, 0, 0, 0, 0, 0, 0, 0, 0, 0, 0, 0, 0, 0, 0, 0, 0, 0, 0, 0, 0
node[1], 2588848963, 470, 12.324564, 0.100000, 0.000000, 99026730.000000, 54278460.000000, 0.025000, 1.000000, 0, 3, 0, 3, 0, 0, 0, 0, 0, 0, 0, 0, 0, 0, 0, 0, 0, 0, 0, 0, 0, 0, 0, 0, 0, 0, 0, 0, 0, 0, 0, 0
node[2], 2774094101, 471, 12.338587, 0.100000, -0.005000, 99026740.000000, 54281360.000000, 0.025000, 1.000000, 0, 3, 0, 3, 0, 0, 0, 0, 0, 0, 0, 0, 0, 0, 0, 0, 0, 0, 0, 0, 0, 0, 0, 0, 0, 0, 0, 0, 0, 0, 0, 0
node[0], 2357136044, 472, 12.345266, 0.100000, 0.000000, 99026730.000000, 54275570.000000, 0.025000, 1.000000, 0, 3, 0, 2, 1, 0, 0, 0, 0, 0, 0, 0, 0, 0, 0, 0, 0, 0, 0, 0, 0, 0, 0, 0, 0, 0, 0, 0, 0, 0, 0, 0
node[3], 1277901399, 473, 12.400713, 0.100000, -0.006000, 99026740.000000, 54284250.000000, 0.025000, 1.000000, 0, 3, 0, 2, 1, 0, 0, 0, 0, 0, 0, 0, 0, 0, 0, 0, 0, 0, 0, 0, 0, 0, 0, 0, 0, 0, 0, 0, 0, 0, 0, 0
node[1], 2588848963, 474, 12.424564, 0.100000, -0.008000, 99026730.000000, 54278460.000000, 0.025000, 1.000000, 0, 3, 0, 3, 0, 0, 0, 0, 0, 0, 0, 0, 0, 0, 0, 0, 0, 0, 0, 0, 0, 0, 0, 0, 0, 0, 0, 0, 0, 0, 0, 0
node[2], 2774094101, 475, 12.438587, 0.100000, -0.013000, 99026740.000000, 54281360.000000, 0.025000, 1.000000, 0, 3, 0, 3, 0, 0, 0, 0, 0, 0, 0, 0, 0, 0, 0, 0, 0, 0, 0, 0, 0, 0, 0, 0, 0, 0, 0, 0, 0, 0, 0, 0
node[0], 2357136044, 476, 12.445266, 0.100000, -0.021000, 99026730.000000, 54275570.000000, 0.025000, 1.000000, 0, 3, 0, 2, 1, 0, 0, 0, 0, 0, 0, 0, 0, 0, 0, 0, 0, 0, 0, 0, 0, 0, 0, 0, 0, 0, 0, 0, 0, 0, 0, 0
node[3], 1277901399, 477, 12.500713, 0.100000, 0.000000, 99026740.000000, 54284250.000000, 0.025000, 1.000000, 0, 3, 0, 2, 1, 0, 0, 0, 0, 0, 0, 0, 0, 0, 0, 0, 0, 0, 0, 0, 0, 0, 0, 0, 0, 0, 0, 0, 0, 0, 0, 0
node[1], 2588848963, 478, 12.524564, 0.100000, -0.024000, 99026730.000000, 54278460.000000, 0.025000, 1.000000, 0, 3, 0, 3, 0, 0, 0, 0, 0, 0, 0, 0, 0, 0, 0, 0, 0, 0, 0, 0, 0, 0, 0, 0, 0, 0, 0, 0, 0, 0, 0, 0
node[2], 2774094101, 479, 12.538587, 0.100000, -0.013000, 99026740.000000, 54281360.000000, 0.025000, 1.000000, 0, 3, 0, 3, 0, 0, 0, 0, 0, 0, 0, 0, 0, 0, 0, 0, 0, 0, 0, 0, 0, 0, 0, 0, 0, 0, 0, 0, 0, 0, 0, 0
node[0], 2357136044, 480, 12.545266, 0.100000, 0.000000, 99026730.000000, 54275570.000000, 0.025000, 1.000000, 0, 3, 0, 2, 1, 0, 0, 0, 0, 0, 0, 0, 0, 0, 0, 0, 0, 0, 0, 0, 0, 0, 0, 0, 0, 0, 0, 0, 0, 0, 0, 0
node[3], 1277901399, 481, 12.600713, 0.100000, 0.000000, 99026740.000000, 54284250.000000, 0.025000, 1.000000, 0, 3, 0, 2, 1, 0, 0, 0, 0, 0, 0, 0, 0, 0, 0, 0, 0, 0, 0, 0, 0, 0, 0, 0, 0, 0, 0, 0, 0, 0, 0, 0
node[1], 2588848963, 482, 12.624564, 0.100000, -0.008000, 99026730.000000, 54278460.000000, 0.025000, 1.000000, 0, 3, 0, 3, 0, 0, 0, 0, 0, 0, 0, 0, 0, 0, 0, 0, 0, 0, 0, 0, 0, 0, 0, 0, 0, 0, 0, 0, 0, 0, 0, 0
node[2], 2774094101, 483, 12.638587, 0.100000, 0.000000, 99026740.000000, 54281360.000000, 0.025000, 1.000000, 0, 3, 0, 3, 0, 0, 0, 0, 0, 0, 0, 0, 0, 0, 0, 0, 0, 0, 0, 0, 0, 0, 0, 0, 0, 0, 0, 0, 0, 0, 0, 0
node[0], 2357136044, 484, 12.645266, 0.100000, 0.000000, 99026730.000000, 54275570.000000, 0.025000, 1.000000, 0, 3, 0, 2, 1, 0, 0, 0, 0, 0, 0, 0, 0, 0, 0, 0, 0, 0, 0, 0, 0, 0, 0, 0, 0, 0, 0, 0, 0, 0, 0, 0
node[3], 1277901399, 485, 12.700713, 0.100000, 0.000000, 99026740.000000, 54284250.000000, 0.025000, 1.000000, 0, 3, 0, 2, 1, 0, 0, 0, 0, 0, 0, 0, 0, 0, 0, 0, 0, 0, 0, 0, 0, 0, 0, 0, 0, 0, 0, 0, 0, 0, 0, 0
node[1], 2588848963, 486, 12.724564, 0.100000, 0.000000, 99026730.000000, 54278460.000000, 0.025000, 1.000000, 0, 3, 0, 3, 0, 0, 0, 0, 0, 0, 0, 0, 0, 0, 0, 0, 0, 0, 0, 0, 0, 0, 0, 0, 0, 0, 0, 0, 0, 0, 0, 0
node[2], 2774094101, 487, 12.738587, 0.100000, 0.000000, 99026740.000000, 54281360.000000, 0.025000, 1.000000, 0, 3, 0, 3, 0, 0, 0, 0, 0, 0, 0, 0, 0, 0, 0, 0, 0, 0, 0, 0, 0, 0, 0, 0, 0, 0, 0, 0, 0, 0, 0, 0
node[0], 2357136044, 488, 12.745266, 0.100000, 0.000000, 99026730.000000, 54275570.000000, 0.025000, 1.000000, 0, 3, 0, 2, 1, 0, 0, 0, 0, 0, 0, 0, 0, 0, 0, 0, 0, 0, 0, 0, 0, 0, 0, 0, 0, 0, 0, 0, 0, 0, 0, 0
node[3], 1277901399, 489, 12.800713, 0.100000, 0.000000, 99026740.000000, 54284250.000000, 0.025000, 1.000000, 0, 3, 0, 2, 1, 0, 0, 0, 0, 0, 0, 0, 0, 0, 0, 0, 0, 0, 0, 0, 0, 0, 0, 0, 0, 0, 0, 0, 0, 0, 0, 0
node[1], 2588848963, 490, 12.824564, 0.100000, -0.020000, 99026730.000000, 54278460.000000, 0.025000, 1.000000, 0, 3, 0, 3, 0, 0, 0, 0, 0, 0, 0, 0, 0, 0, 0, 0, 0, 0, 0, 0, 0, 0, 0, 0, 0, 0, 0, 0, 0, 0, 0, 0
node[2], 2774094101, 491, 12.838587, 0.100000, -0.022000, 99026740.000000, 54281360.000000, 0.025000, 1.000000, 0, 3, 0, 3, 0, 0, 0, 0, 0, 0, 0, 0, 0, 0, 0, 0, 0, 0, 0, 0, 0, 0, 0, 0, 0, 0, 0, 0, 0, 0, 0, 0
node[0], 2357136044, 492, 12.845266, 0.100000, 0.000000, 99026730.000000, 54275570.000000, 0.025000, 1.000000, 0, 3, 0, 2, 1, 0, 0, 0, 0, 0, 0, 0, 0, 0, 0, 0, 0, 0, 0, 0, 0, 0, 0, 0, 0, 0, 0, 0, 0, 0, 0, 0
node[3], 1277901399, 493, 12.900713, 0.100000, -0.004000, 99026740.000000, 54284250.000000, 0.025000, 1.000000, 0, 3, 0, 2, 1, 0, 0, 0, 0, 0, 0, 0, 0, 0, 0, 0, 0, 0, 0, 0, 0, 0, 0, 0, 0, 0, 0, 0, 0, 0, 0, 0
node[1], 2588848963, 494, 12.924564, 0.100000, 0.000000, 99026730.000000, 54278460.000000, 0.025000, 1.000000, 0, 3, 0, 3, 0, 0, 0, 0, 0, 0, 0, 0, 0, 0, 0, 0, 0, 0, 0, 0, 0, 0, 0, 0, 0, 0, 0, 0, 0, 0, 0, 0
node[2], 2774094101, 495, 12.938587, 0.100000, -0.008000, 99026740.000000, 54281360.000000, 0.025000, 1.000000, 0, 3, 0, 3, 0, 0, 0, 0, 0, 0, 0, 0, 0, 0, 0, 0, 0, 0, 0, 0, 0, 0, 0, 0, 0, 0, 0, 0, 0, 0, 0, 0
node[0], 2357136044, 496, 12.945266, 0.100000, 0.000000, 99026730.000000, 54275570.000000, 0.025000, 1.000000, 0, 3, 0, 2, 1, 0, 0, 0, 0, 0, 0, 0, 0, 0, 0, 0, 0, 0, 0, 0, 0, 0, 0, 0, 0, 0, 0, 0, 0, 0, 0, 0
node[3], 1277901399, 497, 13.000713, 0.100000, -0.025000, 99026740.000000, 54284250.000000, 0.025000, 1.000000, 0, 3, 0, 2, 1, 0, 0, 0, 0, 0, 0, 0, 0, 0, 0, 0, 0, 0, 0, 0, 0, 0, 0, 0, 0, 0, 0, 0, 0, 0, 0, 0
node[1], 2588848963, 498, 13.024564, 0.100000, 0.000000, 99026730.000000, 54278460.000000, 0.025000, 1.000000, 0, 3, 0, 3, 0, 0, 0, 0, 0, 0, 0, 0, 0, 0, 0, 0, 0, 0, 0, 0, 0, 0, 0, 0, 0, 0, 0, 0, 0, 0, 0, 0
node[2], 2774094101, 499, 13.038587, 0.100000, 0.000000, 99026740.000000, 54281360.000000, 0.025000, 1.000000, 0, 3, 0, 3, 0, 0, 0, 0, 0, 0, 0, 0, 0, 0, 0, 0, 0, 0, 0, 0, 0, 0, 0, 0, 0, 0, 0, 0, 0, 0, 0, 0
node[0], 2357136044, 500, 13.045266, 0.100000, -0.012000, 99026730.000000, 54275570.000000, 0.025000, 1.000000, 0, 3, 0, 2, 1, 0, 0, 0, 0, 0, 0, 0, 0, 0, 0, 0, 0, 0, 0, 0, 0, 0, 0, 0, 0, 0, 0, 0, 0, 0, 0, 0
node[3], 1277901399, 501, 13.100713, 0.100000, 0.000000, 99026740.000000, 54284250.000000, 0.025000, 1.000000, 0, 3, 0, 2, 1, 0, 0, 0, 0, 0, 0, 0, 0, 0, 0, 0, 0, 0, 0, 0, 0, 0, 0, 0, 0, 0, 0, 0, 0, 0, 0, 0
node[1], 2588848963, 502, 13.124564, 0.100000, 0.000000, 99026730.000000, 54278460.000000, 0.025000, 1.000000, 0, 3, 0, 3, 0, 0, 0, 0, 0, 0, 0, 0, 0, 0, 0, 0, 0, 0, 0, 0, 0, 0, 0, 0, 0, 0, 0, 0, 0, 0, 0, 0
node[2], 2774094101, 503, 13.138587, 0.100000, 0.000000, 99026740.000000, 54281360.000000, 0.025000, 1.000000, 0, 3, 0, 3, 0, 0, 0, 0, 0, 0, 0, 0, 0, 0, 0, 0, 0, 0, 0, 0, 0, 0, 0, 0, 0, 0, 0, 0, 0, 0, 0, 0
node[0], 2357136044, 504, 13.145266, 0.100000, 0.000000, 99026730.000000, 54275570.000000, 0.025000, 1.000000, 0, 3, 0, 2, 1, 0, 0, 0, 0, 0, 0, 0, 0, 0, 0, 0, 0, 0, 0, 0, 0, 0, 0, 0, 0, 0, 0, 0, 0, 0, 0, 0
node[3], 1277901399, 505, 13.200713, 0.100000, 0.000000, 99026740.000000, 54284250.000000, 0.025000, 1.000000, 0, 3, 0, 2, 1, 0, 0, 0, 0, 0, 0, 0, 0, 0, 0, 0, 0, 0, 0, 0, 0, 0, 0, 0, 0, 0, 0, 0, 0, 0, 0, 0
node[1], 2588848963, 506, 13.224564, 0.100000, 0.000000, 99026730.000000, 54278460.000000, 0.025000, 1.000000, 0, 3, 0, 3, 0, 0, 0, 0, 0, 0, 0, 0, 0, 0, 0, 0, 0, 0, 0, 0, 0, 0, 0, 0, 0, 0, 0, 0, 0, 0, 0, 0
node[2], 2774094101, 507, 13.238587, 0.100000, -0.006000, 99026740.000000, 54281360.000000, 0.025000, 1.000000, 0, 3, 0, 3, 0, 0, 0, 0, 0, 0, 0, 0, 0, 0, 0, 0, 0, 0, 0, 0, 0, 0, 0, 0, 0, 0, 0, 0, 0, 0, 0, 0
node[0], 2357136044, 508, 13.245266, 0.100000, 0.000000, 99026730.000000, 54275570.000000, 0.025000, 1.000000, 0, 3, 0, 2, 1, 0, 0, 0, 0, 0, 0, 0, 0, 0, 0, 0, 0, 0, 0, 0, 0, 0, 0, 0, 0, 0, 0, 0, 0, 0, 0, 0
node[3], 1277901399, 509, 13.300713, 0.100000, 0.000000, 99026740.000000, 54284250.000000, 0.025000, 1.000000, 0, 3, 0, 2, 1, 0, 0, 0, 0, 0, 0, 0, 0, 0, 0, 0, 0, 0, 0, 0, 0, 0, 0, 0, 0, 0, 0, 0, 0, 0, 0, 0
node[1], 2588848963, 510, 13.324564, 0.100000, -0.011000, 99026730.000000, 54278460.000000, 0.025000, 1.000000, 0, 3, 0, 3, 0, 0, 0, 0, 0, 0, 0, 0, 0, 0, 0, 0, 0, 0, 0, 0, 0, 0, 0, 0, 0, 0, 0, 0, 0, 0, 0, 0
node[2], 2774094101, 511, 13.338587, 0.100000, -0.011000, 99026740.000000, 54281360.000000, 0.025000, 1.000000, 0, 3, 0, 3, 0, 0, 0, 0, 0, 0, 0, 0, 0, 0, 0, 0, 0, 0, 0, 0, 0, 0, 0, 0, 0, 0, 0, 0, 0, 0, 0, 0
node[0], 2357136044, 512, 13.345266, 0.100000, 0.000000, 99026730.000000, 54275570.000000, 0.025000, 1.000000, 0, 3, 0, 2, 1, 0, 0, 0, 0, 0, 0, 0, 0, 0, 0, 0, 0, 0, 0, 0, 0, 0, 0, 0, 0, 0, 0, 0, 0, 0, 0, 0
node[3], 1277901399, 513, 13.400713, 0.100000, 0.000000, 99026740.000000, 54284250.000000, 0.025000, 1.000000, 0, 3, 0, 2, 1, 0, 0, 0, 0, 0, 0, 0, 0, 0, 0, 0, 0, 0, 0, 0, 0, 0, 0, 0, 0, 0, 0, 0, 0, 0, 0, 0
node[1], 2588848963, 514, 13.424564, 0.100000, 0.000000, 99026730.000000, 54278460.000000, 0.025000, 1.000000, 0, 3, 0, 3, 0, 0, 0, 0, 0, 0, 0, 0, 0, 0, 0, 0, 0, 0, 0, 0, 0, 0, 0, 0, 0, 0, 0, 0, 0, 0, 0, 0
node[2], 2774094101, 515, 13.438587, 0.100000, 0.000000, 99026740.000000, 54281360.000000, 0.025000, 1.000000, 0, 3, 0, 3, 0, 0, 0, 0, 0, 0, 0, 0, 0, 0, 0, 0, 0, 0, 0, 0, 0, 0, 0, 0, 0, 0, 0, 0, 0, 0, 0, 0
node[0], 2357136044, 516, 13.445266, 0.100000, 0.000000, 99026730.000000, 54275570.000000, 0.025000, 1.000000, 0, 3, 0, 2, 1, 0, 0, 0, 0, 0, 0, 0, 0, 0, 0, 0, 0, 0, 0, 0, 0, 0, 0, 0, 0, 0, 0, 0, 0, 0, 0, 0
node[3], 1277901399, 517, 13.500713, 0.100000, 0.000000, 99026740.000000, 54284250.000000, 0.025000, 1.000000, 0, 3, 0, 2, 1, 0, 0, 0, 0, 0, 0, 0, 0, 0, 0, 0, 0, 0, 0, 0, 0, 0, 0, 0, 0, 0, 0, 0, 0, 0, 0, 0
node[1], 2588848963, 518, 13.524564, 0.100000, 0.000000, 99026730.000000, 54278460.000000, 0.025000, 1.000000, 0, 3, 0, 3, 0, 0, 0, 0, 0, 0, 0, 0, 0, 0, 0, 0, 0, 0, 0, 0, 0, 0, 0, 0, 0, 0, 0, 0, 0, 0, 0, 0
node[2], 2774094101, 519, 13.538587, 0.100000, 0.000000, 99026740.000000, 54281360.000000, 0.025000, 1.000000, 0, 3, 0, 3, 0, 0, 0, 0, 0, 0, 0, 0, 0, 0, 0, 0, 0, 0, 0, 0, 0, 0, 0, 0, 0, 0, 0, 0, 0, 0, 0, 0
node[0], 2357136044, 520, 13.545266, 0.100000, 0.000000, 99026730.000000, 54275570.000000, 0.025000, 1.000000, 0, 3, 0, 2, 1, 0, 0, 0, 0, 0, 0, 0, 0, 0, 0, 0, 0, 0, 0, 0, 0, 0, 0, 0, 0, 0, 0, 0, 0, 0, 0, 0
node[3], 1277901399, 521, 13.600713, 0.100000, 0.000000, 99026740.000000, 54284250.000000, 0.025000, 1.000000, 0, 3, 0, 2, 1, 0, 0, 0, 0, 0, 0, 0, 0, 0, 0, 0, 0, 0, 0, 0, 0, 0, 0, 0, 0, 0, 0, 0, 0, 0, 0, 0
node[1], 2588848963, 522, 13.624564, 0.100000, 0.000000, 99026730.000000, 54278460.000000, 0.025000, 1.000000, 0, 3, 0, 3, 0, 0, 0, 0, 0, 0, 0, 0, 0, 0, 0, 0, 0, 0, 0, 0, 0, 0, 0, 0, 0, 0, 0, 0, 0, 0, 0, 0
node[2], 2774094101, 523, 13.638587, 0.100000, 0.000000, 99026740.000000, 54281360.000000, 0.025000, 1.000000, 0, 3, 0, 3, 0, 0, 0, 0, 0, 0, 0, 0, 0, 0, 0, 0, 0, 0, 0, 0, 0, 0, 0, 0, 0, 0, 0, 0, 0, 0, 0, 0
node[0], 2357136044, 524, 13.645266, 0.100000, -0.007000, 99026730.000000, 54275570.000000, 0.025000, 1.000000, 0, 3, 0, 2, 1, 0, 0, 0, 0, 0, 0, 0, 0, 0, 0, 0, 0, 0, 0, 0, 0, 0, 0, 0, 0, 0, 0, 0, 0, 0, 0, 0
node[3], 1277901399, 525, 13.700713, 0.100000, 0.000000, 99026740.000000, 54284250.000000, 0.025000, 1.000000, 0, 3, 0, 2, 1, 0, 0, 0, 0, 0, 0, 0, 0, 0, 0, 0, 0, 0, 0, 0, 0, 0, 0, 0, 0, 0, 0, 0, 0, 0, 0, 0
node[1], 2588848963, 526, 13.724564, 0.100000, 0.000000, 99026730.000000, 54278460.000000, 0.025000, 1.000000, 0, 3, 0, 3, 0, 0, 0, 0, 0, 0, 0, 0, 0, 0, 0, 0, 0, 0, 0, 0, 0, 0, 0, 0, 0, 0, 0, 0, 0, 0, 0, 0
node[2], 2774094101, 527, 13.738587, 0.100000, 0.000000, 99026740.000000, 54281360.000000, 0.025000, 1.000000, 0, 3, 0, 3, 0, 0, 0, 0, 0, 0, 0, 0, 0, 0, 0, 0, 0, 0, 0, 0, 0, 0, 0, 0, 0, 0, 0, 0, 0, 0, 0, 0
node[0], 2357136044, 528, 13.745266, 0.100000, 0.000000, 99026730.000000, 54275570.000000, 0.025000, 1.000000, 0, 3, 0, 2, 1, 0, 0, 0, 0, 0, 0, 0, 0, 0, 0, 0, 0, 0, 0, 0, 0, 0, 0, 0, 0, 0, 0, 0, 0, 0, 0, 0
node[3], 1277901399, 529, 13.800713, 0.100000, -0.004000, 99026740.000000, 54284250.000000, 0.025000, 1.000000, 0, 3, 0, 2, 1, 0, 0, 0, 0, 0, 0, 0, 0, 0, 0, 0, 0, 0, 0, 0, 0, 0, 0, 0, 0, 0, 0, 0, 0, 0, 0, 0
node[1], 2588848963, 530, 13.824564, 0.100000, 0.000000, 99026730.000000, 54278460.000000, 0.025000, 1.000000, 0, 3, 0, 3, 0, 0, 0, 0, 0, 0, 0, 0, 0, 0, 0, 0, 0, 0, 0, 0, 0, 0, 0, 0, 0, 0, 0, 0, 0, 0, 0, 0
node[2], 2774094101, 531, 13.838587, 0.100000, 0.000000, 99026740.000000, 54281360.000000, 0.025000, 1.000000, 0, 3, 0, 3, 0, 0, 0, 0, 0, 0, 0, 0, 0, 0, 0, 0, 0, 0, 0, 0, 0, 0, 0, 0, 0, 0, 0, 0, 0, 0, 0, 0
node[0], 2357136044, 532, 13.845266, 0.100000, 0.000000, 99026730.000000, 54275570.000000, 0.025000, 1.000000, 0, 3, 0, 2, 1, 0, 0, 0, 0, 0, 0, 0, 0, 0, 0, 0, 0, 0, 0, 0, 0, 0, 0, 0, 0, 0, 0, 0, 0, 0, 0, 0
node[3], 1277901399, 533, 13.900713, 0.100000, -0.025000, 99026740.000000, 54284250.000000, 0.025000, 1.000000, 0, 3, 0, 2, 1, 0, 0, 0, 0, 0, 0, 0, 0, 0, 0, 0, 0, 0, 0, 0, 0, 0, 0, 0, 0, 0, 0, 0, 0, 0, 0, 0
node[1], 2588848963, 534, 13.924564, 0.100000, -0.012000, 99026730.000000, 54278460.000000, 0.025000, 1.000000, 0, 3, 0, 3, 0, 0, 0, 0, 0, 0, 0, 0, 0, 0, 0, 0, 0, 0, 0, 0, 0, 0, 0, 0, 0, 0, 0, 0, 0, 0, 0, 0
node[2], 2774094101, 535, 13.938587, 0.100000, 0.000000, 99026740.000000, 54281360.000000, 0.025000, 1.000000, 0, 3, 0, 3, 0, 0, 0, 0, 0, 0, 0, 0, 0, 0, 0, 0, 0, 0, 0, 0, 0, 0, 0, 0, 0, 0, 0, 0, 0, 0, 0, 0
node[0], 2357136044, 536, 13.945266, 0.100000, 0.000000, 99026730.000000, 54275570.000000, 0.025000, 1.000000, 0, 3, 0, 2, 1, 0, 0, 0, 0, 0, 0, 0, 0, 0, 0, 0, 0, 0, 0, 0, 0, 0, 0, 0, 0, 0, 0, 0, 0, 0, 0, 0
node[3], 1277901399, 537, 14.000713, 0.100000, 0.000000, 99026740.000000, 54284250.000000, 0.025000, 1.000000, 0, 3, 0, 2, 1, 0, 0, 0, 0, 0, 0, 0, 0, 0, 0, 0, 0, 0, 0, 0, 0, 0, 0, 0, 0, 0, 0, 0, 0, 0, 0, 0
node[1], 2588848963, 538, 14.024564, 0.100000, 0.000000, 99026730.000000, 54278460.000000, 0.025000, 1.000000, 0, 3, 0, 3, 0, 0, 0, 0, 0, 0, 0, 0, 0, 0, 0, 0, 0, 0, 0, 0, 0, 0, 0, 0, 0, 0, 0, 0, 0, 0, 0, 0
node[2], 2774094101, 539, 14.038587, 0.100000, -0.009000, 99026740.000000, 54281360.000000, 0.025000, 1.000000, 0, 3, 0, 3, 0, 0, 0, 0, 0, 0, 0, 0, 0, 0, 0, 0, 0, 0, 0, 0, 0, 0, 0, 0, 0, 0, 0, 0, 0, 0, 0, 0
node[0], 2357136044, 540, 14.045266, 0.100000, -0.015000, 99026730.000000, 54275570.000000, 0.025000, 1.000000, 0, 3, 0, 2, 1, 0, 0, 0, 0, 0, 0, 0, 0, 0, 0, 0, 0, 0, 0, 0, 0, 0, 0, 0, 0, 0, 0, 0, 0, 0, 0, 0
node[3], 1277901399, 541, 14.100713, 0.100000, -0.003000, 99026740.000000, 54284250.000000, 0.025000, 1.000000, 0, 3, 0, 2, 1, 0, 0, 0, 0, 0, 0, 0, 0, 0, 0, 0, 0, 0, 0, 0, 0, 0, 0, 0, 0, 0, 0, 0, 0, 0, 0, 0
node[1], 2588848963, 542, 14.124564, 0.100000, 0.000000, 99026730.000000, 54278460.000000, 0.025000, 1.000000, 0, 3, 0, 3, 0, 0, 0, 0, 0, 0, 0, 0, 0, 0, 0, 0, 0, 0, 0, 0, 0, 0, 0, 0, 0, 0, 0, 0, 0, 0, 0, 0
node[2], 2774094101, 543, 14.138587, 0.100000, -0.020000, 99026740.000000, 54281360.000000, 0.025000, 1.000000, 0, 3, 0, 3, 0, 0, 0, 0, 0, 0, 0, 0, 0, 0, 0, 0, 0, 0, 0, 0, 0, 0, 0, 0, 0, 0, 0, 0, 0, 0, 0, 0
node[0], 2357136044, 544, 14.145266, 0.100000, 0.000000, 99026730.000000, 54275570.000000, 0.025000, 1.000000, 0, 3, 0, 2, 1, 0, 0, 0, 0, 0, 0, 0, 0, 0, 0, 0, 0, 0, 0, 0, 0, 0, 0, 0, 0, 0, 0, 0, 0, 0, 0, 0
node[3], 1277901399, 545, 14.200713, 0.100000, 0.000000, 99026740.000000, 54284250.000000, 0.025000, 1.000000, 0, 3, 0, 2, 1, 0, 0, 0, 0, 0, 0, 0, 0, 0, 0, 0, 0, 0, 0, 0, 0, 0, 0, 0, 0, 0, 0, 0, 0, 0, 0, 0
node[1], 2588848963, 546, 14.224564, 0.100000, 0.000000, 99026730.000000, 54278460.000000, 0.025000, 1.000000, 0, 3, 0, 3, 0, 0, 0, 0, 0, 0, 0, 0, 0, 0, 0, 0, 0, 0, 0, 0, 0, 0, 0, 0, 0, 0, 0, 0, 0, 0, 0, 0
node[2], 2774094101, 547, 14.238587, 0.100000, 0.000000, 99026740.000000, 54281360.000000, 0.025000, 1.000000, 0, 3, 0, 3, 0, 0, 0, 0, 0, 0, 0, 0, 0, 0, 0, 0, 0, 0, 0, 0, 0, 0, 0, 0, 0, 0, 0, 0, 0, 0, 0, 0
node[0], 2357136044, 548, 14.245266, 0.100000, -0.014000, 99026730.000000, 54275570.000000, 0.025000, 1.000000, 0, 3, 0, 2, 1, 0, 0, 0, 0, 0, 0, 0, 0, 0, 0, 0, 0, 0, 0, 0, 0, 0, 0, 0, 0, 0, 0, 0, 0, 0, 0, 0
node[3], 1277901399, 549, 14.300713, 0.100000, 0.000000, 99026740.000000, 54284250.000000, 0.025000, 1.000000, 0, 3, 0, 2, 1, 0, 0, 0, 0, 0, 0, 0, 0, 0, 0, 0, 0, 0, 0, 0, 0, 0, 0, 0, 0, 0, 0, 0, 0, 0, 0, 0
node[1], 2588848963, 550, 14.324564, 0.100000, 0.000000, 99026730.000000, 54278460.000000, 0.025000, 1.000000, 0, 3, 0, 3, 0, 0, 0, 0, 0, 0, 0, 0, 0, 0, 0, 0, 0, 0, 0, 0, 0, 0, 0, 0, 0, 0, 0, 0, 0, 0, 0, 0
node[2], 2774094101, 551, 14.338587, 0.100000, -0.024000, 99026740.000000, 54281360.000000, 0.025000, 1.000000, 0, 3, 0, 3, 0, 0, 0, 0, 0, 0, 0, 0, 0, 0, 0, 0, 0, 0, 0, 0, 0, 0, 0, 0, 0, 0, 0, 0, 0, 0, 0, 0
node[0], 2357136044, 552, 14.345266, 0.100000, -0.014000, 99026730.000000, 54275570.000000, 0.025000, 1.000000, 0, 3, 0, 2, 1, 0, 0, 0, 0, 0, 0, 0, 0, 0, 0, 0, 0, 0, 0, 0, 0, 0, 0, 0, 0, 0, 0, 0, 0, 0, 0, 0
node[3], 1277901399, 553, 14.400713, 0.100000, 0.000000, 99026740.000000, 54284250.000000, 0.025000, 1.000000, 0, 3, 0, 2, 1, 0, 0, 0, 0, 0, 0, 0, 0, 0, 0, 0, 0, 0, 0, 0, 0, 0, 0, 0, 0, 0, 0, 0, 0, 0, 0, 0
node[1], 2588848963, 554, 14.424564, 0.100000, 0.000000, 99026730.000000, 54278460.000000, 0.025000, 1.000000, 0, 3, 0, 3, 0, 0, 0, 0, 0, 0, 0, 0, 0, 0, 0, 0, 0, 0, 0, 0, 0, 0, 0, 0, 0, 0, 0, 0, 0, 0, 0, 0
node[2], 2774094101, 555, 14.438587, 0.100000, 0.000000, 99026740.000000, 54281360.000000, 0.025000, 1.000000, 0, 3, 0, 3, 0, 0, 0, 0, 0, 0, 0, 0, 0, 0, 0, 0, 0, 0, 0, 0, 0, 0, 0, 0, 0, 0, 0, 0, 0, 0, 0, 0
node[0], 2357136044, 556, 14.445266, 0.100000, 0.000000, 99026730.000000, 54275570.000000, 0.025000, 1.000000, 0, 3, 0, 2, 1, 0, 0, 0, 0, 0, 0, 0, 0, 0, 0, 0, 0, 0, 0, 0, 0, 0, 0, 0, 0, 0, 0, 0, 0, 0, 0, 0
node[3], 1277901399, 557, 14.500713, 0.100000, 0.000000, 99026740.000000, 54284250.000000, 0.025000, 1.000000, 0, 3, 0, 2, 1, 0, 0, 0, 0, 0, 0, 0, 0, 0, 0, 0, 0, 0, 0, 0, 0, 0, 0, 0, 0, 0, 0, 0, 0, 0, 0, 0
node[1], 2588848963, 558, 14.524564, 0.100000, -0.019000, 99026730.000000, 54278460.000000, 0.025000, 1.000000, 0, 3, 0, 3, 0, 0, 0, 0, 0, 0, 0, 0, 0, 0, 0, 0, 0, 0, 0, 0, 0, 0, 0, 0, 0, 0, 0, 0, 0, 0, 0, 0
node[2], 2774094101, 559, 14.538587, 0.100000, 0.000000, 99026740.000000, 54281360.000000, 0.025000, 1.000000, 0, 3, 0, 3, 0, 0, 0, 0, 0, 0, 0, 0, 0, 0, 0, 0, 0, 0, 0, 0, 0, 0, 0, 0, 0, 0, 0, 0, 0, 0, 0, 0
node[0], 2357136044, 560, 14.545266, 0.100000, -0.023000, 99026730.000000, 54275570.000000, 0.025000, 1.000000, 0, 3, 0, 2, 1, 0, 0, 0, 0, 0, 0, 0, 0, 0, 0, 0, 0, 0, 0, 0, 0, 0, 0, 0, 0, 0, 0, 0, 0, 0, 0, 0
node[3], 1277901399, 561, 14.600713, 0.100000, 0.000000, 99026740.000000, 54284250.000000, 0.025000, 1.000000, 0, 3, 0, 2, 1, 0, 0, 0, 0, 0, 0, 0, 0, 0, 0, 0, 0, 0, 0, 0, 0, 0, 0, 0, 0, 0, 0, 0, 0, 0, 0, 0
node[1], 2588848963, 562, 14.624564, 0.100000, -0.025000, 99026730.000000, 54278460.000000, 0.025000, 1.000000, 0, 3, 0, 3, 0, 0, 0, 0, 0, 0, 0, 0, 0, 0, 0, 0, 0, 0, 0, 0, 0, 0, 0, 0, 0, 0, 0, 0, 0, 0, 0, 0
node[2], 2774094101, 563, 14.638587, 0.100000, -0.013000, 99026740.000000, 54281360.000000, 0.025000, 1.000000, 0, 3, 0, 3, 0, 0, 0, 0, 0, 0, 0, 0, 0, 0, 0, 0, 0, 0, 0, 0, 0, 0, 0, 0, 0, 0, 0, 0, 0, 0, 0, 0
node[0], 2357136044, 564, 14.645266, 0.100000, 0.000000, 99026730.000000, 54275570.000000, 0.025000, 1.000000, 0, 3, 0, 2, 1, 0, 0, 0, 0, 0, 0, 0, 0, 0, 0, 0, 0, 0, 0, 0, 0, 0, 0, 0, 0, 0, 0, 0, 0, 0, 0, 0
node[3], 1277901399, 565, 14.700713, 0.100000, 0.000000, 99026740.000000, 54284250.000000, 0.025000, 1.000000, 0, 3, 0, 2, 1, 0, 0, 0, 0, 0, 0, 0, 0, 0, 0, 0, 0, 0, 0, 0, 0, 0, 0, 0, 0, 0, 0, 0, 0, 0, 0, 0
node[1], 2588848963, 566, 14.724564, 0.100000, -0.010000, 99026730.000000, 54278460.000000, 0.025000, 1.000000, 0, 3, 0, 3, 0, 0, 0, 0, 0, 0, 0, 0, 0, 0, 0, 0, 0, 0, 0, 0, 0, 0, 0, 0, 0, 0, 0, 0, 0, 0, 0, 0
node[2], 2774094101, 567, 14.738587, 0.100000, 0.000000, 99026740.000000, 54281360.000000, 0.025000, 1.000000, 0, 3, 0, 3, 0, 0, 0, 0, 0, 0, 0, 0, 0, 0, 0, 0, 0, 0, 0, 0, 0, 0, 0, 0, 0, 0, 0, 0, 0, 0, 0, 0
node[0], 2357136044, 568, 14.745266, 0.100000, -0.018000, 99026730.000000, 54275570.000000, 0.025000, 1.000000, 0, 3, 0, 2, 1, 0, 0, 0, 0, 0, 0, 0, 0, 0, 0, 0, 0, 0, 0, 0, 0, 0, 0, 0, 0, 0, 0, 0, 0, 0, 0, 0
node[3], 1277901399, 569, 14.800713, 0.100000, 0.000000, 99026740.000000, 54284250.000000, 0.025000, 1.000000, 0, 3, 0, 2, 1, 0, 0, 0, 0, 0, 0, 0, 0, 0, 0, 0, 0, 0, 0, 0, 0, 0, 0, 0, 0, 0, 0, 0, 0, 0, 0, 0
node[1], 2588848963, 570, 14.824564, 0.100000, 0.000000, 99026730.000000, 54278460.000000, 0.025000, 1.000000, 0, 3, 0, 3, 0, 0, 0, 0, 0, 0, 0, 0, 0, 0, 0, 0, 0, 0, 0, 0, 0, 0, 0, 0, 0, 0, 0, 0, 0, 0, 0, 0
node[2], 2774094101, 571, 14.838587, 0.100000, 0.000000, 99026740.000000, 54281360.000000, 0.025000, 1.000000, 0, 3, 0, 3, 0, 0, 0, 0, 0, 0, 0, 0, 0, 0, 0, 0, 0, 0, 0, 0, 0, 0, 0, 0, 0, 0, 0, 0, 0, 0, 0, 0
node[0], 2357136044, 572, 14.845266, 0.100000, 0.000000, 99026730.000000, 54275570.000000, 0.025000, 1.000000, 0, 3, 0, 2, 1, 0, 0, 0, 0, 0, 0, 0, 0, 0, 0, 0, 0, 0, 0, 0, 0, 0, 0, 0, 0, 0, 0, 0, 0, 0, 0, 0
node[3], 1277901399, 573, 14.900713, 0.100000, 0.000000, 99026740.000000, 54284250.000000, 0.025000, 1.000000, 0, 3, 0, 2, 1, 0, 0, 0, 0, 0, 0, 0, 0, 0, 0, 0, 0, 0, 0, 0, 0, 0, 0, 0, 0, 0, 0, 0, 0, 0, 0, 0
node[1], 2588848963, 574, 14.924564, 0.100000, 0.000000, 99026730.000000, 54278460.000000, 0.025000, 1.000000, 0, 3, 0, 3, 0, 0, 0, 0, 0, 0, 0, 0, 0, 0, 0, 0, 0, 0, 0, 0, 0, 0, 0, 0, 0, 0, 0, 0, 0, 0, 0, 0
node[2], 2774094101, 575, 14.938587, 0.100000, 0.000000, 99026740.000000, 54281360.000000, 0.025000, 1.000000, 0, 3, 0, 3, 0, 0, 0, 0, 0, 0, 0, 0, 0, 0, 0, 0, 0, 0, 0, 0, 0, 0, 0, 0, 0, 0, 0, 0, 0, 0, 0, 0
node[0], 2357136044, 576, 14.945266, 0.100000, -0.004000, 99026730.000000, 54275570.000000, 0.025000, 1.000000, 0, 3, 0, 2, 1, 0, 0, 0, 0, 0, 0, 0, 0, 0, 0, 0, 0, 0, 0, 0, 0, 0, 0, 0, 0, 0, 0, 0, 0, 0, 0, 0
node[3], 1277901399, 577, 15.000713, 0.100000, 0.000000, 99026740.000000, 54284250.000000, 0.025000, 1.000000, 0, 3, 0, 2, 1, 0, 0, 0, 0, 0, 0, 0, 0, 0, 0, 0, 0, 0, 0, 0, 0, 0, 0, 0, 0, 0, 0, 0, 0, 0, 0, 0
node[1], 2588848963, 578, 15.024564, 0.100000, -0.021000, 99026730.000000, 54278460.000000, 0.025000, 1.000000, 0, 3, 0, 3, 0, 0, 0, 0, 0, 0, 0, 0, 0, 0, 0, 0, 0, 0, 0, 0, 0, 0, 0, 0, 0, 0, 0, 0, 0, 0, 0, 0
node[2], 2774094101, 579, 15.038587, 0.100000, 0.000000, 99026740.000000, 54281360.000000, 0.025000, 1.000000, 0, 3, 0, 3, 0, 0, 0, 0, 0, 0, 0, 0, 0, 0, 0, 0, 0, 0, 0, 0, 0, 0, 0, 0, 0, 0, 0, 0, 0, 0, 0, 0
node[0], 2357136044, 580, 15.045266, 0.100000, -0.008000, 99026730.000000, 54275570.000000, 0.025000, 1.000000, 0, 3, 0, 2, 1, 0, 0, 0, 0, 0, 0, 0, 0, 0, 0, 0, 0, 0, 0, 0, 0, 0, 0, 0, 0, 0, 0, 0, 0, 0, 0, 0
node[3], 1277901399, 581, 15.100713, 0.100000, 0.000000, 99026740.000000, 54284250.000000, 0.025000, 1.000000, 0, 3, 0, 2, 1, 0, 0, 0, 0, 0, 0, 0, 0, 0, 0, 0, 0, 0, 0, 0, 0, 0, 0, 0, 0, 0, 0, 0, 0, 0, 0, 0
node[1], 2588848963, 582, 15.124564, 0.100000, 0.000000, 99026730.000000, 54278460.000000, 0.025000, 1.000000, 0, 3, 0, 3, 0, 0, 0, 0, 0, 0, 0, 0, 0, 0, 0, 0, 0, 0, 0, 0, 0, 0, 0, 0, 0, 0, 0, 0, 0, 0, 0, 0
node[2], 2774094101, 583, 15.138587, 0.100000, 0.000000, 99026740.000000, 54281360.000000, 0.025000, 1.000000, 0, 3, 0, 3, 0, 0, 0, 0, 0, 0, 0, 0, 0, 0, 0, 0, 0, 0, 0, 0, 0, 0, 0, 0, 0, 0, 0, 0, 0, 0, 0, 0
node[0], 2357136044, 584, 15.145266, 0.100000, 0.000000, 99026730.000000, 54275570.000000, 0.025000, 1.000000, 0, 3, 0, 2, 1, 0, 0, 0, 0, 0, 0, 0, 0, 0, 0, 0, 0, 0, 0, 0, 0, 0, 0, 0, 0, 0, 0, 0, 0, 0, 0, 0
node[3], 1277901399, 585, 15.200713, 0.100000, 0.000000, 99026740.000000, 54284250.000000, 0.025000, 1.000000, 0, 3, 0, 2, 1, 0, 0, 0, 0, 0, 0, 0, 0, 0, 0, 0, 0, 0, 0, 0, 0, 0, 0, 0, 0, 0, 0, 0, 0, 0, 0, 0
node[1], 2588848963, 586, 15.224564, 0.100000, 0.000000, 99026730.000000, 54278460.000000, 0.025000, 1.000000, 0, 3, 0, 3, 0, 0, 0, 0, 0, 0, 0, 0, 0, 0, 0, 0, 0, 0, 0, 0, 0, 0, 0, 0, 0, 0, 0, 0, 0, 0, 0, 0
node[2], 2774094101, 587, 15.238587, 0.100000, 0.000000, 99026740.000000, 54281360.000000, 0.025000, 1.000000, 0, 3, 0, 3, 0, 0, 0, 0, 0, 0, 0, 0, 0, 0, 0, 0, 0, 0, 0, 0, 0, 0, 0, 0, 0, 0, 0, 0, 0, 0, 0, 0
node[0], 2357136044, 588, 15.245266, 0.100000, -0.015000, 99026730.000000, 54275570.000000, 0.025000, 1.000000, 0, 3, 0, 2, 1, 0, 0, 0, 0, 0, 0, 0, 0, 0, 0, 0, 0, 0, 0, 0, 0, 0, 0, 0, 0, 0, 0, 0, 0, 0, 0, 0
node[3], 1277901399, 589, 15.300713, 0.100000, 0.000000, 99026740.000000, 54284250.000000, 0.025000, 1.000000, 0, 3, 0, 2, 1, 0, 0, 0, 0, 0, 0, 0, 0, 0, 0, 0, 0, 0, 0, 0, 0, 0, 0, 0, 0, 0, 0, 0, 0, 0, 0, 0
node[1], 2588848963, 590, 15.324564, 0.100000, 0.000000, 99026730.000000, 54278460.000000, 0.025000, 1.000000, 0, 3, 0, 3, 0, 0, 0, 0, 0, 0, 0, 0, 0, 0, 0, 0, 0, 0, 0, 0, 0, 0, 0, 0, 0, 0, 0, 0, 0, 0, 0, 0
node[2], 2774094101, 591, 15.338587, 0.100000, 0.000000, 99026740.000000, 54281360.000000, 0.025000, 1.000000, 0, 3, 0, 3, 0, 0, 0, 0, 0, 0, 0, 0, 0, 0, 0, 0, 0, 0, 0, 0, 0, 0, 0, 0, 0, 0, 0, 0, 0, 0, 0, 0
node[0], 2357136044, 592, 15.345266, 0.100000, -0.022000, 99026730.000000, 54275570.000000, 0.025000, 1.000000, 0, 3, 0, 2, 1, 0, 0, 0, 0, 0, 0, 0, 0, 0, 0, 0, 0, 0, 0, 0, 0, 0, 0, 0, 0, 0, 0, 0, 0, 0, 0, 0
node[3], 1277901399, 593, 15.400713, 0.100000, -0.011000, 99026740.000000, 54284250.000000, 0.025000, 1.000000, 0, 3, 0, 2, 1, 0, 0, 0, 0, 0, 0, 0, 0, 0, 0, 0, 0, 0, 0, 0, 0, 0, 0, 0, 0, 0, 0, 0, 0, 0, 0, 0
node[1], 2588848963, 594, 15.424564, 0.100000, 0.000000, 99026730.000000, 54278460.000000, 0.025000, 1.000000, 0, 3, 0, 3, 0, 0, 0, 0, 0, 0, 0, 0, 0, 0, 0, 0, 0, 0, 0, 0, 0, 0, 0, 0, 0, 0, 0, 0, 0, 0, 0, 0
node[2], 2774094101, 595, 15.438587, 0.100000, -0.025000, 99026740.000000, 54281360.000000, 0.025000, 1.000000, 0, 3, 0, 3, 0, 0, 0, 0, 0, 0, 0, 0, 0, 0, 0, 0, 0, 0, 0, 0, 0, 0, 0, 0, 0, 0, 0, 0, 0, 0, 0, 0
node[0], 2357136044, 596, 15.445266, 0.100000, 0.000000, 99026730.000000, 54275570.000000, 0.025000, 1.000000, 0, 3, 0, 2, 1, 0, 0, 0, 0, 0, 0, 0, 0, 0, 0, 0, 0, 0, 0, 0, 0, 0, 0, 0, 0, 0, 0, 0, 0, 0, 0, 0
node[3], 1277901399, 597, 15.500713, 0.100000, -0.021000, 99026740.000000, 54284250.000000, 0.025000, 1.000000, 0, 3, 0, 2, 1, 0, 0, 0, 0, 0, 0, 0, 0, 0, 0, 0, 0, 0, 0, 0, 0, 0, 0, 0, 0, 0, 0, 0, 0, 0, 0, 0
node[1], 2588848963, 598, 15.524564, 0.100000, 0.000000, 99026730.000000, 54278460.000000, 0.025000, 1.000000, 0, 3, 0, 3, 0, 0, 0, 0, 0, 0, 0, 0, 0, 0, 0, 0, 0, 0, 0, 0, 0, 0, 0, 0, 0, 0, 0, 0, 0, 0, 0, 0
node[2], 2774094101, 599, 15.538587, 0.100000, 0.000000, 99026740.000000, 54281360.000000, 0.025000, 1.000000, 0, 3, 0, 3, 0, 0, 0, 0, 0, 0, 0, 0, 0, 0, 0, 0, 0, 0, 0, 0, 0, 0, 0, 0, 0, 0, 0, 0, 0, 0, 0, 0
node[0], 2357136044, 600, 15.545266, 0.100000, -0.012000, 99026730.000000, 54275570.000000, 0.025000, 1.000000, 0, 3, 0, 2, 1, 0, 0, 0, 0, 0, 0, 0, 0, 0, 0, 0, 0, 0, 0, 0, 0, 0, 0, 0, 0, 0, 0, 0, 0, 0, 0, 0
node[3], 1277901399, 601, 15.600713, 0.100000, -0.011000, 99026740.000000, 54284250.000000, 0.025000, 1.000000, 0, 3, 0, 2, 1, 0, 0, 0, 0, 0, 0, 0, 0, 0, 0, 0, 0, 0, 0, 0, 0, 0, 0, 0, 0, 0, 0, 0, 0, 0, 0, 0
node[1], 2588848963, 602, 15.624564, 0.100000, 0.000000, 99026730.000000, 54278460.000000, 0.025000, 1.000000, 0, 3, 0, 3, 0, 0, 0, 0, 0, 0, 0, 0, 0, 0, 0, 0, 0, 0, 0, 0, 0, 0, 0, 0, 0, 0, 0, 0, 0, 0, 0, 0
node[2], 2774094101, 603, 15.638587, 0.100000, -0.020000, 99026740.000000, 54281360.000000, 0.025000, 1.000000, 0, 3, 0, 3, 0, 0, 0, 0, 0, 0, 0, 0, 0, 0, 0, 0, 0, 0, 0, 0, 0, 0, 0, 0, 0, 0, 0, 0, 0, 0, 0, 0
node[0], 2357136044, 604, 15.645266, 0.100000, 0.000000, 99026730.000000, 54275570.000000, 0.025000, 1.000000, 0, 3, 0, 2, 1, 0, 0, 0, 0, 0, 0, 0, 0, 0, 0, 0, 0, 0, 0, 0, 0, 0, 0, 0, 0, 0, 0, 0, 0, 0, 0, 0
node[3], 1277901399, 605, 15.700713, 0.100000, 0.000000, 99026740.000000, 54284250.000000, 0.025000, 1.000000, 0, 3, 0, 2, 1, 0, 0, 0, 0, 0, 0, 0, 0, 0, 0, 0, 0, 0, 0, 0, 0, 0, 0, 0, 0, 0, 0, 0, 0, 0, 0, 0
node[1], 2588848963, 606, 15.724564, 0.100000, 0.000000, 99026730.000000, 54278460.000000, 0.025000, 1.000000, 0, 3, 0, 3, 0, 0, 0, 0, 0, 0, 0, 0, 0, 0, 0, 0, 0, 0, 0, 0, 0, 0, 0, 0, 0, 0, 0, 0, 0, 0, 0, 0
node[2], 2774094101, 607, 15.738587, 0.100000, 0.000000, 99026740.000000, 54281360.000000, 0.025000, 1.000000, 0, 3, 0, 3, 0, 0, 0, 0, 0, 0, 0, 0, 0, 0, 0, 0, 0, 0, 0, 0, 0, 0, 0, 0, 0, 0, 0, 0, 0, 0, 0, 0
node[0], 2357136044, 608, 15.745266, 0.100000, -0.017000, 99026730.000000, 54275570.000000, 0.025000, 1.000000, 0, 3, 0, 2, 1, 0, 0, 0, 0, 0, 0, 0, 0, 0, 0, 0, 0, 0, 0, 0, 0, 0, 0, 0, 0, 0, 0, 0, 0, 0, 0, 0
node[3], 1277901399, 609, 15.800713, 0.100000, -0.021000, 99026740.000000, 54284250.000000, 0.025000, 1.000000, 0, 3, 0, 2, 1, 0, 0, 0, 0, 0, 0, 0, 0, 0, 0, 0, 0, 0, 0, 0, 0, 0, 0, 0, 0, 0, 0, 0, 0, 0, 0, 0
node[1], 2588848963, 610, 15.824564, 0.100000, 0.000000, 99026730.000000, 54278460.000000, 0.025000, 1.000000, 0, 3, 0, 3, 0, 0, 0, 0, 0, 0, 0, 0, 0, 0, 0, 0, 0, 0, 0, 0, 0, 0, 0, 0, 0, 0, 0, 0, 0, 0, 0, 0
node[2], 2774094101, 611, 15.838587, 0.100000, -0.003000, 99026740.000000, 54281360.000000, 0.025000, 1.000000, 0, 3, 0, 3, 0, 0, 0, 0, 0, 0, 0, 0, 0, 0, 0, 0, 0, 0, 0, 0, 0, 0, 0, 0, 0, 0, 0, 0, 0, 0, 0, 0
node[0], 2357136044, 612, 15.845266, 0.100000, 0.000000, 99026730.000000, 54275570.000000, 0.025000, 1.000000, 0, 3, 0, 2, 1, 0, 0, 0, 0, 0, 0, 0, 0, 0, 0, 0, 0, 0, 0, 0, 0, 0, 0, 0, 0, 0, 0, 0, 0, 0, 0, 0
node[3], 1277901399, 613, 15.900713, 0.100000, 0.000000, 99026740.000000, 54284250.000000, 0.025000, 1.000000, 0, 3, 0, 2, 1, 0, 0, 0, 0, 0, 0, 0, 0, 0, 0, 0, 0, 0, 0, 0, 0, 0, 0, 0, 0, 0, 0, 0, 0, 0, 0, 0
node[1], 2588848963, 614, 15.924564, 0.100000, -0.001000, 99026730.000000, 54278460.000000, 0.025000, 1.000000, 0, 3, 0, 3, 0, 0, 0, 0, 0, 0, 0, 0, 0, 0, 0, 0, 0, 0, 0, 0, 0, 0, 0, 0, 0, 0, 0, 0, 0, 0, 0, 0
node[2], 2774094101, 615, 15.938587, 0.100000, -0.010000, 99026740.000000, 54281360.000000, 0.025000, 1.000000, 0, 3, 0, 3, 0, 0, 0, 0, 0, 0, 0, 0, 0, 0, 0, 0, 0, 0, 0, 0, 0, 0, 0, 0, 0, 0, 0, 0, 0, 0, 0, 0
node[0], 2357136044, 616, 15.945266, 0.100000, 0.000000, 99026730.000000, 54275570.000000, 0.025000, 1.000000, 0, 3, 0, 2, 1, 0, 0, 0, 0, 0, 0, 0, 0, 0, 0, 0, 0, 0, 0, 0, 0, 0, 0, 0, 0, 0, 0, 0, 0, 0, 0, 0
node[3], 1277901399, 617, 16.000713, 0.100000, 0.000000, 99026740.000000, 54284250.000000, 0.025000, 1.000000, 0, 3, 0, 2, 1, 0, 0, 0, 0, 0, 0, 0, 0, 0, 0, 0, 0, 0, 0, 0, 0, 0, 0, 0, 0, 0, 0, 0, 0, 0, 0, 0
node[1], 2588848963, 618, 16.024564, 0.100000, 0.000000, 99026730.000000, 54278460.000000, 0.025000, 1.000000, 0, 3, 0, 3, 0, 0, 0, 0, 0, 0, 0, 0, 0, 0, 0, 0, 0, 0, 0, 0, 0, 0, 0, 0, 0, 0, 0, 0, 0, 0, 0, 0
node[2], 2774094101, 619, 16.038587, 0.100000, 0.000000, 99026740.000000, 54281360.000000, 0.025000, 1.000000, 0, 3, 0, 3, 0, 0, 0, 0, 0, 0, 0, 0, 0, 0, 0, 0, 0, 0, 0, 0, 0, 0, 0, 0, 0, 0, 0, 0, 0, 0, 0, 0
node[0], 2357136044, 620, 16.045266, 0.100000, 0.000000, 99026730.000000, 54275570.000000, 0.025000, 1.000000, 0, 3, 0, 2, 1, 0, 0, 0, 0, 0, 0, 0, 0, 0, 0, 0, 0, 0, 0, 0, 0, 0, 0, 0, 0, 0, 0, 0, 0, 0, 0, 0
node[3], 1277901399, 621, 16.100713, 0.100000, -0.016000, 99026740.000000, 54284250.000000, 0.025000, 1.000000, 0, 3, 0, 2, 1, 0, 0, 0, 0, 0, 0, 0, 0, 0, 0, 0, 0, 0, 0, 0, 0, 0, 0, 0, 0, 0, 0, 0, 0, 0, 0, 0
node[1], 2588848963, 622, 16.124564, 0.100000, 0.000000, 99026730.000000, 54278460.000000, 0.025000, 1.000000, 0, 3, 0, 3, 0, 0, 0, 0, 0, 0, 0, 0, 0, 0, 0, 0, 0, 0, 0, 0, 0, 0, 0, 0, 0, 0, 0, 0, 0, 0, 0, 0
node[2], 2774094101, 623, 16.138587, 0.100000, 0.000000, 99026740.000000, 54281360.000000, 0.025000, 1.000000, 0, 3, 0, 3, 0, 0, 0, 0, 0, 0, 0, 0, 0, 0, 0, 0, 0, 0, 0, 0, 0, 0, 0, 0, 0, 0, 0, 0, 0, 0, 0, 0
node[0], 2357136044, 624, 16.145266, 0.100000, 0.000000, 99026730.000000, 54275570.000000, 0.025000, 1.000000, 0, 3, 0, 2, 1, 0, 0, 0, 0, 0, 0, 0, 0, 0, 0, 0, 0, 0, 0, 0, 0, 0, 0, 0, 0, 0, 0, 0, 0, 0, 0, 0
node[3], 1277901399, 625, 16.200713, 0.100000, -0.007000, 99026740.000000, 54284250.000000, 0.025000, 1.000000, 0, 3, 0, 2, 1, 0, 0, 0, 0, 0, 0, 0, 0, 0, 0, 0, 0, 0, 0, 0, 0, 0, 0, 0, 0, 0, 0, 0, 0, 0, 0, 0
node[1], 2588848963, 626, 16.224564, 0.100000, -0.021000, 99026730.000000, 54278460.000000, 0.025000, 1.000000, 0, 3, 0, 3, 0, 0, 0, 0, 0, 0, 0, 0, 0, 0, 0, 0, 0, 0, 0, 0, 0, 0, 0, 0, 0, 0, 0, 0, 0, 0, 0, 0
node[2], 2774094101, 627, 16.238587, 0.100000, 0.000000, 99026740.000000, 54281360.000000, 0.025000, 1.000000, 0, 3, 0, 3, 0, 0, 0, 0, 0, 0, 0, 0, 0, 0, 0, 0, 0, 0, 0, 0, 0, 0, 0, 0, 0, 0, 0, 0, 0, 0, 0, 0
node[0], 2357136044, 628, 16.245266, 0.100000, 0.000000, 99026730.000000, 54275570.000000, 0.025000, 1.000000, 0, 3, 0, 2, 1, 0, 0, 0, 0, 0, 0, 0, 0, 0, 0, 0, 0, 0, 0, 0, 0, 0, 0, 0, 0, 0, 0, 0, 0, 0, 0, 0
node[3], 1277901399, 629, 16.300713, 0.100000, -0.001000, 99026740.000000, 54284250.000000, 0.025000, 1.000000, 0, 3, 0, 2, 1, 0, 0, 0, 0, 0, 0, 0, 0, 0, 0, 0, 0, 0, 0, 0, 0, 0, 0, 0, 0, 0, 0, 0, 0, 0, 0, 0
node[1], 2588848963, 630, 16.324564, 0.100000, 0.000000, 99026730.000000, 54278460.000000, 0.025000, 1.000000, 0, 3, 0, 3, 0, 0, 0, 0, 0, 0, 0, 0, 0, 0, 0, 0, 0, 0, 0, 0, 0, 0, 0, 0, 0, 0, 0, 0, 0, 0, 0, 0
node[2], 2774094101, 631, 16.338587, 0.100000, -0.018000, 99026740.000000, 54281360.000000, 0.025000, 1.000000, 0, 3, 0, 3, 0, 0, 0, 0, 0, 0, 0, 0, 0, 0, 0, 0, 0, 0, 0, 0, 0, 0, 0, 0, 0, 0, 0, 0, 0, 0, 0, 0
node[0], 2357136044, 632, 16.345266, 0.100000, 0.000000, 99026730.000000, 54275570.000000, 0.025000, 1.000000, 0, 3, 0, 2, 1, 0, 0, 0, 0, 0, 0, 0, 0, 0, 0, 0, 0, 0, 0, 0, 0, 0, 0, 0, 0, 0, 0, 0, 0, 0, 0, 0
node[3], 1277901399, 633, 16.400713, 0.100000, 0.000000, 99026740.000000, 54284250.000000, 0.025000, 1.000000, 0, 3, 0, 2, 1, 0, 0, 0, 0, 0, 0, 0, 0, 0, 0, 0, 0, 0, 0, 0, 0, 0, 0, 0, 0, 0, 0, 0, 0, 0, 0, 0
node[1], 2588848963, 634, 16.424564, 0.100000, 0.000000, 99026730.000000, 54278460.000000, 0.025000, 1.000000, 0, 3, 0, 3, 0, 0, 0, 0, 0, 0, 0, 0, 0, 0, 0, 0, 0, 0, 0, 0, 0, 0, 0, 0, 0, 0, 0, 0, 0, 0, 0, 0
node[2], 2774094101, 635, 16.438587, 0.100000, 0.000000, 99026740.000000, 54281360.000000, 0.025000, 1.000000, 0, 3, 0, 3, 0, 0, 0, 0, 0, 0, 0, 0, 0, 0, 0, 0, 0, 0, 0, 0, 0, 0, 0, 0, 0, 0, 0, 0, 0, 0, 0, 0
node[0], 2357136044, 636, 16.445266, 0.100000, -0.004000, 99026730.000000, 54275570.000000, 0.025000, 1.000000, 0, 3, 0, 2, 1, 0, 0, 0, 0, 0, 0, 0, 0, 0, 0, 0, 0, 0, 0, 0, 0, 0, 0, 0, 0, 0, 0, 0, 0, 0, 0, 0
node[3], 1277901399, 637, 16.500713, 0.100000, 0.000000, 99026740.000000, 54284250.000000, 0.025000, 1.000000, 0, 3, 0, 2, 1, 0, 0, 0, 0, 0, 0, 0, 0, 0, 0, 0, 0, 0, 0, 0, 0, 0, 0, 0, 0, 0, 0, 0, 0, 0, 0, 0
node[1], 2588848963, 638, 16.524564, 0.100000, -0.015000, 99026730.000000, 54278460.000000, 0.025000, 1.000000, 0, 3, 0, 3, 0, 0, 0, 0, 0, 0, 0, 0, 0, 0, 0, 0, 0, 0, 0, 0, 0, 0, 0, 0, 0, 0, 0, 0, 0, 0, 0, 0
node[2], 2774094101, 639, 16.538587, 0.100000, 0.000000, 99026740.000000, 54281360.000000, 0.025000, 1.000000, 0, 3, 0, 3, 0, 0, 0, 0, 0, 0, 0, 0, 0, 0, 0, 0, 0, 0, 0, 0, 0, 0, 0, 0, 0, 0, 0, 0, 0, 0, 0, 0
node[0], 2357136044, 640, 16.545266, 0.100000, -0.001000, 99026730.000000, 54275570.000000, 0.025000, 1.000000, 0, 3, 0, 2, 1, 0, 0, 0, 0, 0, 0, 0, 0, 0, 0, 0, 0, 0, 0, 0, 0, 0, 0, 0, 0, 0, 0, 0, 0, 0, 0, 0
node[3], 1277901399, 641, 16.600713, 0.100000, 0.000000, 99026740.000000, 54284250.000000, 0.025000, 1.000000, 0, 3, 0, 2, 1, 0, 0, 0, 0, 0, 0, 0, 0, 0, 0, 0, 0, 0, 0, 0, 0, 0, 0, 0, 0, 0, 0, 0, 0, 0, 0, 0
node[1], 2588848963, 642, 16.624564, 0.100000, -0.017000, 99026730.000000, 54278460.000000, 0.025000, 1.000000, 0, 3, 0, 3, 0, 0, 0, 0, 0, 0, 0, 0, 0, 0, 0, 0, 0, 0, 0, 0, 0, 0, 0, 0, 0, 0, 0, 0, 0, 0, 0, 0
node[2], 2774094101, 643, 16.638587, 0.100000, 0.000000, 99026740.000000, 54281360.000000, 0.025000, 1.000000, 0, 3, 0, 3, 0, 0, 0, 0, 0, 0, 0, 0, 0, 0, 0, 0, 0, 0, 0, 0, 0, 0, 0, 0, 0, 0, 0, 0, 0, 0, 0, 0
node[0], 2357136044, 644, 16.645266, 0.100000, 0.000000, 99026730.000000, 54275570.000000, 0.025000, 1.000000, 0, 3, 0, 2, 1, 0, 0, 0, 0, 0, 0, 0, 0, 0, 0, 0, 0, 0, 0, 0, 0, 0, 0, 0, 0, 0, 0, 0, 0, 0, 0, 0
node[3], 1277901399, 645, 16.700713, 0.100000, 0.000000, 99026740.000000, 54284250.000000, 0.025000, 1.000000, 0, 3, 0, 2, 1, 0, 0, 0, 0, 0, 0, 0, 0, 0, 0, 0, 0, 0, 0, 0, 0, 0, 0, 0, 0, 0, 0, 0, 0, 0, 0, 0
node[1], 2588848963, 646, 16.724564, 0.100000, 0.000000, 99026730.000000, 54278460.000000, 0.025000, 1.000000, 0, 3, 0, 3, 0, 0, 0, 0, 0, 0, 0, 0, 0, 0, 0, 0, 0, 0, 0, 0, 0, 0, 0, 0, 0, 0, 0, 0, 0, 0, 0, 0
node[2], 2774094101, 647, 16.738587, 0.100000, -0.009000, 99026740.000000, 54281360.000000, 0.025000, 1.000000, 0, 3, 0, 3, 0, 0, 0, 0, 0, 0, 0, 0, 0, 0, 0, 0, 0, 0, 0, 0, 0, 0, 0, 0, 0, 0, 0, 0, 0, 0, 0, 0
node[0], 2357136044, 648, 16.745266, 0.100000, 0.000000, 99026730.000000, 54275570.000000, 0.025000, 1.000000, 0, 3, 0, 2, 1, 0, 0, 0, 0, 0, 0, 0, 0, 0, 0, 0, 0, 0, 0, 0, 0, 0, 0, 0, 0, 0, 0, 0, 0, 0, 0, 0
node[3], 1277901399, 649, 16.800713, 0.100000, 0.000000, 99026740.000000, 54284250.000000, 0.025000, 1.000000, 0, 3, 0, 2, 1, 0, 0, 0, 0, 0, 0, 0, 0, 0, 0, 0, 0, 0, 0, 0, 0, 0, 0, 0, 0, 0, 0, 0, 0, 0, 0, 0
node[1], 2588848963, 650, 16.824564, 0.100000, -0.021000, 99026730.000000, 54278460.000000, 0.025000, 1.000000, 0, 3, 0, 3, 0, 0, 0, 0, 0, 0, 0, 0, 0, 0, 0, 0, 0, 0, 0, 0, 0, 0, 0, 0, 0, 0, 0, 0, 0, 0, 0, 0
node[2], 2774094101, 651, 16.838587, 0.100000, 0.000000, 99026740.000000, 54281360.000000, 0.025000, 1.000000, 0, 3, 0, 3, 0, 0, 0, 0, 0, 0, 0, 0, 0, 0, 0, 0, 0, 0, 0, 0, 0, 0, 0, 0, 0, 0, 0, 0, 0, 0, 0, 0
node[0], 2357136044, 652, 16.845266, 0.100000, 0.000000, 99026730.000000, 54275570.000000, 0.025000, 1.000000, 0, 3, 0, 2, 1, 0, 0, 0, 0, 0, 0, 0, 0, 0, 0, 0, 0, 0, 0, 0, 0, 0, 0, 0, 0, 0, 0, 0, 0, 0, 0, 0
node[3], 1277901399, 653, 16.900713, 0.100000, -0.024000, 99026740.000000, 54284250.000000, 0.025000, 1.000000, 0, 3, 0, 2, 1, 0, 0, 0, 0, 0, 0, 0, 0, 0, 0, 0, 0, 0, 0, 0, 0, 0, 0, 0, 0, 0, 0, 0, 0, 0, 0, 0
node[1], 2588848963, 654, 16.924564, 0.100000, 0.000000, 99026730.000000, 54278460.000000, 0.025000, 1.000000, 0, 3, 0, 3, 0, 0, 0, 0, 0, 0, 0, 0, 0, 0, 0, 0, 0, 0, 0, 0, 0, 0, 0, 0, 0, 0, 0, 0, 0, 0, 0, 0
node[2], 2774094101, 655, 16.938587, 0.100000, 0.000000, 99026740.000000, 54281360.000000, 0.025000, 1.000000, 0, 3, 0, 3, 0, 0, 0, 0, 0, 0, 0, 0, 0, 0, 0, 0, 0, 0, 0, 0, 0, 0, 0, 0, 0, 0, 0, 0, 0, 0, 0, 0
node[0], 2357136044, 656, 16.945266, 0.100000, 0.000000, 99026730.000000, 54275570.000000, 0.025000, 1.000000, 0, 3, 0, 2, 1, 0, 0, 0, 0, 0, 0, 0, 0, 0, 0, 0, 0, 0, 0, 0, 0, 0, 0, 0, 0, 0, 0, 0, 0, 0, 0, 0
node[3], 1277901399, 657, 17.000713, 0.100000, -0.013000, 99026740.000000, 54284250.000000, 0.025000, 1.000000, 0, 3, 0, 2, 1, 0, 0, 0, 0, 0, 0, 0, 0, 0, 0, 0, 0, 0, 0, 0, 0, 0, 0, 0, 0, 0, 0, 0, 0, 0, 0, 0
node[1], 2588848963, 658, 17.024564, 0.100000, -0.008000, 99026730.000000, 54278460.000000, 0.025000, 1.000000, 0, 3, 0, 3, 0, 0, 0, 0, 0, 0, 0, 0, 0, 0, 0, 0, 0, 0, 0, 0, 0, 0, 0, 0, 0, 0, 0, 0, 0, 0, 0, 0
node[2], 2774094101, 659, 17.038587, 0.100000, 0.000000, 99026740.000000, 54281360.000000, 0.025000, 1.000000, 0, 3, 0, 3, 0, 0, 0, 0, 0, 0, 0, 0, 0, 0, 0, 0, 0, 0, 0, 0, 0, 0, 0, 0, 0, 0, 0, 0, 0, 0, 0, 0
node[0], 2357136044, 660, 17.045266, 0.100000, -0.013000, 99026730.000000, 54275570.000000, 0.025000, 1.000000, 0, 3, 0, 2, 1, 0, 0, 0, 0, 0, 0, 0, 0, 0, 0, 0, 0, 0, 0, 0, 0, 0, 0, 0, 0, 0, 0, 0, 0, 0, 0, 0
node[3], 1277901399, 661, 17.100713, 0.100000, -0.018000, 99026740.000000, 54284250.000000, 0.025000, 1.000000, 0, 3, 0, 2, 1, 0, 0, 0, 0, 0, 0, 0, 0, 0, 0, 0, 0, 0, 0, 0, 0, 0, 0, 0, 0, 0, 0, 0, 0, 0, 0, 0
node[1], 2588848963, 662, 17.124564, 0.100000, 0.000000, 99026730.000000, 54278460.000000, 0.025000, 1.000000, 0, 3, 0, 3, 0, 0, 0, 0, 0, 0, 0, 0, 0, 0, 0, 0, 0, 0, 0, 0, 0, 0, 0, 0, 0, 0, 0, 0, 0, 0, 0, 0
node[2], 2774094101, 663, 17.138587, 0.100000, -0.011000, 99026740.000000, 54281360.000000, 0.025000, 1.000000, 0, 3, 0, 3, 0, 0, 0, 0, 0, 0, 0, 0, 0, 0, 0, 0, 0, 0, 0, 0, 0, 0, 0, 0, 0, 0, 0, 0, 0, 0, 0, 0
node[0], 2357136044, 664, 17.145266, 0.100000, 0.000000, 99026730.000000, 54275570.000000, 0.025000, 1.000000, 0, 3, 0, 2, 1, 0, 0, 0, 0, 0, 0, 0, 0, 0, 0, 0, 0, 0, 0, 0, 0, 0, 0, 0, 0, 0, 0, 0, 0, 0, 0, 0
node[3], 1277901399, 665, 17.200713, 0.100000, 0.000000, 99026740.000000, 54284250.000000, 0.025000, 1.000000, 0, 3, 0, 2, 1, 0, 0, 0, 0, 0, 0, 0, 0, 0, 0, 0, 0, 0, 0, 0, 0, 0, 0, 0, 0, 0, 0, 0, 0, 0, 0, 0
node[1], 2588848963, 666, 17.224564, 0.100000, -0.006000, 99026730.000000, 54278460.000000, 0.025000, 1.000000, 0, 3, 0, 3, 0, 0, 0, 0, 0, 0, 0, 0, 0, 0, 0, 0, 0, 0, 0, 0, 0, 0, 0, 0, 0, 0, 0, 0, 0, 0, 0, 0
node[2], 2774094101, 667, 17.238587, 0.100000, 0.000000, 99026740.000000, 54281360.000000, 0.025000, 1.000000, 0, 3, 0, 3, 0, 0, 0, 0, 0, 0, 0, 0, 0, 0, 0, 0, 0, 0, 0, 0, 0, 0, 0, 0, 0, 0, 0, 0, 0, 0, 0, 0
node[0], 2357136044, 668, 17.245266, 0.100000, 0.000000, 99026730.000000, 54275570.000000, 0.025000, 1.000000, 0, 3, 0, 2, 1, 0, 0, 0, 0, 0, 0, 0, 0, 0, 0, 0, 0, 0, 0, 0, 0, 0, 0, 0, 0, 0, 0, 0, 0, 0, 0, 0
node[3], 1277901399, 669, 17.300713, 0.100000, 0.000000, 99026740.000000, 54284250.000000, 0.025000, 1.000000, 0, 3, 0, 2, 1, 0, 0, 0, 0, 0, 0, 0, 0, 0, 0, 0, 0, 0, 0, 0, 0, 0, 0, 0, 0, 0, 0, 0, 0, 0, 0, 0
node[1], 2588848963, 670, 17.324564, 0.100000, 0.000000, 99026730.000000, 54278460.000000, 0.025000, 1.000000, 0, 3, 0, 3, 0, 0, 0, 0, 0, 0, 0, 0, 0, 0, 0, 0, 0, 0, 0, 0, 0, 0, 0, 0, 0, 0, 0, 0, 0, 0, 0, 0
node[2], 2774094101, 671, 17.338587, 0.100000, -0.020000, 99026740.000000, 54281360.000000, 0.025000, 1.000000, 0, 3, 0, 3, 0, 0, 0, 0, 0, 0, 0, 0, 0, 0, 0, 0, 0, 0, 0, 0, 0, 0, 0, 0, 0, 0, 0, 0, 0, 0, 0, 0
node[0], 2357136044, 672, 17.345266, 0.100000, -0.002000, 99026730.000000, 54275570.000000, 0.025000, 1.000000, 0, 3, 0, 2, 1, 0, 0, 0, 0, 0, 0, 0, 0, 0, 0, 0, 0, 0, 0, 0, 0, 0, 0, 0, 0, 0, 0, 0, 0, 0, 0, 0
node[3], 1277901399, 673, 17.400713, 0.100000, 0.000000, 99026740.000000, 54284250.000000, 0.025000, 1.000000, 0, 3, 0, 2, 1, 0, 0, 0, 0, 0, 0, 0, 0, 0, 0, 0, 0, 0, 0, 0, 0, 0, 0, 0, 0, 0, 0, 0, 0, 0, 0, 0
node[1], 2588848963, 674, 17.424564, 0.100000, 0.000000, 99026730.000000, 54278460.000000, 0.025000, 1.000000, 0, 3, 0, 3, 0, 0, 0, 0, 0, 0, 0, 0, 0, 0, 0, 0, 0, 0, 0, 0, 0, 0, 0, 0, 0, 0, 0, 0, 0, 0, 0, 0
node[2], 2774094101, 675, 17.438587, 0.100000, 0.000000, 99026740.000000, 54281360.000000, 0.025000, 1.000000, 0, 3, 0, 3, 0, 0, 0, 0, 0, 0, 0, 0, 0, 0, 0, 0, 0, 0, 0, 0, 0, 0, 0, 0, 0, 0, 0, 0, 0, 0, 0, 0
node[0], 2357136044, 676, 17.445266, 0.100000, 0.000000, 99026730.000000, 54275570.000000, 0.025000, 1.000000, 0, 3, 0, 2, 1, 0, 0, 0, 0, 0, 0, 0, 0, 0, 0, 0, 0, 0, 0, 0, 0, 0, 0, 0, 0, 0, 0, 0, 0, 0, 0, 0
node[3], 1277901399, 677, 17.500713, 0.100000, -0.007000, 99026740.000000, 54284250.000000, 0.025000, 1.000000, 0, 3, 0, 2, 1, 0, 0, 0, 0, 0, 0, 0, 0, 0, 0, 0, 0, 0, 0, 0, 0, 0, 0, 0, 0, 0, 0, 0, 0, 0, 0, 0
node[1], 2588848963, 678, 17.524564, 0.100000, 0.000000, 99026730.000000, 54278460.000000, 0.025000, 1.000000, 0, 3, 0, 3, 0, 0, 0, 0, 0, 0, 0, 0, 0, 0, 0, 0, 0, 0, 0, 0, 0, 0, 0, 0, 0, 0, 0, 0, 0, 0, 0, 0
node[2], 2774094101, 679, 17.538587, 0.100000, 0.000000, 99026740.000000, 54281360.000000, 0.025000, 1.000000, 0, 3, 0, 3, 0, 0, 0, 0, 0, 0, 0, 0, 0, 0, 0, 0, 0, 0, 0, 0, 0, 0, 0, 0, 0, 0, 0, 0, 0, 0, 0, 0
node[0], 2357136044, 680, 17.545266, 0.100000, 0.000000, 99026730.000000, 54275570.000000, 0.025000, 1.000000, 0, 3, 0, 2, 1, 0, 0, 0, 0, 0, 0, 0, 0, 0, 0, 0, 0, 0, 0, 0, 0, 0, 0, 0, 0, 0, 0, 0, 0, 0, 0, 0
node[3], 1277901399, 681, 17.600713, 0.100000, 0.000000, 99026740.000000, 54284250.000000, 0.025000, 1.000000, 0, 3, 0, 2, 1, 0, 0, 0, 0, 0, 0, 0, 0, 0, 0, 0, 0, 0, 0, 0, 0, 0, 0, 0, 0, 0, 0, 0, 0, 0, 0, 0
node[1], 2588848963, 682, 17.624564, 0.100000, 0.000000, 99026730.000000, 54278460.000000, 0.025000, 1.000000, 0, 3, 0, 3, 0, 0, 0, 0, 0, 0, 0, 0, 0, 0, 0, 0, 0, 0, 0, 0, 0, 0, 0, 0, 0, 0, 0, 0, 0, 0, 0, 0
node[2], 2774094101, 683, 17.638587, 0.100000, 0.000000, 99026740.000000, 54281360.000000, 0.025000, 1.000000, 0, 3, 0, 3, 0, 0, 0, 0, 0, 0, 0, 0, 0, 0, 0, 0, 0, 0, 0, 0, 0, 0, 0, 0, 0, 0, 0, 0, 0, 0, 0, 0
node[0], 2357136044, 684, 17.645266, 0.100000, 0.000000, 99026730.000000, 54275570.000000, 0.025000, 1.000000, 0, 3, 0, 2, 1, 0, 0, 0, 0, 0, 0, 0, 0, 0, 0, 0, 0, 0, 0, 0, 0, 0, 0, 0, 0, 0, 0, 0, 0, 0, 0, 0
node[3], 1277901399, 685, 17.700713, 0.100000, 0.000000, 99026740.000000, 54284250.000000, 0.025000, 1.000000, 0, 3, 0, 2, 1, 0, 0, 0, 0, 0, 0, 0, 0, 0, 0, 0, 0, 0, 0, 0, 0, 0, 0, 0, 0, 0, 0, 0, 0, 0, 0, 0
node[1], 2588848963, 686, 17.724564, 0.100000, 0.000000, 99026730.000000, 54278460.000000, 0.025000, 1.000000, 0, 3, 0, 3, 0, 0, 0, 0, 0, 0, 0, 0, 0, 0, 0, 0, 0, 0, 0, 0, 0, 0, 0, 0, 0, 0, 0, 0, 0, 0, 0, 0
node[2], 2774094101, 687, 17.738587, 0.100000, 0.000000, 99026740.000000, 54281360.000000, 0.025000, 1.000000, 0, 3, 0, 3, 0, 0, 0, 0, 0, 0, 0, 0, 0, 0, 0, 0, 0, 0, 0, 0, 0, 0, 0, 0, 0, 0, 0, 0, 0, 0, 0, 0
node[0], 2357136044, 688, 17.745266, 0.100000, 0.000000, 99026730.000000, 54275570.000000, 0.025000, 1.000000, 0, 3, 0, 2, 1, 0, 0, 0, 0, 0, 0, 0, 0, 0, 0, 0, 0, 0, 0, 0, 0, 0, 0, 0, 0, 0, 0, 0, 0, 0, 0, 0
node[3], 1277901399, 689, 17.800713, 0.100000, -0.005000, 99026740.000000, 54284250.000000, 0.025000, 1.000000, 0, 3, 0, 2, 1, 0, 0, 0, 0, 0, 0, 0, 0, 0, 0, 0, 0, 0, 0, 0, 0, 0, 0, 0, 0, 0, 0, 0, 0, 0, 0, 0
node[1], 2588848963, 690, 17.824564, 0.100000, -0.016000, 99026730.000000, 54278460.000000, 0.025000, 1.000000, 0, 3, 0, 3, 0, 0, 0, 0, 0, 0, 0, 0, 0, 0, 0, 0, 0, 0, 0, 0, 0, 0, 0, 0, 0, 0, 0, 0, 0, 0, 0, 0
node[2], 2774094101, 691, 17.838587, 0.100000, 0.000000, 99026740.000000, 54281360.000000, 0.025000, 1.000000, 0, 3, 0, 3, 0, 0, 0, 0, 0, 0, 0, 0, 0, 0, 0, 0, 0, 0, 0, 0, 0, 0, 0, 0, 0, 0, 0, 0, 0, 0, 0, 0
node[0], 2357136044, 692, 17.845266, 0.100000, -0.008000, 99026730.000000, 54275570.000000, 0.025000, 1.000000, 0, 3, 0, 2, 1, 0, 0, 0, 0, 0, 0, 0, 0, 0, 0, 0, 0, 0, 0, 0, 0, 0, 0, 0, 0, 0, 0, 0, 0, 0, 0, 0
node[3], 1277901399, 693, 17.900713, 0.100000, -0.019000, 99026740.000000, 54284250.000000, 0.025000, 1.000000, 0, 3, 0, 2, 1, 0, 0, 0, 0, 0, 0, 0, 0, 0, 0, 0, 0, 0, 0, 0, 0, 0, 0, 0, 0, 0, 0, 0, 0, 0, 0, 0
node[1], 2588848963, 694, 17.924564, 0.100000, 0.000000, 99026730.000000, 54278460.000000, 0.025000, 1.000000, 0, 3, 0, 3, 0, 0, 0, 0, 0, 0, 0, 0, 0, 0, 0, 0, 0, 0, 0, 0, 0, 0, 0, 0, 0, 0, 0, 0, 0, 0, 0, 0
node[2], 2774094101, 695, 17.938587, 0.100000, -0.014000, 99026740.000000, 54281360.000000, 0.025000, 1.000000, 0, 3, 0, 3, 0, 0, 0, 0, 0, 0, 0, 0, 0, 0, 0, 0, 0, 0, 0, 0, 0, 0, 0, 0, 0, 0, 0, 0, 0, 0, 0, 0
node[0], 2357136044, 696, 17.945266, 0.100000, 0.000000, 99026730.000000, 54275570.000000, 0.025000, 1.000000, 0, 3, 0, 2, 1, 0, 0, 0, 0, 0, 0, 0, 0, 0, 0, 0, 0, 0, 0, 0, 0, 0, 0, 0, 0, 0, 0, 0, 0, 0, 0, 0
node[3], 1277901399, 697, 18.000713, 0.100000, -0.004000, 99026740.000000, 54284250.000000, 0.025000, 1.000000, 0, 3, 0, 2, 1, 0, 0, 0, 0, 0, 0, 0, 0, 0, 0, 0, 0, 0, 0, 0, 0, 0, 0, 0, 0, 0, 0, 0, 0, 0, 0, 0
node[1], 2588848963, 698, 18.024564, 0.100000, -0.018000, 99026730.000000, 54278460.000000, 0.025000, 1.000000, 0, 3, 0, 3, 0, 0, 0, 0, 0, 0, 0, 0, 0, 0, 0, 0, 0, 0, 0, 0, 0, 0, 0, 0, 0, 0, 0, 0, 0, 0, 0, 0
node[2], 2774094101, 699, 18.038587, 0.100000, 0.000000, 99026740.000000, 54281360.000000, 0.025000, 1.000000, 0, 3, 0, 3, 0, 0, 0, 0, 0, 0, 0, 0, 0, 0, 0, 0, 0, 0, 0, 0, 0, 0, 0, 0, 0, 0, 0, 0, 0, 0, 0, 0
node[0], 2357136044, 700, 18.045266, 0.100000, 0.000000, 99026730.000000, 54275570.000000, 0.025000, 1.000000, 0, 3, 0, 2, 1, 0, 0, 0, 0, 0, 0, 0, 0, 0, 0, 0, 0, 0, 0, 0, 0, 0, 0, 0, 0, 0, 0, 0, 0, 0, 0, 0
node[3], 1277901399, 701, 18.100713, 0.100000, -0.019000, 99026740.000000, 54284250.000000, 0.025000, 1.000000, 0, 3, 0, 2, 1, 0, 0, 0, 0, 0, 0, 0, 0, 0, 0, 0, 0, 0, 0, 0, 0, 0, 0, 0, 0, 0, 0, 0, 0, 0, 0, 0
node[1], 2588848963, 702, 18.124564, 0.100000, -0.021000, 99026730.000000, 54278460.000000, 0.025000, 1.000000, 0, 3, 0, 3, 0, 0, 0, 0, 0, 0, 0, 0, 0, 0, 0, 0, 0, 0, 0, 0, 0, 0, 0, 0, 0, 0, 0, 0, 0, 0, 0, 0
node[2], 2774094101, 703, 18.138587, 0.100000, 0.000000, 99026740.000000, 54281360.000000, 0.025000, 1.000000, 0, 3, 0, 3, 0, 0, 0, 0, 0, 0, 0, 0, 0, 0, 0, 0, 0, 0, 0, 0, 0, 0, 0, 0, 0, 0, 0, 0, 0, 0, 0, 0
node[0], 2357136044, 704, 18.145266, 0.100000, 0.000000, 99026730.000000, 54275570.000000, 0.025000, 1.000000, 0, 3, 0, 2, 1, 0, 0, 0, 0, 0, 0, 0, 0, 0, 0, 0, 0, 0, 0, 0, 0, 0, 0, 0, 0, 0, 0, 0, 0, 0, 0, 0
node[3], 1277901399, 705, 18.200713, 0.100000, 0.000000, 99026740.000000, 54284250.000000, 0.025000, 1.000000, 0, 3, 0, 2, 1, 0, 0, 0, 0, 0, 0, 0, 0, 0, 0, 0, 0, 0, 0, 0, 0, 0, 0, 0, 0, 0, 0, 0, 0, 0, 0, 0
node[1], 2588848963, 706, 18.224564, 0.100000, 0.000000, 99026730.000000, 54278460.000000, 0.025000, 1.000000, 0, 3, 0, 3, 0, 0, 0, 0, 0, 0, 0, 0, 0, 0, 0, 0, 0, 0, 0, 0, 0, 0, 0, 0, 0, 0, 0, 0, 0, 0, 0, 0
node[2], 2774094101, 707, 18.238587, 0.100000, 0.000000, 99026740.000000, 54281360.000000, 0.025000, 1.000000, 0, 3, 0, 3, 0, 0, 0, 0, 0, 0, 0, 0, 0, 0, 0, 0, 0, 0, 0, 0, 0, 0, 0, 0, 0, 0, 0, 0, 0, 0, 0, 0
node[0], 2357136044, 708, 18.245266, 0.100000, 0.000000, 99026730.000000, 54275570.000000, 0.025000, 1.000000, 0, 3, 0, 2, 1, 0, 0, 0, 0, 0, 0, 0, 0, 0, 0, 0, 0, 0, 0, 0, 0, 0, 0, 0, 0, 0, 0, 0, 0, 0, 0, 0
node[3], 1277901399, 709, 18.300713, 0.100000, 0.000000, 99026740.000000, 54284250.000000, 0.025000, 1.000000, 0, 3, 0, 2, 1, 0, 0, 0, 0, 0, 0, 0, 0, 0, 0, 0, 0, 0, 0, 0, 0, 0, 0, 0, 0, 0, 0, 0, 0, 0, 0, 0
node[1], 2588848963, 710, 18.324564, 0.100000, 0.000000, 99026730.000000, 54278460.000000, 0.025000, 1.000000, 0, 3, 0, 3, 0, 0, 0, 0, 0, 0, 0, 0, 0, 0, 0, 0, 0, 0, 0, 0, 0, 0, 0, 0, 0, 0, 0, 0, 0, 0, 0, 0
node[2], 2774094101, 711, 18.338587, 0.100000, 0.000000, 99026740.000000, 54281360.000000, 0.025000, 1.000000, 0, 3, 0, 3, 0, 0, 0, 0, 0, 0, 0, 0, 0, 0, 0, 0, 0, 0, 0, 0, 0, 0, 0, 0, 0, 0, 0, 0, 0, 0, 0, 0
node[0], 2357136044, 712, 18.345266, 0.100000, 0.000000, 99026730.000000, 54275570.000000, 0.025000, 1.000000, 0, 3, 0, 2, 1, 0, 0, 0, 0, 0, 0, 0, 0, 0, 0, 0, 0, 0, 0, 0, 0, 0, 0, 0, 0, 0, 0, 0, 0, 0, 0, 0
node[3], 1277901399, 713, 18.400713, 0.100000, 0.000000, 99026740.000000, 54284250.000000, 0.025000, 1.000000, 0, 3, 0, 2, 1, 0, 0, 0, 0, 0, 0, 0, 0, 0, 0, 0, 0, 0, 0, 0, 0, 0, 0, 0, 0, 0, 0, 0, 0, 0, 0, 0
node[1], 2588848963, 714, 18.424564, 0.100000, 0.000000, 99026730.000000, 54278460.000000, 0.025000, 1.000000, 0, 3, 0, 3, 0, 0, 0, 0, 0, 0, 0, 0, 0, 0, 0, 0, 0, 0, 0, 0, 0, 0, 0, 0, 0, 0, 0, 0, 0, 0, 0, 0
node[2], 2774094101, 715, 18.438587, 0.100000, 0.000000, 99026740.000000, 54281360.000000, 0.025000, 1.000000, 0, 3, 0, 3, 0, 0, 0, 0, 0, 0, 0, 0, 0, 0, 0, 0, 0, 0, 0, 0, 0, 0, 0, 0, 0, 0, 0, 0, 0, 0, 0, 0
node[0], 2357136044, 716, 18.445266, 0.100000, 0.000000, 99026730.000000, 54275570.000000, 0.025000, 1.000000, 0, 3, 0, 2, 1, 0, 0, 0, 0, 0, 0, 0, 0, 0, 0, 0, 0, 0, 0, 0, 0, 0, 0, 0, 0, 0, 0, 0, 0, 0, 0, 0
node[3], 1277901399, 717, 18.500713, 0.100000, -0.002000, 99026740.000000, 54284250.000000, 0.025000, 1.000000, 0, 3, 0, 2, 1, 0, 0, 0, 0, 0, 0, 0, 0, 0, 0, 0, 0, 0, 0, 0, 0, 0, 0, 0, 0, 0, 0, 0, 0, 0, 0, 0
node[1], 2588848963, 718, 18.524564, 0.100000, 0.000000, 99026730.000000, 54278460.000000, 0.025000, 1.000000, 0, 3, 0, 3, 0, 0, 0, 0, 0, 0, 0, 0, 0, 0, 0, 0, 0, 0, 0, 0, 0, 0, 0, 0, 0, 0, 0, 0, 0, 0, 0, 0
node[2], 2774094101, 719, 18.538587, 0.100000, 0.000000, 99026740.000000, 54281360.000000, 0.025000, 1.000000, 0, 3, 0, 3, 0, 0, 0, 0, 0, 0, 0, 0, 0, 0, 0, 0, 0, 0, 0, 0, 0, 0, 0, 0, 0, 0, 0, 0, 0, 0, 0, 0
node[0], 2357136044, 720, 18.545266, 0.100000, 0.000000, 99026730.000000, 54275570.000000, 0.025000, 1.000000, 0, 3, 0, 2, 1, 0, 0, 0, 0, 0, 0, 0, 0, 0, 0, 0, 0, 0, 0, 0, 0, 0, 0, 0, 0, 0, 0, 0, 0, 0, 0, 0
node[3], 1277901399, 721, 18.600713, 0.100000, 0.000000, 99026740.000000, 54284250.000000, 0.025000, 1.000000, 0, 3, 0, 2, 1, 0, 0, 0, 0, 0, 0, 0, 0, 0, 0, 0, 0, 0, 0, 0, 0, 0, 0, 0, 0, 0, 0, 0, 0, 0, 0, 0
node[1], 2588848963, 722, 18.624564, 0.100000, -0.011000, 99026730.000000, 54278460.000000, 0.025000, 1.000000, 0, 3, 0, 3, 0, 0, 0, 0, 0, 0, 0, 0, 0, 0, 0, 0, 0, 0, 0, 0, 0, 0, 0, 0, 0, 0, 0, 0, 0, 0, 0, 0
node[2], 2774094101, 723, 18.638587, 0.100000, -0.017000, 99026740.000000, 54281360.000000, 0.025000, 1.000000, 0, 3, 0, 3, 0, 0, 0, 0, 0, 0, 0, 0, 0, 0, 0, 0, 0, 0, 0, 0, 0, 0, 0, 0, 0, 0, 0, 0, 0, 0, 0, 0
node[0], 2357136044, 724, 18.645266, 0.100000, -0.013000, 99026730.000000, 54275570.000000, 0.025000, 1.000000, 0, 3, 0, 2, 1, 0, 0, 0, 0, 0, 0, 0, 0, 0, 0, 0, 0, 0, 0, 0, 0, 0, 0, 0, 0, 0, 0, 0, 0, 0, 0, 0
node[3], 1277901399, 725, 18.700713, 0.100000, 0.000000, 99026740.000000, 54284250.000000, 0.025000, 1.000000, 0, 3, 0, 2, 1, 0, 0, 0, 0, 0, 0, 0, 0, 0, 0, 0, 0, 0, 0, 0, 0, 0, 0, 0, 0, 0, 0, 0, 0, 0, 0, 0
node[1], 2588848963, 726, 18.724564, 0.100000, 0.000000, 99026730.000000, 54278460.000000, 0.025000, 1.000000, 0, 3, 0, 3, 0, 0, 0, 0, 0, 0, 0, 0, 0, 0, 0, 0, 0, 0, 0, 0, 0, 0, 0, 0, 0, 0, 0, 0, 0, 0, 0, 0
node[2], 2774094101, 727, 18.738587, 0.100000, 0.000000, 99026740.000000, 54281360.000000, 0.025000, 1.000000, 0, 3, 0, 3, 0, 0, 0, 0, 0, 0, 0, 0, 0, 0, 0, 0, 0, 0, 0, 0, 0, 0, 0, 0, 0, 0, 0, 0, 0, 0, 0, 0
node[0], 2357136044, 728, 18.745266, 0.100000, 0.000000, 99026730.000000, 54275570.000000, 0.025000, 1.000000, 0, 3, 0, 2, 1, 0, 0, 0, 0, 0, 0, 0, 0, 0, 0, 0, 0, 0, 0, 0, 0, 0, 0, 0, 0, 0, 0, 0, 0, 0, 0, 0
node[3], 1277901399, 729, 18.800713, 0.100000, -0.020000, 99026740.000000, 54284250.000000, 0.025000, 1.000000, 0, 3, 0, 2, 1, 0, 0, 0, 0, 0, 0, 0, 0, 0, 0, 0, 0, 0, 0, 0, 0, 0, 0, 0, 0, 0, 0, 0, 0, 0, 0, 0
node[1], 2588848963, 730, 18.824564, 0.100000, -0.004000, 99026730.000000, 54278460.000000, 0.025000, 1.000000, 0, 3, 0, 3, 0, 0, 0, 0, 0, 0, 0, 0, 0, 0, 0, 0, 0, 0, 0, 0, 0, 0, 0, 0, 0, 0, 0, 0, 0, 0, 0, 0
node[2], 2774094101, 731, 18.838587, 0.100000, -0.019000, 99026740.000000, 54281360.000000, 0.025000, 1.000000, 0, 3, 0, 3, 0, 0, 0, 0, 0, 0, 0, 0, 0, 0, 0, 0, 0, 0, 0, 0, 0, 0, 0, 0, 0, 0, 0, 0, 0, 0, 0, 0
node[0], 2357136044, 732, 18.845266, 0.100000, -0.012000, 99026730.000000, 54275570.000000, 0.025000, 1.000000, 0, 3, 0, 2, 1, 0, 0, 0, 0, 0, 0, 0, 0, 0, 0, 0, 0, 0, 0, 0, 0, 0, 0, 0, 0, 0, 0, 0, 0, 0, 0, 0
node[3], 1277901399, 733, 18.900713, 0.100000, 0.000000, 99026740.000000, 54284250.000000, 0.025000, 1.000000, 0, 3, 0, 2, 1, 0, 0, 0, 0, 0, 0, 0, 0, 0, 0, 0, 0, 0, 0, 0, 0, 0, 0, 0, 0, 0, 0, 0, 0, 0, 0, 0
node[1], 2588848963, 734, 18.924564, 0.100000, 0.000000, 99026730.000000, 54278460.000000, 0.025000, 1.000000, 0, 3, 0, 3, 0, 0, 0, 0, 0, 0, 0, 0, 0, 0, 0, 0, 0, 0, 0, 0, 0, 0, 0, 0, 0, 0, 0, 0, 0, 0, 0, 0
node[2], 2774094101, 735, 18.938587, 0.100000, -0.019000, 99026740.000000, 54281360.000000, 0.025000, 1.000000, 0, 3, 0, 3, 0, 0, 0, 0, 0, 0, 0, 0, 0, 0, 0, 0, 0, 0, 0, 0, 0, 0, 0, 0, 0, 0, 0, 0, 0, 0, 0, 0
node[0], 2357136044, 736, 18.945266, 0.100000, 0.000000, 99026730.000000, 54275570.000000, 0.025000, 1.000000, 0, 3, 0, 2, 1, 0, 0, 0, 0, 0, 0, 0, 0, 0, 0, 0, 0, 0, 0, 0, 0, 0, 0, 0, 0, 0, 0, 0, 0, 0, 0, 0
node[3], 1277901399, 737, 19.000713, 0.100000, -0.017000, 99026740.000000, 54284250.000000, 0.025000, 1.000000, 0, 3, 0, 2, 1, 0, 0, 0, 0, 0, 0, 0, 0, 0, 0, 0, 0, 0, 0, 0, 0, 0, 0, 0, 0, 0, 0, 0, 0, 0, 0, 0
node[1], 2588848963, 738, 19.024564, 0.100000, 0.000000, 99026730.000000, 54278460.000000, 0.025000, 1.000000, 0, 3, 0, 3, 0, 0, 0, 0, 0, 0, 0, 0, 0, 0, 0, 0, 0, 0, 0, 0, 0, 0, 0, 0, 0, 0, 0, 0, 0, 0, 0, 0
node[2], 2774094101, 739, 19.038587, 0.100000, -0.012000, 99026740.000000, 54281360.000000, 0.025000, 1.000000, 0, 3, 0, 3, 0, 0, 0, 0, 0, 0, 0, 0, 0, 0, 0, 0, 0, 0, 0, 0, 0, 0, 0, 0, 0, 0, 0, 0, 0, 0, 0, 0
node[0], 2357136044, 740, 19.045266, 0.100000, 0.000000, 99026730.000000, 54275570.000000, 0.025000, 1.000000, 0, 3, 0, 2, 1, 0, 0, 0, 0, 0, 0, 0, 0, 0, 0, 0, 0, 0, 0, 0, 0, 0, 0, 0, 0, 0, 0, 0, 0, 0, 0, 0
node[3], 1277901399, 741, 19.100713, 0.100000, 0.000000, 99026740.000000, 54284250.000000, 0.025000, 1.000000, 0, 3, 0, 2, 1, 0, 0, 0, 0, 0, 0, 0, 0, 0, 0, 0, 0, 0, 0, 0, 0, 0, 0, 0, 0, 0, 0, 0, 0, 0, 0, 0
node[1], 2588848963, 742, 19.124564, 0.100000, 0.000000, 99026730.000000, 54278460.000000, 0.025000, 1.000000, 0, 3, 0, 3, 0, 0, 0, 0, 0, 0, 0, 0, 0, 0, 0, 0, 0, 0, 0, 0, 0, 0, 0, 0, 0, 0, 0, 0, 0, 0, 0, 0
node[2], 2774094101, 743, 19.138587, 0.100000, -0.012000, 99026740.000000, 54281360.000000, 0.025000, 1.000000, 0, 3, 0, 3, 0, 0, 0, 0, 0, 0, 0, 0, 0, 0, 0, 0, 0, 0, 0, 0, 0, 0, 0, 0, 0, 0, 0, 0, 0, 0, 0, 0
node[0], 2357136044, 744, 19.145266, 0.100000, 0.000000, 99026730.000000, 54275570.000000, 0.025000, 1.000000, 0, 3, 0, 2, 1, 0, 0, 0, 0, 0, 0, 0, 0, 0, 0, 0, 0, 0, 0, 0, 0, 0, 0, 0, 0, 0, 0, 0, 0, 0, 0, 0
node[3], 1277901399, 745, 19.200713, 0.100000, 0.000000, 99026740.000000, 54284250.000000, 0.025000, 1.000000, 0, 3, 0, 2, 1, 0, 0, 0, 0, 0, 0, 0, 0, 0, 0, 0, 0, 0, 0, 0, 0, 0, 0, 0, 0, 0, 0, 0, 0, 0, 0, 0
node[1], 2588848963, 746, 19.224564, 0.100000, -0.001000, 99026730.000000, 54278460.000000, 0.025000, 1.000000, 0, 3, 0, 3, 0, 0, 0, 0, 0, 0, 0, 0, 0, 0, 0, 0, 0, 0, 0, 0, 0, 0, 0, 0, 0, 0, 0, 0, 0, 0, 0, 0
node[2], 2774094101, 747, 19.238587, 0.100000, -0.012000, 99026740.000000, 54281360.000000, 0.025000, 1.000000, 0, 3, 0, 3, 0, 0, 0, 0, 0, 0, 0, 0, 0, 0, 0, 0, 0, 0, 0, 0, 0, 0, 0, 0, 0, 0, 0, 0, 0, 0, 0, 0
node[0], 2357136044, 748, 19.245266, 0.100000, 0.000000, 99026730.000000, 54275570.000000, 0.025000, 1.000000, 0, 3, 0, 2, 1, 0, 0, 0, 0, 0, 0, 0, 0, 0, 0, 0, 0, 0, 0, 0, 0, 0, 0, 0, 0, 0, 0, 0, 0, 0, 0, 0
node[3], 1277901399, 749, 19.300713, 0.100000, -0.008000, 99026740.000000, 54284250.000000, 0.025000, 1.000000, 0, 3, 0, 2, 1, 0, 0, 0, 0, 0, 0, 0, 0, 0, 0, 0, 0, 0, 0, 0, 0, 0, 0, 0, 0, 0, 0, 0, 0, 0, 0, 0
node[1], 2588848963, 750, 19.324564, 0.100000, -0.016000, 99026730.000000, 54278460.000000, 0.025000, 1.000000, 0, 3, 0, 3, 0, 0, 0, 0, 0, 0, 0, 0, 0, 0, 0, 0, 0, 0, 0, 0, 0, 0, 0, 0, 0, 0, 0, 0, 0, 0, 0, 0
node[2], 2774094101, 751, 19.338587, 0.100000, 0.000000, 99026740.000000, 54281360.000000, 0.025000, 1.000000, 0, 3, 0, 3, 0, 0, 0, 0, 0, 0, 0, 0, 0, 0, 0, 0, 0, 0, 0, 0, 0, 0, 0, 0, 0, 0, 0, 0, 0, 0, 0, 0
node[0], 2357136044, 752, 19.345266, 0.100000, 0.000000, 99026730.000000, 54275570.000000, 0.025000, 1.000000, 0, 3, 0, 2, 1, 0, 0, 0, 0, 0, 0, 0, 0, 0, 0, 0, 0, 0, 0, 0, 0, 0, 0, 0, 0, 0, 0, 0, 0, 0, 0, 0
node[3], 1277901399, 753, 19.400713, 0.100000, 0.000000, 99026740.000000, 54284250.000000, 0.025000, 1.000000, 0, 3, 0, 2, 1, 0, 0, 0, 0, 0, 0, 0, 0, 0, 0, 0, 0, 0, 0, 0, 0, 0, 0, 0, 0, 0, 0, 0, 0, 0, 0, 0
node[1], 2588848963, 754, 19.424564, 0.100000, 0.000000, 99026730.000000, 54278460.000000, 0.025000, 1.000000, 0, 3, 0, 3, 0, 0, 0, 0, 0, 0, 0, 0, 0, 0, 0, 0, 0, 0, 0, 0, 0, 0, 0, 0, 0, 0, 0, 0, 0, 0, 0, 0
node[2], 2774094101, 755, 19.438587, 0.100000, 0.000000, 99026740.000000, 54281360.000000, 0.025000, 1.000000, 0, 3, 0, 3, 0, 0, 0, 0, 0, 0, 0, 0, 0, 0, 0, 0, 0, 0, 0, 0, 0, 0, 0, 0, 0, 0, 0, 0, 0, 0, 0, 0
node[0], 2357136044, 756, 19.445266, 0.100000, 0.000000, 99026730.000000, 54275570.000000, 0.025000, 1.000000, 0, 3, 0, 2, 1, 0, 0, 0, 0, 0, 0, 0, 0, 0, 0, 0, 0, 0, 0, 0, 0, 0, 0, 0, 0, 0, 0, 0, 0, 0, 0, 0
node[3], 1277901399, 757, 19.500713, 0.100000, 0.000000, 99026740.000000, 54284250.000000, 0.025000, 1.000000, 0, 3, 0, 2, 1, 0, 0, 0, 0, 0, 0, 0, 0, 0, 0, 0, 0, 0, 0, 0, 0, 0, 0, 0, 0, 0, 0, 0, 0, 0, 0, 0
node[1], 2588848963, 758, 19.524564, 0.100000, 0.000000, 99026730.000000, 54278460.000000, 0.025000, 1.000000, 0, 3, 0, 3, 0, 0, 0, 0, 0, 0, 0, 0, 0, 0, 0, 0, 0, 0, 0, 0, 0, 0, 0, 0, 0, 0, 0, 0, 0, 0, 0, 0
node[2], 2774094101, 759, 19.538587, 0.100000, -0.024000, 99026740.000000, 54281360.000000, 0.025000, 1.000000, 0, 3, 0, 3, 0, 0, 0, 0, 0, 0, 0, 0, 0, 0, 0, 0, 0, 0, 0, 0, 0, 0, 0, 0, 0, 0, 0, 0, 0, 0, 0, 0
node[0], 2357136044, 760, 19.545266, 0.100000, 0.000000, 99026730.000000, 54275570.000000, 0.025000, 1.000000, 0, 3, 0, 2, 1, 0, 0, 0, 0, 0, 0, 0, 0, 0, 0, 0, 0, 0, 0, 0, 0, 0, 0, 0, 0, 0, 0, 0, 0, 0, 0, 0
node[3], 1277901399, 761, 19.600713, 0.100000, 0.000000, 99026740.000000, 54284250.000000, 0.025000, 1.000000, 0, 3, 0, 2, 1, 0, 0, 0, 0, 0, 0, 0, 0, 0, 0, 0, 0, 0, 0, 0, 0, 0, 0, 0, 0, 0, 0, 0, 0, 0, 0, 0
node[1], 2588848963, 762, 19.624564, 0.100000, 0.000000, 99026730.000000, 54278460.000000, 0.025000, 1.000000, 0, 3, 0, 3, 0, 0, 0, 0, 0, 0, 0, 0, 0, 0, 0, 0, 0, 0, 0, 0, 0, 0, 0, 0, 0, 0, 0, 0, 0, 0, 0, 0
node[2], 2774094101, 763, 19.638587, 0.100000, 0.000000, 99026740.000000, 54281360.000000, 0.025000, 1.000000, 0, 3, 0, 3, 0, 0, 0, 0, 0, 0, 0, 0, 0, 0, 0, 0, 0, 0, 0, 0, 0, 0, 0, 0, 0, 0, 0, 0, 0, 0, 0, 0
node[0], 2357136044, 764, 19.645266, 0.100000, 0.000000, 99026730.000000, 54275570.000000, 0.025000, 1.000000, 0, 3, 0, 2, 1, 0, 0, 0, 0, 0, 0, 0, 0, 0, 0, 0, 0, 0, 0, 0, 0, 0, 0, 0, 0, 0, 0, 0, 0, 0, 0, 0
node[3], 1277901399, 765, 19.700713, 0.100000, 0.000000, 99026740.000000, 54284250.000000, 0.025000, 1.000000, 0, 3, 0, 2, 1, 0, 0, 0, 0, 0, 0, 0, 0, 0, 0, 0, 0, 0, 0, 0, 0, 0, 0, 0, 0, 0, 0, 0, 0, 0, 0, 0
node[1], 2588848963, 766, 19.724564, 0.100000, -0.016000, 99026730.000000, 54278460.000000, 0.025000, 1.000000, 0, 3, 0, 3, 0, 0, 0, 0, 0, 0, 0, 0, 0, 0, 0, 0, 0, 0, 0, 0, 0, 0, 0, 0, 0, 0, 0, 0, 0, 0, 0, 0
node[2], 2774094101, 767, 19.738587, 0.100000, 0.000000, 99026740.000000, 54281360.000000, 0.025000, 1.000000, 0, 3, 0, 3, 0, 0, 0, 0, 0, 0, 0, 0, 0, 0, 0, 0, 0, 0, 0, 0, 0, 0, 0, 0, 0, 0, 0, 0, 0, 0, 0, 0
node[0], 2357136044, 768, 19.745266, 0.100000, 0.000000, 99026730.000000, 54275570.000000, 0.025000, 1.000000, 0, 3, 0, 2, 1, 0, 0, 0, 0, 0, 0, 0, 0, 0, 0, 0, 0, 0, 0, 0, 0, 0, 0, 0, 0, 0, 0, 0, 0, 0, 0, 0
node[3], 1277901399, 769, 19.800713, 0.100000, 0.000000, 99026740.000000, 54284250.000000, 0.025000, 1.000000, 0, 3, 0, 2, 1, 0, 0, 0, 0, 0, 0, 0, 0, 0, 0, 0, 0, 0, 0, 0, 0, 0, 0, 0, 0, 0, 0, 0, 0, 0, 0, 0
node[1], 2588848963, 770, 19.824564, 0.100000, 0.000000, 99026730.000000, 54278460.000000, 0.025000, 1.000000, 0, 3, 0, 3, 0, 0, 0, 0, 0, 0, 0, 0, 0, 0, 0, 0, 0, 0, 0, 0, 0, 0, 0, 0, 0, 0, 0, 0, 0, 0, 0, 0
node[2], 2774094101, 771, 19.838587, 0.100000, 0.000000, 99026740.000000, 54281360.000000, 0.025000, 1.000000, 0, 3, 0, 3, 0, 0, 0, 0, 0, 0, 0, 0, 0, 0, 0, 0, 0, 0, 0, 0, 0, 0, 0, 0, 0, 0, 0, 0, 0, 0, 0, 0
node[0], 2357136044, 772, 19.845266, 0.100000, -0.019000, 99026730.000000, 54275570.000000, 0.025000, 1.000000, 0, 3, 0, 2, 1, 0, 0, 0, 0, 0, 0, 0, 0, 0, 0, 0, 0, 0, 0, 0, 0, 0, 0, 0, 0, 0, 0, 0, 0, 0, 0, 0
node[3], 1277901399, 773, 19.900713, 0.100000, 0.000000, 99026740.000000, 54284250.000000, 0.025000, 1.000000, 0, 3, 0, 2, 1, 0, 0, 0, 0, 0, 0, 0, 0, 0, 0, 0, 0, 0, 0, 0, 0, 0, 0, 0, 0, 0, 0, 0, 0, 0, 0, 0
node[1], 2588848963, 774, 19.924564, 0.100000, 0.000000, 99026730.000000, 54278460.000000, 0.025000, 1.000000, 0, 3, 0, 3, 0, 0, 0, 0, 0, 0, 0, 0, 0, 0, 0, 0, 0, 0, 0, 0, 0, 0, 0, 0, 0, 0, 0, 0, 0, 0, 0, 0
node[2], 2774094101, 775, 19.938587, 0.100000, 0.000000, 99026740.000000, 54281360.000000, 0.025000, 1.000000, 0, 3, 0, 3, 0, 0, 0, 0, 0, 0, 0, 0, 0, 0, 0, 0, 0, 0, 0, 0, 0, 0, 0, 0, 0, 0, 0, 0, 0, 0, 0, 0
node[0], 2357136044, 776, 19.945266, 0.100000, 0.000000, 99026730.000000, 54275570.000000, 0.025000, 1.000000, 0, 3, 0, 2, 1, 0, 0, 0, 0, 0, 0, 0, 0, 0, 0, 0, 0, 0, 0, 0, 0, 0, 0, 0, 0, 0, 0, 0, 0, 0, 0, 0
node[3], 1277901399, 777, 20.000713, 0.100000, -0.003000, 99026740.000000, 54284250.000000, 0.025000, 1.000000, 0, 3, 0, 2, 1, 0, 0, 0, 0, 0, 0, 0, 0, 0, 0, 0, 0, 0, 0, 0, 0, 0, 0, 0, 0, 0, 0, 0, 0, 0, 0, 0
node[1], 2588848963, 778, 20.024564, 0.100000, -0.015000, 99026730.000000, 54278460.000000, 0.025000, 1.000000, 0, 3, 0, 3, 0, 0, 0, 0, 0, 0, 0, 0, 0, 0, 0, 0, 0, 0, 0, 0, 0, 0, 0, 0, 0, 0, 0, 0, 0, 0, 0, 0
node[2], 2774094101, 779, 20.038587, 0.100000, 0.000000, 99026740.000000, 54281360.000000, 0.025000, 1.000000, 0, 3, 0, 3, 0, 0, 0, 0, 0, 0, 0, 0, 0, 0, 0, 0, 0, 0, 0, 0, 0, 0, 0, 0, 0, 0, 0, 0, 0, 0, 0, 0
node[0], 2357136044, 780, 20.045266, 0.100000, 0.000000, 99026730.000000, 54275570.000000, 0.025000, 1.000000, 0, 3, 0, 2, 1, 0, 0, 0, 0, 0, 0, 0, 0, 0, 0, 0, 0, 0, 0, 0, 0, 0, 0, 0, 0, 0, 0, 0, 0, 0, 0, 0
node[3], 1277901399, 781, 20.100713, 0.100000, 0.000000, 99026740.000000, 54284250.000000, 0.025000, 1.000000, 0, 3, 0, 2, 1, 0, 0, 0, 0, 0, 0, 0, 0, 0, 0, 0, 0, 0, 0, 0, 0, 0, 0, 0, 0, 0, 0, 0, 0, 0, 0, 0
node[1], 2588848963, 782, 20.124564, 0.100000, -0.018000, 99026730.000000, 54278460.000000, 0.025000, 1.000000, 0, 3, 0, 3, 0, 0, 0, 0, 0, 0, 0, 0, 0, 0, 0, 0, 0, 0, 0, 0, 0, 0, 0, 0, 0, 0, 0, 0, 0, 0, 0, 0
node[2], 2774094101, 783, 20.138587, 0.100000, 0.000000, 99026740.000000, 54281360.000000, 0.025000, 1.000000, 0, 3, 0, 3, 0, 0, 0, 0, 0, 0, 0, 0, 0, 0, 0, 0, 0, 0, 0, 0, 0, 0, 0, 0, 0, 0, 0, 0, 0, 0, 0, 0
node[0], 2357136044, 784, 20.145266, 0.100000, 0.000000, 99026730.000000, 54275570.000000, 0.025000, 1.000000, 0, 3, 0, 2, 1, 0, 0, 0, 0, 0, 0, 0, 0, 0, 0, 0, 0, 0, 0, 0, 0, 0, 0, 0, 0, 0, 0, 0, 0, 0, 0, 0
node[3], 1277901399, 785, 20.200713, 0.100000, 0.000000, 99026740.000000, 54284250.000000, 0.025000, 1.000000, 0, 3, 0, 2, 1, 0, 0, 0, 0, 0, 0, 0, 0, 0, 0, 0, 0, 0, 0, 0, 0, 0, 0, 0, 0, 0, 0, 0, 0, 0, 0, 0
node[1], 2588848963, 786, 20.224564, 0.100000, -0.022000, 99026730.000000, 54278460.000000, 0.025000, 1.000000, 0, 3, 0, 3, 0, 0, 0, 0, 0, 0, 0, 0, 0, 0, 0, 0, 0, 0, 0, 0, 0, 0, 0, 0, 0, 0, 0, 0, 0, 0, 0, 0
node[2], 2774094101, 787, 20.238587, 0.100000, 0.000000, 99026740.000000, 54281360.000000, 0.025000, 1.000000, 0, 3, 0, 3, 0, 0, 0, 0, 0, 0, 0, 0, 0, 0, 0, 0, 0, 0, 0, 0, 0, 0, 0, 0, 0, 0, 0, 0, 0, 0, 0, 0
node[0], 2357136044, 788, 20.245266, 0.100000, 0.000000, 99026730.000000, 54275570.000000, 0.025000, 1.000000, 0, 3, 0, 2, 1, 0, 0, 0, 0, 0, 0, 0, 0, 0, 0, 0, 0, 0, 0, 0, 0, 0, 0, 0, 0, 0, 0, 0, 0, 0, 0, 0
node[3], 1277901399, 789, 20.300713, 0.100000, -0.024000, 99026740.000000, 54284250.000000, 0.025000, 1.000000, 0, 3, 0, 2, 1, 0, 0, 0, 0, 0, 0, 0, 0, 0, 0, 0, 0, 0, 0, 0, 0, 0, 0, 0, 0, 0, 0, 0, 0, 0, 0, 0
node[1], 2588848963, 790, 20.324564, 0.100000, -0.008000, 99026730.000000, 54278460.000000, 0.025000, 1.000000, 0, 3, 0, 3, 0, 0, 0, 0, 0, 0, 0, 0, 0, 0, 0, 0, 0, 0, 0, 0, 0, 0, 0, 0, 0, 0, 0, 0, 0, 0, 0, 0
node[2], 2774094101, 791, 20.338587, 0.100000, 0.000000, 99026740.000000, 54281360.000000, 0.025000, 1.000000, 0, 3, 0, 3, 0, 0, 0, 0, 0, 0, 0, 0, 0, 0, 0, 0, 0, 0, 0, 0, 0, 0, 0, 0, 0, 0, 0, 0, 0, 0, 0, 0
node[0], 2357136044, 792, 20.345266, 0.100000, 0.000000, 99026730.000000, 54275570.000000, 0.025000, 1.000000, 0, 3, 0, 2, 1, 0, 0, 0, 0, 0, 0, 0, 0, 0, 0, 0, 0, 0, 0, 0, 0, 0, 0, 0, 0, 0, 0, 0, 0, 0, 0, 0
node[3], 1277901399, 793, 20.400713, 0.100000, -0.005000, 99026740.000000, 54284250.000000, 0.025000, 1.000000, 0, 3, 0, 2, 1, 0, 0, 0, 0, 0, 0, 0, 0, 0, 0, 0, 0, 0, 0, 0, 0, 0, 0, 0, 0, 0, 0, 0, 0, 0, 0, 0
node[1], 2588848963, 794, 20.424564, 0.100000, -0.013000, 99026730.000000, 54278460.000000, 0.025000, 1.000000, 0, 3, 0, 3, 0, 0, 0, 0, 0, 0, 0, 0, 0, 0, 0, 0, 0, 0, 0, 0, 0, 0, 0, 0, 0, 0, 0, 0, 0, 0, 0, 0
node[2], 2774094101, 795, 20.438587, 0.100000, -0.001000, 99026740.000000, 54281360.000000, 0.025000, 1.000000, 0, 3, 0, 3, 0, 0, 0, 0, 0, 0, 0, 0, 0, 0, 0, 0, 0, 0, 0, 0, 0, 0, 0, 0, 0, 0, 0, 0, 0, 0, 0, 0
node[0], 2357136044, 796, 20.445266, 0.100000, 0.000000, 99026730.000000, 54275570.000000, 0.025000, 1.000000, 0, 3, 0, 2, 1, 0, 0, 0, 0, 0, 0, 0, 0, 0, 0, 0, 0, 0, 0, 0, 0, 0, 0, 0, 0, 0, 0, 0, 0, 0, 0, 0
node[3], 1277901399, 797, 20.500713, 0.100000, 0.000000, 99026740.000000, 54284250.000000, 0.025000, 1.000000, 0, 3, 0, 2, 1, 0, 0, 0, 0, 0, 0, 0, 0, 0, 0, 0, 0, 0, 0, 0, 0, 0, 0, 0, 0, 0, 0, 0, 0, 0, 0, 0
node[1], 2588848963, 798, 20.524564, 0.100000, -0.016000, 99026730.000000, 54278460.000000, 0.025000, 1.000000, 0, 3, 0, 3, 0, 0, 0, 0, 0, 0, 0, 0, 0, 0, 0, 0, 0, 0, 0, 0, 0, 0, 0, 0, 0, 0, 0, 0, 0, 0, 0, 0
node[2], 2774094101, 799, 20.538587, 0.100000, 0.000000, 99026740.000000, 54281360.000000, 0.025000, 1.000000, 0, 3, 0, 3, 0, 0, 0, 0, 0, 0, 0, 0, 0, 0, 0, 0, 0, 0, 0, 0, 0, 0, 0, 0, 0, 0, 0, 0, 0, 0, 0, 0
node[0], 2357136044, 800, 20.545266, 0.100000, 0.000000, 99026730.000000, 54275570.000000, 0.025000, 1.000000, 0, 3, 0, 2, 1, 0, 0, 0, 0, 0, 0, 0, 0, 0, 0, 0, 0, 0, 0, 0, 0, 0, 0, 0, 0, 0, 0, 0, 0, 0, 0, 0
node[3], 1277901399, 801, 20.600713, 0.100000, 0.000000, 99026740.000000, 54284250.000000, 0.025000, 1.000000, 0, 3, 0, 2, 1, 0, 0, 0, 0, 0, 0, 0, 0, 0, 0, 0, 0, 0, 0, 0, 0, 0, 0, 0, 0, 0, 0, 0, 0, 0, 0, 0
node[1], 2588848963, 802, 20.624564, 0.100000, 0.000000, 99026730.000000, 54278460.000000, 0.025000, 1.000000, 0, 3, 0, 3, 0, 0, 0, 0, 0, 0, 0, 0, 0, 0, 0, 0, 0, 0, 0, 0, 0, 0, 0, 0, 0, 0, 0, 0, 0, 0, 0, 0
node[2], 2774094101, 803, 20.638587, 0.100000, 0.000000, 99026740.000000, 54281360.000000, 0.025000, 1.000000, 0, 3, 0, 3, 0, 0, 0, 0, 0, 0, 0, 0, 0, 0, 0, 0, 0, 0, 0, 0, 0, 0, 0, 0, 0, 0, 0, 0, 0, 0, 0, 0
node[0], 2357136044, 804, 20.645266, 0.100000, 0.000000, 99026730.000000, 54275570.000000, 0.025000, 1.000000, 0, 3, 0, 2, 1, 0, 0, 0, 0, 0, 0, 0, 0, 0, 0, 0, 0, 0, 0, 0, 0, 0, 0, 0, 0, 0, 0, 0, 0, 0, 0, 0
node[3], 1277901399, 805, 20.700713, 0.100000, 0.000000, 99026740.000000, 54284250.000000, 0.025000, 1.000000, 0, 3, 0, 2, 1, 0, 0, 0, 0, 0, 0, 0, 0, 0, 0, 0, 0, 0, 0, 0, 0, 0, 0, 0, 0, 0, 0, 0, 0, 0, 0, 0
node[1], 2588848963, 806, 20.724564, 0.100000, -0.006000, 99026730.000000, 54278460.000000, 0.025000, 1.000000, 0, 3, 0, 3, 0, 0, 0, 0, 0, 0, 0, 0, 0, 0, 0, 0, 0, 0, 0, 0, 0, 0, 0, 0, 0, 0, 0, 0, 0, 0, 0, 0
node[2], 2774094101, 807, 20.738587, 0.100000, 0.000000, 99026740.000000, 54281360.000000, 0.025000, 1.000000, 0, 3, 0, 3, 0, 0, 0, 0, 0, 0, 0, 0, 0, 0, 0, 0, 0, 0, 0, 0, 0, 0, 0, 0, 0, 0, 0, 0, 0, 0, 0, 0
node[0], 2357136044, 808, 20.745266, 0.100000, 0.000000, 99026730.000000, 54275570.000000, 0.025000, 1.000000, 0, 3, 0, 2, 1, 0, 0, 0, 0, 0, 0, 0, 0, 0, 0, 0, 0, 0, 0, 0, 0, 0, 0, 0, 0, 0, 0, 0, 0, 0, 0, 0
node[3], 1277901399, 809, 20.800713, 0.100000, -0.022000, 99026740.000000, 54284250.000000, 0.025000, 1.000000, 0, 3, 0, 2, 1, 0, 0, 0, 0, 0, 0, 0, 0, 0, 0, 0, 0, 0, 0, 0, 0, 0, 0, 0, 0, 0, 0, 0, 0, 0, 0, 0
node[1], 2588848963, 810, 20.824564, 0.100000, 0.000000, 99026730.000000, 54278460.000000, 0.025000, 1.000000, 0, 3, 0, 3, 0, 0, 0, 0, 0, 0, 0, 0, 0, 0, 0, 0, 0, 0, 0, 0, 0, 0, 0, 0, 0, 0, 0, 0, 0, 0, 0, 0
node[2], 2774094101, 811, 20.838587, 0.100000, 0.000000, 99026740.000000, 54281360.000000, 0.025000, 1.000000, 0, 3, 0, 3, 0, 0, 0, 0, 0, 0, 0, 0, 0, 0, 0, 0, 0, 0, 0, 0, 0, 0, 0, 0, 0, 0, 0, 0, 0, 0, 0, 0
node[0], 2357136044, 812, 20.845266, 0.100000, 0.000000, 99026730.000000, 54275570.000000, 0.025000, 1.000000, 0, 3, 0, 2, 1, 0, 0, 0, 0, 0, 0, 0, 0, 0, 0, 0, 0, 0, 0, 0, 0, 0, 0, 0, 0, 0, 0, 0, 0, 0, 0, 0
node[3], 1277901399, 813, 20.900713, 0.100000, 0.000000, 99026740.000000, 54284250.000000, 0.025000, 1.000000, 0, 3, 0, 2, 1, 0, 0, 0, 0, 0, 0, 0, 0, 0, 0, 0, 0, 0, 0, 0, 0, 0, 0, 0, 0, 0, 0, 0, 0, 0, 0, 0
node[1], 2588848963, 814, 20.924564, 0.100000, 0.000000, 99026730.000000, 54278460.000000, 0.025000, 1.000000, 0, 3, 0, 3, 0, 0, 0, 0, 0, 0, 0, 0, 0, 0, 0, 0, 0, 0, 0, 0, 0, 0, 0, 0, 0, 0, 0, 0, 0, 0, 0, 0
node[2], 2774094101, 815, 20.938587, 0.100000, -0.024000, 99026740.000000, 54281360.000000, 0.025000, 1.000000, 0, 3, 0, 3, 0, 0, 0, 0, 0, 0, 0, 0, 0, 0, 0, 0, 0, 0, 0, 0, 0, 0, 0, 0, 0, 0, 0, 0, 0, 0, 0, 0
node[0], 2357136044, 816, 20.945266, 0.100000, -0.019000, 99026730.000000, 54275570.000000, 0.025000, 1.000000, 0, 3, 0, 2, 1, 0, 0, 0, 0, 0, 0, 0, 0, 0, 0, 0, 0, 0, 0, 0, 0, 0, 0, 0, 0, 0, 0, 0, 0, 0, 0, 0
node[3], 1277901399, 817, 21.000713, 0.100000, -0.008000, 99026740.000000, 54284250.000000, 0.025000, 1.000000, 0, 3, 0, 2, 1, 0, 0, 0, 0, 0, 0, 0, 0, 0, 0, 0, 0, 0, 0, 0, 0, 0, 0, 0, 0, 0, 0, 0, 0, 0, 0, 0
node[1], 2588848963, 818, 21.024564, 0.100000, -0.023000, 99026730.000000, 54278460.000000, 0.025000, 1.000000, 0, 3, 0, 3, 0, 0, 0, 0, 0, 0, 0, 0, 0, 0, 0, 0, 0, 0, 0, 0, 0, 0, 0, 0, 0, 0, 0, 0, 0, 0, 0, 0
node[2], 2774094101, 819, 21.038587, 0.100000, 0.000000, 99026740.000000, 54281360.000000, 0.025000, 1.000000, 0, 3, 0, 3, 0, 0, 0, 0, 0, 0, 0, 0, 0, 0, 0, 0, 0, 0, 0, 0, 0, 0, 0, 0, 0, 0, 0, 0, 0, 0, 0, 0
node[0], 2357136044, 820, 21.045266, 0.100000, 0.000000, 99026730.000000, 54275570.000000, 0.025000, 1.000000, 0, 3, 0, 2, 1, 0, 0, 0, 0, 0, 0, 0, 0, 0, 0, 0, 0, 0, 0, 0, 0, 0, 0, 0, 0, 0, 0, 0, 0, 0, 0, 0
node[3], 1277901399, 821, 21.100713, 0.100000, -0.010000, 99026740.000000, 54284250.000000, 0.025000, 1.000000, 0, 3, 0, 2, 1, 0, 0, 0, 0, 0, 0, 0, 0, 0, 0, 0, 0, 0, 0, 0, 0, 0, 0, 0, 0, 0, 0, 0, 0, 0, 0, 0
node[1], 2588848963, 822, 21.124564, 0.100000, 0.000000, 99026730.000000, 54278460.000000, 0.025000, 1.000000, 0, 3, 0, 3, 0, 0, 0, 0, 0, 0, 0, 0, 0, 0, 0, 0, 0, 0, 0, 0, 0, 0, 0, 0, 0, 0, 0, 0, 0, 0, 0, 0
node[2], 2774094101, 823, 21.138587, 0.100000, 0.000000, 99026740.000000, 54281360.000000, 0.025000, 1.000000, 0, 3, 0, 3, 0, 0, 0, 0, 0, 0, 0, 0, 0, 0, 0, 0, 0, 0, 0, 0, 0, 0, 0, 0, 0, 0, 0, 0, 0, 0, 0, 0
node[0], 2357136044, 824, 21.145266, 0.100000, 0.000000, 99026730.000000, 54275570.000000, 0.025000, 1.000000, 0, 3, 0, 2, 1, 0, 0, 0, 0, 0, 0, 0, 0, 0, 0, 0, 0, 0, 0, 0, 0, 0, 0, 0, 0, 0, 0, 0, 0, 0, 0, 0
node[3], 1277901399, 825, 21.200713, 0.100000, 0.000000, 99026740.000000, 54284250.000000, 0.025000, 1.000000, 0, 3, 0, 2, 1, 0, 0, 0, 0, 0, 0, 0, 0, 0, 0, 0, 0, 0, 0, 0, 0, 0, 0, 0, 0, 0, 0, 0, 0, 0, 0, 0
node[1], 2588848963, 826, 21.224564, 0.100000, 0.000000, 99026730.000000, 54278460.000000, 0.025000, 1.000000, 0, 3, 0, 3, 0, 0, 0, 0, 0, 0, 0, 0, 0, 0, 0, 0, 0, 0, 0, 0, 0, 0, 0, 0, 0, 0, 0, 0, 0, 0, 0, 0
node[2], 2774094101, 827, 21.238587, 0.100000, -0.019000, 99026740.000000, 54281360.000000, 0.025000, 1.000000, 0, 3, 0, 3, 0, 0, 0, 0, 0, 0, 0, 0, 0, 0, 0, 0, 0, 0, 0, 0, 0, 0, 0, 0, 0, 0, 0, 0, 0, 0, 0, 0
node[0], 2357136044, 828, 21.245266, 0.100000, 0.000000, 99026730.000000, 54275570.000000, 0.025000, 1.000000, 0, 3, 0, 2, 1, 0, 0, 0, 0, 0, 0, 0, 0, 0, 0, 0, 0, 0, 0, 0, 0, 0, 0, 0, 0, 0, 0, 0, 0, 0, 0, 0
node[3], 1277901399, 829, 21.300713, 0.100000, 0.000000, 99026740.000000, 54284250.000000, 0.025000, 1.000000, 0, 3, 0, 2, 1, 0, 0, 0, 0, 0, 0, 0, 0, 0, 0, 0, 0, 0, 0, 0, 0, 0, 0, 0, 0, 0, 0, 0, 0, 0, 0, 0
node[1], 2588848963, 830, 21.324564, 0.100000, -0.014000, 99026730.000000, 54278460.000000, 0.025000, 1.000000, 0, 3, 0, 3, 0, 0, 0, 0, 0, 0, 0, 0, 0, 0, 0, 0, 0, 0, 0, 0, 0, 0, 0, 0, 0, 0, 0, 0, 0, 0, 0, 0
node[2], 2774094101, 831, 21.338587, 0.100000, 0.000000, 99026740.000000, 54281360.000000, 0.025000, 1.000000, 0, 3, 0, 3, 0, 0, 0, 0, 0, 0, 0, 0, 0, 0, 0, 0, 0, 0, 0, 0, 0, 0, 0, 0, 0, 0, 0, 0, 0, 0, 0, 0
node[0], 2357136044, 832, 21.345266, 0.100000, -0.021000, 99026730.000000, 54275570.000000, 0.025000, 1.000000, 0, 3, 0, 2, 1, 0, 0, 0, 0, 0, 0, 0, 0, 0, 0, 0, 0, 0, 0, 0, 0, 0, 0, 0, 0, 0, 0, 0, 0, 0, 0, 0
node[3], 1277901399, 833, 21.400713, 0.100000, 0.000000, 99026740.000000, 54284250.000000, 0.025000, 1.000000, 0, 3, 0, 2, 1, 0, 0, 0, 0, 0, 0, 0, 0, 0, 0, 0, 0, 0, 0, 0, 0, 0, 0, 0, 0, 0, 0, 0, 0, 0, 0, 0
node[1], 2588848963, 834, 21.424564, 0.100000, 0.000000, 99026730.000000, 54278460.000000, 0.025000, 1.000000, 0, 3, 0, 3, 0, 0, 0, 0, 0, 0, 0, 0, 0, 0, 0, 0, 0, 0, 0, 0, 0, 0, 0, 0, 0, 0, 0, 0, 0, 0, 0, 0
node[2], 2774094101, 835, 21.438587, 0.100000, -0.008000, 99026740.000000, 54281360.000000, 0.025000, 1.000000, 0, 3, 0, 3, 0, 0, 0, 0, 0, 0, 0, 0, 0, 0, 0, 0, 0, 0, 0, 0, 0, 0, 0, 0, 0, 0, 0, 0, 0, 0, 0, 0
node[0], 2357136044, 836, 21.445266, 0.100000, -0.019000, 99026730.000000, 54275570.000000, 0.025000, 1.000000, 0, 3, 0, 2, 1, 0, 0, 0, 0, 0, 0, 0, 0, 0, 0, 0, 0, 0, 0, 0, 0, 0, 0, 0, 0, 0, 0, 0, 0, 0, 0, 0
node[3], 1277901399, 837, 21.500713, 0.100000, 0.000000, 99026740.000000, 54284250.000000, 0.025000, 1.000000, 0, 3, 0, 2, 1, 0, 0, 0, 0, 0, 0, 0, 0, 0, 0, 0, 0, 0, 0, 0, 0, 0, 0, 0, 0, 0, 0, 0, 0, 0, 0, 0
node[1], 2588848963, 838, 21.524564, 0.100000, -0.010000, 99026730.000000, 54278460.000000, 0.025000, 1.000000, 0, 3, 0, 3, 0, 0, 0, 0, 0, 0, 0, 0, 0, 0, 0, 0, 0, 0, 0, 0, 0, 0, 0, 0, 0, 0, 0, 0, 0, 0, 0, 0
node[2], 2774094101, 839, 21.538587, 0.100000, -0.013000, 99026740.000000, 54281360.000000, 0.025000, 1.000000, 0, 3, 0, 3, 0, 0, 0, 0, 0, 0, 0, 0, 0, 0, 0, 0, 0, 0, 0, 0, 0, 0, 0, 0, 0, 0, 0, 0, 0, 0, 0, 0
node[0], 2357136044, 840, 21.545266, 0.100000, 0.000000, 99026730.000000, 54275570.000000, 0.025000, 1.000000, 0, 3, 0, 2, 1, 0, 0, 0, 0, 0, 0, 0, 0, 0, 0, 0, 0, 0, 0, 0, 0, 0, 0, 0, 0, 0, 0, 0, 0, 0, 0, 0
node[3], 1277901399, 841, 21.600713, 0.100000, 0.000000, 99026740.000000, 54284250.000000, 0.025000, 1.000000, 0, 3, 0, 2, 1, 0, 0, 0, 0, 0, 0, 0, 0, 0, 0, 0, 0, 0, 0, 0, 0, 0, 0, 0, 0, 0, 0, 0, 0, 0, 0, 0
node[1], 2588848963, 842, 21.624564, 0.100000, 0.000000, 99026730.000000, 54278460.000000, 0.025000, 1.000000, 0, 3, 0, 3, 0, 0, 0, 0, 0, 0, 0, 0, 0, 0, 0, 0, 0, 0, 0, 0, 0, 0, 0, 0, 0, 0, 0, 0, 0, 0, 0, 0
node[2], 2774094101, 843, 21.638587, 0.100000, -0.015000, 99026740.000000, 54281360.000000, 0.025000, 1.000000, 0, 3, 0, 3, 0, 0, 0, 0, 0, 0, 0, 0, 0, 0, 0, 0, 0, 0, 0, 0, 0, 0, 0, 0, 0, 0, 0, 0, 0, 0, 0, 0
node[0], 2357136044, 844, 21.645266, 0.100000, 0.000000, 99026730.000000, 54275570.000000, 0.025000, 1.000000, 0, 3, 0, 2, 1, 0, 0, 0, 0, 0, 0, 0, 0, 0, 0, 0, 0, 0, 0, 0, 0, 0, 0, 0, 0, 0, 0, 0, 0, 0, 0, 0
node[3], 1277901399, 845, 21.700713, 0.100000, 0.000000, 99026740.000000, 54284250.000000, 0.025000, 1.000000, 0, 3, 0, 2, 1, 0, 0, 0, 0, 0, 0, 0, 0, 0, 0, 0, 0, 0, 0, 0, 0, 0, 0, 0, 0, 0, 0, 0, 0, 0, 0, 0
node[1], 2588848963, 846, 21.724564, 0.100000, 0.000000, 99026730.000000, 54278460.000000, 0.025000, 1.000000, 0, 3, 0, 3, 0, 0, 0, 0, 0, 0, 0, 0, 0, 0, 0, 0, 0, 0, 0, 0, 0, 0, 0, 0, 0, 0, 0, 0, 0, 0, 0, 0
node[2], 2774094101, 847, 21.738587, 0.100000, 0.000000, 99026740.000000, 54281360.000000, 0.025000, 1.000000, 0, 3, 0, 3, 0, 0, 0, 0, 0, 0, 0, 0, 0, 0, 0, 0, 0, 0, 0, 0, 0, 0, 0, 0, 0, 0, 0, 0, 0, 0, 0, 0
node[0], 2357136044, 848, 21.745266, 0.100000, -0.003000, 99026730.000000, 54275570.000000, 0.025000, 1.000000, 0, 3, 0, 2, 1, 0, 0, 0, 0, 0, 0, 0, 0, 0, 0, 0, 0, 0, 0, 0, 0, 0, 0, 0, 0, 0, 0, 0, 0, 0, 0, 0
node[3], 1277901399, 849, 21.800713, 0.100000, 0.000000, 99026740.000000, 54284250.000000, 0.025000, 1.000000, 0, 3, 0, 2, 1, 0, 0, 0, 0, 0, 0, 0, 0, 0, 0, 0, 0, 0, 0, 0, 0, 0, 0, 0, 0, 0, 0, 0, 0, 0, 0, 0
node[1], 2588848963, 850, 21.824564, 0.100000, -0.005000, 99026730.000000, 54278460.000000, 0.025000, 1.000000, 0, 3, 0, 3, 0, 0, 0, 0, 0, 0, 0, 0, 0, 0, 0, 0, 0, 0, 0, 0, 0, 0, 0, 0, 0, 0, 0, 0, 0, 0, 0, 0
node[2], 2774094101, 851, 21.838587, 0.100000, 0.000000, 99026740.000000, 54281360.000000, 0.025000, 1.000000, 0, 3, 0, 3, 0, 0, 0, 0, 0, 0, 0, 0, 0, 0, 0, 0, 0, 0, 0, 0, 0, 0, 0, 0, 0, 0, 0, 0, 0, 0, 0, 0
node[0], 2357136044, 852, 21.845266, 0.100000, 0.000000, 99026730.000000, 54275570.000000, 0.025000, 1.000000, 0, 3, 0, 2, 1, 0, 0, 0, 0, 0, 0, 0, 0, 0, 0, 0, 0, 0, 0, 0, 0, 0, 0, 0, 0, 0, 0, 0, 0, 0, 0, 0
node[3], 1277901399, 853, 21.900713, 0.100000, 0.000000, 99026740.000000, 54284250.000000, 0.025000, 1.000000, 0, 3, 0, 2, 1, 0, 0, 0, 0, 0, 0, 0, 0, 0, 0, 0, 0, 0, 0, 0, 0, 0, 0, 0, 0, 0, 0, 0, 0, 0, 0, 0
node[1], 2588848963, 854, 21.924564, 0.100000, 0.000000, 99026730.000000, 54278460.000000, 0.025000, 1.000000, 0, 3, 0, 3, 0, 0, 0, 0, 0, 0, 0, 0, 0, 0, 0, 0, 0, 0, 0, 0, 0, 0, 0, 0, 0, 0, 0, 0, 0, 0, 0, 0
node[2], 2774094101, 855, 21.938587, 0.100000, -0.005000, 99026740.000000, 54281360.000000, 0.025000, 1.000000, 0, 3, 0, 3, 0, 0, 0, 0, 0, 0, 0, 0, 0, 0, 0, 0, 0, 0, 0, 0, 0, 0, 0, 0, 0, 0, 0, 0, 0, 0, 0, 0
node[0], 2357136044, 856, 21.945266, 0.100000, 0.000000, 99026730.000000, 54275570.000000, 0.025000, 1.000000, 0, 3, 0, 2, 1, 0, 0, 0, 0, 0, 0, 0, 0, 0, 0, 0, 0, 0, 0, 0, 0, 0, 0, 0, 0, 0, 0, 0, 0, 0, 0, 0
node[3], 1277901399, 857, 22.000713, 0.100000, 0.000000, 99026740.000000, 54284250.000000, 0.025000, 1.000000, 0, 3, 0, 2, 1, 0, 0, 0, 0, 0, 0, 0, 0, 0, 0, 0, 0, 0, 0, 0, 0, 0, 0, 0, 0, 0, 0, 0, 0, 0, 0, 0
node[1], 2588848963, 858, 22.024564, 0.100000, 0.000000, 99026730.000000, 54278460.000000, 0.025000, 1.000000, 0, 3, 0, 3, 0, 0, 0, 0, 0, 0, 0, 0, 0, 0, 0, 0, 0, 0, 0, 0, 0, 0, 0, 0, 0, 0, 0, 0, 0, 0, 0, 0
node[2], 2774094101, 859, 22.038587, 0.100000, -0.023000, 99026740.000000, 54281360.000000, 0.025000, 1.000000, 0, 3, 0, 3, 0, 0, 0, 0, 0, 0, 0, 0, 0, 0, 0, 0, 0, 0, 0, 0, 0, 0, 0, 0, 0, 0, 0, 0, 0, 0, 0, 0
node[0], 2357136044, 860, 22.045266, 0.100000, -0.003000, 99026730.000000, 54275570.000000, 0.025000, 1.000000, 0, 3, 0, 2, 1, 0, 0, 0, 0, 0, 0, 0, 0, 0, 0, 0, 0, 0, 0, 0, 0, 0, 0, 0, 0, 0, 0, 0, 0, 0, 0, 0
node[3], 1277901399, 861, 22.100713, 0.100000, 0.000000, 99026740.000000, 54284250.000000, 0.025000, 1.000000, 0, 3, 0, 2, 1, 0, 0, 0, 0, 0, 0, 0, 0, 0, 0, 0, 0, 0, 0, 0, 0, 0, 0, 0, 0, 0, 0, 0, 0, 0, 0, 0
node[1], 2588848963, 862, 22.124564, 0.100000, -0.007000, 99026730.000000, 54278460.000000, 0.025000, 1.000000, 0, 3, 0, 3, 0, 0, 0, 0, 0, 0, 0, 0, 0, 0, 0, 0, 0, 0, 0, 0, 0, 0, 0, 0, 0, 0, 0, 0, 0, 0, 0, 0
node[2], 2774094101, 863, 22.138587, 0.100000, -0.017000, 99026740.000000, 54281360.000000, 0.025000, 1.000000, 0, 3, 0, 3, 0, 0, 0, 0, 0, 0, 0, 0, 0, 0, 0, 0, 0, 0, 0, 0, 0, 0, 0, 0, 0, 0, 0, 0, 0, 0, 0, 0
node[0], 2357136044, 864, 22.145266, 0.100000, -0.014000, 99026730.000000, 54275570.000000, 0.025000, 1.000000, 0, 3, 0, 2, 1, 0, 0, 0, 0, 0, 0, 0, 0, 0, 0, 0, 0, 0, 0, 0, 0, 0, 0, 0, 0, 0, 0, 0, 0, 0, 0, 0
node[3], 1277901399, 865, 22.200713, 0.100000, 0.000000, 99026740.000000, 54284250.000000, 0.025000, 1.000000, 0, 3, 0, 2, 1, 0, 0, 0, 0, 0, 0, 0, 0, 0, 0, 0, 0, 0, 0, 0, 0, 0, 0, 0, 0, 0, 0, 0, 0, 0, 0, 0
node[1], 2588848963, 866, 22.224564, 0.100000, -0.021000, 99026730.000000, 54278460.000000, 0.025000, 1.000000, 0, 3, 0, 3, 0, 0, 0, 0, 0, 0, 0, 0, 0, 0, 0, 0, 0, 0, 0, 0, 0, 0, 0, 0, 0, 0, 0, 0, 0, 0, 0, 0
node[2], 2774094101, 867, 22.238587, 0.100000, -0.020000, 99026740.000000, 54281360.000000, 0.025000, 1.000000, 0, 3, 0, 3, 0, 0, 0, 0, 0, 0, 0, 0, 0, 0, 0, 0, 0, 0, 0, 0, 0, 0, 0, 0, 0, 0, 0, 0, 0, 0, 0, 0
node[0], 2357136044, 868, 22.245266, 0.100000, -0.005000, 99026730.000000, 54275570.000000, 0.025000, 1.000000, 0, 3, 0, 2, 1, 0, 0, 0, 0, 0, 0, 0, 0, 0, 0, 0, 0, 0, 0, 0, 0, 0, 0, 0, 0, 0, 0, 0, 0, 0, 0, 0
node[3], 1277901399, 869, 22.300713, 0.100000, 0.000000, 99026740.000000, 54284250.000000, 0.025000, 1.000000, 0, 3, 0, 2, 1, 0, 0, 0, 0, 0, 0, 0, 0, 0, 0, 0, 0, 0, 0, 0, 0, 0, 0, 0, 0, 0, 0, 0, 0, 0, 0, 0
node[1], 2588848963, 870, 22.324564, 0.100000, 0.000000, 99026730.000000, 54278460.000000, 0.025000, 1.000000, 0, 3, 0, 3, 0, 0, 0, 0, 0, 0, 0, 0, 0, 0, 0, 0, 0, 0, 0, 0, 0, 0, 0, 0, 0, 0, 0, 0, 0, 0, 0, 0
node[2], 2774094101, 871, 22.338587, 0.100000, -0.003000, 99026740.000000, 54281360.000000, 0.025000, 1.000000, 0, 3, 0, 3, 0, 0, 0, 0, 0, 0, 0, 0, 0, 0, 0, 0, 0, 0, 0, 0, 0, 0, 0, 0, 0, 0, 0, 0, 0, 0, 0, 0
node[0], 2357136044, 872, 22.345266, 0.100000, 0.000000, 99026730.000000, 54275570.000000, 0.025000, 1.000000, 0, 3, 0, 2, 1, 0, 0, 0, 0, 0, 0, 0, 0, 0, 0, 0, 0, 0, 0, 0, 0, 0, 0, 0, 0, 0, 0, 0, 0, 0, 0, 0
node[3], 1277901399, 873, 22.400713, 0.100000, 0.000000, 99026740.000000, 54284250.000000, 0.025000, 1.000000, 0, 3, 0, 2, 1, 0, 0, 0, 0, 0, 0, 0, 0, 0, 0, 0, 0, 0, 0, 0, 0, 0, 0, 0, 0, 0, 0, 0, 0, 0, 0, 0
node[1], 2588848963, 874, 22.424564, 0.100000, -0.019000, 99026730.000000, 54278460.000000, 0.025000, 1.000000, 0, 3, 0, 3, 0, 0, 0, 0, 0, 0, 0, 0, 0, 0, 0, 0, 0, 0, 0, 0, 0, 0, 0, 0, 0, 0, 0, 0, 0, 0, 0, 0
node[2], 2774094101, 875, 22.438587, 0.100000, 0.000000, 99026740.000000, 54281360.000000, 0.025000, 1.000000, 0, 3, 0, 3, 0, 0, 0, 0, 0, 0, 0, 0, 0, 0, 0, 0, 0, 0, 0, 0, 0, 0, 0, 0, 0, 0, 0, 0, 0, 0, 0, 0
node[0], 2357136044, 876, 22.445266, 0.100000, 0.000000, 99026730.000000, 54275570.000000, 0.025000, 1.000000, 0, 3, 0, 2, 1, 0, 0, 0, 0, 0, 0, 0, 0, 0, 0, 0, 0, 0, 0, 0, 0, 0, 0, 0, 0, 0, 0, 0, 0, 0, 0, 0
node[3], 1277901399, 877, 22.500713, 0.100000, -0.016000, 99026740.000000, 54284250.000000, 0.025000, 1.000000, 0, 3, 0, 2, 1, 0, 0, 0, 0, 0, 0, 0, 0, 0, 0, 0, 0, 0, 0, 0, 0, 0, 0, 0, 0, 0, 0, 0, 0, 0, 0, 0
node[1], 2588848963, 878, 22.524564, 0.100000, 0.000000, 99026730.000000, 54278460.000000, 0.025000, 1.000000, 0, 3, 0, 3, 0, 0, 0, 0, 0, 0, 0, 0, 0, 0, 0, 0, 0, 0, 0, 0, 0, 0, 0, 0, 0, 0, 0, 0, 0, 0, 0, 0
node[2], 2774094101, 879, 22.538587, 0.100000, 0.000000, 99026740.000000, 54281360.000000, 0.025000, 1.000000, 0, 3, 0, 3, 0, 0, 0, 0, 0, 0, 0, 0, 0, 0, 0, 0, 0, 0, 0, 0, 0, 0, 0, 0, 0, 0, 0, 0, 0, 0, 0, 0
node[0], 2357136044, 880, 22.545266, 0.100000, 0.000000, 99026730.000000, 54275570.000000, 0.025000, 1.000000, 0, 3, 0, 2, 1, 0, 0, 0, 0, 0, 0, 0, 0, 0, 0, 0, 0, 0, 0, 0, 0, 0, 0, 0, 0, 0, 0, 0, 0, 0, 0, 0
node[3], 1277901399, 881, 22.600713, 0.100000, -0.002000, 99026740.000000, 54284250.000000, 0.025000, 1.000000, 0, 3, 0, 2, 1, 0, 0, 0, 0, 0, 0, 0, 0, 0, 0, 0, 0, 0, 0, 0, 0, 0, 0, 0, 0, 0, 0, 0, 0, 0, 0, 0
node[1], 2588848963, 882, 22.624564, 0.100000, -0.007000, 99026730.000000, 54278460.000000, 0.025000, 1.000000, 0, 3, 0, 3, 0, 0, 0, 0, 0, 0, 0, 0, 0, 0, 0, 0, 0, 0, 0, 0, 0, 0, 0, 0, 0, 0, 0, 0, 0, 0, 0, 0
node[2], 2774094101, 883, 22.638587, 0.100000, 0.000000, 99026740.000000, 54281360.000000, 0.025000, 1.000000, 0, 3, 0, 3, 0, 0, 0, 0, 0, 0, 0, 0, 0, 0, 0, 0, 0, 0, 0, 0, 0, 0, 0, 0, 0, 0, 0, 0, 0, 0, 0, 0
node[0], 2357136044, 884, 22.645266, 0.100000, 0.000000, 99026730.000000, 54275570.000000, 0.025000, 1.000000, 0, 3, 0, 2, 1, 0, 0, 0, 0, 0, 0, 0, 0, 0, 0, 0, 0, 0, 0, 0, 0, 0, 0, 0, 0, 0, 0, 0, 0, 0, 0, 0
node[3], 1277901399, 885, 22.700713, 0.100000, 0.000000, 99026740.000000, 54284250.000000, 0.025000, 1.000000, 0, 3, 0, 2, 1, 0, 0, 0, 0, 0, 0, 0, 0, 0, 0, 0, 0, 0, 0, 0, 0, 0, 0, 0, 0, 0, 0, 0, 0, 0, 0, 0
node[1], 2588848963, 886, 22.724564, 0.100000, 0.000000, 99026730.000000, 54278460.000000, 0.025000, 1.000000, 0, 3, 0, 3, 0, 0, 0, 0, 0, 0, 0, 0, 0, 0, 0, 0, 0, 0, 0, 0, 0, 0, 0, 0, 0, 0, 0, 0, 0, 0, 0, 0
node[2], 2774094101, 887, 22.738587, 0.100000, 0.000000, 99026740.000000, 54281360.000000, 0.025000, 1.000000, 0, 3, 0, 3, 0, 0, 0, 0, 0, 0, 0, 0, 0, 0, 0, 0, 0, 0, 0, 0, 0, 0, 0, 0, 0, 0, 0, 0, 0, 0, 0, 0
node[0], 2357136044, 888, 22.745266, 0.100000, 0.000000, 99026730.000000, 54275570.000000, 0.025000, 1.000000, 0, 3, 0, 2, 1, 0, 0, 0, 0, 0, 0, 0, 0, 0, 0, 0, 0, 0, 0, 0, 0, 0, 0, 0, 0, 0, 0, 0, 0, 0, 0, 0
node[3], 1277901399, 889, 22.800713, 0.100000, -0.021000, 99026740.000000, 54284250.000000, 0.025000, 1.000000, 0, 3, 0, 2, 1, 0, 0, 0, 0, 0, 0, 0, 0, 0, 0, 0, 0, 0, 0, 0, 0, 0, 0, 0, 0, 0, 0, 0, 0, 0, 0, 0
node[1], 2588848963, 890, 22.824564, 0.100000, 0.000000, 99026730.000000, 54278460.000000, 0.025000, 1.000000, 0, 3, 0, 3, 0, 0, 0, 0, 0, 0, 0, 0, 0, 0, 0, 0, 0, 0, 0, 0, 0, 0, 0, 0, 0, 0, 0, 0, 0, 0, 0, 0
node[2], 2774094101, 891, 22.838587, 0.100000, 0.000000, 99026740.000000, 54281360.000000, 0.025000, 1.000000, 0, 3, 0, 3, 0, 0, 0, 0, 0, 0, 0, 0, 0, 0, 0, 0, 0, 0, 0, 0, 0, 0, 0, 0, 0, 0, 0, 0, 0, 0, 0, 0
node[0], 2357136044, 892, 22.845266, 0.100000, -0.006000, 99026730.000000, 54275570.000000, 0.025000, 1.000000, 0, 3, 0, 2, 1, 0, 0, 0, 0, 0, 0, 0, 0, 0, 0, 0, 0, 0, 0, 0, 0, 0, 0, 0, 0, 0, 0, 0, 0, 0, 0, 0
node[3], 1277901399, 893, 22.900713, 0.100000, -0.006000, 99026740.000000, 54284250.000000, 0.025000, 1.000000, 0, 3, 0, 2, 1, 0, 0, 0, 0, 0, 0, 0, 0, 0, 0, 0, 0, 0, 0, 0, 0, 0, 0, 0, 0, 0, 0, 0, 0, 0, 0, 0
node[1], 2588848963, 894, 22.924564, 0.100000, 0.000000, 99026730.000000, 54278460.000000, 0.025000, 1.000000, 0, 3, 0, 3, 0, 0, 0, 0, 0, 0, 0, 0, 0, 0, 0, 0, 0, 0, 0, 0, 0, 0, 0, 0, 0, 0, 0, 0, 0, 0, 0, 0
node[2], 2774094101, 895, 22.938587, 0.100000, -0.011000, 99026740.000000, 54281360.000000, 0.025000, 1.000000, 0, 3, 0, 3, 0, 0, 0, 0, 0, 0, 0, 0, 0, 0, 0, 0, 0, 0, 0, 0, 0, 0, 0, 0, 0, 0, 0, 0, 0, 0, 0, 0
node[0], 2357136044, 896, 22.945266, 0.100000, 0.000000, 99026730.000000, 54275570.000000, 0.025000, 1.000000, 0, 3, 0, 2, 1, 0, 0, 0, 0, 0, 0, 0, 0, 0, 0, 0, 0, 0, 0, 0, 0, 0, 0, 0, 0, 0, 0, 0, 0, 0, 0, 0
node[3], 1277901399, 897, 23.000713, 0.100000, 0.000000, 99026740.000000, 54284250.000000, 0.025000, 1.000000, 0, 3, 0, 2, 1, 0, 0, 0, 0, 0, 0, 0, 0, 0, 0, 0, 0, 0, 0, 0, 0, 0, 0, 0, 0, 0, 0, 0, 0, 0, 0, 0
node[1], 2588848963, 898, 23.024564, 0.100000, 0.000000, 99026730.000000, 54278460.000000, 0.025000, 1.000000, 0, 3, 0, 3, 0, 0, 0, 0, 0, 0, 0, 0, 0, 0, 0, 0, 0, 0, 0, 0, 0, 0, 0, 0, 0, 0, 0, 0, 0, 0, 0, 0
node[2], 2774094101, 899, 23.038587, 0.100000, 0.000000, 99026740.000000, 54281360.000000, 0.025000, 1.000000, 0, 3, 0, 3, 0, 0, 0, 0, 0, 0, 0, 0, 0, 0, 0, 0, 0, 0, 0, 0, 0, 0, 0, 0, 0, 0, 0, 0, 0, 0, 0, 0
node[0], 2357136044, 900, 23.045266, 0.100000, 0.000000, 99026730.000000, 54275570.000000, 0.025000, 1.000000, 0, 3, 0, 2, 1, 0, 0, 0, 0, 0, 0, 0, 0, 0, 0, 0, 0, 0, 0, 0, 0, 0, 0, 0, 0, 0, 0, 0, 0, 0, 0, 0
node[3], 1277901399, 901, 23.100713, 0.100000, -0.018000, 99026740.000000, 54284250.000000, 0.025000, 1.000000, 0, 3, 0, 2, 1, 0, 0, 0, 0, 0, 0, 0, 0, 0, 0, 0, 0, 0, 0, 0, 0, 0, 0, 0, 0, 0, 0, 0, 0, 0, 0, 0
node[1], 2588848963, 902, 23.124564, 0.100000, -0.003000, 99026730.000000, 54278460.000000, 0.025000, 1.000000, 0, 3, 0, 3, 0, 0, 0, 0, 0, 0, 0, 0, 0, 0, 0, 0, 0, 0, 0, 0, 0, 0, 0, 0, 0, 0, 0, 0, 0, 0, 0, 0
node[2], 2774094101, 903, 23.138587, 0.100000, -0.005000, 99026740.000000, 54281360.000000, 0.025000, 1.000000, 0, 3, 0, 3, 0, 0, 0, 0, 0, 0, 0, 0, 0, 0, 0, 0, 0, 0, 0, 0, 0, 0, 0, 0, 0, 0, 0, 0, 0, 0, 0, 0
node[0], 2357136044, 904, 23.145266, 0.100000, 0.000000, 99026730.000000, 54275570.000000, 0.025000, 1.000000, 0, 3, 0, 2, 1, 0, 0, 0, 0, 0, 0, 0, 0, 0, 0, 0, 0, 0, 0, 0, 0, 0, 0, 0, 0, 0, 0, 0, 0, 0, 0, 0
node[3], 1277901399, 905, 23.200713, 0.100000, -0.025000, 99026740.000000, 54284250.000000, 0.025000, 1.000000, 0, 3, 0, 2, 1, 0, 0, 0, 0, 0, 0, 0, 0, 0, 0, 0, 0, 0, 0, 0, 0, 0, 0, 0, 0, 0, 0, 0, 0, 0, 0, 0
node[1], 2588848963, 906, 23.224564, 0.100000, 0.000000, 99026730.000000, 54278460.000000, 0.025000, 1.000000, 0, 3, 0, 3, 0, 0, 0, 0, 0, 0, 0, 0, 0, 0, 0, 0, 0, 0, 0, 0, 0, 0, 0, 0, 0, 0, 0, 0, 0, 0, 0, 0
node[2], 2774094101, 907, 23.238587, 0.100000, 0.000000, 99026740.000000, 54281360.000000, 0.025000, 1.000000, 0, 3, 0, 3, 0, 0, 0, 0, 0, 0, 0, 0, 0, 0, 0, 0, 0, 0, 0, 0, 0, 0, 0, 0, 0, 0, 0, 0, 0, 0, 0, 0
node[0], 2357136044, 908, 23.245266, 0.100000, -0.007000, 99026730.000000, 54275570.000000, 0.025000, 1.000000, 0, 3, 0, 2, 1, 0, 0, 0, 0, 0, 0, 0, 0, 0, 0, 0, 0, 0, 0, 0, 0, 0, 0, 0, 0, 0, 0, 0, 0, 0, 0, 0
node[3], 1277901399, 909, 23.300713, 0.100000, 0.000000, 99026740.000000, 54284250.000000, 0.025000, 1.000000, 0, 3, 0, 2, 1, 0, 0, 0, 0, 0, 0, 0, 0, 0, 0, 0, 0, 0, 0, 0, 0, 0, 0, 0, 0, 0, 0, 0, 0, 0, 0, 0
node[1], 2588848963, 910, 23.324564, 0.100000, 0.000000, 99026730.000000, 54278460.000000, 0.025000, 1.000000, 0, 3, 0, 3, 0, 0, 0, 0, 0, 0, 0, 0, 0, 0, 0, 0, 0, 0, 0, 0, 0, 0, 0, 0, 0, 0, 0, 0, 0, 0, 0, 0
node[2], 2774094101, 911, 23.338587, 0.100000, -0.003000, 99026740.000000, 54281360.000000, 0.025000, 1.000000, 0, 3, 0, 3, 0, 0, 0, 0, 0, 0, 0, 0, 0, 0, 0, 0, 0, 0, 0, 0, 0, 0, 0, 0, 0, 0, 0, 0, 0, 0, 0, 0
node[0], 2357136044, 912, 23.345266, 0.100000, 0.000000, 99026730.000000, 54275570.000000, 0.025000, 1.000000, 0, 3, 0, 2, 1, 0, 0, 0, 0, 0, 0, 0, 0, 0, 0, 0, 0, 0, 0, 0, 0, 0, 0, 0, 0, 0, 0, 0, 0, 0, 0, 0
node[3], 1277901399, 913, 23.400713, 0.100000, -0.006000, 99026740.000000, 54284250.000000, 0.025000, 1.000000, 0, 3, 0, 2, 1, 0, 0, 0, 0, 0, 0, 0, 0, 0, 0, 0, 0, 0, 0, 0, 0, 0, 0, 0, 0, 0, 0, 0, 0, 0, 0, 0
node[1], 2588848963, 914, 23.424564, 0.100000, 0.000000, 99026730.000000, 54278460.000000, 0.025000, 1.000000, 0, 3, 0, 3, 0, 0, 0, 0, 0, 0, 0, 0, 0, 0, 0, 0, 0, 0, 0, 0, 0, 0, 0, 0, 0, 0, 0, 0, 0, 0, 0, 0
node[2], 2774094101, 915, 23.438587, 0.100000, 0.000000, 99026740.000000, 54281360.000000, 0.025000, 1.000000, 0, 3, 0, 3, 0, 0, 0, 0, 0, 0, 0, 0, 0, 0, 0, 0, 0, 0, 0, 0, 0, 0, 0, 0, 0, 0, 0, 0, 0, 0, 0, 0
node[0], 2357136044, 916, 23.445266, 0.100000, 0.000000, 99026730.000000, 54275570.000000, 0.025000, 1.000000, 0, 3, 0, 2, 1, 0, 0, 0, 0, 0, 0, 0, 0, 0, 0, 0, 0, 0, 0, 0, 0, 0, 0, 0, 0, 0, 0, 0, 0, 0, 0, 0
node[3], 1277901399, 917, 23.500713, 0.100000, 0.000000, 99026740.000000, 54284250.000000, 0.025000, 1.000000, 0, 3, 0, 2, 1, 0, 0, 0, 0, 0, 0, 0, 0, 0, 0, 0, 0, 0, 0, 0, 0, 0, 0, 0, 0, 0, 0, 0, 0, 0, 0, 0
node[1], 2588848963, 918, 23.524564, 0.100000, 0.000000, 99026730.000000, 54278460.000000, 0.025000, 1.000000, 0, 3, 0, 3, 0, 0, 0, 0, 0, 0, 0, 0, 0, 0, 0, 0, 0, 0, 0, 0, 0, 0, 0, 0, 0, 0, 0, 0, 0, 0, 0, 0
node[2], 2774094101, 919, 23.538587, 0.100000, 0.000000, 99026740.000000, 54281360.000000, 0.025000, 1.000000, 0, 3, 0, 3, 0, 0, 0, 0, 0, 0, 0, 0, 0, 0, 0, 0, 0, 0, 0, 0, 0, 0, 0, 0, 0, 0, 0, 0, 0, 0, 0, 0
node[0], 2357136044, 920, 23.545266, 0.100000, 0.000000, 99026730.000000, 54275570.000000, 0.025000, 1.000000, 0, 3, 0, 2, 1, 0, 0, 0, 0, 0, 0, 0, 0, 0, 0, 0, 0, 0, 0, 0, 0, 0, 0, 0, 0, 0, 0, 0, 0, 0, 0, 0
node[3], 1277901399, 921, 23.600713, 0.100000, 0.000000, 99026740.000000, 54284250.000000, 0.025000, 1.000000, 0, 3, 0, 2, 1, 0, 0, 0, 0, 0, 0, 0, 0, 0, 0, 0, 0, 0, 0, 0, 0, 0, 0, 0, 0, 0, 0, 0, 0, 0, 0, 0
node[1], 2588848963, 922, 23.624564, 0.100000, 0.000000, 99026730.000000, 54278460.000000, 0.025000, 1.000000, 0, 3, 0, 3, 0, 0, 0, 0, 0, 0, 0, 0, 0, 0, 0, 0, 0, 0, 0, 0, 0, 0, 0, 0, 0, 0, 0, 0, 0, 0, 0, 0
node[2], 2774094101, 923, 23.638587, 0.100000, -0.005000, 99026740.000000, 54281360.000000, 0.025000, 1.000000, 0, 3, 0, 3, 0, 0, 0, 0, 0, 0, 0, 0, 0, 0, 0, 0, 0, 0, 0, 0, 0, 0, 0, 0, 0, 0, 0, 0, 0, 0, 0, 0
node[0], 2357136044, 924, 23.645266, 0.100000, -0.009000, 99026730.000000, 54275570.000000, 0.025000, 1.000000, 0, 3, 0, 2, 1, 0, 0, 0, 0, 0, 0, 0, 0, 0, 0, 0, 0, 0, 0, 0, 0, 0, 0, 0, 0, 0, 0, 0, 0, 0, 0, 0
node[3], 1277901399, 925, 23.700713, 0.100000, -0.010000, 99026740.000000, 54284250.000000, 0.025000, 1.000000, 0, 3, 0, 2, 1, 0, 0, 0, 0, 0, 0, 0, 0, 0, 0, 0, 0, 0, 0, 0, 0, 0, 0, 0, 0, 0, 0, 0, 0, 0, 0, 0
node[1], 2588848963, 926, 23.724564, 0.100000, 0.000000, 99026730.000000, 54278460.000000, 0.025000, 1.000000, 0, 3, 0, 3, 0, 0, 0, 0, 0, 0, 0, 0, 0, 0, 0, 0, 0, 0, 0, 0, 0, 0, 0, 0, 0, 0, 0, 0, 0, 0, 0, 0
node[2], 2774094101, 927, 23.738587, 0.100000, -0.010000, 99026740.000000, 54281360.000000, 0.025000, 1.000000, 0, 3, 0, 3, 0, 0, 0, 0, 0, 0, 0, 0, 0, 0, 0, 0, 0, 0, 0, 0, 0, 0, 0, 0, 0, 0, 0, 0, 0, 0, 0, 0
node[0], 2357136044, 928, 23.745266, 0.100000, 0.000000, 99026730.000000, 54275570.000000, 0.025000, 1.000000, 0, 3, 0, 2, 1, 0, 0, 0, 0, 0, 0, 0, 0, 0, 0, 0, 0, 0, 0, 0, 0, 0, 0, 0, 0, 0, 0, 0, 0, 0, 0, 0
node[3], 1277901399, 929, 23.800713, 0.100000, -0.022000, 99026740.000000, 54284250.000000, 0.025000, 1.000000, 0, 3, 0, 2, 1, 0, 0, 0, 0, 0, 0, 0, 0, 0, 0, 0, 0, 0, 0, 0, 0, 0, 0, 0, 0, 0, 0, 0, 0, 0, 0, 0
node[1], 2588848963, 930, 23.824564, 0.100000, 0.000000, 99026730.000000, 54278460.000000, 0.025000, 1.000000, 0, 3, 0, 3, 0, 0, 0, 0, 0, 0, 0, 0, 0, 0, 0, 0, 0, 0, 0, 0, 0, 0, 0, 0, 0, 0, 0, 0, 0, 0, 0, 0
node[2], 2774094101, 931, 23.838587, 0.100000, 0.000000, 99026740.000000, 54281360.000000, 0.025000, 1.000000, 0, 3, 0, 3, 0, 0, 0, 0, 0, 0, 0, 0, 0, 0, 0, 0, 0, 0, 0, 0, 0, 0, 0, 0, 0, 0, 0, 0, 0, 0, 0, 0
node[0], 2357136044, 932, 23.845266, 0.100000, 0.000000, 99026730.000000, 54275570.000000, 0.025000, 1.000000, 0, 3, 0, 2, 1, 0, 0, 0, 0, 0, 0, 0, 0, 0, 0, 0, 0, 0, 0, 0, 0, 0, 0, 0, 0, 0, 0, 0, 0, 0, 0, 0
node[3], 1277901399, 933, 23.900713, 0.100000, -0.008000, 99026740.000000, 54284250.000000, 0.025000, 1.000000, 0, 3, 0, 2, 1, 0, 0, 0, 0, 0, 0, 0, 0, 0, 0, 0, 0, 0, 0, 0, 0, 0, 0, 0, 0, 0, 0, 0, 0, 0, 0, 0
node[1], 2588848963, 934, 23.924564, 0.100000, 0.000000, 99026730.000000, 54278460.000000, 0.025000, 1.000000, 0, 3, 0, 3, 0, 0, 0, 0, 0, 0, 0, 0, 0, 0, 0, 0, 0, 0, 0, 0, 0, 0, 0, 0, 0, 0, 0, 0, 0, 0, 0, 0
node[2], 2774094101, 935, 23.938587, 0.100000, 0.000000, 99026740.000000, 54281360.000000, 0.025000, 1.000000, 0, 3, 0, 3, 0, 0, 0, 0, 0, 0, 0, 0, 0, 0, 0, 0, 0, 0, 0, 0, 0, 0, 0, 0, 0, 0, 0, 0, 0, 0, 0, 0
node[0], 2357136044, 936, 23.945266, 0.100000, 0.000000, 99026730.000000, 54275570.000000, 0.025000, 1.000000, 0, 3, 0, 2, 1, 0, 0, 0, 0, 0, 0, 0, 0, 0, 0, 0, 0, 0, 0, 0, 0, 0, 0, 0, 0, 0, 0, 0, 0, 0, 0, 0
node[3], 1277901399, 937, 24.000713, 0.100000, -0.017000, 99026740.000000, 54284250.000000, 0.025000, 1.000000, 0, 3, 0, 2, 1, 0, 0, 0, 0, 0, 0, 0, 0, 0, 0, 0, 0, 0, 0, 0, 0, 0, 0, 0, 0, 0, 0, 0, 0, 0, 0, 0
node[1], 2588848963, 938, 24.024564, 0.100000, -0.007000, 99026730.000000, 54278460.000000, 0.025000, 1.000000, 0, 3, 0, 3, 0, 0, 0, 0, 0, 0, 0, 0, 0, 0, 0, 0, 0, 0, 0, 0, 0, 0, 0, 0, 0, 0, 0, 0, 0, 0, 0, 0
node[2], 2774094101, 939, 24.038587, 0.100000, 0.000000, 99026740.000000, 54281360.000000, 0.025000, 1.000000, 0, 3, 0, 3, 0, 0, 0, 0, 0, 0, 0, 0, 0, 0, 0, 0, 0, 0, 0, 0, 0, 0, 0, 0, 0, 0, 0, 0, 0, 0, 0, 0
node[0], 2357136044, 940, 24.045266, 0.100000, 0.000000, 99026730.000000, 54275570.000000, 0.025000, 1.000000, 0, 3, 0, 2, 1, 0, 0, 0, 0, 0, 0, 0, 0, 0, 0, 0, 0, 0, 0, 0, 0, 0, 0, 0, 0, 0, 0, 0, 0, 0, 0, 0
node[3], 1277901399, 941, 24.100713, 0.100000, -0.015000, 99026740.000000, 54284250.000000, 0.025000, 1.000000, 0, 3, 0, 2, 1, 0, 0, 0, 0, 0, 0, 0, 0, 0, 0, 0, 0, 0, 0, 0, 0, 0, 0, 0, 0, 0, 0, 0, 0, 0, 0, 0
node[1], 2588848963, 942, 24.124564, 0.100000, 0.000000, 99026730.000000, 54278460.000000, 0.025000, 1.000000, 0, 3, 0, 3, 0, 0, 0, 0, 0, 0, 0, 0, 0, 0, 0, 0, 0, 0, 0, 0, 0, 0, 0, 0, 0, 0, 0, 0, 0, 0, 0, 0
node[2], 2774094101, 943, 24.138587, 0.100000, 0.000000, 99026740.000000, 54281360.000000, 0.025000, 1.000000, 0, 3, 0, 3, 0, 0, 0, 0, 0, 0, 0, 0, 0, 0, 0, 0, 0, 0, 0, 0, 0, 0, 0, 0, 0, 0, 0, 0, 0, 0, 0, 0
node[0], 2357136044, 944, 24.145266, 0.100000, 0.000000, 99026730.000000, 54275570.000000, 0.025000, 1.000000, 0, 3, 0, 2, 1, 0, 0, 0, 0, 0, 0, 0, 0, 0, 0, 0, 0, 0, 0, 0, 0, 0, 0, 0, 0, 0, 0, 0, 0, 0, 0, 0
node[3], 1277901399, 945, 24.200713, 0.100000, -0.017000, 99026740.000000, 54284250.000000, 0.025000, 1.000000, 0, 3, 0, 2, 1, 0, 0, 0, 0, 0, 0, 0, 0, 0, 0, 0, 0, 0, 0, 0, 0, 0, 0, 0, 0, 0, 0, 0, 0, 0, 0, 0
node[1], 2588848963, 946, 24.224564, 0.100000, -0.017000, 99026730.000000, 54278460.000000, 0.025000, 1.000000, 0, 3, 0, 3, 0, 0, 0, 0, 0, 0, 0, 0, 0, 0, 0, 0, 0, 0, 0, 0, 0, 0, 0, 0, 0, 0, 0, 0, 0, 0, 0, 0
node[2], 2774094101, 947, 24.238587, 0.100000, 0.000000, 99026740.000000, 54281360.000000, 0.025000, 1.000000, 0, 3, 0, 3, 0, 0, 0, 0, 0, 0, 0, 0, 0, 0, 0, 0, 0, 0, 0, 0, 0, 0, 0, 0, 0, 0, 0, 0, 0, 0, 0, 0
node[0], 2357136044, 948, 24.245266, 0.100000, 0.000000, 99026730.000000, 54275570.000000, 0.025000, 1.000000, 0, 3, 0, 2, 1, 0, 0, 0, 0, 0, 0, 0, 0, 0, 0, 0, 0, 0, 0, 0, 0, 0, 0, 0, 0, 0, 0, 0, 0, 0, 0, 0
node[3], 1277901399, 949, 24.300713, 0.100000, 0.000000, 99026740.000000, 54284250.000000, 0.025000, 1.000000, 0, 3, 0, 2, 1, 0, 0, 0, 0, 0, 0, 0, 0, 0, 0, 0, 0, 0, 0, 0, 0, 0, 0, 0, 0, 0, 0, 0, 0, 0, 0, 0
node[1], 2588848963, 950, 24.324564, 0.100000, 0.000000, 99026730.000000, 54278460.000000, 0.025000, 1.000000, 0, 3, 0, 3, 0, 0, 0, 0, 0, 0, 0, 0, 0, 0, 0, 0, 0, 0, 0, 0, 0, 0, 0, 0, 0, 0, 0, 0, 0, 0, 0, 0
node[2], 2774094101, 951, 24.338587, 0.100000, -0.012000, 99026740.000000, 54281360.000000, 0.025000, 1.000000, 0, 3, 0, 3, 0, 0, 0, 0, 0, 0, 0, 0, 0, 0, 0, 0, 0, 0, 0, 0, 0, 0, 0, 0, 0, 0, 0, 0, 0, 0, 0, 0
node[0], 2357136044, 952, 24.345266, 0.100000, 0.000000, 99026730.000000, 54275570.000000, 0.025000, 1.000000, 0, 3, 0, 2, 1, 0, 0, 0, 0, 0, 0, 0, 0, 0, 0, 0, 0, 0, 0, 0, 0, 0, 0, 0, 0, 0, 0, 0, 0, 0, 0, 0
node[3], 1277901399, 953, 24.400713, 0.100000, 0.000000, 99026740.000000, 54284250.000000, 0.025000, 1.000000, 0, 3, 0, 2, 1, 0, 0, 0, 0, 0, 0, 0, 0, 0, 0, 0, 0, 0, 0, 0, 0, 0, 0, 0, 0, 0, 0, 0, 0, 0, 0, 0
node[1], 2588848963, 954, 24.424564, 0.100000, 0.000000, 99026730.000000, 54278460.000000, 0.025000, 1.000000, 0, 3, 0, 3, 0, 0, 0, 0, 0, 0, 0, 0, 0, 0, 0, 0, 0, 0, 0, 0, 0, 0, 0, 0, 0, 0, 0, 0, 0, 0, 0, 0
node[2], 2774094101, 955, 24.438587, 0.100000, 0.000000, 99026740.000000, 54281360.000000, 0.025000, 1.000000, 0, 3, 0, 3, 0, 0, 0, 0, 0, 0, 0, 0, 0, 0, 0, 0, 0, 0, 0, 0, 0, 0, 0, 0, 0, 0, 0, 0, 0, 0, 0, 0
node[0], 2357136044, 956, 24.445266, 0.100000, -0.018000, 99026730.000000, 54275570.000000, 0.025000, 1.000000, 0, 3, 0, 2, 1, 0, 0, 0, 0, 0, 0, 0, 0, 0, 0, 0, 0, 0, 0, 0, 0, 0, 0, 0, 0, 0, 0, 0, 0, 0, 0, 0
node[3], 1277901399, 957, 24.500713, 0.100000, 0.000000, 99026740.000000, 54284250.000000, 0.025000, 1.000000, 0, 3, 0, 2, 1, 0, 0, 0, 0, 0, 0, 0, 0, 0, 0, 0, 0, 0, 0, 0, 0, 0, 0, 0, 0, 0, 0, 0, 0, 0, 0, 0
node[1], 2588848963, 958, 24.524564, 0.100000, 0.000000, 99026730.000000, 54278460.000000, 0.025000, 1.000000, 0, 3, 0, 3, 0, 0, 0, 0, 0, 0, 0, 0, 0, 0, 0, 0, 0, 0, 0, 0, 0, 0, 0, 0, 0, 0, 0, 0, 0, 0, 0, 0
node[2], 2774094101, 959, 24.538587, 0.100000, -0.014000, 99026740.000000, 54281360.000000, 0.025000, 1.000000, 0, 3, 0, 3, 0, 0, 0, 0, 0, 0, 0, 0, 0, 0, 0, 0, 0, 0, 0, 0, 0, 0, 0, 0, 0, 0, 0, 0, 0, 0, 0, 0
node[0], 2357136044, 960, 24.545266, 0.100000, 0.000000, 99026730.000000, 54275570.000000, 0.025000, 1.000000, 0, 3, 0, 2, 1, 0, 0, 0, 0, 0, 0, 0, 0, 0, 0, 0, 0, 0, 0, 0, 0, 0, 0, 0, 0, 0, 0, 0, 0, 0, 0, 0
node[3], 1277901399, 961, 24.600713, 0.100000, -0.005000, 99026740.000000, 54284250.000000, 0.025000, 1.000000, 0, 3, 0, 2, 1, 0, 0, 0, 0, 0, 0, 0, 0, 0, 0, 0, 0, 0, 0, 0, 0, 0, 0, 0, 0, 0, 0, 0, 0, 0, 0, 0
node[1], 2588848963, 962, 24.624564, 0.100000, 0.000000, 99026730.000000, 54278460.000000, 0.025000, 1.000000, 0, 3, 0, 3, 0, 0, 0, 0, 0, 0, 0, 0, 0, 0, 0, 0, 0, 0, 0, 0, 0, 0, 0, 0, 0, 0, 0, 0, 0, 0, 0, 0
node[2], 2774094101, 963, 24.638587, 0.100000, 0.000000, 99026740.000000, 54281360.000000, 0.025000, 1.000000, 0, 3, 0, 3, 0, 0, 0, 0, 0, 0, 0, 0, 0, 0, 0, 0, 0, 0, 0, 0, 0, 0, 0, 0, 0, 0, 0, 0, 0, 0, 0, 0
node[0], 2357136044, 964, 24.645266, 0.100000, -0.015000, 99026730.000000, 54275570.000000, 0.025000, 1.000000, 0, 3, 0, 2, 1, 0, 0, 0, 0, 0, 0, 0, 0, 0, 0, 0, 0, 0, 0, 0, 0, 0, 0, 0, 0, 0, 0, 0, 0, 0, 0, 0
node[3], 1277901399, 965, 24.700713, 0.100000, 0.000000, 99026740.000000, 54284250.000000, 0.025000, 1.000000, 0, 3, 0, 2, 1, 0, 0, 0, 0, 0, 0, 0, 0, 0, 0, 0, 0, 0, 0, 0, 0, 0, 0, 0, 0, 0, 0, 0, 0, 0, 0, 0
node[1], 2588848963, 966, 24.724564, 0.100000, 0.000000, 99026730.000000, 54278460.000000, 0.025000, 1.000000, 0, 3, 0, 3, 0, 0, 0, 0, 0, 0, 0, 0, 0, 0, 0, 0, 0, 0, 0, 0, 0, 0, 0, 0, 0, 0, 0, 0, 0, 0, 0, 0
node[2], 2774094101, 967, 24.738587, 0.100000, -0.007000, 99026740.000000, 54281360.000000, 0.025000, 1.000000, 0, 3, 0, 3, 0, 0, 0, 0, 0, 0, 0, 0, 0, 0, 0, 0, 0, 0, 0, 0, 0, 0, 0, 0, 0, 0, 0, 0, 0, 0, 0, 0
node[0], 2357136044, 968, 24.745266, 0.100000, 0.000000, 99026730.000000, 54275570.000000, 0.025000, 1.000000, 0, 3, 0, 2, 1, 0, 0, 0, 0, 0, 0, 0, 0, 0, 0, 0, 0, 0, 0, 0, 0, 0, 0, 0, 0, 0, 0, 0, 0, 0, 0, 0
node[3], 1277901399, 969, 24.800713, 0.100000, 0.000000, 99026740.000000, 54284250.000000, 0.025000, 1.000000, 0, 3, 0, 2, 1, 0, 0, 0, 0, 0, 0, 0, 0, 0, 0, 0, 0, 0, 0, 0, 0, 0, 0, 0, 0, 0, 0, 0, 0, 0, 0, 0
node[1], 2588848963, 970, 24.824564, 0.100000, 0.000000, 99026730.000000, 54278460.000000, 0.025000, 1.000000, 0, 3, 0, 3, 0, 0, 0, 0, 0, 0, 0, 0, 0, 0, 0, 0, 0, 0, 0, 0, 0, 0, 0, 0, 0, 0, 0, 0, 0, 0, 0, 0
node[2], 2774094101, 971, 24.838587, 0.100000, -0.023000, 99026740.000000, 54281360.000000, 0.025000, 1.000000, 0, 3, 0, 3, 0, 0, 0, 0, 0, 0, 0, 0, 0, 0, 0, 0, 0, 0, 0, 0, 0, 0, 0, 0, 0, 0, 0, 0, 0, 0, 0, 0
node[0], 2357136044, 972, 24.845266, 0.100000, 0.000000, 99026730.000000, 54275570.000000, 0.025000, 1.000000, 0, 3, 0, 2, 1, 0, 0, 0, 0, 0, 0, 0, 0, 0, 0, 0, 0, 0, 0, 0, 0, 0, 0, 0, 0, 0, 0, 0, 0, 0, 0, 0
node[3], 1277901399, 973, 24.900713, 0.100000, 0.000000, 99026740.000000, 54284250.000000, 0.025000, 1.000000, 0, 3, 0, 2, 1, 0, 0, 0, 0, 0, 0, 0, 0, 0, 0, 0, 0, 0, 0, 0, 0, 0, 0, 0, 0, 0, 0, 0, 0, 0, 0, 0
node[1], 2588848963, 974, 24.924564, 0.100000, -0.012000, 99026730.000000, 54278460.000000, 0.025000, 1.000000, 0, 3, 0, 3, 0, 0, 0, 0, 0, 0, 0, 0, 0, 0, 0, 0, 0, 0, 0, 0, 0, 0, 0, 0, 0, 0, 0, 0, 0, 0, 0, 0
node[2], 2774094101, 975, 24.938587, 0.100000, 0.000000, 99026740.000000, 54281360.000000, 0.025000, 1.000000, 0, 3, 0, 3, 0, 0, 0, 0, 0, 0, 0, 0, 0, 0, 0, 0, 0, 0, 0, 0, 0, 0, 0, 0, 0, 0, 0, 0, 0, 0, 0, 0
node[0], 2357136044, 976, 24.945266, 0.100000, -0.003000, 99026730.000000, 54275570.000000, 0.025000, 1.000000, 0, 3, 0, 2, 1, 0, 0, 0, 0, 0, 0, 0, 0, 0, 0, 0, 0, 0, 0, 0, 0, 0, 0, 0, 0, 0, 0, 0, 0, 0, 0, 0
node[3], 1277901399, 977, 25.000713, 0.100000, -0.004000, 99026740.000000, 54284250.000000, 0.025000, 1.000000, 0, 3, 0, 2, 1, 0, 0, 0, 0, 0, 0, 0, 0, 0, 0, 0, 0, 0, 0, 0, 0, 0, 0, 0, 0, 0, 0, 0, 0, 0, 0, 0
node[1], 2588848963, 978, 25.024564, 0.100000, -0.002000, 99026730.000000, 54278460.000000, 0.025000, 1.000000, 0, 3, 0, 3, 0, 0, 0, 0, 0, 0, 0, 0, 0, 0, 0, 0, 0, 0, 0, 0, 0, 0, 0, 0, 0, 0, 0, 0, 0, 0, 0, 0
node[2], 2774094101, 979, 25.038587, 0.100000, -0.014000, 99026740.000000, 54281360.000000, 0.025000, 1.000000, 0, 3, 0, 3, 0, 0, 0, 0, 0, 0, 0, 0, 0, 0, 0, 0, 0, 0, 0, 0, 0, 0, 0, 0, 0, 0, 0, 0, 0, 0, 0, 0
node[0], 2357136044, 980, 25.045266, 0.100000, 0.000000, 99026730.000000, 54275570.000000, 0.025000, 1.000000, 0, 3, 0, 2, 1, 0, 0, 0, 0, 0, 0, 0, 0, 0, 0, 0, 0, 0, 0, 0, 0, 0, 0, 0, 0, 0, 0, 0, 0, 0, 0, 0
node[3], 1277901399, 981, 25.100713, 0.100000, 0.000000, 99026740.000000, 54284250.000000, 0.025000, 1.000000, 0, 3, 0, 2, 1, 0, 0, 0, 0, 0, 0, 0, 0, 0, 0, 0, 0, 0, 0, 0, 0, 0, 0, 0, 0, 0, 0, 0, 0, 0, 0, 0
node[1], 2588848963, 982, 25.124564, 0.100000, 0.000000, 99026730.000000, 54278460.000000, 0.025000, 1.000000, 0, 3, 0, 3, 0, 0, 0, 0, 0, 0, 0, 0, 0, 0, 0, 0, 0, 0, 0, 0, 0, 0, 0, 0, 0, 0, 0, 0, 0, 0, 0, 0
node[2], 2774094101, 983, 25.138587, 0.100000, 0.000000, 99026740.000000, 54281360.000000, 0.025000, 1.000000, 0, 3, 0, 3, 0, 0, 0, 0, 0, 0, 0, 0, 0, 0, 0, 0, 0, 0, 0, 0, 0, 0, 0, 0, 0, 0, 0, 0, 0, 0, 0, 0
node[0], 2357136044, 984, 25.145266, 0.100000, 0.000000, 99026730.000000, 54275570.000000, 0.025000, 1.000000, 0, 3, 0, 2, 1, 0, 0, 0, 0, 0, 0, 0, 0, 0, 0, 0, 0, 0, 0, 0, 0, 0, 0, 0, 0, 0, 0, 0, 0, 0, 0, 0
node[3], 1277901399, 985, 25.200713, 0.100000, 0.000000, 99026740.000000, 54284250.000000, 0.025000, 1.000000, 0, 3, 0, 2, 1, 0, 0, 0, 0, 0, 0, 0, 0, 0, 0, 0, 0, 0, 0, 0, 0, 0, 0, 0, 0, 0, 0, 0, 0, 0, 0, 0
node[1], 2588848963, 986, 25.224564, 0.100000, 0.000000, 99026730.000000, 54278460.000000, 0.025000, 1.000000, 0, 3, 0, 3, 0, 0, 0, 0, 0, 0, 0, 0, 0, 0, 0, 0, 0, 0, 0, 0, 0, 0, 0, 0, 0, 0, 0, 0, 0, 0, 0, 0
node[2], 2774094101, 987, 25.238587, 0.100000, 0.000000, 99026740.000000, 54281360.000000, 0.025000, 1.000000, 0, 3, 0, 3, 0, 0, 0, 0, 0, 0, 0, 0, 0, 0, 0, 0, 0, 0, 0, 0, 0, 0, 0, 0, 0, 0, 0, 0, 0, 0, 0, 0
node[0], 2357136044, 988, 25.245266, 0.100000, 0.000000, 99026730.000000, 54275570.000000, 0.025000, 1.000000, 0, 3, 0, 2, 1, 0, 0, 0, 0, 0, 0, 0, 0, 0, 0, 0, 0, 0, 0, 0, 0, 0, 0, 0, 0, 0, 0, 0, 0, 0, 0, 0
node[3], 1277901399, 989, 25.300713, 0.100000, -0.009000, 99026740.000000, 54284250.000000, 0.025000, 1.000000, 0, 3, 0, 2, 1, 0, 0, 0, 0, 0, 0, 0, 0, 0, 0, 0, 0, 0, 0, 0, 0, 0, 0, 0, 0, 0, 0, 0, 0, 0, 0, 0
node[1], 2588848963, 990, 25.324564, 0.100000, 0.000000, 99026730.000000, 54278460.000000, 0.025000, 1.000000, 0, 3, 0, 3, 0, 0, 0, 0, 0, 0, 0, 0, 0, 0, 0, 0, 0, 0, 0, 0, 0, 0, 0, 0, 0, 0, 0, 0, 0, 0, 0, 0
node[2], 2774094101, 991, 25.338587, 0.100000, 0.000000, 99026740.000000, 54281360.000000, 0.025000, 1.000000, 0, 3, 0, 3, 0, 0, 0, 0, 0, 0, 0, 0, 0, 0, 0, 0, 0, 0, 0, 0, 0, 0, 0, 0, 0, 0, 0, 0, 0, 0, 0, 0
node[0], 2357136044, 992, 25.345266, 0.100000, 0.000000, 99026730.000000, 54275570.000000, 0.025000, 1.000000, 0, 3, 0, 2, 1, 0, 0, 0, 0, 0, 0, 0, 0, 0, 0, 0, 0, 0, 0, 0, 0, 0, 0, 0, 0, 0, 0, 0, 0, 0, 0, 0
node[3], 1277901399, 993, 25.400713, 0.100000, -0.023000, 99026740.000000, 54284250.000000, 0.025000, 1.000000, 0, 3, 0, 2, 1, 0, 0, 0, 0, 0, 0, 0, 0, 0, 0, 0, 0, 0, 0, 0, 0, 0, 0, 0, 0, 0, 0, 0, 0, 0, 0, 0
node[1], 2588848963, 994, 25.424564, 0.100000, -0.004000, 99026730.000000, 54278460.000000, 0.025000, 1.000000, 0, 3, 0, 3, 0, 0, 0, 0, 0, 0, 0, 0, 0, 0, 0, 0, 0, 0, 0, 0, 0, 0, 0, 0, 0, 0, 0, 0, 0, 0, 0, 0
node[2], 2774094101, 995, 25.438587, 0.100000, -0.008000, 99026740.000000, 54281360.000000, 0.025000, 1.000000, 0, 3, 0, 3, 0, 0, 0, 0, 0, 0, 0, 0, 0, 0, 0, 0, 0, 0, 0, 0, 0, 0, 0, 0, 0, 0, 0, 0, 0, 0, 0, 0
node[0], 2357136044, 996, 25.445266, 0.100000, -0.015000, 99026730.000000, 54275570.000000, 0.025000, 1.000000, 0, 3, 0, 2, 1, 0, 0, 0, 0, 0, 0, 0, 0, 0, 0, 0, 0, 0, 0, 0, 0, 0, 0, 0, 0, 0, 0, 0, 0, 0, 0, 0
node[3], 1277901399, 997, 25.500713, 0.100000, -0.012000, 99026740.000000, 54284250.000000, 0.025000, 1.000000, 0, 3, 0, 2, 1, 0, 0, 0, 0, 0, 0, 0, 0, 0, 0, 0, 0, 0, 0, 0, 0, 0, 0, 0, 0, 0, 0, 0, 0, 0, 0, 0
node[1], 2588848963, 998, 25.524564, 0.100000, -0.019000, 99026730.000000, 54278460.000000, 0.025000, 1.000000, 0, 3, 0, 3, 0, 0, 0, 0, 0, 0, 0, 0, 0, 0, 0, 0, 0, 0, 0, 0, 0, 0, 0, 0, 0, 0, 0, 0, 0, 0, 0, 0
node[2], 2774094101, 999, 25.538587, 0.100000, 0.000000, 99026740.000000, 54281360.000000, 0.025000, 1.000000, 0, 3, 0, 3, 0, 0, 0, 0, 0, 0, 0, 0, 0, 0, 0, 0, 0, 0, 0, 0, 0, 0, 0, 0, 0, 0, 0, 0, 0, 0, 0, 0
node[0], 2357136044, 1000, 25.545266, 0.100000, 0.000000, 99026730.000000, 54275570.000000, 0.025000, 1.000000, 0, 3, 0, 2, 1, 0, 0, 0, 0, 0, 0, 0, 0, 0, 0, 0, 0, 0, 0, 0, 0, 0, 0, 0, 0, 0, 0, 0, 0, 0, 0, 0
node[3], 1277901399, 1001, 25.600713, 0.100000, 0.000000, 99026740.000000, 54284250.000000, 0.025000, 1.000000, 0, 3, 0, 2, 1, 0, 0, 0, 0, 0, 0, 0, 0, 0, 0, 0, 0, 0, 0, 0, 0, 0, 0, 0, 0, 0, 0, 0, 0, 0, 0, 0
node[1], 2588848963, 1002, 25.624564, 0.100000, 0.000000, 99026730.000000, 54278460.000000, 0.025000, 1.000000, 0, 3, 0, 3, 0, 0, 0, 0, 0, 0, 0, 0, 0, 0, 0, 0, 0, 0, 0, 0, 0, 0, 0, 0, 0, 0, 0, 0, 0, 0, 0, 0
node[2], 2774094101, 1003, 25.638587, 0.100000, 0.000000, 99026740.000000, 54281360.000000, 0.025000, 1.000000, 0, 3, 0, 3, 0, 0, 0, 0, 0, 0, 0, 0, 0, 0, 0, 0, 0, 0, 0, 0, 0, 0, 0, 0, 0, 0, 0, 0, 0, 0, 0, 0
node[0], 2357136044, 1004, 25.645266, 0.100000, -0.011000, 99026730.000000, 54275570.000000, 0.025000, 1.000000, 0, 3, 0, 2, 1, 0, 0, 0, 0, 0, 0, 0, 0, 0, 0, 0, 0, 0, 0, 0, 0, 0, 0, 0, 0, 0, 0, 0, 0, 0, 0, 0
node[3], 1277901399, 1005, 25.700713, 0.100000, 0.000000, 99026740.000000, 54284250.000000, 0.025000, 1.000000, 0, 3, 0, 2, 1, 0, 0, 0, 0, 0, 0, 0, 0, 0, 0, 0, 0, 0, 0, 0, 0, 0, 0, 0, 0, 0, 0, 0, 0, 0, 0, 0
node[1], 2588848963, 1006, 25.724564, 0.100000, -0.024000, 99026730.000000, 54278460.000000, 0.025000, 1.000000, 0, 3, 0, 3, 0, 0, 0, 0, 0, 0, 0, 0, 0, 0, 0, 0, 0, 0, 0, 0, 0, 0, 0, 0, 0, 0, 0, 0, 0, 0, 0, 0
node[2], 2774094101, 1007, 25.738587, 0.100000, 0.000000, 99026740.000000, 54281360.000000, 0.025000, 1.000000, 0, 3, 0, 3, 0, 0, 0, 0, 0, 0, 0, 0, 0, 0, 0, 0, 0, 0, 0, 0, 0, 0, 0, 0, 0, 0, 0, 0, 0, 0, 0, 0
node[0], 2357136044, 1008, 25.745266, 0.100000, -0.015000, 99026730.000000, 54275570.000000, 0.025000, 1.000000, 0, 3, 0, 2, 1, 0, 0, 0, 0, 0, 0, 0, 0, 0, 0, 0, 0, 0, 0, 0, 0, 0, 0, 0, 0, 0, 0, 0, 0, 0, 0, 0
node[3], 1277901399, 1009, 25.800713, 0.100000, 0.000000, 99026740.000000, 54284250.000000, 0.025000, 1.000000, 0, 3, 0, 2, 1, 0, 0, 0, 0, 0, 0, 0, 0, 0, 0, 0, 0, 0, 0, 0, 0, 0, 0, 0, 0, 0, 0, 0, 0, 0, 0, 0
node[1], 2588848963, 1010, 25.824564, 0.100000, 0.000000, 99026730.000000, 54278460.000000, 0.025000, 1.000000, 0, 3, 0, 3, 0, 0, 0, 0, 0, 0, 0, 0, 0, 0, 0, 0, 0, 0, 0, 0, 0, 0, 0, 0, 0, 0, 0, 0, 0, 0, 0, 0
node[2], 2774094101, 1011, 25.838587, 0.100000, 0.000000, 99026740.000000, 54281360.000000, 0.025000, 1.000000, 0, 3, 0, 3, 0, 0, 0, 0, 0, 0, 0, 0, 0, 0, 0, 0, 0, 0, 0, 0, 0, 0, 0, 0, 0, 0, 0, 0, 0, 0, 0, 0
node[0], 2357136044, 1012, 25.845266, 0.100000, 0.000000, 99026730.000000, 54275570.000000, 0.025000, 1.000000, 0, 3, 0, 2, 1, 0, 0, 0, 0, 0, 0, 0, 0, 0, 0, 0, 0, 0, 0, 0, 0, 0, 0, 0, 0, 0, 0, 0, 0, 0, 0, 0
node[3], 1277901399, 1013, 25.900713, 0.100000, -0.003000, 99026740.000000, 54284250.000000, 0.025000, 1.000000, 0, 3, 0, 2, 1, 0, 0, 0, 0, 0, 0, 0, 0, 0, 0, 0, 0, 0, 0, 0, 0, 0, 0, 0, 0, 0, 0, 0, 0, 0, 0, 0
node[1], 2588848963, 1014, 25.924564, 0.100000, 0.000000, 99026730.000000, 54278460.000000, 0.025000, 1.000000, 0, 3, 0, 3, 0, 0, 0, 0, 0, 0, 0, 0, 0, 0, 0, 0, 0, 0, 0, 0, 0, 0, 0, 0, 0, 0, 0, 0, 0, 0, 0, 0
node[2], 2774094101, 1015, 25.938587, 0.100000, 0.000000, 99026740.000000, 54281360.000000, 0.025000, 1.000000, 0, 3, 0, 3, 0, 0, 0, 0, 0, 0, 0, 0, 0, 0, 0, 0, 0, 0, 0, 0, 0, 0, 0, 0, 0, 0, 0, 0, 0, 0, 0, 0
node[0], 2357136044, 1016, 25.945266, 0.100000, 0.000000, 99026730.000000, 54275570.000000, 0.025000, 1.000000, 0, 3, 0, 2, 1, 0, 0, 0, 0, 0, 0, 0, 0, 0, 0, 0, 0, 0, 0, 0, 0, 0, 0, 0, 0, 0, 0, 0, 0, 0, 0, 0
node[3], 1277901399, 1017, 26.000713, 0.100000, 0.000000, 99026740.000000, 54284250.000000, 0.025000, 1.000000, 0, 3, 0, 2, 1, 0, 0, 0, 0, 0, 0, 0, 0, 0, 0, 0, 0, 0, 0, 0, 0, 0, 0, 0, 0, 0, 0, 0, 0, 0, 0, 0
node[1], 2588848963, 1018, 26.024564, 0.100000, -0.004000, 99026730.000000, 54278460.000000, 0.025000, 1.000000, 0, 3, 0, 3, 0, 0, 0, 0, 0, 0, 0, 0, 0, 0, 0, 0, 0, 0, 0, 0, 0, 0, 0, 0, 0, 0, 0, 0, 0, 0, 0, 0
node[2], 2774094101, 1019, 26.038587, 0.100000, 0.000000, 99026740.000000, 54281360.000000, 0.025000, 1.000000, 0, 3, 0, 3, 0, 0, 0, 0, 0, 0, 0, 0, 0, 0, 0, 0, 0, 0, 0, 0, 0, 0, 0, 0, 0, 0, 0, 0, 0, 0, 0, 0
node[0], 2357136044, 1020, 26.045266, 0.100000, 0.000000, 99026730.000000, 54275570.000000, 0.025000, 1.000000, 0, 3, 0, 2, 1, 0, 0, 0, 0, 0, 0, 0, 0, 0, 0, 0, 0, 0, 0, 0, 0, 0, 0, 0, 0, 0, 0, 0, 0, 0, 0, 0
node[3], 1277901399, 1021, 26.100713, 0.100000, 0.000000, 99026740.000000, 54284250.000000, 0.025000, 1.000000, 0, 3, 0, 2, 1, 0, 0, 0, 0, 0, 0, 0, 0, 0, 0, 0, 0, 0, 0, 0, 0, 0, 0, 0, 0, 0, 0, 0, 0, 0, 0, 0
node[1], 2588848963, 1022, 26.124564, 0.100000, 0.000000, 99026730.000000, 54278460.000000, 0.025000, 1.000000, 0, 3, 0, 3, 0, 0, 0, 0, 0, 0, 0, 0, 0, 0, 0, 0, 0, 0, 0, 0, 0, 0, 0, 0, 0, 0, 0, 0, 0, 0, 0, 0
node[2], 2774094101, 1023, 26.138587, 0.100000, 0.000000, 99026740.000000, 54281360.000000, 0.025000, 1.000000, 0, 3, 0, 3, 0, 0, 0, 0, 0, 0, 0, 0, 0, 0, 0, 0, 0, 0, 0, 0, 0, 0, 0, 0, 0, 0, 0, 0, 0, 0, 0, 0
node[0], 2357136044, 1024, 26.145266, 0.100000, 0.000000, 99026730.000000, 54275570.000000, 0.025000, 1.000000, 0, 3, 0, 2, 1, 0, 0, 0, 0, 0, 0, 0, 0, 0, 0, 0, 0, 0, 0, 0, 0, 0, 0, 0, 0, 0, 0, 0, 0, 0, 0, 0
node[3], 1277901399, 1025, 26.200713, 0.100000, 0.000000, 99026740.000000, 54284250.000000, 0.025000, 1.000000, 0, 3, 0, 2, 1, 0, 0, 0, 0, 0, 0, 0, 0, 0, 0, 0, 0, 0, 0, 0, 0, 0, 0, 0, 0, 0, 0, 0, 0, 0, 0, 0
node[1], 2588848963, 1026, 26.224564, 0.100000, 0.000000, 99026730.000000, 54278460.000000, 0.025000, 1.000000, 0, 3, 0, 3, 0, 0, 0, 0, 0, 0, 0, 0, 0, 0, 0, 0, 0, 0, 0, 0, 0, 0, 0, 0, 0, 0, 0, 0, 0, 0, 0, 0
node[2], 2774094101, 1027, 26.238587, 0.100000, 0.000000, 99026740.000000, 54281360.000000, 0.025000, 1.000000, 0, 3, 0, 3, 0, 0, 0, 0, 0, 0, 0, 0, 0, 0, 0, 0, 0, 0, 0, 0, 0, 0, 0, 0, 0, 0, 0, 0, 0, 0, 0, 0
node[0], 2357136044, 1028, 26.245266, 0.100000, 0.000000, 99026730.000000, 54275570.000000, 0.025000, 1.000000, 0, 3, 0, 2, 1, 0, 0, 0, 0, 0, 0, 0, 0, 0, 0, 0, 0, 0, 0, 0, 0, 0, 0, 0, 0, 0, 0, 0, 0, 0, 0, 0
node[3], 1277901399, 1029, 26.300713, 0.100000, -0.007000, 99026740.000000, 54284250.000000, 0.025000, 1.000000, 0, 3, 0, 2, 1, 0, 0, 0, 0, 0, 0, 0, 0, 0, 0, 0, 0, 0, 0, 0, 0, 0, 0, 0, 0, 0, 0, 0, 0, 0, 0, 0
node[1], 2588848963, 1030, 26.324564, 0.100000, 0.000000, 99026730.000000, 54278460.000000, 0.025000, 1.000000, 0, 3, 0, 3, 0, 0, 0, 0, 0, 0, 0, 0, 0, 0, 0, 0, 0, 0, 0, 0, 0, 0, 0, 0, 0, 0, 0, 0, 0, 0, 0, 0
node[2], 2774094101, 1031, 26.338587, 0.100000, -0.019000, 99026740.000000, 54281360.000000, 0.025000, 1.000000, 0, 3, 0, 3, 0, 0, 0, 0, 0, 0, 0, 0, 0, 0, 0, 0, 0, 0, 0, 0, 0, 0, 0, 0, 0, 0, 0, 0, 0, 0, 0, 0
node[0], 2357136044, 1032, 26.345266, 0.100000, -0.008000, 99026730.000000, 54275570.000000, 0.025000, 1.000000, 0, 3, 0, 2, 1, 0, 0, 0, 0, 0, 0, 0, 0, 0, 0, 0, 0, 0, 0, 0, 0, 0, 0, 0, 0, 0, 0, 0, 0, 0, 0, 0
node[3], 1277901399, 1033, 26.400713, 0.100000, 0.000000, 99026740.000000, 54284250.000000, 0.025000, 1.000000, 0, 3, 0, 2, 1, 0, 0, 0, 0, 0, 0, 0, 0, 0, 0, 0, 0, 0, 0, 0, 0, 0, 0, 0, 0, 0, 0, 0, 0, 0, 0, 0
node[1], 2588848963, 1034, 26.424564, 0.100000, 0.000000, 99026730.000000, 54278460.000000, 0.025000, 1.000000, 0, 3, 0, 3, 0, 0, 0, 0, 0, 0, 0, 0, 0, 0, 0, 0, 0, 0, 0, 0, 0, 0, 0, 0, 0, 0, 0, 0, 0, 0, 0, 0
node[2], 2774094101, 1035, 26.438587, 0.100000, -0.021000, 99026740.000000, 54281360.000000, 0.025000, 1.000000, 0, 3, 0, 3, 0, 0, 0, 0, 0, 0, 0, 0, 0, 0, 0, 0, 0, 0, 0, 0, 0, 0, 0, 0, 0, 0, 0, 0, 0, 0, 0, 0
node[0], 2357136044, 1036, 26.445266, 0.100000, -0.004000, 99026730.000000, 54275570.000000, 0.025000, 1.000000, 0, 3, 0, 2, 1, 0, 0, 0, 0, 0, 0, 0, 0, 0, 0, 0, 0, 0, 0, 0, 0, 0, 0, 0, 0, 0, 0, 0, 0, 0, 0, 0
node[3], 1277901399, 1037, 26.500713, 0.100000, 0.000000, 99026740.000000, 54284250.000000, 0.025000, 1.000000, 0, 3, 0, 2, 1, 0, 0, 0, 0, 0, 0, 0, 0, 0, 0, 0, 0, 0, 0, 0, 0, 0, 0, 0, 0, 0, 0, 0, 0, 0, 0, 0
node[1], 2588848963, 1038, 26.524564, 0.100000, 0.000000, 99026730.000000, 54278460.000000, 0.025000, 1.000000, 0, 3, 0, 3, 0, 0, 0, 0, 0, 0, 0, 0, 0, 0, 0, 0, 0, 0, 0, 0, 0, 0, 0, 0, 0, 0, 0, 0, 0, 0, 0, 0
node[2], 2774094101, 1039, 26.538587, 0.100000, 0.000000, 99026740.000000, 54281360.000000, 0.025000, 1.000000, 0, 3, 0, 3, 0, 0, 0, 0, 0, 0, 0, 0, 0, 0, 0, 0, 0, 0, 0, 0, 0, 0, 0, 0, 0, 0, 0, 0, 0, 0, 0, 0
node[0], 2357136044, 1040, 26.545266, 0.100000, 0.000000, 99026730.000000, 54275570.000000, 0.025000, 1.000000, 0, 3, 0, 2, 1, 0, 0, 0, 0, 0, 0, 0, 0, 0, 0, 0, 0, 0, 0, 0, 0, 0, 0, 0, 0, 0, 0, 0, 0, 0, 0, 0
node[3], 1277901399, 1041, 26.600713, 0.100000, -0.011000, 99026740.000000, 54284250.000000, 0.025000, 1.000000, 0, 3, 0, 2, 1, 0, 0, 0, 0, 0, 0, 0, 0, 0, 0, 0, 0, 0, 0, 0, 0, 0, 0, 0, 0, 0, 0, 0, 0, 0, 0, 0
node[1], 2588848963, 1042, 26.624564, 0.100000, -0.013000, 99026730.000000, 54278460.000000, 0.025000, 1.000000, 0, 3, 0, 3, 0, 0, 0, 0, 0, 0, 0, 0, 0, 0, 0, 0, 0, 0, 0, 0, 0, 0, 0, 0, 0, 0, 0, 0, 0, 0, 0, 0
node[2], 2774094101, 1043, 26.638587, 0.100000, 0.000000, 99026740.000000, 54281360.000000, 0.025000, 1.000000, 0, 3, 0, 3, 0, 0, 0, 0, 0, 0, 0, 0, 0, 0, 0, 0, 0, 0, 0, 0, 0, 0, 0, 0, 0, 0, 0, 0, 0, 0, 0, 0
node[0], 2357136044, 1044, 26.645266, 0.100000, 0.000000, 99026730.000000, 54275570.000000, 0.025000, 1.000000, 0, 3, 0, 2, 1, 0, 0, 0, 0, 0, 0, 0, 0, 0, 0, 0, 0, 0, 0, 0, 0, 0, 0, 0, 0, 0, 0, 0, 0, 0, 0, 0
node[3], 1277901399, 1045, 26.700713, 0.100000, 0.000000, 99026740.000000, 54284250.000000, 0.025000, 1.000000, 0, 3, 0, 2, 1, 0, 0, 0, 0, 0, 0, 0, 0, 0, 0, 0, 0, 0, 0, 0, 0, 0, 0, 0, 0, 0, 0, 0, 0, 0, 0, 0
node[1], 2588848963, 1046, 26.724564, 0.100000, -0.025000, 99026730.000000, 54278460.000000, 0.025000, 1.000000, 0, 3, 0, 3, 0, 0, 0, 0, 0, 0, 0, 0, 0, 0, 0, 0, 0, 0, 0, 0, 0, 0, 0, 0, 0, 0, 0, 0, 0, 0, 0, 0
node[2], 2774094101, 1047, 26.738587, 0.100000, 0.000000, 99026740.000000, 54281360.000000, 0.025000, 1.000000, 0, 3, 0, 3, 0, 0, 0, 0, 0, 0, 0, 0, 0, 0, 0, 0, 0, 0, 0, 0, 0, 0, 0, 0, 0, 0, 0, 0, 0, 0, 0, 0
node[0], 2357136044, 1048, 26.745266, 0.100000, 0.000000, 99026730.000000, 54275570.000000, 0.025000, 1.000000, 0, 3, 0, 2, 1, 0, 0, 0, 0, 0, 0, 0, 0, 0, 0, 0, 0, 0, 0, 0, 0, 0, 0, 0, 0, 0, 0, 0, 0, 0, 0, 0
node[3], 1277901399, 1049, 26.800713, 0.100000, -0.005000, 99026740.000000, 54284250.000000, 0.025000, 1.000000, 0, 3, 0, 2, 1, 0, 0, 0, 0, 0, 0, 0, 0, 0, 0, 0, 0, 0, 0, 0, 0, 0, 0, 0, 0, 0, 0, 0, 0, 0, 0, 0
node[1], 2588848963, 1050, 26.824564, 0.100000, 0.000000, 99026730.000000, 54278460.000000, 0.025000, 1.000000, 0, 3, 0, 3, 0, 0, 0, 0, 0, 0, 0, 0, 0, 0, 0, 0, 0, 0, 0, 0, 0, 0, 0, 0, 0, 0, 0, 0, 0, 0, 0, 0
node[2], 2774094101, 1051, 26.838587, 0.100000, -0.011000, 99026740.000000, 54281360.000000, 0.025000, 1.000000, 0, 3, 0, 3, 0, 0, 0, 0, 0, 0, 0, 0, 0, 0, 0, 0, 0, 0, 0, 0, 0, 0, 0, 0, 0, 0, 0, 0, 0, 0, 0, 0
node[0], 2357136044, 1052, 26.845266, 0.100000, -0.002000, 99026730.000000, 54275570.000000, 0.025000, 1.000000, 0, 3, 0, 2, 1, 0, 0, 0, 0, 0, 0, 0, 0, 0, 0, 0, 0, 0, 0, 0, 0, 0, 0, 0, 0, 0, 0, 0, 0, 0, 0, 0
node[3], 1277901399, 1053, 26.900713, 0.100000, -0.018000, 99026740.000000, 54284250.000000, 0.025000, 1.000000, 0, 3, 0, 2, 1, 0, 0, 0, 0, 0, 0, 0, 0, 0, 0, 0, 0, 0, 0, 0, 0, 0, 0, 0, 0, 0, 0, 0, 0, 0, 0, 0
node[1], 2588848963, 1054, 26.924564, 0.100000, 0.000000, 99026730.000000, 54278460.000000, 0.025000, 1.000000, 0, 3, 0, 3, 0, 0, 0, 0, 0, 0, 0, 0, 0, 0, 0, 0, 0, 0, 0, 0, 0, 0, 0, 0, 0, 0, 0, 0, 0, 0, 0, 0
node[2], 2774094101, 1055, 26.938587, 0.100000, 0.000000, 99026740.000000, 54281360.000000, 0.025000, 1.000000, 0, 3, 0, 3, 0, 0, 0, 0, 0, 0, 0, 0, 0, 0, 0, 0, 0, 0, 0, 0, 0, 0, 0, 0, 0, 0, 0, 0, 0, 0, 0, 0
node[0], 2357136044, 1056, 26.945266, 0.100000, 0.000000, 99026730.000000, 54275570.000000, 0.025000, 1.000000, 0, 3, 0, 2, 1, 0, 0, 0, 0, 0, 0, 0, 0, 0, 0, 0, 0, 0, 0, 0, 0, 0, 0, 0, 0, 0, 0, 0, 0, 0, 0, 0
node[3], 1277901399, 1057, 27.000713, 0.100000, -0.002000, 99026740.000000, 54284250.000000, 0.025000, 1.000000, 0, 3, 0, 2, 1, 0, 0, 0, 0, 0, 0, 0, 0, 0, 0, 0, 0, 0, 0, 0, 0, 0, 0, 0, 0, 0, 0, 0, 0, 0, 0, 0
node[1], 2588848963, 1058, 27.024564, 0.100000, 0.000000, 99026730.000000, 54278460.000000, 0.025000, 1.000000, 0, 3, 0, 3, 0, 0, 0, 0, 0, 0, 0, 0, 0, 0, 0, 0, 0, 0, 0, 0, 0, 0, 0, 0, 0, 0, 0, 0, 0, 0, 0, 0
node[2], 2774094101, 1059, 27.038587, 0.100000, 0.000000, 99026740.000000, 54281360.000000, 0.025000, 1.000000, 0, 3, 0, 3, 0, 0, 0, 0, 0, 0, 0, 0, 0, 0, 0, 0, 0, 0, 0, 0, 0, 0, 0, 0, 0, 0, 0, 0, 0, 0, 0, 0
node[0], 2357136044, 1060, 27.045266, 0.100000, -0.013000, 99026730.000000, 54275570.000000, 0.025000, 1.000000, 0, 3, 0, 2, 1, 0, 0, 0, 0, 0, 0, 0, 0, 0, 0, 0, 0, 0, 0, 0, 0, 0, 0, 0, 0, 0, 0, 0, 0, 0, 0, 0
node[3], 1277901399, 1061, 27.100713, 0.100000, 0.000000, 99026740.000000, 54284250.000000, 0.025000, 1.000000, 0, 3, 0, 2, 1, 0, 0, 0, 0, 0, 0, 0, 0, 0, 0, 0, 0, 0, 0, 0, 0, 0, 0, 0, 0, 0, 0, 0, 0, 0, 0, 0
node[1], 2588848963, 1062, 27.124564, 0.100000, 0.000000, 99026730.000000, 54278460.000000, 0.025000, 1.000000, 0, 3, 0, 3, 0, 0, 0, 0, 0, 0, 0, 0, 0, 0, 0, 0, 0, 0, 0, 0, 0, 0, 0, 0, 0, 0, 0, 0, 0, 0, 0, 0
node[2], 2774094101, 1063, 27.138587, 0.100000, 0.000000, 99026740.000000, 54281360.000000, 0.025000, 1.000000, 0, 3, 0, 3, 0, 0, 0, 0, 0, 0, 0, 0, 0, 0, 0, 0, 0, 0, 0, 0, 0, 0, 0, 0, 0, 0, 0, 0, 0, 0, 0, 0
node[0], 2357136044, 1064, 27.145266, 0.100000, 0.000000, 99026730.000000, 54275570.000000, 0.025000, 1.000000, 0, 3, 0, 2, 1, 0, 0, 0, 0, 0, 0, 0, 0, 0, 0, 0, 0, 0, 0, 0, 0, 0, 0, 0, 0, 0, 0, 0, 0, 0, 0, 0
node[3], 1277901399, 1065, 27.200713, 0.100000, 0.000000, 99026740.000000, 54284250.000000, 0.025000, 1.000000, 0, 3, 0, 2, 1, 0, 0, 0, 0, 0, 0, 0, 0, 0, 0, 0, 0, 0, 0, 0, 0, 0, 0, 0, 0, 0, 0, 0, 0, 0, 0, 0
node[1], 2588848963, 1066, 27.224564, 0.100000, 0.000000, 99026730.000000, 54278460.000000, 0.025000, 1.000000, 0, 3, 0, 3, 0, 0, 0, 0, 0, 0, 0, 0, 0, 0, 0, 0, 0, 0, 0, 0, 0, 0, 0, 0, 0, 0, 0, 0, 0, 0, 0, 0
node[2], 2774094101, 1067, 27.238587, 0.100000, 0.000000, 99026740.000000, 54281360.000000, 0.025000, 1.000000, 0, 3, 0, 3, 0, 0, 0, 0, 0, 0, 0, 0, 0, 0, 0, 0, 0, 0, 0, 0, 0, 0, 0, 0, 0, 0, 0, 0, 0, 0, 0, 0
node[0], 2357136044, 1068, 27.245266, 0.100000, 0.000000, 99026730.000000, 54275570.000000, 0.025000, 1.000000, 0, 3, 0, 2, 1, 0, 0, 0, 0, 0, 0, 0, 0, 0, 0, 0, 0, 0, 0, 0, 0, 0, 0, 0, 0, 0, 0, 0, 0, 0, 0, 0
node[3], 1277901399, 1069, 27.300713, 0.100000, 0.000000, 99026740.000000, 54284250.000000, 0.025000, 1.000000, 0, 3, 0, 2, 1, 0, 0, 0, 0, 0, 0, 0, 0, 0, 0, 0, 0, 0, 0, 0, 0, 0, 0, 0, 0, 0, 0, 0, 0, 0, 0, 0
node[1], 2588848963, 1070, 27.324564, 0.100000, -0.006000, 99026730.000000, 54278460.000000, 0.025000, 1.000000, 0, 3, 0, 3, 0, 0, 0, 0, 0, 0, 0, 0, 0, 0, 0, 0, 0, 0, 0, 0, 0, 0, 0, 0, 0, 0, 0, 0, 0, 0, 0, 0
node[2], 2774094101, 1071, 27.338587, 0.100000, 0.000000, 99026740.000000, 54281360.000000, 0.025000, 1.000000, 0, 3, 0, 3, 0, 0, 0, 0, 0, 0, 0, 0, 0, 0, 0, 0, 0, 0, 0, 0, 0, 0, 0, 0, 0, 0, 0, 0, 0, 0, 0, 0
node[0], 2357136044, 1072, 27.345266, 0.100000, -0.022000, 99026730.000000, 54275570.000000, 0.025000, 1.000000, 0, 3, 0, 2, 1, 0, 0, 0, 0, 0, 0, 0, 0, 0, 0, 0, 0, 0, 0, 0, 0, 0, 0, 0, 0, 0, 0, 0, 0, 0, 0, 0
node[3], 1277901399, 1073, 27.400713, 0.100000, 0.000000, 99026740.000000, 54284250.000000, 0.025000, 1.000000, 0, 3, 0, 2, 1, 0, 0, 0, 0, 0, 0, 0, 0, 0, 0, 0, 0, 0, 0, 0, 0, 0, 0, 0, 0, 0, 0, 0, 0, 0, 0, 0
node[1], 2588848963, 1074, 27.424564, 0.100000, 0.000000, 99026730.000000, 54278460.000000, 0.025000, 1.000000, 0, 3, 0, 3, 0, 0, 0, 0, 0, 0, 0, 0, 0, 0, 0, 0, 0, 0, 0, 0, 0, 0, 0, 0, 0, 0, 0, 0, 0, 0, 0, 0
node[2], 2774094101, 1075, 27.438587, 0.100000, -0.017000, 99026740.000000, 54281360.000000, 0.025000, 1.000000, 0, 3, 0, 3, 0, 0, 0, 0, 0, 0, 0, 0, 0, 0, 0, 0, 0, 0, 0, 0, 0, 0, 0, 0, 0, 0, 0, 0, 0, 0, 0, 0
node[0], 2357136044, 1076, 27.445266, 0.100000, -0.007000, 99026730.000000, 54275570.000000, 0.025000, 1.000000, 0, 3, 0, 2, 1, 0, 0, 0, 0, 0, 0, 0, 0, 0, 0, 0, 0, 0, 0, 0, 0, 0, 0, 0, 0, 0, 0, 0, 0, 0, 0, 0
node[3], 1277901399, 1077, 27.500713, 0.100000, 0.000000, 99026740.000000, 54284250.000000, 0.025000, 1.000000, 0, 3, 0, 2, 1, 0, 0, 0, 0, 0, 0, 0, 0, 0, 0, 0, 0, 0, 0, 0, 0, 0, 0, 0, 0, 0, 0, 0, 0, 0, 0, 0
node[1], 2588848963, 1078, 27.524564, 0.100000, 0.000000, 99026730.000000, 54278460.000000, 0.025000, 1.000000, 0, 3, 0, 3, 0, 0, 0, 0, 0, 0, 0, 0, 0, 0, 0, 0, 0, 0, 0, 0, 0, 0, 0, 0, 0, 0, 0, 0, 0, 0, 0, 0
node[2], 2774094101, 1079, 27.538587, 0.100000, 0.000000, 99026740.000000, 54281360.000000, 0.025000, 1.000000, 0, 3, 0, 3, 0, 0, 0, 0, 0, 0, 0, 0, 0, 0, 0, 0, 0, 0, 0, 0, 0, 0, 0, 0, 0, 0, 0, 0, 0, 0, 0, 0
node[0], 2357136044, 1080, 27.545266, 0.100000, -0.006000, 99026730.000000, 54275570.000000, 0.025000, 1.000000, 0, 3, 0, 2, 1, 0, 0, 0, 0, 0, 0, 0, 0, 0, 0, 0, 0, 0, 0, 0, 0, 0, 0, 0, 0, 0, 0, 0, 0, 0, 0, 0
node[3], 1277901399, 1081, 27.600713, 0.100000, -0.017000, 99026740.000000, 54284250.000000, 0.025000, 1.000000, 0, 3, 0, 2, 1, 0, 0, 0, 0, 0, 0, 0, 0, 0, 0, 0, 0, 0, 0, 0, 0, 0, 0, 0, 0, 0, 0, 0, 0, 0, 0, 0
node[1], 2588848963, 1082, 27.624564, 0.100000, -0.020000, 99026730.000000, 54278460.000000, 0.025000, 1.000000, 0, 3, 0, 3, 0, 0, 0, 0, 0, 0, 0, 0, 0, 0, 0, 0, 0, 0, 0, 0, 0, 0, 0, 0, 0, 0, 0, 0, 0, 0, 0, 0
node[2], 2774094101, 1083, 27.638587, 0.100000, -0.001000, 99026740.000000, 54281360.000000, 0.025000, 1.000000, 0, 3, 0, 3, 0, 0, 0, 0, 0, 0, 0, 0, 0, 0, 0, 0, 0, 0, 0, 0, 0, 0, 0, 0, 0, 0, 0, 0, 0, 0, 0, 0
node[0], 2357136044, 1084, 27.645266, 0.100000, 0.000000, 99026730.000000, 54275570.000000, 0.025000, 1.000000, 0, 3, 0, 2, 1, 0, 0, 0, 0, 0, 0, 0, 0, 0, 0, 0, 0, 0, 0, 0, 0, 0, 0, 0, 0, 0, 0, 0, 0, 0, 0, 0
node[3], 1277901399, 1085, 27.700713, 0.100000, 0.000000, 99026740.000000, 54284250.000000, 0.025000, 1.000000, 0, 3, 0, 2, 1, 0, 0, 0, 0, 0, 0, 0, 0, 0, 0, 0, 0, 0, 0, 0, 0, 0, 0, 0, 0, 0, 0, 0, 0, 0, 0, 0
node[1], 2588848963, 1086, 27.724564, 0.100000, -0.025000, 99026730.000000, 54278460.000000, 0.025000, 1.000000, 0, 3, 0, 3, 0, 0, 0, 0, 0, 0, 0, 0, 0, 0, 0, 0, 0, 0, 0, 0, 0, 0, 0, 0, 0, 0, 0, 0, 0, 0, 0, 0
node[2], 2774094101, 1087, 27.738587, 0.100000, 0.000000, 99026740.000000, 54281360.000000, 0.025000, 1.000000, 0, 3, 0, 3, 0, 0, 0, 0, 0, 0, 0, 0, 0, 0, 0, 0, 0, 0, 0, 0, 0, 0, 0, 0, 0, 0, 0, 0, 0, 0, 0, 0
node[0], 2357136044, 1088, 27.745266, 0.100000, -0.017000, 99026730.000000, 54275570.000000, 0.025000, 1.000000, 0, 3, 0, 2, 1, 0, 0, 0, 0, 0, 0, 0, 0, 0, 0, 0, 0, 0, 0, 0, 0, 0, 0, 0, 0, 0, 0, 0, 0, 0, 0, 0
node[3], 1277901399, 1089, 27.800713, 0.100000, -0.008000, 99026740.000000, 54284250.000000, 0.025000, 1.000000, 0, 3, 0, 2, 1, 0, 0, 0, 0, 0, 0, 0, 0, 0, 0, 0, 0, 0, 0, 0, 0, 0, 0, 0, 0, 0, 0, 0, 0, 0, 0, 0
node[1], 2588848963, 1090, 27.824564, 0.100000, 0.000000, 99026730.000000, 54278460.000000, 0.025000, 1.000000, 0, 3, 0, 3, 0, 0, 0, 0, 0, 0, 0, 0, 0, 0, 0, 0, 0, 0, 0, 0, 0, 0, 0, 0, 0, 0, 0, 0, 0, 0, 0, 0
node[2], 2774094101, 1091, 27.838587, 0.100000, 0.000000, 99026740.000000, 54281360.000000, 0.025000, 1.000000, 0, 3, 0, 3, 0, 0, 0, 0, 0, 0, 0, 0, 0, 0, 0, 0, 0, 0, 0, 0, 0, 0, 0, 0, 0, 0, 0, 0, 0, 0, 0, 0
node[0], 2357136044, 1092, 27.845266, 0.100000, 0.000000, 99026730.000000, 54275570.000000, 0.025000, 1.000000, 0, 3, 0, 2, 1, 0, 0, 0, 0, 0, 0, 0, 0, 0, 0, 0, 0, 0, 0, 0, 0, 0, 0, 0, 0, 0, 0, 0, 0, 0, 0, 0
node[3], 1277901399, 1093, 27.900713, 0.100000, -0.003000, 99026740.000000, 54284250.000000, 0.025000, 1.000000, 0, 3, 0, 2, 1, 0, 0, 0, 0, 0, 0, 0, 0, 0, 0, 0, 0, 0, 0, 0, 0, 0, 0, 0, 0, 0, 0, 0, 0, 0, 0, 0
node[1], 2588848963, 1094, 27.924564, 0.100000, 0.000000, 99026730.000000, 54278460.000000, 0.025000, 1.000000, 0, 3, 0, 3, 0, 0, 0, 0, 0, 0, 0, 0, 0, 0, 0, 0, 0, 0, 0, 0, 0, 0, 0, 0, 0, 0, 0, 0, 0, 0, 0, 0
node[2], 2774094101, 1095, 27.938587, 0.100000, 0.000000, 99026740.000000, 54281360.000000, 0.025000, 1.000000, 0, 3, 0, 3, 0, 0, 0, 0, 0, 0, 0, 0, 0, 0, 0, 0, 0, 0, 0, 0, 0, 0, 0, 0, 0, 0, 0, 0, 0, 0, 0, 0
node[0], 2357136044, 1096, 27.945266, 0.100000, -0.005000, 99026730.000000, 54275570.000000, 0.025000, 1.000000, 0, 3, 0, 2, 1, 0, 0, 0, 0, 0, 0, 0, 0, 0, 0, 0, 0, 0, 0, 0, 0, 0, 0, 0, 0, 0, 0, 0, 0, 0, 0, 0
node[3], 1277901399, 1097, 28.000713, 0.100000, -0.013000, 99026740.000000, 54284250.000000, 0.025000, 1.000000, 0, 3, 0, 2, 1, 0, 0, 0, 0, 0, 0, 0, 0, 0, 0, 0, 0, 0, 0, 0, 0, 0, 0, 0, 0, 0, 0, 0, 0, 0, 0, 0
node[1], 2588848963, 1098, 28.024564, 0.100000, -0.016000, 99026730.000000, 54278460.000000, 0.025000, 1.000000, 0, 3, 0, 3, 0, 0, 0, 0, 0, 0, 0, 0, 0, 0, 0, 0, 0, 0, 0, 0, 0, 0, 0, 0, 0, 0, 0, 0, 0, 0, 0, 0
node[2], 2774094101, 1099, 28.038587, 0.100000, 0.000000, 99026740.000000, 54281360.000000, 0.025000, 1.000000, 0, 3, 0, 3, 0, 0, 0, 0, 0, 0, 0, 0, 0, 0, 0, 0, 0, 0, 0, 0, 0, 0, 0, 0, 0, 0, 0, 0, 0, 0, 0, 0
node[0], 2357136044, 1100, 28.045266, 0.100000, -0.015000, 99026730.000000, 54275570.000000, 0.025000, 1.000000, 0, 3, 0, 2, 1, 0, 0, 0, 0, 0, 0, 0, 0, 0, 0, 0, 0, 0, 0, 0, 0, 0, 0, 0, 0, 0, 0, 0, 0, 0, 0, 0
node[3], 1277901399, 1101, 28.100713, 0.100000, -0.002000, 99026740.000000, 54284250.000000, 0.025000, 1.000000, 0, 3, 0, 2, 1, 0, 0, 0, 0, 0, 0, 0, 0, 0, 0, 0, 0, 0, 0, 0, 0, 0, 0, 0, 0, 0, 0, 0, 0, 0, 0, 0
node[1], 2588848963, 1102, 28.124564, 0.100000, 0.000000, 99026730.000000, 54278460.000000, 0.025000, 1.000000, 0, 3, 0, 3, 0, 0, 0, 0, 0, 0, 0, 0, 0, 0, 0, 0, 0, 0, 0, 0, 0, 0, 0, 0, 0, 0, 0, 0, 0, 0, 0, 0
node[2], 2774094101, 1103, 28.138587, 0.100000, 0.000000, 99026740.000000, 54281360.000000, 0.025000, 1.000000, 0, 3, 0, 3, 0, 0, 0, 0, 0, 0, 0, 0, 0, 0, 0, 0, 0, 0, 0, 0, 0, 0, 0, 0, 0, 0, 0, 0, 0, 0, 0, 0
node[0], 2357136044, 1104, 28.145266, 0.100000, 0.000000, 99026730.000000, 54275570.000000, 0.025000, 1.000000, 0, 3, 0, 2, 1, 0, 0, 0, 0, 0, 0, 0, 0, 0, 0, 0, 0, 0, 0, 0, 0, 0, 0, 0, 0, 0, 0, 0, 0, 0, 0, 0
node[3], 1277901399, 1105, 28.200713, 0.100000, -0.021000, 99026740.000000, 54284250.000000, 0.025000, 1.000000, 0, 3, 0, 2, 1, 0, 0, 0, 0, 0, 0, 0, 0, 0, 0, 0, 0, 0, 0, 0, 0, 0, 0, 0, 0, 0, 0, 0, 0, 0, 0, 0
node[1], 2588848963, 1106, 28.224564, 0.100000, -0.016000, 99026730.000000, 54278460.000000, 0.025000, 1.000000, 0, 3, 0, 3, 0, 0, 0, 0, 0, 0, 0, 0, 0, 0, 0, 0, 0, 0, 0, 0, 0, 0, 0, 0, 0, 0, 0, 0, 0, 0, 0, 0
node[2], 2774094101, 1107, 28.238587, 0.100000, -0.012000, 99026740.000000, 54281360.000000, 0.025000, 1.000000, 0, 3, 0, 3, 0, 0, 0, 0, 0, 0, 0, 0, 0, 0, 0, 0, 0, 0, 0, 0, 0, 0, 0, 0, 0, 0, 0, 0, 0, 0, 0, 0
node[0], 2357136044, 1108, 28.245266, 0.100000, 0.000000, 99026730.000000, 54275570.000000, 0.025000, 1.000000, 0, 3, 0, 2, 1, 0, 0, 0, 0, 0, 0, 0, 0, 0, 0, 0, 0, 0, 0, 0, 0, 0, 0, 0, 0, 0, 0, 0, 0, 0, 0, 0
node[3], 1277901399, 1109, 28.300713, 0.100000, -0.017000, 99026740.000000, 54284250.000000, 0.025000, 1.000000, 0, 3, 0, 2, 1, 0, 0, 0, 0, 0, 0, 0, 0, 0, 0, 0, 0, 0, 0, 0, 0, 0, 0, 0, 0, 0, 0, 0, 0, 0, 0, 0
node[1], 2588848963, 1110, 28.324564, 0.100000, 0.000000, 99026730.000000, 54278460.000000, 0.025000, 1.000000, 0, 3, 0, 3, 0, 0, 0, 0, 0, 0, 0, 0, 0, 0, 0, 0, 0, 0, 0, 0, 0, 0, 0, 0, 0, 0, 0, 0, 0, 0, 0, 0
node[2], 2774094101, 1111, 28.338587, 0.100000, 0.000000, 99026740.000000, 54281360.000000, 0.025000, 1.000000, 0, 3, 0, 3, 0, 0, 0, 0, 0, 0, 0, 0, 0, 0, 0, 0, 0, 0, 0, 0, 0, 0, 0, 0, 0, 0, 0, 0, 0, 0, 0, 0
node[0], 2357136044, 1112, 28.345266, 0.100000, -0.019000, 99026730.000000, 54275570.000000, 0.025000, 1.000000, 0, 3, 0, 2, 1, 0, 0, 0, 0, 0, 0, 0, 0, 0, 0, 0, 0, 0, 0, 0, 0, 0, 0, 0, 0, 0, 0, 0, 0, 0, 0, 0
node[3], 1277901399, 1113, 28.400713, 0.100000, 0.000000, 99026740.000000, 54284250.000000, 0.025000, 1.000000, 0, 3, 0, 2, 1, 0, 0, 0, 0, 0, 0, 0, 0, 0, 0, 0, 0, 0, 0, 0, 0, 0, 0, 0, 0, 0, 0, 0, 0, 0, 0, 0
node[1], 2588848963, 1114, 28.424564, 0.100000, 0.000000, 99026730.000000, 54278460.000000, 0.025000, 1.000000, 0, 3, 0, 3, 0, 0, 0, 0, 0, 0, 0, 0, 0, 0, 0, 0, 0, 0, 0, 0, 0, 0, 0, 0, 0, 0, 0, 0, 0, 0, 0, 0
node[2], 2774094101, 1115, 28.438587, 0.100000, 0.000000, 99026740.000000, 54281360.000000, 0.025000, 1.000000, 0, 3, 0, 3, 0, 0, 0, 0, 0, 0, 0, 0, 0, 0, 0, 0, 0, 0, 0, 0, 0, 0, 0, 0, 0, 0, 0, 0, 0, 0, 0, 0
node[0], 2357136044, 1116, 28.445266, 0.100000, 0.000000, 99026730.000000, 54275570.000000, 0.025000, 1.000000, 0, 3, 0, 2, 1, 0, 0, 0, 0, 0, 0, 0, 0, 0, 0, 0, 0, 0, 0, 0, 0, 0, 0, 0, 0, 0, 0, 0, 0, 0, 0, 0
node[3], 1277901399, 1117, 28.500713, 0.100000, 0.000000, 99026740.000000, 54284250.000000, 0.025000, 1.000000, 0, 3, 0, 2, 1, 0, 0, 0, 0, 0, 0, 0, 0, 0, 0, 0, 0, 0, 0, 0, 0, 0, 0, 0, 0, 0, 0, 0, 0, 0, 0, 0
node[1], 2588848963, 1118, 28.524564, 0.100000, 0.000000, 99026730.000000, 54278460.000000, 0.025000, 1.000000, 0, 3, 0, 3, 0, 0, 0, 0, 0, 0, 0, 0, 0, 0, 0, 0, 0, 0, 0, 0, 0, 0, 0, 0, 0, 0, 0, 0, 0, 0, 0, 0
node[2], 2774094101, 1119, 28.538587, 0.100000, -0.001000, 99026740.000000, 54281360.000000, 0.025000, 1.000000, 0, 3, 0, 3, 0, 0, 0, 0, 0, 0, 0, 0, 0, 0, 0, 0, 0, 0, 0, 0, 0, 0, 0, 0, 0, 0, 0, 0, 0, 0, 0, 0
node[0], 2357136044, 1120, 28.545266, 0.100000, -0.017000, 99026730.000000, 54275570.000000, 0.025000, 1.000000, 0, 3, 0, 2, 1, 0, 0, 0, 0, 0, 0, 0, 0, 0, 0, 0, 0, 0, 0, 0, 0, 0, 0, 0, 0, 0, 0, 0, 0, 0, 0, 0
node[3], 1277901399, 1121, 28.600713, 0.100000, 0.000000, 99026740.000000, 54284250.000000, 0.025000, 1.000000, 0, 3, 0, 2, 1, 0, 0, 0, 0, 0, 0, 0, 0, 0, 0, 0, 0, 0, 0, 0, 0, 0, 0, 0, 0, 0, 0, 0, 0, 0, 0, 0
node[1], 2588848963, 1122, 28.624564, 0.100000, 0.000000, 99026730.000000, 54278460.000000, 0.025000, 1.000000, 0, 3, 0, 3, 0, 0, 0, 0, 0, 0, 0, 0, 0, 0, 0, 0, 0, 0, 0, 0, 0, 0, 0, 0, 0, 0, 0, 0, 0, 0, 0, 0
node[2], 2774094101, 1123, 28.638587, 0.100000, 0.000000, 99026740.000000, 54281360.000000, 0.025000, 1.000000, 0, 3, 0, 3, 0, 0, 0, 0, 0, 0, 0, 0, 0, 0, 0, 0, 0, 0, 0, 0, 0, 0, 0, 0, 0, 0, 0, 0, 0, 0, 0, 0
node[0], 2357136044, 1124, 28.645266, 0.100000, -0.010000, 99026730.000000, 54275570.000000, 0.025000, 1.000000, 0, 3, 0, 2, 1, 0, 0, 0, 0, 0, 0, 0, 0, 0, 0, 0, 0, 0, 0, 0, 0, 0, 0, 0, 0, 0, 0, 0, 0, 0, 0, 0
node[3], 1277901399, 1125, 28.700713, 0.100000, 0.000000, 99026740.000000, 54284250.000000, 0.025000, 1.000000, 0, 3, 0, 2, 1, 0, 0, 0, 0, 0, 0, 0, 0, 0, 0, 0, 0, 0, 0, 0, 0, 0, 0, 0, 0, 0, 0, 0, 0, 0, 0, 0
node[1], 2588848963, 1126, 28.724564, 0.100000, -0.019000, 99026730.000000, 54278460.000000, 0.025000, 1.000000, 0, 3, 0, 3, 0, 0, 0, 0, 0, 0, 0, 0, 0, 0, 0, 0, 0, 0, 0, 0, 0, 0, 0, 0, 0, 0, 0, 0, 0, 0, 0, 0
node[2], 2774094101, 1127, 28.738587, 0.100000, -0.019000, 99026740.000000, 54281360.000000, 0.025000, 1.000000, 0, 3, 0, 3, 0, 0, 0, 0, 0, 0, 0, 0, 0, 0, 0, 0, 0, 0, 0, 0, 0, 0, 0, 0, 0, 0, 0, 0, 0, 0, 0, 0
node[0], 2357136044, 1128, 28.745266, 0.100000, 0.000000, 99026730.000000, 54275570.000000, 0.025000, 1.000000, 0, 3, 0, 2, 1, 0, 0, 0, 0, 0, 0, 0, 0, 0, 0, 0, 0, 0, 0, 0, 0, 0, 0, 0, 0, 0, 0, 0, 0, 0, 0, 0
node[3], 1277901399, 1129, 28.800713, 0.100000, 0.000000, 99026740.000000, 54284250.000000, 0.025000, 1.000000, 0, 3, 0, 2, 1, 0, 0, 0, 0, 0, 0, 0, 0, 0, 0, 0, 0, 0, 0, 0, 0, 0, 0, 0, 0, 0, 0, 0, 0, 0, 0, 0
node[1], 2588848963, 1130, 28.824564, 0.100000, 0.000000, 99026730.000000, 54278460.000000, 0.025000, 1.000000, 0, 3, 0, 3, 0, 0, 0, 0, 0, 0, 0, 0, 0, 0, 0, 0, 0, 0, 0, 0, 0, 0, 0, 0, 0, 0, 0, 0, 0, 0, 0, 0
node[2], 2774094101, 1131, 28.838587, 0.100000, -0.009000, 99026740.000000, 54281360.000000, 0.025000, 1.000000, 0, 3, 0, 3, 0, 0, 0, 0, 0, 0, 0, 0, 0, 0, 0, 0, 0, 0, 0, 0, 0, 0, 0, 0, 0, 0, 0, 0, 0, 0, 0, 0
node[0], 2357136044, 1132, 28.845266, 0.100000, 0.000000, 99026730.000000, 54275570.000000, 0.025000, 1.000000, 0, 3, 0, 2, 1, 0, 0, 0, 0, 0, 0, 0, 0, 0, 0, 0, 0, 0, 0, 0, 0, 0, 0, 0, 0, 0, 0, 0, 0, 0, 0, 0
node[3], 1277901399, 1133, 28.900713, 0.100000, 0.000000, 99026740.000000, 54284250.000000, 0.025000, 1.000000, 0, 3, 0, 2, 1, 0, 0, 0, 0, 0, 0, 0, 0, 0, 0, 0, 0, 0, 0, 0, 0, 0, 0, 0, 0, 0, 0, 0, 0, 0, 0, 0
node[1], 2588848963, 1134, 28.924564, 0.100000, 0.000000, 99026730.000000, 54278460.000000, 0.025000, 1.000000, 0, 3, 0, 3, 0, 0, 0, 0, 0, 0, 0, 0, 0, 0, 0, 0, 0, 0, 0, 0, 0, 0, 0, 0, 0, 0, 0, 0, 0, 0, 0, 0
node[2], 2774094101, 1135, 28.938587, 0.100000, -0.004000, 99026740.000000, 54281360.000000, 0.025000, 1.000000, 0, 3, 0, 3, 0, 0, 0, 0, 0, 0, 0, 0, 0, 0, 0, 0, 0, 0, 0, 0, 0, 0, 0, 0, 0, 0, 0, 0, 0, 0, 0, 0
node[0], 2357136044, 1136, 28.945266, 0.100000, -0.023000, 99026730.000000, 54275570.000000, 0.025000, 1.000000, 0, 3, 0, 2, 1, 0, 0, 0, 0, 0, 0, 0, 0, 0, 0, 0, 0, 0, 0, 0, 0, 0, 0, 0, 0, 0, 0, 0, 0, 0, 0, 0
node[3], 1277901399, 1137, 29.000713, 0.100000, -0.016000, 99026740.000000, 54284250.000000, 0.025000, 1.000000, 0, 3, 0, 2, 1, 0, 0, 0, 0, 0, 0, 0, 0, 0, 0, 0, 0, 0, 0, 0, 0, 0, 0, 0, 0, 0, 0, 0, 0, 0, 0, 0
node[1], 2588848963, 1138, 29.024564, 0.100000, 0.000000, 99026730.000000, 54278460.000000, 0.025000, 1.000000, 0, 3, 0, 3, 0, 0, 0, 0, 0, 0, 0, 0, 0, 0, 0, 0, 0, 0, 0, 0, 0, 0, 0, 0, 0, 0, 0, 0, 0, 0, 0, 0
node[2], 2774094101, 1139, 29.038587, 0.100000, -0.020000, 99026740.000000, 54281360.000000, 0.025000, 1.000000, 0, 3, 0, 3, 0, 0, 0, 0, 0, 0, 0, 0, 0, 0, 0, 0, 0, 0, 0, 0, 0, 0, 0, 0, 0, 0, 0, 0, 0, 0, 0, 0
node[0], 2357136044, 1140, 29.045266, 0.100000, 0.000000, 99026730.000000, 54275570.000000, 0.025000, 1.000000, 0, 3, 0, 2, 1, 0, 0, 0, 0, 0, 0, 0, 0, 0, 0, 0, 0, 0, 0, 0, 0, 0, 0, 0, 0, 0, 0, 0, 0, 0, 0, 0
node[3], 1277901399, 1141, 29.100713, 0.100000, 0.000000, 99026740.000000, 54284250.000000, 0.025000, 1.000000, 0, 3, 0, 2, 1, 0, 0, 0, 0, 0, 0, 0, 0, 0, 0, 0, 0, 0, 0, 0, 0, 0, 0, 0, 0, 0, 0, 0, 0, 0, 0, 0
node[1], 2588848963, 1142, 29.124564, 0.100000, 0.000000, 99026730.000000, 54278460.000000, 0.025000, 1.000000, 0, 3, 0, 3, 0, 0, 0, 0, 0, 0, 0, 0, 0, 0, 0, 0, 0, 0, 0, 0, 0, 0, 0, 0, 0, 0, 0, 0, 0, 0, 0, 0
node[2], 2774094101, 1143, 29.138587, 0.100000, 0.000000, 99026740.000000, 54281360.000000, 0.025000, 1.000000, 0, 3, 0, 3, 0, 0, 0, 0, 0, 0, 0, 0, 0, 0, 0, 0, 0, 0, 0, 0, 0, 0, 0, 0, 0, 0, 0, 0, 0, 0, 0, 0
node[0], 2357136044, 1144, 29.145266, 0.100000, 0.000000, 99026730.000000, 54275570.000000, 0.025000, 1.000000, 0, 3, 0, 2, 1, 0, 0, 0, 0, 0, 0, 0, 0, 0, 0, 0, 0, 0, 0, 0, 0, 0, 0, 0, 0, 0, 0, 0, 0, 0, 0, 0
node[3], 1277901399, 1145, 29.200713, 0.100000, -0.007000, 99026740.000000, 54284250.000000, 0.025000, 1.000000, 0, 3, 0, 2, 1, 0, 0, 0, 0, 0, 0, 0, 0, 0, 0, 0, 0, 0, 0, 0, 0, 0, 0, 0, 0, 0, 0, 0, 0, 0, 0, 0
node[1], 2588848963, 1146, 29.224564, 0.100000, -0.012000, 99026730.000000, 54278460.000000, 0.025000, 1.000000, 0, 3, 0, 3, 0, 0, 0, 0, 0, 0, 0, 0, 0, 0, 0, 0, 0, 0, 0, 0, 0, 0, 0, 0, 0, 0, 0, 0, 0, 0, 0, 0
node[2], 2774094101, 1147, 29.238587, 0.100000, -0.019000, 99026740.000000, 54281360.000000, 0.025000, 1.000000, 0, 3, 0, 3, 0, 0, 0, 0, 0, 0, 0, 0, 0, 0, 0, 0, 0, 0, 0, 0, 0, 0, 0, 0, 0, 0, 0, 0, 0, 0, 0, 0
node[0], 2357136044, 1148, 29.245266, 0.100000, -0.006000, 99026730.000000, 54275570.000000, 0.025000, 1.000000, 0, 3, 0, 2, 1, 0, 0, 0, 0, 0, 0, 0, 0, 0, 0, 0, 0, 0, 0, 0, 0, 0, 0, 0, 0, 0, 0, 0, 0, 0, 0, 0
node[3], 1277901399, 1149, 29.300713, 0.100000, 0.000000, 99026740.000000, 54284250.000000, 0.025000, 1.000000, 0, 3, 0, 2, 1, 0, 0, 0, 0, 0, 0, 0, 0, 0, 0, 0, 0, 0, 0, 0, 0, 0, 0, 0, 0, 0, 0, 0, 0, 0, 0, 0
node[1], 2588848963, 1150, 29.324564, 0.100000, 0.000000, 99026730.000000, 54278460.000000, 0.025000, 1.000000, 0, 3, 0, 3, 0, 0, 0, 0, 0, 0, 0, 0, 0, 0, 0, 0, 0, 0, 0, 0, 0, 0, 0, 0, 0, 0, 0, 0, 0, 0, 0, 0
node[2], 2774094101, 1151, 29.338587, 0.100000, 0.000000, 99026740.000000, 54281360.000000, 0.025000, 1.000000, 0, 3, 0, 3, 0, 0, 0, 0, 0, 0, 0, 0, 0, 0, 0, 0, 0, 0, 0, 0, 0, 0, 0, 0, 0, 0, 0, 0, 0, 0, 0, 0
node[0], 2357136044, 1152, 29.345266, 0.100000, 0.000000, 99026730.000000, 54275570.000000, 0.025000, 1.000000, 0, 3, 0, 2, 1, 0, 0, 0, 0, 0, 0, 0, 0, 0, 0, 0, 0, 0, 0, 0, 0, 0, 0, 0, 0, 0, 0, 0, 0, 0, 0, 0
node[3], 1277901399, 1153, 29.400713, 0.100000, 0.000000, 99026740.000000, 54284250.000000, 0.025000, 1.000000, 0, 3, 0, 2, 1, 0, 0, 0, 0, 0, 0, 0, 0, 0, 0, 0, 0, 0, 0, 0, 0, 0, 0, 0, 0, 0, 0, 0, 0, 0, 0, 0
node[1], 2588848963, 1154, 29.424564, 0.100000, -0.003000, 99026730.000000, 54278460.000000, 0.025000, 1.000000, 0, 3, 0, 3, 0, 0, 0, 0, 0, 0, 0, 0, 0, 0, 0, 0, 0, 0, 0, 0, 0, 0, 0, 0, 0, 0, 0, 0, 0, 0, 0, 0
node[2], 2774094101, 1155, 29.438587, 0.100000, -0.013000, 99026740.000000, 54281360.000000, 0.025000, 1.000000, 0, 3, 0, 3, 0, 0, 0, 0, 0, 0, 0, 0, 0, 0, 0, 0, 0, 0, 0, 0, 0, 0, 0, 0, 0, 0, 0, 0, 0, 0, 0, 0
node[0], 2357136044, 1156, 29.445266, 0.100000, 0.000000, 99026730.000000, 54275570.000000, 0.025000, 1.000000, 0, 3, 0, 2, 1, 0, 0, 0, 0, 0, 0, 0, 0, 0, 0, 0, 0, 0, 0, 0, 0, 0, 0, 0, 0, 0, 0, 0, 0, 0, 0, 0
node[3], 1277901399, 1157, 29.500713, 0.100000, -0.010000, 99026740.000000, 54284250.000000, 0.025000, 1.000000, 0, 3, 0, 2, 1, 0, 0, 0, 0, 0, 0, 0, 0, 0, 0, 0, 0, 0, 0, 0, 0, 0, 0, 0, 0, 0, 0, 0, 0, 0, 0, 0
node[1], 2588848963, 1158, 29.524564, 0.100000, -0.009000, 99026730.000000, 54278460.000000, 0.025000, 1.000000, 0, 3, 0, 3, 0, 0, 0, 0, 0, 0, 0, 0, 0, 0, 0, 0, 0, 0, 0, 0, 0, 0, 0, 0, 0, 0, 0, 0, 0, 0, 0, 0
node[2], 2774094101, 1159, 29.538587, 0.100000, -0.023000, 99026740.000000, 54281360.000000, 0.025000, 1.000000, 0, 3, 0, 3, 0, 0, 0, 0, 0, 0, 0, 0, 0, 0, 0, 0, 0, 0, 0, 0, 0, 0, 0, 0, 0, 0, 0, 0, 0, 0, 0, 0
node[0], 2357136044, 1160, 29.545266, 0.100000, 0.000000, 99026730.000000, 54275570.000000, 0.025000, 1.000000, 0, 3, 0, 2, 1, 0, 0, 0, 0, 0, 0, 0, 0, 0, 0, 0, 0, 0, 0, 0, 0, 0, 0, 0, 0, 0, 0, 0, 0, 0, 0, 0
node[3], 1277901399, 1161, 29.600713, 0.100000, 0.000000, 99026740.000000, 54284250.000000, 0.025000, 1.000000, 0, 3, 0, 2, 1, 0, 0, 0, 0, 0, 0, 0, 0, 0, 0, 0, 0, 0, 0, 0, 0, 0, 0, 0, 0, 0, 0, 0, 0, 0, 0, 0
node[1], 2588848963, 1162, 29.624564, 0.100000, 0.000000, 99026730.000000, 54278460.000000, 0.025000, 1.000000, 0, 3, 0, 3, 0, 0, 0, 0, 0, 0, 0, 0, 0, 0, 0, 0, 0, 0, 0, 0, 0, 0, 0, 0, 0, 0, 0, 0, 0, 0, 0, 0
node[2], 2774094101, 1163, 29.638587, 0.100000, 0.000000, 99026740.000000, 54281360.000000, 0.025000, 1.000000, 0, 3, 0, 3, 0, 0, 0, 0, 0, 0, 0, 0, 0, 0, 0, 0, 0, 0, 0, 0, 0, 0, 0, 0, 0, 0, 0, 0, 0, 0, 0, 0
node[0], 2357136044, 1164, 29.645266, 0.100000, 0.000000, 99026730.000000, 54275570.000000, 0.025000, 1.000000, 0, 3, 0, 2, 1, 0, 0, 0, 0, 0, 0, 0, 0, 0, 0, 0, 0, 0, 0, 0, 0, 0, 0, 0, 0, 0, 0, 0, 0, 0, 0, 0
node[3], 1277901399, 1165, 29.700713, 0.100000, -0.012000, 99026740.000000, 54284250.000000, 0.025000, 1.000000, 0, 3, 0, 2, 1, 0, 0, 0, 0, 0, 0, 0, 0, 0, 0, 0, 0, 0, 0, 0, 0, 0, 0, 0, 0, 0, 0, 0, 0, 0, 0, 0
node[1], 2588848963, 1166, 29.724564, 0.100000, 0.000000, 99026730.000000, 54278460.000000, 0.025000, 1.000000, 0, 3, 0, 3, 0, 0, 0, 0, 0, 0, 0, 0, 0, 0, 0, 0, 0, 0, 0, 0, 0, 0, 0, 0, 0, 0, 0, 0, 0, 0, 0, 0
node[2], 2774094101, 1167, 29.738587, 0.100000, 0.000000, 99026740.000000, 54281360.000000, 0.025000, 1.000000, 0, 3, 0, 3, 0, 0, 0, 0, 0, 0, 0, 0, 0, 0, 0, 0, 0, 0, 0, 0, 0, 0, 0, 0, 0, 0, 0, 0, 0, 0, 0, 0
node[0], 2357136044, 1168, 29.745266, 0.100000, 0.000000, 99026730.000000, 54275570.000000, 0.025000, 1.000000, 0, 3, 0, 2, 1, 0, 0, 0, 0, 0, 0, 0, 0, 0, 0, 0, 0, 0, 0, 0, 0, 0, 0, 0, 0, 0, 0, 0, 0, 0, 0, 0
node[3], 1277901399, 1169, 29.800713, 0.100000, 0.000000, 99026740.000000, 54284250.000000, 0.025000, 1.000000, 0, 3, 0, 2, 1, 0, 0, 0, 0, 0, 0, 0, 0, 0, 0, 0, 0, 0, 0, 0, 0, 0, 0, 0, 0, 0, 0, 0, 0, 0, 0, 0
node[1], 2588848963, 1170, 29.824564, 0.100000, -0.025000, 99026730.000000, 54278460.000000, 0.025000, 1.000000, 0, 3, 0, 3, 0, 0, 0, 0, 0, 0, 0, 0, 0, 0, 0, 0, 0, 0, 0, 0, 0, 0, 0, 0, 0, 0, 0, 0, 0, 0, 0, 0
node[2], 2774094101, 1171, 29.838587, 0.100000, 0.000000, 99026740.000000, 54281360.000000, 0.025000, 1.000000, 0, 3, 0, 3, 0, 0, 0, 0, 0, 0, 0, 0, 0, 0, 0, 0, 0, 0, 0, 0, 0, 0, 0, 0, 0, 0, 0, 0, 0, 0, 0, 0
node[0], 2357136044, 1172, 29.845266, 0.100000, 0.000000, 99026730.000000, 54275570.000000, 0.025000, 1.000000, 0, 3, 0, 2, 1, 0, 0, 0, 0, 0, 0, 0, 0, 0, 0, 0, 0, 0, 0, 0, 0, 0, 0, 0, 0, 0, 0, 0, 0, 0, 0, 0
node[3], 1277901399, 1173, 29.900713, 0.100000, -0.005000, 99026740.000000, 54284250.000000, 0.025000, 1.000000, 0, 3, 0, 2, 1, 0, 0, 0, 0, 0, 0, 0, 0, 0, 0, 0, 0, 0, 0, 0, 0, 0, 0, 0, 0, 0, 0, 0, 0, 0, 0, 0
node[1], 2588848963, 1174, 29.924564, 0.100000, 0.000000, 99026730.000000, 54278460.000000, 0.025000, 1.000000, 0, 3, 0, 3, 0, 0, 0, 0, 0, 0, 0, 0, 0, 0, 0, 0, 0, 0, 0, 0, 0, 0, 0, 0, 0, 0, 0, 0, 0, 0, 0, 0
node[2], 2774094101, 1175, 29.938587, 0.100000, 0.000000, 99026740.000000, 54281360.000000, 0.025000, 1.000000, 0, 3, 0, 3, 0, 0, 0, 0, 0, 0, 0, 0, 0, 0, 0, 0, 0, 0, 0, 0, 0, 0, 0, 0, 0, 0, 0, 0, 0, 0, 0, 0
node[0], 2357136044, 1176, 29.945266, 0.100000, 0.000000, 99026730.000000, 54275570.000000, 0.025000, 1.000000, 0, 3, 0, 2, 1, 0, 0, 0, 0, 0, 0, 0, 0, 0, 0, 0, 0, 0, 0, 0, 0, 0, 0, 0, 0, 0, 0, 0, 0, 0, 0, 0
node[3], 1277901399, 1177, 30.000713, 0.100000, 0.000000, 99026740.000000, 54284250.000000, 0.025000, 1.000000, 0, 3, 0, 2, 1, 0, 0, 0, 0, 0, 0, 0, 0, 0, 0, 0, 0, 0, 0, 0, 0, 0, 0, 0, 0, 0, 0, 0, 0, 0, 0, 0
node[1], 2588848963, 1178, 30.024564, 0.100000, 0.000000, 99026730.000000, 54278460.000000, 0.025000, 1.000000, 0, 3, 0, 3, 0, 0, 0, 0, 0, 0, 0, 0, 0, 0, 0, 0, 0, 0, 0, 0, 0, 0, 0, 0, 0, 0, 0, 0, 0, 0, 0, 0
node[2], 2774094101, 1179, 30.038587, 0.100000, 0.000000, 99026740.000000, 54281360.000000, 0.025000, 1.000000, 0, 3, 0, 3, 0, 0, 0, 0, 0, 0, 0, 0, 0, 0, 0, 0, 0, 0, 0, 0, 0, 0, 0, 0, 0, 0, 0, 0, 0, 0, 0, 0
node[0], 2357136044, 1180, 30.045266, 0.100000, 0.000000, 99026730.000000, 54275570.000000, 0.025000, 1.000000, 0, 3, 0, 2, 1, 0, 0, 0, 0, 0, 0, 0, 0, 0, 0, 0, 0, 0, 0, 0, 0, 0, 0, 0, 0, 0, 0, 0, 0, 0, 0, 0
node[3], 1277901399, 1181, 30.100713, 0.100000, 0.000000, 99026740.000000, 54284250.000000, 0.025000, 1.000000, 0, 3, 0, 2, 1, 0, 0, 0, 0, 0, 0, 0, 0, 0, 0, 0, 0, 0, 0, 0, 0, 0, 0, 0, 0, 0, 0, 0, 0, 0, 0, 0
node[1], 2588848963, 1182, 30.124564, 0.100000, 0.000000, 99026730.000000, 54278460.000000, 0.025000, 1.000000, 0, 3, 0, 3, 0, 0, 0, 0, 0, 0, 0, 0, 0, 0, 0, 0, 0, 0, 0, 0, 0, 0, 0, 0, 0, 0, 0, 0, 0, 0, 0, 0
node[2], 2774094101, 1183, 30.138587, 0.100000, 0.000000, 99026740.000000, 54281360.000000, 0.025000, 1.000000, 0, 3, 0, 3, 0, 0, 0, 0, 0, 0, 0, 0, 0, 0, 0, 0, 0, 0, 0, 0, 0, 0, 0, 0, 0, 0, 0, 0, 0, 0, 0, 0
node[0], 2357136044, 1184, 30.145266, 0.100000, -0.015000, 99026730.000000, 54275570.000000, 0.025000, 1.000000, 0, 3, 0, 2, 1, 0, 0, 0, 0, 0, 0, 0, 0, 0, 0, 0, 0, 0, 0, 0, 0, 0, 0, 0, 0, 0, 0, 0, 0, 0, 0, 0
node[3], 1277901399, 1185, 30.200713, 0.100000, 0.000000, 99026740.000000, 54284250.000000, 0.025000, 1.000000, 0, 3, 0, 2, 1, 0, 0, 0, 0, 0, 0, 0, 0, 0, 0, 0, 0, 0, 0, 0, 0, 0, 0, 0, 0, 0, 0, 0, 0, 0, 0, 0
node[1], 2588848963, 1186, 30.224564, 0.100000, -0.018000, 99026730.000000, 54278460.000000, 0.025000, 1.000000, 0, 3, 0, 3, 0, 0, 0, 0, 0, 0, 0, 0, 0, 0, 0, 0, 0, 0, 0, 0, 0, 0, 0, 0, 0, 0, 0, 0, 0, 0, 0, 0
node[2], 2774094101, 1187, 30.238587, 0.100000, -0.013000, 99026740.000000, 54281360.000000, 0.025000, 1.000000, 0, 3, 0, 3, 0, 0, 0, 0, 0, 0, 0, 0, 0, 0, 0, 0, 0, 0, 0, 0, 0, 0, 0, 0, 0, 0, 0, 0, 0, 0, 0, 0
node[0], 2357136044, 1188, 30.245266, 0.100000, 0.000000, 99026730.000000, 54275570.000000, 0.025000, 1.000000, 0, 3, 0, 2, 1, 0, 0, 0, 0, 0, 0, 0, 0, 0, 0, 0, 0, 0, 0, 0, 0, 0, 0, 0, 0, 0, 0, 0, 0, 0, 0, 0
node[3], 1277901399, 1189, 30.300713, 0.100000, 0.000000, 99026740.000000, 54284250.000000, 0.025000, 1.000000, 0, 3, 0, 2, 1, 0, 0, 0, 0, 0, 0, 0, 0, 0, 0, 0, 0, 0, 0, 0, 0, 0, 0, 0, 0, 0, 0, 0, 0, 0, 0, 0
node[1], 2588848963, 1190, 30.324564, 0.100000, 0.000000, 99026730.000000, 54278460.000000, 0.025000, 1.000000, 0, 3, 0, 3, 0, 0, 0, 0, 0, 0, 0, 0, 0, 0, 0, 0, 0, 0, 0, 0, 0, 0, 0, 0, 0, 0, 0, 0, 0, 0, 0, 0
node[2], 2774094101, 1191, 30.338587, 0.100000, 0.000000, 99026740.000000, 54281360.000000, 0.025000, 1.000000, 0, 3, 0, 3, 0, 0, 0, 0, 0, 0, 0, 0, 0, 0, 0, 0, 0, 0, 0, 0, 0, 0, 0, 0, 0, 0, 0, 0, 0, 0, 0, 0
node[0], 2357136044, 1192, 30.345266, 0.100000, 0.000000, 99026730.000000, 54275570.000000, 0.025000, 1.000000, 0, 3, 0, 2, 1, 0, 0, 0, 0, 0, 0, 0, 0, 0, 0, 0, 0, 0, 0, 0, 0, 0, 0, 0, 0, 0, 0, 0, 0, 0, 0, 0
node[3], 1277901399, 1193, 30.400713, 0.100000, 0.000000, 99026740.000000, 54284250.000000, 0.025000, 1.000000, 0, 3, 0, 2, 1, 0, 0, 0, 0, 0, 0, 0, 0, 0, 0, 0, 0, 0, 0, 0, 0, 0, 0, 0, 0, 0, 0, 0, 0, 0, 0, 0
node[1], 2588848963, 1194, 30.424564, 0.100000, 0.000000, 99026730.000000, 54278460.000000, 0.025000, 1.000000, 0, 3, 0, 3, 0, 0, 0, 0, 0, 0, 0, 0, 0, 0, 0, 0, 0, 0, 0, 0, 0, 0, 0, 0, 0, 0, 0, 0, 0, 0, 0, 0
node[2], 2774094101, 1195, 30.438587, 0.100000, 0.000000, 99026740.000000, 54281360.000000, 0.025000, 1.000000, 0, 3, 0, 3, 0, 0, 0, 0, 0, 0, 0, 0, 0, 0, 0, 0, 0, 0, 0, 0, 0, 0, 0, 0, 0, 0, 0, 0, 0, 0, 0, 0
node[0], 2357136044, 1196, 30.445266, 0.100000, 0.000000, 99026730.000000, 54275570.000000, 0.025000, 1.000000, 0, 3, 0, 2, 1, 0, 0, 0, 0, 0, 0, 0, 0, 0, 0, 0, 0, 0, 0, 0, 0, 0, 0, 0, 0, 0, 0, 0, 0, 0, 0, 0
node[3], 1277901399, 1197, 30.500713, 0.100000, 0.000000, 99026740.000000, 54284250.000000, 0.025000, 1.000000, 0, 3, 0, 2, 1, 0, 0, 0, 0, 0, 0, 0, 0, 0, 0, 0, 0, 0, 0, 0, 0, 0, 0, 0, 0, 0, 0, 0, 0, 0, 0, 0
node[1], 2588848963, 1198, 30.524564, 0.100000, 0.000000, 99026730.000000, 54278460.000000, 0.025000, 1.000000, 0, 3, 0, 3, 0, 0, 0, 0, 0, 0, 0, 0, 0, 0, 0, 0, 0, 0, 0, 0, 0, 0, 0, 0, 0, 0, 0, 0, 0, 0, 0, 0
node[2], 2774094101, 1199, 30.538587, 0.100000, 0.000000, 99026740.000000, 54281360.000000, 0.025000, 1.000000, 0, 3, 0, 3, 0, 0, 0, 0, 0, 0, 0, 0, 0, 0, 0, 0, 0, 0, 0, 0, 0, 0, 0, 0, 0, 0, 0, 0, 0, 0, 0, 0
node[0], 2357136044, 1200, 30.545266, 0.100000, 0.000000, 99026730.000000, 54275570.000000, 0.025000, 1.000000, 0, 3, 0, 2, 1, 0, 0, 0, 0, 0, 0, 0, 0, 0, 0, 0, 0, 0, 0, 0, 0, 0, 0, 0, 0, 0, 0, 0, 0, 0, 0, 0
node[3], 1277901399, 1201, 30.600713, 0.100000, 0.000000, 99026740.000000, 54284250.000000, 0.025000, 1.000000, 0, 3, 0, 2, 1, 0, 0, 0, 0, 0, 0, 0, 0, 0, 0, 0, 0, 0, 0, 0, 0, 0, 0, 0, 0, 0, 0, 0, 0, 0, 0, 0
node[1], 2588848963, 1202, 30.624564, 0.100000, 0.000000, 99026730.000000, 54278460.000000, 0.025000, 1.000000, 0, 3, 0, 3, 0, 0, 0, 0, 0, 0, 0, 0, 0, 0, 0, 0, 0, 0, 0, 0, 0, 0, 0, 0, 0, 0, 0, 0, 0, 0, 0, 0
node[2], 2774094101, 1203, 30.638587, 0.100000, 0.000000, 99026740.000000, 54281360.000000, 0.025000, 1.000000, 0, 3, 0, 3, 0, 0, 0, 0, 0, 0, 0, 0, 0, 0, 0, 0, 0, 0, 0, 0, 0, 0, 0, 0, 0, 0, 0, 0, 0, 0, 0, 0
node[0], 2357136044, 1204, 30.645266, 0.100000, 0.000000, 99026730.000000, 54275570.000000, 0.025000, 1.000000, 0, 3, 0, 2, 1, 0, 0, 0, 0, 0, 0, 0, 0, 0, 0, 0, 0, 0, 0, 0, 0, 0, 0, 0, 0, 0, 0, 0, 0, 0, 0, 0
node[3], 1277901399, 1205, 30.700713, 0.100000, 0.000000, 99026740.000000, 54284250.000000, 0.025000, 1.000000, 0, 3, 0, 2, 1, 0, 0, 0, 0, 0, 0, 0, 0, 0, 0, 0, 0, 0, 0, 0, 0, 0, 0, 0, 0, 0, 0, 0, 0, 0, 0, 0
node[1], 2588848963, 1206, 30.724564, 0.100000, -0.024000, 99026730.000000, 54278460.000000, 0.025000, 1.000000, 0, 3, 0, 3, 0, 0, 0, 0, 0, 0, 0, 0, 0, 0, 0, 0, 0, 0, 0, 0, 0, 0, 0, 0, 0, 0, 0, 0, 0, 0, 0, 0
node[2], 2774094101, 1207, 30.738587, 0.100000, -0.023000, 99026740.000000, 54281360.000000, 0.025000, 1.000000, 0, 3, 0, 3, 0, 0, 0, 0, 0, 0, 0, 0, 0, 0, 0, 0, 0, 0, 0, 0, 0, 0, 0, 0, 0, 0, 0, 0, 0, 0, 0, 0
node[0], 2357136044, 1208, 30.745266, 0.100000, -0.001000, 99026730.000000, 54275570.000000, 0.025000, 1.000000, 0, 3, 0, 2, 1, 0, 0, 0, 0, 0, 0, 0, 0, 0, 0, 0, 0, 0, 0, 0, 0, 0, 0, 0, 0, 0, 0, 0, 0, 0, 0, 0
node[3], 1277901399, 1209, 30.800713, 0.100000, -0.019000, 99026740.000000, 54284250.000000, 0.025000, 1.000000, 0, 3, 0, 2, 1, 0, 0, 0, 0, 0, 0, 0, 0, 0, 0, 0, 0, 0, 0, 0, 0, 0, 0, 0, 0, 0, 0, 0, 0, 0, 0, 0
node[1], 2588848963, 1210, 30.824564, 0.100000, -0.012000, 99026730.000000, 54278460.000000, 0.025000, 1.000000, 0, 3, 0, 3, 0, 0, 0, 0, 0, 0, 0, 0, 0, 0, 0, 0, 0, 0, 0, 0, 0, 0, 0, 0, 0, 0, 0, 0, 0, 0, 0, 0
node[2], 2774094101, 1211, 30.838587, 0.100000, 0.000000, 99026740.000000, 54281360.000000, 0.025000, 1.000000, 0, 3, 0, 3, 0, 0, 0, 0, 0, 0, 0, 0, 0, 0, 0, 0, 0, 0, 0, 0, 0, 0, 0, 0, 0, 0, 0, 0, 0, 0, 0, 0
node[0], 2357136044, 1212, 30.845266, 0.100000, 0.000000, 99026730.000000, 54275570.000000, 0.025000, 1.000000, 0, 3, 0, 2, 1, 0, 0, 0, 0, 0, 0, 0, 0, 0, 0, 0, 0, 0, 0, 0, 0, 0, 0, 0, 0, 0, 0, 0, 0, 0, 0, 0
node[3], 1277901399, 1213, 30.900713, 0.100000, 0.000000, 99026740.000000, 54284250.000000, 0.025000, 1.000000, 0, 3, 0, 2, 1, 0, 0, 0, 0, 0, 0, 0, 0, 0, 0, 0, 0, 0, 0, 0, 0, 0, 0, 0, 0, 0, 0, 0, 0, 0, 0, 0
node[1], 2588848963, 1214, 30.924564, 0.100000, -0.024000, 99026730.000000, 54278460.000000, 0.025000, 1.000000, 0, 3, 0, 3, 0, 0, 0, 0, 0, 0, 0, 0, 0, 0, 0, 0, 0, 0, 0, 0, 0, 0, 0, 0, 0, 0, 0, 0, 0, 0, 0, 0
node[2], 2774094101, 1215, 30.938587, 0.100000, 0.000000, 99026740.000000, 54281360.000000, 0.025000, 1.000000, 0, 3, 0, 3, 0, 0, 0, 0, 0, 0, 0, 0, 0, 0, 0, 0, 0, 0, 0, 0, 0, 0, 0, 0, 0, 0, 0, 0, 0, 0, 0, 0
node[0], 2357136044, 1216, 30.945266, 0.100000, 0.000000, 99026730.000000, 54275570.000000, 0.025000, 1.000000, 0, 3, 0, 2, 1, 0, 0, 0, 0, 0, 0, 0, 0, 0, 0, 0, 0, 0, 0, 0, 0, 0, 0, 0, 0, 0, 0, 0, 0, 0, 0, 0
node[3], 1277901399, 1217, 31.000713, 0.100000, -0.018000, 99026740.000000, 54284250.000000, 0.025000, 1.000000, 0, 3, 0, 2, 1, 0, 0, 0, 0, 0, 0, 0, 0, 0, 0, 0, 0, 0, 0, 0, 0, 0, 0, 0, 0, 0, 0, 0, 0, 0, 0, 0
node[1], 2588848963, 1218, 31.024564, 0.100000, -0.022000, 99026730.000000, 54278460.000000, 0.025000, 1.000000, 0, 3, 0, 3, 0, 0, 0, 0, 0, 0, 0, 0, 0, 0, 0, 0, 0, 0, 0, 0, 0, 0, 0, 0, 0, 0, 0, 0, 0, 0, 0, 0
node[2], 2774094101, 1219, 31.038587, 0.100000, -0.003000, 99026740.000000, 54281360.000000, 0.025000, 1.000000, 0, 3, 0, 3, 0, 0, 0, 0, 0, 0, 0, 0, 0, 0, 0, 0, 0, 0, 0, 0, 0, 0, 0, 0, 0, 0, 0, 0, 0, 0, 0, 0
node[0], 2357136044, 1220, 31.045266, 0.100000, 0.000000, 99026730.000000, 54275570.000000, 0.025000, 1.000000, 0, 3, 0, 2, 1, 0, 0, 0, 0, 0, 0, 0, 0, 0, 0, 0, 0, 0, 0, 0, 0, 0, 0, 0, 0, 0, 0, 0, 0, 0, 0, 0
node[3], 1277901399, 1221, 31.100713, 0.100000, 0.000000, 99026740.000000, 54284250.000000, 0.025000, 1.000000, 0, 3, 0, 2, 1, 0, 0, 0, 0, 0, 0, 0, 0, 0, 0, 0, 0, 0, 0, 0, 0, 0, 0, 0, 0, 0, 0, 0, 0, 0, 0, 0
node[1], 2588848963, 1222, 31.124564, 0.100000, 0.000000, 99026730.000000, 54278460.000000, 0.025000, 1.000000, 0, 3, 0, 3, 0, 0, 0, 0, 0, 0, 0, 0, 0, 0, 0, 0, 0, 0, 0, 0, 0, 0, 0, 0, 0, 0, 0, 0, 0, 0, 0, 0
node[2], 2774094101, 1223, 31.138587, 0.100000, -0.003000, 99026740.000000, 54281360.000000, 0.025000, 1.000000, 0, 3, 0, 3, 0, 0, 0, 0, 0, 0, 0, 0, 0, 0, 0, 0, 0, 0, 0, 0, 0, 0, 0, 0, 0, 0, 0, 0, 0, 0, 0, 0
node[0], 2357136044, 1224, 31.145266, 0.100000, 0.000000, 99026730.000000, 54275570.000000, 0.025000, 1.000000, 0, 3, 0, 2, 1, 0, 0, 0, 0, 0, 0, 0, 0, 0, 0, 0, 0, 0, 0, 0, 0, 0, 0, 0, 0, 0, 0, 0, 0, 0, 0, 0
node[3], 1277901399, 1225, 31.200713, 0.100000, -0.015000, 99026740.000000, 54284250.000000, 0.025000, 1.000000, 0, 3, 0, 2, 1, 0, 0, 0, 0, 0, 0, 0, 0, 0, 0, 0, 0, 0, 0, 0, 0, 0, 0, 0, 0, 0, 0, 0, 0, 0, 0, 0
node[1], 2588848963, 1226, 31.224564, 0.100000, -0.019000, 99026730.000000, 54278460.000000, 0.025000, 1.000000, 0, 3, 0, 3, 0, 0, 0, 0, 0, 0, 0, 0, 0, 0, 0, 0, 0, 0, 0, 0, 0, 0, 0, 0, 0, 0, 0, 0, 0, 0, 0, 0
node[2], 2774094101, 1227, 31.238587, 0.100000, 0.000000, 99026740.000000, 54281360.000000, 0.025000, 1.000000, 0, 3, 0, 3, 0, 0, 0, 0, 0, 0, 0, 0, 0, 0, 0, 0, 0, 0, 0, 0, 0, 0, 0, 0, 0, 0, 0, 0, 0, 0, 0, 0
node[0], 2357136044, 1228, 31.245266, 0.100000, 0.000000, 99026730.000000, 54275570.000000, 0.025000, 1.000000, 0, 3, 0, 2, 1, 0, 0, 0, 0, 0, 0, 0, 0, 0, 0, 0, 0, 0, 0, 0, 0, 0, 0, 0, 0, 0, 0, 0, 0, 0, 0, 0
node[3], 1277901399, 1229, 31.300713, 0.100000, 0.000000, 99026740.000000, 54284250.000000, 0.025000, 1.000000, 0, 3, 0, 2, 1, 0, 0, 0, 0, 0, 0, 0, 0, 0, 0, 0, 0, 0, 0, 0, 0, 0, 0, 0, 0, 0, 0, 0, 0, 0, 0, 0
node[1], 2588848963, 1230, 31.324564, 0.100000, 0.000000, 99026730.000000, 54278460.000000, 0.025000, 1.000000, 0, 3, 0, 3, 0, 0, 0, 0, 0, 0, 0, 0, 0, 0, 0, 0, 0, 0, 0, 0, 0, 0, 0, 0, 0, 0, 0, 0, 0, 0, 0, 0
node[2], 2774094101, 1231, 31.338587, 0.100000, 0.000000, 99026740.000000, 54281360.000000, 0.025000, 1.000000, 0, 3, 0, 3, 0, 0, 0, 0, 0, 0, 0, 0, 0, 0, 0, 0, 0, 0, 0, 0, 0, 0, 0, 0, 0, 0, 0, 0, 0, 0, 0, 0
node[0], 2357136044, 1232, 31.345266, 0.100000, 0.000000, 99026730.000000, 54275570.000000, 0.025000, 1.000000, 0, 3, 0, 2, 1, 0, 0, 0, 0, 0, 0, 0, 0, 0, 0, 0, 0, 0, 0, 0, 0, 0, 0, 0, 0, 0, 0, 0, 0, 0, 0, 0
node[3], 1277901399, 1233, 31.400713, 0.100000, 0.000000, 99026740.000000, 54284250.000000, 0.025000, 1.000000, 0, 3, 0, 2, 1, 0, 0, 0, 0, 0, 0, 0, 0, 0, 0, 0, 0, 0, 0, 0, 0, 0, 0, 0, 0, 0, 0, 0, 0, 0, 0, 0
node[1], 2588848963, 1234, 31.424564, 0.100000, 0.000000, 99026730.000000, 54278460.000000, 0.025000, 1.000000, 0, 3, 0, 3, 0, 0, 0, 0, 0, 0, 0, 0, 0, 0, 0, 0, 0, 0, 0, 0, 0, 0, 0, 0, 0, 0, 0, 0, 0, 0, 0, 0
node[2], 2774094101, 1235, 31.438587, 0.100000, 0.000000, 99026740.000000, 54281360.000000, 0.025000, 1.000000, 0, 3, 0, 3, 0, 0, 0, 0, 0, 0, 0, 0, 0, 0, 0, 0, 0, 0, 0, 0, 0, 0, 0, 0, 0, 0, 0, 0, 0, 0, 0, 0
node[0], 2357136044, 1236, 31.445266, 0.100000, 0.000000, 99026730.000000, 54275570.000000, 0.025000, 1.000000, 0, 3, 0, 2, 1, 0, 0, 0, 0, 0, 0, 0, 0, 0, 0, 0, 0, 0, 0, 0, 0, 0, 0, 0, 0, 0, 0, 0, 0, 0, 0, 0
node[3], 1277901399, 1237, 31.500713, 0.100000, 0.000000, 99026740.000000, 54284250.000000, 0.025000, 1.000000, 0, 3, 0, 2, 1, 0, 0, 0, 0, 0, 0, 0, 0, 0, 0, 0, 0, 0, 0, 0, 0, 0, 0, 0, 0, 0, 0, 0, 0, 0, 0, 0
node[1], 2588848963, 1238, 31.524564, 0.100000, 0.000000, 99026730.000000, 54278460.000000, 0.025000, 1.000000, 0, 3, 0, 3, 0, 0, 0, 0, 0, 0, 0, 0, 0, 0, 0, 0, 0, 0, 0, 0, 0, 0, 0, 0, 0, 0, 0, 0, 0, 0, 0, 0
node[2], 2774094101, 1239, 31.538587, 0.100000, 0.000000, 99026740.000000, 54281360.000000, 0.025000, 1.000000, 0, 3, 0, 3, 0, 0, 0, 0, 0, 0, 0, 0, 0, 0, 0, 0, 0, 0, 0, 0, 0, 0, 0, 0, 0, 0, 0, 0, 0, 0, 0, 0
node[0], 2357136044, 1240, 31.545266, 0.100000, 0.000000, 99026730.000000, 54275570.000000, 0.025000, 1.000000, 0, 3, 0, 2, 1, 0, 0, 0, 0, 0, 0, 0, 0, 0, 0, 0, 0, 0, 0, 0, 0, 0, 0, 0, 0, 0, 0, 0, 0, 0, 0, 0
node[3], 1277901399, 1241, 31.600713, 0.100000, 0.000000, 99026740.000000, 54284250.000000, 0.025000, 1.000000, 0, 3, 0, 2, 1, 0, 0, 0, 0, 0, 0, 0, 0, 0, 0, 0, 0, 0, 0, 0, 0, 0, 0, 0, 0, 0, 0, 0, 0, 0, 0, 0
node[1], 2588848963, 1242, 31.624564, 0.100000, 0.000000, 99026730.000000, 54278460.000000, 0.025000, 1.000000, 0, 3, 0, 3, 0, 0, 0, 0, 0, 0, 0, 0, 0, 0, 0, 0, 0, 0, 0, 0, 0, 0, 0, 0, 0, 0, 0, 0, 0, 0, 0, 0
node[2], 2774094101, 1243, 31.638587, 0.100000, -0.024000, 99026740.000000, 54281360.000000, 0.025000, 1.000000, 0, 3, 0, 3, 0, 0, 0, 0, 0, 0, 0, 0, 0, 0, 0, 0, 0, 0, 0, 0, 0, 0, 0, 0, 0, 0, 0, 0, 0, 0, 0, 0
node[0], 2357136044, 1244, 31.645266, 0.100000, -0.005000, 99026730.000000, 54275570.000000, 0.025000, 1.000000, 0, 3, 0, 2, 1, 0, 0, 0, 0, 0, 0, 0, 0, 0, 0, 0, 0, 0, 0, 0, 0, 0, 0, 0, 0, 0, 0, 0, 0, 0, 0, 0
node[3], 1277901399, 1245, 31.700713, 0.100000, -0.022000, 99026740.000000, 54284250.000000, 0.025000, 1.000000, 0, 3, 0, 2, 1, 0, 0, 0, 0, 0, 0, 0, 0, 0, 0, 0, 0, 0, 0, 0, 0, 0, 0, 0, 0, 0, 0, 0, 0, 0, 0, 0
node[1], 2588848963, 1246, 31.724564, 0.100000, 0.000000, 99026730.000000, 54278460.000000, 0.025000, 1.000000, 0, 3, 0, 3, 0, 0, 0, 0, 0, 0, 0, 0, 0, 0, 0, 0, 0, 0, 0, 0, 0, 0, 0, 0, 0, 0, 0, 0, 0, 0, 0, 0
node[2], 2774094101, 1247, 31.738587, 0.100000, 0.000000, 99026740.000000, 54281360.000000, 0.025000, 1.000000, 0, 3, 0, 3, 0, 0, 0, 0, 0, 0, 0, 0, 0, 0, 0, 0, 0, 0, 0, 0, 0, 0, 0, 0, 0, 0, 0, 0, 0, 0, 0, 0
node[0], 2357136044, 1248, 31.745266, 0.100000, 0.000000, 99026730.000000, 54275570.000000, 0.025000, 1.000000, 0, 3, 0, 2, 1, 0, 0, 0, 0, 0, 0, 0, 0, 0, 0, 0, 0, 0, 0, 0, 0, 0, 0, 0, 0, 0, 0, 0, 0, 0, 0, 0
node[3], 1277901399, 1249, 31.800713, 0.100000, 0.000000, 99026740.000000, 54284250.000000, 0.025000, 1.000000, 0, 3, 0, 2, 1, 0, 0, 0, 0, 0, 0, 0, 0, 0, 0, 0, 0, 0, 0, 0, 0, 0, 0, 0, 0, 0, 0, 0, 0, 0, 0, 0
node[1], 2588848963, 1250, 31.824564, 0.100000, 0.000000, 99026730.000000, 54278460.000000, 0.025000, 1.000000, 0, 3, 0, 3, 0, 0, 0, 0, 0, 0, 0, 0, 0, 0, 0, 0, 0, 0, 0, 0, 0, 0, 0, 0, 0, 0, 0, 0, 0, 0, 0, 0
node[2], 2774094101, 1251, 31.838587, 0.100000, 0.000000, 99026740.000000, 54281360.000000, 0.025000, 1.000000, 0, 3, 0, 3, 0, 0, 0, 0, 0, 0, 0, 0, 0, 0, 0, 0, 0, 0, 0, 0, 0, 0, 0, 0, 0, 0, 0, 0, 0, 0, 0, 0
node[0], 2357136044, 1252, 31.845266, 0.100000, 0.000000, 99026730.000000, 54275570.000000, 0.025000, 1.000000, 0, 3, 0, 2, 1, 0, 0, 0, 0, 0, 0, 0, 0, 0, 0, 0, 0, 0, 0, 0, 0, 0, 0, 0, 0, 0, 0, 0, 0, 0, 0, 0
node[3], 1277901399, 1253, 31.900713, 0.100000, 0.000000, 99026740.000000, 54284250.000000, 0.025000, 1.000000, 0, 3, 0, 2, 1, 0, 0, 0, 0, 0, 0, 0, 0, 0, 0, 0, 0, 0, 0, 0, 0, 0, 0, 0, 0, 0, 0, 0, 0, 0, 0, 0
node[1], 2588848963, 1254, 31.924564, 0.100000, 0.000000, 99026730.000000, 54278460.000000, 0.025000, 1.000000, 0, 3, 0, 3, 0, 0, 0, 0, 0, 0, 0, 0, 0, 0, 0, 0, 0, 0, 0, 0, 0, 0, 0, 0, 0, 0, 0, 0, 0, 0, 0, 0
node[2], 2774094101, 1255, 31.938587, 0.100000, -0.020000, 99026740.000000, 54281360.000000, 0.025000, 1.000000, 0, 3, 0, 3, 0, 0, 0, 0, 0, 0, 0, 0, 0, 0, 0, 0, 0, 0, 0, 0, 0, 0, 0, 0, 0, 0, 0, 0, 0, 0, 0, 0
node[0], 2357136044, 1256, 31.945266, 0.100000, 0.000000, 99026730.000000, 54275570.000000, 0.025000, 1.000000, 0, 3, 0, 2, 1, 0, 0, 0, 0, 0, 0, 0, 0, 0, 0, 0, 0, 0, 0, 0, 0, 0, 0, 0, 0, 0, 0, 0, 0, 0, 0, 0
node[3], 1277901399, 1257, 32.000713, 0.100000, -0.011000, 99026740.000000, 54284250.000000, 0.025000, 1.000000, 0, 3, 0, 2, 1, 0, 0, 0, 0, 0, 0, 0, 0, 0, 0, 0, 0, 0, 0, 0, 0, 0, 0, 0, 0, 0, 0, 0, 0, 0, 0, 0
node[1], 2588848963, 1258, 32.024564, 0.100000, 0.000000, 99026730.000000, 54278460.000000, 0.025000, 1.000000, 0, 3, 0, 3, 0, 0, 0, 0, 0, 0, 0, 0, 0, 0, 0, 0, 0, 0, 0, 0, 0, 0, 0, 0, 0, 0, 0, 0, 0, 0, 0, 0
node[2], 2774094101, 1259, 32.038587, 0.100000, 0.000000, 99026740.000000, 54281360.000000, 0.025000, 1.000000, 0, 3, 0, 3, 0, 0, 0, 0, 0, 0, 0, 0, 0, 0, 0, 0, 0, 0, 0, 0, 0, 0, 0, 0, 0, 0, 0, 0, 0, 0, 0, 0
node[0], 2357136044, 1260, 32.045266, 0.100000, 0.000000, 99026730.000000, 54275570.000000, 0.025000, 1.000000, 0, 3, 0, 2, 1, 0, 0, 0, 0, 0, 0, 0, 0, 0, 0, 0, 0, 0, 0, 0, 0, 0, 0, 0, 0, 0, 0, 0, 0, 0, 0, 0
node[3], 1277901399, 1261, 32.100713, 0.100000, -0.014000, 99026740.000000, 54284250.000000, 0.025000, 1.000000, 0, 3, 0, 2, 1, 0, 0, 0, 0, 0, 0, 0, 0, 0, 0, 0, 0, 0, 0, 0, 0, 0, 0, 0, 0, 0, 0, 0, 0, 0, 0, 0
node[1], 2588848963, 1262, 32.124564, 0.100000, 0.000000, 99026730.000000, 54278460.000000, 0.025000, 1.000000, 0, 3, 0, 3, 0, 0, 0, 0, 0, 0, 0, 0, 0, 0, 0, 0, 0, 0, 0, 0, 0, 0, 0, 0, 0, 0, 0, 0, 0, 0, 0, 0
node[2], 2774094101, 1263, 32.138587, 0.100000, -0.025000, 99026740.000000, 54281360.000000, 0.025000, 1.000000, 0, 3, 0, 3, 0, 0, 0, 0, 0, 0, 0, 0, 0, 0, 0, 0, 0, 0, 0, 0, 0, 0, 0, 0, 0, 0, 0, 0, 0, 0, 0, 0
node[0], 2357136044, 1264, 32.145266, 0.100000, 0.000000, 99026730.000000, 54275570.000000, 0.025000, 1.000000, 0, 3, 0, 2, 1, 0, 0, 0, 0, 0, 0, 0, 0, 0, 0, 0, 0, 0, 0, 0, 0, 0, 0, 0, 0, 0, 0, 0, 0, 0, 0, 0
node[3], 1277901399, 1265, 32.200713, 0.100000, 0.000000, 99026740.000000, 54284250.000000, 0.025000, 1.000000, 0, 3, 0, 2, 1, 0, 0, 0, 0, 0, 0, 0, 0, 0, 0, 0, 0, 0, 0, 0, 0, 0, 0, 0, 0, 0, 0, 0, 0, 0, 0, 0
node[1], 2588848963, 1266, 32.224564, 0.100000, 0.000000, 99026730.000000, 54278460.000000, 0.025000, 1.000000, 0, 3, 0, 3, 0, 0, 0, 0, 0, 0, 0, 0, 0, 0, 0, 0, 0, 0, 0, 0, 0, 0, 0, 0, 0, 0, 0, 0, 0, 0, 0, 0
node[2], 2774094101, 1267, 32.238587, 0.100000, 0.000000, 99026740.000000, 54281360.000000, 0.025000, 1.000000, 0, 3, 0, 3, 0, 0, 0, 0, 0, 0, 0, 0, 0, 0, 0, 0, 0, 0, 0, 0, 0, 0, 0, 0, 0, 0, 0, 0, 0, 0, 0, 0
node[0], 2357136044, 1268, 32.245266, 0.100000, 0.000000, 99026730.000000, 54275570.000000, 0.025000, 1.000000, 0, 3, 0, 2, 1, 0, 0, 0, 0, 0, 0, 0, 0, 0, 0, 0, 0, 0, 0, 0, 0, 0, 0, 0, 0, 0, 0, 0, 0, 0, 0, 0
node[3], 1277901399, 1269, 32.300713, 0.100000, 0.000000, 99026740.000000, 54284250.000000, 0.025000, 1.000000, 0, 3, 0, 2, 1, 0, 0, 0, 0, 0, 0, 0, 0, 0, 0, 0, 0, 0, 0, 0, 0, 0, 0, 0, 0, 0, 0, 0, 0, 0, 0, 0
node[1], 2588848963, 1270, 32.324564, 0.100000, 0.000000, 99026730.000000, 54278460.000000, 0.025000, 1.000000, 0, 3, 0, 3, 0, 0, 0, 0, 0, 0, 0, 0, 0, 0, 0, 0, 0, 0, 0, 0, 0, 0, 0, 0, 0, 0, 0, 0, 0, 0, 0, 0
node[2], 2774094101, 1271, 32.338587, 0.100000, -0.023000, 99026740.000000, 54281360.000000, 0.025000, 1.000000, 0, 3, 0, 3, 0, 0, 0, 0, 0, 0, 0, 0, 0, 0, 0, 0, 0, 0, 0, 0, 0, 0, 0, 0, 0, 0, 0, 0, 0, 0, 0, 0
node[0], 2357136044, 1272, 32.345266, 0.100000, -0.010000, 99026730.000000, 54275570.000000, 0.025000, 1.000000, 0, 3, 0, 2, 1, 0, 0, 0, 0, 0, 0, 0, 0, 0, 0, 0, 0, 0, 0, 0, 0, 0, 0, 0, 0, 0, 0, 0, 0, 0, 0, 0
node[3], 1277901399, 1273, 32.400713, 0.100000, -0.020000, 99026740.000000, 54284250.000000, 0.025000, 1.000000, 0, 3, 0, 2, 1, 0, 0, 0, 0, 0, 0, 0, 0, 0, 0, 0, 0, 0, 0, 0, 0, 0, 0, 0, 0, 0, 0, 0, 0, 0, 0, 0
node[1], 2588848963, 1274, 32.424564, 0.100000, 0.000000, 99026730.000000, 54278460.000000, 0.025000, 1.000000, 0, 3, 0, 3, 0, 0, 0, 0, 0, 0, 0, 0, 0, 0, 0, 0, 0, 0, 0, 0, 0, 0, 0, 0, 0, 0, 0, 0, 0, 0, 0, 0
node[2], 2774094101, 1275, 32.438587, 0.100000, -0.017000, 99026740.000000, 54281360.000000, 0.025000, 1.000000, 0, 3, 0, 3, 0, 0, 0, 0, 0, 0, 0, 0, 0, 0, 0, 0, 0, 0, 0, 0, 0, 0, 0, 0, 0, 0, 0, 0, 0, 0, 0, 0
node[0], 2357136044, 1276, 32.445266, 0.100000, -0.007000, 99026730.000000, 54275570.000000, 0.025000, 1.000000, 0, 3, 0, 2, 1, 0, 0, 0, 0, 0, 0, 0, 0, 0, 0, 0, 0, 0, 0, 0, 0, 0, 0, 0, 0, 0, 0, 0, 0, 0, 0, 0
node[3], 1277901399, 1277, 32.500713, 0.100000, 0.000000, 99026740.000000, 54284250.000000, 0.025000, 1.000000, 0, 3, 0, 2, 1, 0, 0, 0, 0, 0, 0, 0, 0, 0, 0, 0, 0, 0, 0, 0, 0, 0, 0, 0, 0, 0, 0, 0, 0, 0, 0, 0
node[1], 2588848963, 1278, 32.524564, 0.100000, 0.000000, 99026730.000000, 54278460.000000, 0.025000, 1.000000, 0, 3, 0, 3, 0, 0, 0, 0, 0, 0, 0, 0, 0, 0, 0, 0, 0, 0, 0, 0, 0, 0, 0, 0, 0, 0, 0, 0, 0, 0, 0, 0
node[2], 2774094101, 1279, 32.538587, 0.100000, 0.000000, 99026740.000000, 54281360.000000, 0.025000, 1.000000, 0, 3, 0, 3, 0, 0, 0, 0, 0, 0, 0, 0, 0, 0, 0, 0, 0, 0, 0, 0, 0, 0, 0, 0, 0, 0, 0, 0, 0, 0, 0, 0
node[0], 2357136044, 1280, 32.545266, 0.100000, 0.000000, 99026730.000000, 54275570.000000, 0.025000, 1.000000, 0, 3, 0, 2, 1, 0, 0, 0, 0, 0, 0, 0, 0, 0, 0, 0, 0, 0, 0, 0, 0, 0, 0, 0, 0, 0, 0, 0, 0, 0, 0, 0
node[3], 1277901399, 1281, 32.600713, 0.100000, -0.011000, 99026740.000000, 54284250.000000, 0.025000, 1.000000, 0, 3, 0, 2, 1, 0, 0, 0, 0, 0, 0, 0, 0, 0, 0, 0, 0, 0, 0, 0, 0, 0, 0, 0, 0, 0, 0, 0, 0, 0, 0, 0
node[1], 2588848963, 1282, 32.624564, 0.100000, -0.004000, 99026730.000000, 54278460.000000, 0.025000, 1.000000, 0, 3, 0, 3, 0, 0, 0, 0, 0, 0, 0, 0, 0, 0, 0, 0, 0, 0, 0, 0, 0, 0, 0, 0, 0, 0, 0, 0, 0, 0, 0, 0
node[2], 2774094101, 1283, 32.638587, 0.100000, 0.000000, 99026740.000000, 54281360.000000, 0.025000, 1.000000, 0, 3, 0, 3, 0, 0, 0, 0, 0, 0, 0, 0, 0, 0, 0, 0, 0, 0, 0, 0, 0, 0, 0, 0, 0, 0, 0, 0, 0, 0, 0, 0
node[0], 2357136044, 1284, 32.645266, 0.100000, -0.018000, 99026730.000000, 54275570.000000, 0.025000, 1.000000, 0, 3, 0, 2, 1, 0, 0, 0, 0, 0, 0, 0, 0, 0, 0, 0, 0, 0, 0, 0, 0, 0, 0, 0, 0, 0, 0, 0, 0, 0, 0, 0
node[3], 1277901399, 1285, 32.700713, 0.100000, 0.000000, 99026740.000000, 54284250.000000, 0.025000, 1.000000, 0, 3, 0, 2, 1, 0, 0, 0, 0, 0, 0, 0, 0, 0, 0, 0, 0, 0, 0, 0, 0, 0, 0, 0, 0, 0, 0, 0, 0, 0, 0, 0
node[1], 2588848963, 1286, 32.724564, 0.100000, -0.021000, 99026730.000000, 54278460.000000, 0.025000, 1.000000, 0, 3, 0, 3, 0, 0, 0, 0, 0, 0, 0, 0, 0, 0, 0, 0, 0, 0, 0, 0, 0, 0, 0, 0, 0, 0, 0, 0, 0, 0, 0, 0
node[2], 2774094101, 1287, 32.738587, 0.100000, -0.006000, 99026740.000000, 54281360.000000, 0.025000, 1.000000, 0, 3, 0, 3, 0, 0, 0, 0, 0, 0, 0, 0, 0, 0, 0, 0, 0, 0, 0, 0, 0, 0, 0, 0, 0, 0, 0, 0, 0, 0, 0, 0
node[0], 2357136044, 1288, 32.745266, 0.100000, 0.000000, 99026730.000000, 54275570.000000, 0.025000, 1.000000, 0, 3, 0, 2, 1, 0, 0, 0, 0, 0, 0, 0, 0, 0, 0, 0, 0, 0, 0, 0, 0, 0, 0, 0, 0, 0, 0, 0, 0, 0, 0, 0
node[3], 1277901399, 1289, 32.800713, 0.100000, -0.007000, 99026740.000000, 54284250.000000, 0.025000, 1.000000, 0, 3, 0, 2, 1, 0, 0, 0, 0, 0, 0, 0, 0, 0, 0, 0, 0, 0, 0, 0, 0, 0, 0, 0, 0, 0, 0, 0, 0, 0, 0, 0
node[1], 2588848963, 1290, 32.824564, 0.100000, -0.024000, 99026730.000000, 54278460.000000, 0.025000, 1.000000, 0, 3, 0, 3, 0, 0, 0, 0, 0, 0, 0, 0, 0, 0, 0, 0, 0, 0, 0, 0, 0, 0, 0, 0, 0, 0, 0, 0, 0, 0, 0, 0
node[2], 2774094101, 1291, 32.838587, 0.100000, -0.015000, 99026740.000000, 54281360.000000, 0.025000, 1.000000, 0, 3, 0, 3, 0, 0, 0, 0, 0, 0, 0, 0, 0, 0, 0, 0, 0, 0, 0, 0, 0, 0, 0, 0, 0, 0, 0, 0, 0, 0, 0, 0
node[0], 2357136044, 1292, 32.845266, 0.100000, 0.000000, 99026730.000000, 54275570.000000, 0.025000, 1.000000, 0, 3, 0, 2, 1, 0, 0, 0, 0, 0, 0, 0, 0, 0, 0, 0, 0, 0, 0, 0, 0, 0, 0, 0, 0, 0, 0, 0, 0, 0, 0, 0
node[3], 1277901399, 1293, 32.900713, 0.100000, 0.000000, 99026740.000000, 54284250.000000, 0.025000, 1.000000, 0, 3, 0, 2, 1, 0, 0, 0, 0, 0, 0, 0, 0, 0, 0, 0, 0, 0, 0, 0, 0, 0, 0, 0, 0, 0, 0, 0, 0, 0, 0, 0
node[1], 2588848963, 1294, 32.924564, 0.100000, 0.000000, 99026730.000000, 54278460.000000, 0.025000, 1.000000, 0, 3, 0, 3, 0, 0, 0, 0, 0, 0, 0, 0, 0, 0, 0, 0, 0, 0, 0, 0, 0, 0, 0, 0, 0, 0, 0, 0, 0, 0, 0, 0
node[2], 2774094101, 1295, 32.938587, 0.100000, -0.016000, 99026740.000000, 54281360.000000, 0.025000, 1.000000, 0, 3, 0, 3, 0, 0, 0, 0, 0, 0, 0, 0, 0, 0, 0, 0, 0, 0, 0, 0, 0, 0, 0, 0, 0, 0, 0, 0, 0, 0, 0, 0
node[0], 2357136044, 1296, 32.945266, 0.100000, 0.000000, 99026730.000000, 54275570.000000, 0.025000, 1.000000, 0, 3, 0, 2, 1, 0, 0, 0, 0, 0, 0, 0, 0, 0, 0, 0, 0, 0, 0, 0, 0, 0, 0, 0, 0, 0, 0, 0, 0, 0, 0, 0
node[3], 1277901399, 1297, 33.000713, 0.100000, -0.017000, 99026740.000000, 54284250.000000, 0.025000, 1.000000, 0, 3, 0, 2, 1, 0, 0, 0, 0, 0, 0, 0, 0, 0, 0, 0, 0, 0, 0, 0, 0, 0, 0, 0, 0, 0, 0, 0, 0, 0, 0, 0
node[1], 2588848963, 1298, 33.024564, 0.100000, 0.000000, 99026730.000000, 54278460.000000, 0.025000, 1.000000, 0, 3, 0, 3, 0, 0, 0, 0, 0, 0, 0, 0, 0, 0, 0, 0, 0, 0, 0, 0, 0, 0, 0, 0, 0, 0, 0, 0, 0, 0, 0, 0
node[2], 2774094101, 1299, 33.038587, 0.100000, 0.000000, 99026740.000000, 54281360.000000, 0.025000, 1.000000, 0, 3, 0, 3, 0, 0, 0, 0, 0, 0, 0, 0, 0, 0, 0, 0, 0, 0, 0, 0, 0, 0, 0, 0, 0, 0, 0, 0, 0, 0, 0, 0
node[0], 2357136044, 1300, 33.045266, 0.100000, 0.000000, 99026730.000000, 54275570.000000, 0.025000, 1.000000, 0, 3, 0, 2, 1, 0, 0, 0, 0, 0, 0, 0, 0, 0, 0, 0, 0, 0, 0, 0, 0, 0, 0, 0, 0, 0, 0, 0, 0, 0, 0, 0
node[3], 1277901399, 1301, 33.100713, 0.100000, 0.000000, 99026740.000000, 54284250.000000, 0.025000, 1.000000, 0, 3, 0, 2, 1, 0, 0, 0, 0, 0, 0, 0, 0, 0, 0, 0, 0, 0, 0, 0, 0, 0, 0, 0, 0, 0, 0, 0, 0, 0, 0, 0
node[1], 2588848963, 1302, 33.124564, 0.100000, 0.000000, 99026730.000000, 54278460.000000, 0.025000, 1.000000, 0, 3, 0, 3, 0, 0, 0, 0, 0, 0, 0, 0, 0, 0, 0, 0, 0, 0, 0, 0, 0, 0, 0, 0, 0, 0, 0, 0, 0, 0, 0, 0
node[2], 2774094101, 1303, 33.138587, 0.100000, 0.000000, 99026740.000000, 54281360.000000, 0.025000, 1.000000, 0, 3, 0, 3, 0, 0, 0, 0, 0, 0, 0, 0, 0, 0, 0, 0, 0, 0, 0, 0, 0, 0, 0, 0, 0, 0, 0, 0, 0, 0, 0, 0
node[0], 2357136044, 1304, 33.145266, 0.100000, 0.000000, 99026730.000000, 54275570.000000, 0.025000, 1.000000, 0, 3, 0, 2, 1, 0, 0, 0, 0, 0, 0, 0, 0, 0, 0, 0, 0, 0, 0, 0, 0, 0, 0, 0, 0, 0, 0, 0, 0, 0, 0, 0
node[3], 1277901399, 1305, 33.200713, 0.100000, -0.008000, 99026740.000000, 54284250.000000, 0.025000, 1.000000, 0, 3, 0, 2, 1, 0, 0, 0, 0, 0, 0, 0, 0, 0, 0, 0, 0, 0, 0, 0, 0, 0, 0, 0, 0, 0, 0, 0, 0, 0, 0, 0
node[1], 2588848963, 1306, 33.224564, 0.100000, 0.000000, 99026730.000000, 54278460.000000, 0.025000, 1.000000, 0, 3, 0, 3, 0, 0, 0, 0, 0, 0, 0, 0, 0, 0, 0, 0, 0, 0, 0, 0, 0, 0, 0, 0, 0, 0, 0, 0, 0, 0, 0, 0
node[2], 2774094101, 1307, 33.238587, 0.100000, -0.013000, 99026740.000000, 54281360.000000, 0.025000, 1.000000, 0, 3, 0, 3, 0, 0, 0, 0, 0, 0, 0, 0, 0, 0, 0, 0, 0, 0, 0, 0, 0, 0, 0, 0, 0, 0, 0, 0, 0, 0, 0, 0
node[0], 2357136044, 1308, 33.245266, 0.100000, -0.010000, 99026730.000000, 54275570.000000, 0.025000, 1.000000, 0, 3, 0, 2, 1, 0, 0, 0, 0, 0, 0, 0, 0, 0, 0, 0, 0, 0, 0, 0, 0, 0, 0, 0, 0, 0, 0, 0, 0, 0, 0, 0
node[3], 1277901399, 1309, 33.300713, 0.100000, 0.000000, 99026740.000000, 54284250.000000, 0.025000, 1.000000, 0, 3, 0, 2, 1, 0, 0, 0, 0, 0, 0, 0, 0, 0, 0, 0, 0, 0, 0, 0, 0, 0, 0, 0, 0, 0, 0, 0, 0, 0, 0, 0
node[1], 2588848963, 1310, 33.324564, 0.100000, 0.000000, 99026730.000000, 54278460.000000, 0.025000, 1.000000, 0, 3, 0, 3, 0, 0, 0, 0, 0, 0, 0, 0, 0, 0, 0, 0, 0, 0, 0, 0, 0, 0, 0, 0, 0, 0, 0, 0, 0, 0, 0, 0
node[2], 2774094101, 1311, 33.338587, 0.100000, 0.000000, 99026740.000000, 54281360.000000, 0.025000, 1.000000, 0, 3, 0, 3, 0, 0, 0, 0, 0, 0, 0, 0, 0, 0, 0, 0, 0, 0, 0, 0, 0, 0, 0, 0, 0, 0, 0, 0, 0, 0, 0, 0
node[0], 2357136044, 1312, 33.345266, 0.100000, -0.016000, 99026730.000000, 54275570.000000, 0.025000, 1.000000, 0, 3, 0, 2, 1, 0, 0, 0, 0, 0, 0, 0, 0, 0, 0, 0, 0, 0, 0, 0, 0, 0, 0, 0, 0, 0, 0, 0, 0, 0, 0, 0
node[3], 1277901399, 1313, 33.400713, 0.100000, -0.025000, 99026740.000000, 54284250.000000, 0.025000, 1.000000, 0, 3, 0, 2, 1, 0, 0, 0, 0, 0, 0, 0, 0, 0, 0, 0, 0, 0, 0, 0, 0, 0, 0, 0, 0, 0, 0, 0, 0, 0, 0, 0
node[1], 2588848963, 1314, 33.424564, 0.100000, -0.002000, 99026730.000000, 54278460.000000, 0.025000, 1.000000, 0, 3, 0, 3, 0, 0, 0, 0, 0, 0, 0, 0, 0, 0, 0, 0, 0, 0, 0, 0, 0, 0, 0, 0, 0, 0, 0, 0, 0, 0, 0, 0
node[2], 2774094101, 1315, 33.438587, 0.100000, -0.008000, 99026740.000000, 54281360.000000, 0.025000, 1.000000, 0, 3, 0, 3, 0, 0, 0, 0, 0, 0, 0, 0, 0, 0, 0, 0, 0, 0, 0, 0, 0, 0, 0, 0, 0, 0, 0, 0, 0, 0, 0, 0
node[0], 2357136044, 1316, 33.445266, 0.100000, 0.000000, 99026730.000000, 54275570.000000, 0.025000, 1.000000, 0, 3, 0, 2, 1, 0, 0, 0, 0, 0, 0, 0, 0, 0, 0, 0, 0, 0, 0, 0, 0, 0, 0, 0, 0, 0, 0, 0, 0, 0, 0, 0
node[3], 1277901399, 1317, 33.500713, 0.100000, -0.025000, 99026740.000000, 54284250.000000, 0.025000, 1.000000, 0, 3, 0, 2, 1, 0, 0, 0, 0, 0, 0, 0, 0, 0, 0, 0, 0, 0, 0, 0, 0, 0, 0, 0, 0, 0, 0, 0, 0, 0, 0, 0
node[1], 2588848963, 1318, 33.524564, 0.100000, 0.000000, 99026730.000000, 54278460.000000, 0.025000, 1.000000, 0, 3, 0, 3, 0, 0, 0, 0, 0, 0, 0, 0, 0, 0, 0, 0, 0, 0, 0, 0, 0, 0, 0, 0, 0, 0, 0, 0, 0, 0, 0, 0
node[2], 2774094101, 1319, 33.538587, 0.100000, -0.002000, 99026740.000000, 54281360.000000, 0.025000, 1.000000, 0, 3, 0, 3, 0, 0, 0, 0, 0, 0, 0, 0, 0, 0, 0, 0, 0, 0, 0, 0, 0, 0, 0, 0, 0, 0, 0, 0, 0, 0, 0, 0
node[0], 2357136044, 1320, 33.545266, 0.100000, -0.017000, 99026730.000000, 54275570.000000, 0.025000, 1.000000, 0, 3, 0, 2, 1, 0, 0, 0, 0, 0, 0, 0, 0, 0, 0, 0, 0, 0, 0, 0, 0, 0, 0, 0, 0, 0, 0, 0, 0, 0, 0, 0
node[3], 1277901399, 1321, 33.600713, 0.100000, 0.000000, 99026740.000000, 54284250.000000, 0.025000, 1.000000, 0, 3, 0, 2, 1, 0, 0, 0, 0, 0, 0, 0, 0, 0, 0, 0, 0, 0, 0, 0, 0, 0, 0, 0, 0, 0, 0, 0, 0, 0, 0, 0
node[1], 2588848963, 1322, 33.624564, 0.100000, -0.024000, 99026730.000000, 54278460.000000, 0.025000, 1.000000, 0, 3, 0, 3, 0, 0, 0, 0, 0, 0, 0, 0, 0, 0, 0, 0, 0, 0, 0, 0, 0, 0, 0, 0, 0, 0, 0, 0, 0, 0, 0, 0
node[2], 2774094101, 1323, 33.638587, 0.100000, 0.000000, 99026740.000000, 54281360.000000, 0.025000, 1.000000, 0, 3, 0, 3, 0, 0, 0, 0, 0, 0, 0, 0, 0, 0, 0, 0, 0, 0, 0, 0, 0, 0, 0, 0, 0, 0, 0, 0, 0, 0, 0, 0
node[0], 2357136044, 1324, 33.645266, 0.100000, 0.000000, 99026730.000000, 54275570.000000, 0.025000, 1.000000, 0, 3, 0, 2, 1, 0, 0, 0, 0, 0, 0, 0, 0, 0, 0, 0, 0, 0, 0, 0, 0, 0, 0, 0, 0, 0, 0, 0, 0, 0, 0, 0
node[3], 1277901399, 1325, 33.700713, 0.100000, 0.000000, 99026740.000000, 54284250.000000, 0.025000, 1.000000, 0, 3, 0, 2, 1, 0, 0, 0, 0, 0, 0, 0, 0, 0, 0, 0, 0, 0, 0, 0, 0, 0, 0, 0, 0, 0, 0, 0, 0, 0, 0, 0
node[1], 2588848963, 1326, 33.724564, 0.100000, 0.000000, 99026730.000000, 54278460.000000, 0.025000, 1.000000, 0, 3, 0, 3, 0, 0, 0, 0, 0, 0, 0, 0, 0, 0, 0, 0, 0, 0, 0, 0, 0, 0, 0, 0, 0, 0, 0, 0, 0, 0, 0, 0
node[2], 2774094101, 1327, 33.738587, 0.100000, -0.022000, 99026740.000000, 54281360.000000, 0.025000, 1.000000, 0, 3, 0, 3, 0, 0, 0, 0, 0, 0, 0, 0, 0, 0, 0, 0, 0, 0, 0, 0, 0, 0, 0, 0, 0, 0, 0, 0, 0, 0, 0, 0
node[0], 2357136044, 1328, 33.745266, 0.100000, 0.000000, 99026730.000000, 54275570.000000, 0.025000, 1.000000, 0, 3, 0, 2, 1, 0, 0, 0, 0, 0, 0, 0, 0, 0, 0, 0, 0, 0, 0, 0, 0, 0, 0, 0, 0, 0, 0, 0, 0, 0, 0, 0
node[3], 1277901399, 1329, 33.800713, 0.100000, 0.000000, 99026740.000000, 54284250.000000, 0.025000, 1.000000, 0, 3, 0, 2, 1, 0, 0, 0, 0, 0, 0, 0, 0, 0, 0, 0, 0, 0, 0, 0, 0, 0, 0, 0, 0, 0, 0, 0, 0, 0, 0, 0
node[1], 2588848963, 1330, 33.824564, 0.100000, 0.000000, 99026730.000000, 54278460.000000, 0.025000, 1.000000, 0, 3, 0, 3, 0, 0, 0, 0, 0, 0, 0, 0, 0, 0, 0, 0, 0, 0, 0, 0, 0, 0, 0, 0, 0, 0, 0, 0, 0, 0, 0, 0
node[2], 2774094101, 1331, 33.838587, 0.100000, 0.000000, 99026740.000000, 54281360.000000, 0.025000, 1.000000, 0, 3, 0, 3, 0, 0, 0, 0, 0, 0, 0, 0, 0, 0, 0, 0, 0, 0, 0, 0, 0, 0, 0, 0, 0, 0, 0, 0, 0, 0, 0, 0
node[0], 2357136044, 1332, 33.845266, 0.100000, -0.009000, 99026730.000000, 54275570.000000, 0.025000, 1.000000, 0, 3, 0, 2, 1, 0, 0, 0, 0, 0, 0, 0, 0, 0, 0, 0, 0, 0, 0, 0, 0, 0, 0, 0, 0, 0, 0, 0, 0, 0, 0, 0
node[3], 1277901399, 1333, 33.900713, 0.100000, 0.000000, 99026740.000000, 54284250.000000, 0.025000, 1.000000, 0, 3, 0, 2, 1, 0, 0, 0, 0, 0, 0, 0, 0, 0, 0, 0, 0, 0, 0, 0, 0, 0, 0, 0, 0, 0, 0, 0, 0, 0, 0, 0
node[1], 2588848963, 1334, 33.924564, 0.100000, 0.000000, 99026730.000000, 54278460.000000, 0.025000, 1.000000, 0, 3, 0, 3, 0, 0, 0, 0, 0, 0, 0, 0, 0, 0, 0, 0, 0, 0, 0, 0, 0, 0, 0, 0, 0, 0, 0, 0, 0, 0, 0, 0
node[2], 2774094101, 1335, 33.938587, 0.100000, -0.002000, 99026740.000000, 54281360.000000, 0.025000, 1.000000, 0, 3, 0, 3, 0, 0, 0, 0, 0, 0, 0, 0, 0, 0, 0, 0, 0, 0, 0, 0, 0, 0, 0, 0, 0, 0, 0, 0, 0, 0, 0, 0
node[0], 2357136044, 1336, 33.945266, 0.100000, 0.000000, 99026730.000000, 54275570.000000, 0.025000, 1.000000, 0, 3, 0, 2, 1, 0, 0, 0, 0, 0, 0, 0, 0, 0, 0, 0, 0, 0, 0, 0, 0, 0, 0, 0, 0, 0, 0, 0, 0, 0, 0, 0
node[3], 1277901399, 1337, 34.000713, 0.100000, -0.012000, 99026740.000000, 54284250.000000, 0.025000, 1.000000, 0, 3, 0, 2, 1, 0, 0, 0, 0, 0, 0, 0, 0, 0, 0, 0, 0, 0, 0, 0, 0, 0, 0, 0, 0, 0, 0, 0, 0, 0, 0, 0
node[1], 2588848963, 1338, 34.024564, 0.100000, 0.000000, 99026730.000000, 54278460.000000, 0.025000, 1.000000, 0, 3, 0, 3, 0, 0, 0, 0, 0, 0, 0, 0, 0, 0, 0, 0, 0, 0, 0, 0, 0, 0, 0, 0, 0, 0, 0, 0, 0, 0, 0, 0
node[2], 2774094101, 1339, 34.038587, 0.100000, 0.000000, 99026740.000000, 54281360.000000, 0.025000, 1.000000, 0, 3, 0, 3, 0, 0, 0, 0, 0, 0, 0, 0, 0, 0, 0, 0, 0, 0, 0, 0, 0, 0, 0, 0, 0, 0, 0, 0, 0, 0, 0, 0
node[0], 2357136044, 1340, 34.045266, 0.100000, 0.000000, 99026730.000000, 54275570.000000, 0.025000, 1.000000, 0, 3, 0, 2, 1, 0, 0, 0, 0, 0, 0, 0, 0, 0, 0, 0, 0, 0, 0, 0, 0, 0, 0, 0, 0, 0, 0, 0, 0, 0, 0, 0
node[3], 1277901399, 1341, 34.100713, 0.100000, -0.017000, 99026740.000000, 54284250.000000, 0.025000, 1.000000, 0, 3, 0, 2, 1, 0, 0, 0, 0, 0, 0, 0, 0, 0, 0, 0, 0, 0, 0, 0, 0, 0, 0, 0, 0, 0, 0, 0, 0, 0, 0, 0
node[1], 2588848963, 1342, 34.124564, 0.100000, -0.019000, 99026730.000000, 54278460.000000, 0.025000, 1.000000, 0, 3, 0, 3, 0, 0, 0, 0, 0, 0, 0, 0, 0, 0, 0, 0, 0, 0, 0, 0, 0, 0, 0, 0, 0, 0, 0, 0, 0, 0, 0, 0
node[2], 2774094101, 1343, 34.138587, 0.100000, 0.000000, 99026740.000000, 54281360.000000, 0.025000, 1.000000, 0, 3, 0, 3, 0, 0, 0, 0, 0, 0, 0, 0, 0, 0, 0, 0, 0, 0, 0, 0, 0, 0, 0, 0, 0, 0, 0, 0, 0, 0, 0, 0
node[0], 2357136044, 1344, 34.145266, 0.100000, -0.018000, 99026730.000000, 54275570.000000, 0.025000, 1.000000, 0, 3, 0, 2, 1, 0, 0, 0, 0, 0, 0, 0, 0, 0, 0, 0, 0, 0, 0, 0, 0, 0, 0, 0, 0, 0, 0, 0, 0, 0, 0, 0
node[3], 1277901399, 1345, 34.200713, 0.100000, 0.000000, 99026740.000000, 54284250.000000, 0.025000, 1.000000, 0, 3, 0, 2, 1, 0, 0, 0, 0, 0, 0, 0, 0, 0, 0, 0, 0, 0, 0, 0, 0, 0, 0, 0, 0, 0, 0, 0, 0, 0, 0, 0
node[1], 2588848963, 1346, 34.224564, 0.100000, 0.000000, 99026730.000000, 54278460.000000, 0.025000, 1.000000, 0, 3, 0, 3, 0, 0, 0, 0, 0, 0, 0, 0, 0, 0, 0, 0, 0, 0, 0, 0, 0, 0, 0, 0, 0, 0, 0, 0, 0, 0, 0, 0
node[2], 2774094101, 1347, 34.238587, 0.100000, 0.000000, 99026740.000000, 54281360.000000, 0.025000, 1.000000, 0, 3, 0, 3, 0, 0, 0, 0, 0, 0, 0, 0, 0, 0, 0, 0, 0, 0, 0, 0, 0, 0, 0, 0, 0, 0, 0, 0, 0, 0, 0, 0
node[0], 2357136044, 1348, 34.245266, 0.100000, -0.012000, 99026730.000000, 54275570.000000, 0.025000, 1.000000, 0, 3, 0, 2, 1, 0, 0, 0, 0, 0, 0, 0, 0, 0, 0, 0, 0, 0, 0, 0, 0, 0, 0, 0, 0, 0, 0, 0, 0, 0, 0, 0
node[3], 1277901399, 1349, 34.300713, 0.100000, -0.018000, 99026740.000000, 54284250.000000, 0.025000, 1.000000, 0, 3, 0, 2, 1, 0, 0, 0, 0, 0, 0, 0, 0, 0, 0, 0, 0, 0, 0, 0, 0, 0, 0, 0, 0, 0, 0, 0, 0, 0, 0, 0
node[1], 2588848963, 1350, 34.324564, 0.100000, 0.000000, 99026730.000000, 54278460.000000, 0.025000, 1.000000, 0, 3, 0, 3, 0, 0, 0, 0, 0, 0, 0, 0, 0, 0, 0, 0, 0, 0, 0, 0, 0, 0, 0, 0, 0, 0, 0, 0, 0, 0, 0, 0
node[2], 2774094101, 1351, 34.338587, 0.100000, 0.000000, 99026740.000000, 54281360.000000, 0.025000, 1.000000, 0, 3, 0, 3, 0, 0, 0, 0, 0, 0, 0, 0, 0, 0, 0, 0, 0, 0, 0, 0, 0, 0, 0, 0, 0, 0, 0, 0, 0, 0, 0, 0
node[0], 2357136044, 1352, 34.345266, 0.100000, 0.000000, 99026730.000000, 54275570.000000, 0.025000, 1.000000, 0, 3, 0, 2, 1, 0, 0, 0, 0, 0, 0, 0, 0, 0, 0, 0, 0, 0, 0, 0, 0, 0, 0, 0, 0, 0, 0, 0, 0, 0, 0, 0
node[3], 1277901399, 1353, 34.400713, 0.100000, -0.002000, 99026740.000000, 54284250.000000, 0.025000, 1.000000, 0, 3, 0, 2, 1, 0, 0, 0, 0, 0, 0, 0, 0, 0, 0, 0, 0, 0, 0, 0, 0, 0, 0, 0, 0, 0, 0, 0, 0, 0, 0, 0
node[1], 2588848963, 1354, 34.424564, 0.100000, 0.000000, 99026730.000000, 54278470.000000, 0.025000, 1.000000, 0, 3, 0, 3, 0, 0, 0, 0, 0, 0, 0, 0, 0, 0, 0, 0, 0, 0, 0, 0, 0, 0, 0, 0, 0, 0, 0, 0, 0, 0, 0, 0
node[2], 2774094101, 1355, 34.438587, 0.100000, 0.000000, 99026740.000000, 54281360.000000, 0.025000, 1.000000, 0, 3, 0, 3, 0, 0, 0, 0, 0, 0, 0, 0, 0, 0, 0, 0, 0, 0, 0, 0, 0, 0, 0, 0, 0, 0, 0, 0, 0, 0, 0, 0
node[0], 2357136044, 1356, 34.445266, 0.100000, 0.000000, 99026730.000000, 54275570.000000, 0.025000, 1.000000, 0, 3, 0, 2, 1, 0, 0, 0, 0, 0, 0, 0, 0, 0, 0, 0, 0, 0, 0, 0, 0, 0, 0, 0, 0, 0, 0, 0, 0, 0, 0, 0
node[3], 1277901399, 1357, 34.500713, 0.100000, -0.016000, 99026740.000000, 54284250.000000, 0.025000, 1.000000, 0, 3, 0, 2, 1, 0, 0, 0, 0, 0, 0, 0, 0, 0, 0, 0, 0, 0, 0, 0, 0, 0, 0, 0, 0, 0, 0, 0, 0, 0, 0, 0
node[1], 2588848963, 1358, 34.524564, 0.100000, 0.000000, 99026730.000000, 54278470.000000, 0.025000, 1.000000, 0, 3, 0, 3, 0, 0, 0, 0, 0, 0, 0, 0, 0, 0, 0, 0, 0, 0, 0, 0, 0, 0, 0, 0, 0, 0, 0, 0, 0, 0, 0, 0
node[2], 2774094101, 1359, 34.538587, 0.100000, -0.006000, 99026740.000000, 54281360.000000, 0.025000, 1.000000, 0, 3, 0, 3, 0, 0, 0, 0, 0, 0, 0, 0, 0, 0, 0, 0, 0, 0, 0, 0, 0, 0, 0, 0, 0, 0, 0, 0, 0, 0, 0, 0
node[0], 2357136044, 1360, 34.545266, 0.100000, -0.008000, 99026730.000000, 54275570.000000, 0.025000, 1.000000, 0, 3, 0, 2, 1, 0, 0, 0, 0, 0, 0, 0, 0, 0, 0, 0, 0, 0, 0, 0, 0, 0, 0, 0, 0, 0, 0, 0, 0, 0, 0, 0
node[3], 1277901399, 1361, 34.600713, 0.100000, -0.014000, 99026740.000000, 54284250.000000, 0.025000, 1.000000, 0, 3, 0, 2, 1, 0, 0, 0, 0, 0, 0, 0, 0, 0, 0, 0, 0, 0, 0, 0, 0, 0, 0, 0, 0, 0, 0, 0, 0, 0, 0, 0
node[1], 2588848963, 1362, 34.624564, 0.100000, -0.014000, 99026730.000000, 54278470.000000, 0.025000, 1.000000, 0, 3, 0, 3, 0, 0, 0, 0, 0, 0, 0, 0, 0, 0, 0, 0, 0, 0, 0, 0, 0, 0, 0, 0, 0, 0, 0, 0, 0, 0, 0, 0
node[2], 2774094101, 1363, 34.638587, 0.100000, 0.000000, 99026740.000000, 54281360.000000, 0.025000, 1.000000, 0, 3, 0, 3, 0, 0, 0, 0, 0, 0, 0, 0, 0, 0, 0, 0, 0, 0, 0, 0, 0, 0, 0, 0, 0, 0, 0, 0, 0, 0, 0, 0
node[0], 2357136044, 1364, 34.645266, 0.100000, 0.000000, 99026730.000000, 54275570.000000, 0.025000, 1.000000, 0, 3, 0, 2, 1, 0, 0, 0, 0, 0, 0, 0, 0, 0, 0, 0, 0, 0, 0, 0, 0, 0, 0, 0, 0, 0, 0, 0, 0, 0, 0, 0
node[3], 1277901399, 1365, 34.700713, 0.100000, -0.004000, 99026740.000000, 54284250.000000, 0.025000, 1.000000, 0, 3, 0, 2, 1, 0, 0, 0, 0, 0, 0, 0, 0, 0, 0, 0, 0, 0, 0, 0, 0, 0, 0, 0, 0, 0, 0, 0, 0, 0, 0, 0
node[1], 2588848963, 1366, 34.724564, 0.100000, 0.000000, 99026730.000000, 54278470.000000, 0.025000, 1.000000, 0, 3, 0, 3, 0, 0, 0, 0, 0, 0, 0, 0, 0, 0, 0, 0, 0, 0, 0, 0, 0, 0, 0, 0, 0, 0, 0, 0, 0, 0, 0, 0
node[2], 2774094101, 1367, 34.738587, 0.100000, 0.000000, 99026740.000000, 54281360.000000, 0.025000, 1.000000, 0, 3, 0, 3, 0, 0, 0, 0, 0, 0, 0, 0, 0, 0, 0, 0, 0, 0, 0, 0, 0, 0, 0, 0, 0, 0, 0, 0, 0, 0, 0, 0
node[0], 2357136044, 1368, 34.745266, 0.100000, 0.000000, 99026730.000000, 54275570.000000, 0.025000, 1.000000, 0, 3, 0, 2, 1, 0, 0, 0, 0, 0, 0, 0, 0, 0, 0, 0, 0, 0, 0, 0, 0, 0, 0, 0, 0, 0, 0, 0, 0, 0, 0, 0
node[3], 1277901399, 1369, 34.800713, 0.100000, -0.024000, 99026740.000000, 54284250.000000, 0.025000, 1.000000, 0, 3, 0, 2, 1, 0, 0, 0, 0, 0, 0, 0, 0, 0, 0, 0, 0, 0, 0, 0, 0, 0, 0, 0, 0, 0, 0, 0, 0, 0, 0, 0
node[1], 2588848963, 1370, 34.824564, 0.100000, 0.000000, 99026730.000000, 54278470.000000, 0.025000, 1.000000, 0, 3, 0, 3, 0, 0, 0, 0, 0, 0, 0, 0, 0, 0, 0, 0, 0, 0, 0, 0, 0, 0, 0, 0, 0, 0, 0, 0, 0, 0, 0, 0
node[2], 2774094101, 1371, 34.838587, 0.100000, -0.016000, 99026740.000000, 54281360.000000, 0.025000, 1.000000, 0, 3, 0, 3, 0, 0, 0, 0, 0, 0, 0, 0, 0, 0, 0, 0, 0, 0, 0, 0, 0, 0, 0, 0, 0, 0, 0, 0, 0, 0, 0, 0
node[0], 2357136044, 1372, 34.845266, 0.100000, -0.003000, 99026730.000000, 54275570.000000, 0.025000, 1.000000, 0, 3, 0, 2, 1, 0, 0, 0, 0, 0, 0, 0, 0, 0, 0, 0, 0, 0, 0, 0, 0, 0, 0, 0, 0, 0, 0, 0, 0, 0, 0, 0
node[3], 1277901399, 1373, 34.900713, 0.100000, 0.000000, 99026740.000000, 54284250.000000, 0.025000, 1.000000, 0, 3, 0, 2, 1, 0, 0, 0, 0, 0, 0, 0, 0, 0, 0, 0, 0, 0, 0, 0, 0, 0, 0, 0, 0, 0, 0, 0, 0, 0, 0, 0
node[1], 2588848963, 1374, 34.924564, 0.100000, -0.012000, 99026730.000000, 54278470.000000, 0.025000, 1.000000, 0, 3, 0, 3, 0, 0, 0, 0, 0, 0, 0, 0, 0, 0, 0, 0, 0, 0, 0, 0, 0, 0, 0, 0, 0, 0, 0, 0, 0, 0, 0, 0
node[2], 2774094101, 1375, 34.938587, 0.100000, 0.000000, 99026740.000000, 54281360.000000, 0.025000, 1.000000, 0, 3, 0, 3, 0, 0, 0, 0, 0, 0, 0, 0, 0, 0, 0, 0, 0, 0, 0, 0, 0, 0, 0, 0, 0, 0, 0, 0, 0, 0, 0, 0
node[0], 2357136044, 1376, 34.945266, 0.100000, -0.023000, 99026730.000000, 54275570.000000, 0.025000, 1.000000, 0, 3, 0, 2, 1, 0, 0, 0, 0, 0, 0, 0, 0, 0, 0, 0, 0, 0, 0, 0, 0, 0, 0, 0, 0, 0, 0, 0, 0, 0, 0, 0
node[3], 1277901399, 1377, 35.000713, 0.100000, 0.000000, 99026740.000000, 54284250.000000, 0.025000, 1.000000, 0, 3, 0, 2, 1, 0, 0, 0, 0, 0, 0, 0, 0, 0, 0, 0, 0, 0, 0, 0, 0, 0, 0, 0, 0, 0, 0, 0, 0, 0, 0, 0
node[1], 2588848963, 1378, 35.024564, 0.100000, 0.000000, 99026730.000000, 54278470.000000, 0.025000, 1.000000, 0, 3, 0, 3, 0, 0, 0, 0, 0, 0, 0, 0, 0, 0, 0, 0, 0, 0, 0, 0, 0, 0, 0, 0, 0, 0, 0, 0, 0, 0, 0, 0
node[2], 2774094101, 1379, 35.038587, 0.100000, -0.004000, 99026740.000000, 54281360.000000, 0.025000, 1.000000, 0, 3, 0, 3, 0, 0, 0, 0, 0, 0, 0, 0, 0, 0, 0, 0, 0, 0, 0, 0, 0, 0, 0, 0, 0, 0, 0, 0, 0, 0, 0, 0
node[0], 2357136044, 1380, 35.045266, 0.100000, -0.004000, 99026730.000000, 54275570.000000, 0.025000, 1.000000, 0, 3, 0, 2, 1, 0, 0, 0, 0, 0, 0, 0, 0, 0, 0, 0, 0, 0, 0, 0, 0, 0, 0, 0, 0, 0, 0, 0, 0, 0, 0, 0
node[3], 1277901399, 1381, 35.100713, 0.100000, 0.000000, 99026740.000000, 54284250.000000, 0.025000, 1.000000, 0, 3, 0, 2, 1, 0, 0, 0, 0, 0, 0, 0, 0, 0, 0, 0, 0, 0, 0, 0, 0, 0, 0, 0, 0, 0, 0, 0, 0, 0, 0, 0
node[1], 2588848963, 1382, 35.124564, 0.100000, -0.021000, 99026730.000000, 54278470.000000, 0.025000, 1.000000, 0, 3, 0, 3, 0, 0, 0, 0, 0, 0, 0, 0, 0, 0, 0, 0, 0, 0, 0, 0, 0, 0, 0, 0, 0, 0, 0, 0, 0, 0, 0, 0
node[2], 2774094101, 1383, 35.138587, 0.100000, 0.000000, 99026740.000000, 54281360.000000, 0.025000, 1.000000, 0, 3, 0, 3, 0, 0, 0, 0, 0, 0, 0, 0, 0, 0, 0, 0, 0, 0, 0, 0, 0, 0, 0, 0, 0, 0, 0, 0, 0, 0, 0, 0
node[0], 2357136044, 1384, 35.145266, 0.100000, -0.021000, 99026730.000000, 54275570.000000, 0.025000, 1.000000, 0, 3, 0, 2, 1, 0, 0, 0, 0, 0, 0, 0, 0, 0, 0, 0, 0, 0, 0, 0, 0, 0, 0, 0, 0, 0, 0, 0, 0, 0, 0, 0
node[3], 1277901399, 1385, 35.200713, 0.100000, 0.000000, 99026740.000000, 54284250.000000, 0.025000, 1.000000, 0, 3, 0, 2, 1, 0, 0, 0, 0, 0, 0, 0, 0, 0, 0, 0, 0, 0, 0, 0, 0, 0, 0, 0, 0, 0, 0, 0, 0, 0, 0, 0
node[1], 2588848963, 1386, 35.224564, 0.100000, 0.000000, 99026730.000000, 54278470.000000, 0.025000, 1.000000, 0, 3, 0, 3, 0, 0, 0, 0, 0, 0, 0, 0, 0, 0, 0, 0, 0, 0, 0, 0, 0, 0, 0, 0, 0, 0, 0, 0, 0, 0, 0, 0
node[2], 2774094101, 1387, 35.238587, 0.100000, -0.011000, 99026740.000000, 54281360.000000, 0.025000, 1.000000, 0, 3, 0, 3, 0, 0, 0, 0, 0, 0, 0, 0, 0, 0, 0, 0, 0, 0, 0, 0, 0, 0, 0, 0, 0, 0, 0, 0, 0, 0, 0, 0
node[0], 2357136044, 1388, 35.245266, 0.100000, 0.000000, 99026730.000000, 54275570.000000, 0.025000, 1.000000, 0, 3, 0, 2, 1, 0, 0, 0, 0, 0, 0, 0, 0, 0, 0, 0, 0, 0, 0, 0, 0, 0, 0, 0, 0, 0, 0, 0, 0, 0, 0, 0
node[3], 1277901399, 1389, 35.300713, 0.100000, 0.000000, 99026740.000000, 54284250.000000, 0.025000, 1.000000, 0, 3, 0, 2, 1, 0, 0, 0, 0, 0, 0, 0, 0, 0, 0, 0, 0, 0, 0, 0, 0, 0, 0, 0, 0, 0, 0, 0, 0, 0, 0, 0
node[1], 2588848963, 1390, 35.324564, 0.100000, 0.000000, 99026730.000000, 54278470.000000, 0.025000, 1.000000, 0, 3, 0, 3, 0, 0, 0, 0, 0, 0, 0, 0, 0, 0, 0, 0, 0, 0, 0, 0, 0, 0, 0, 0, 0, 0, 0, 0, 0, 0, 0, 0
node[2], 2774094101, 1391, 35.338587, 0.100000, 0.000000, 99026740.000000, 54281360.000000, 0.025000, 1.000000, 0, 3, 0, 3, 0, 0, 0, 0, 0, 0, 0, 0, 0, 0, 0, 0, 0, 0, 0, 0, 0, 0, 0, 0, 0, 0, 0, 0, 0, 0, 0, 0
node[0], 2357136044, 1392, 35.345266, 0.100000, -0.020000, 99026730.000000, 54275570.000000, 0.025000, 1.000000, 0, 3, 0, 2, 1, 0, 0, 0, 0, 0, 0, 0, 0, 0, 0, 0, 0, 0, 0, 0, 0, 0, 0, 0, 0, 0, 0, 0, 0, 0, 0, 0
node[3], 1277901399, 1393, 35.400713, 0.100000, -0.008000, 99026740.000000, 54284250.000000, 0.025000, 1.000000, 0, 3, 0, 2, 1, 0, 0, 0, 0, 0, 0, 0, 0, 0, 0, 0, 0, 0, 0, 0, 0, 0, 0, 0, 0, 0, 0, 0, 0, 0, 0, 0
node[1], 2588848963, 1394, 35.424564, 0.100000, -0.016000, 99026730.000000, 54278470.000000, 0.025000, 1.000000, 0, 3, 0, 3, 0, 0, 0, 0, 0, 0, 0, 0, 0, 0, 0, 0, 0, 0, 0, 0, 0, 0, 0, 0, 0, 0, 0, 0, 0, 0, 0, 0
node[2], 2774094101, 1395, 35.438587, 0.100000, -0.005000, 99026740.000000, 54281360.000000, 0.025000, 1.000000, 0, 3, 0, 3, 0, 0, 0, 0, 0, 0, 0, 0, 0, 0, 0, 0, 0, 0, 0, 0, 0, 0, 0, 0, 0, 0, 0, 0, 0, 0, 0, 0
node[0], 2357136044, 1396, 35.445266, 0.100000, -0.002000, 99026730.000000, 54275570.000000, 0.025000, 1.000000, 0, 3, 0, 2, 1, 0, 0, 0, 0, 0, 0, 0, 0, 0, 0, 0, 0, 0, 0, 0, 0, 0, 0, 0, 0, 0, 0, 0, 0, 0, 0, 0
node[3], 1277901399, 1397, 35.500713, 0.100000, 0.000000, 99026740.000000, 54284250.000000, 0.025000, 1.000000, 0, 3, 0, 2, 1, 0, 0, 0, 0, 0, 0, 0, 0, 0, 0, 0, 0, 0, 0, 0, 0, 0, 0, 0, 0, 0, 0, 0, 0, 0, 0, 0
node[1], 2588848963, 1398, 35.524564, 0.100000, -0.007000, 99026730.000000, 54278470.000000, 0.025000, 1.000000, 0, 3, 0, 3, 0, 0, 0, 0, 0, 0, 0, 0, 0, 0, 0, 0, 0, 0, 0, 0, 0, 0, 0, 0, 0, 0, 0, 0, 0, 0, 0, 0
node[2], 2774094101, 1399, 35.538587, 0.100000, -0.004000, 99026740.000000, 54281360.000000, 0.025000, 1.000000, 0, 3, 0, 3, 0, 0, 0, 0, 0, 0, 0, 0, 0, 0, 0, 0, 0, 0, 0, 0, 0, 0, 0, 0, 0, 0, 0, 0, 0, 0, 0, 0
node[0], 2357136044, 1400, 35.545266, 0.100000, 0.000000, 99026730.000000, 54275570.000000, 0.025000, 1.000000, 0, 3, 0, 2, 1, 0, 0, 0, 0, 0, 0, 0, 0, 0, 0, 0, 0, 0, 0, 0, 0, 0, 0, 0, 0, 0, 0, 0, 0, 0, 0, 0
node[3], 1277901399, 1401, 35.600713, 0.100000, 0.000000, 99026740.000000, 54284250.000000, 0.025000, 1.000000, 0, 3, 0, 2, 1, 0, 0, 0, 0, 0, 0, 0, 0, 0, 0, 0, 0, 0, 0, 0, 0, 0, 0, 0, 0, 0, 0, 0, 0, 0, 0, 0
node[1], 2588848963, 1402, 35.624564, 0.100000, 0.000000, 99026730.000000, 54278470.000000, 0.025000, 1.000000, 0, 3, 0, 3, 0, 0, 0, 0, 0, 0, 0, 0, 0, 0, 0, 0, 0, 0, 0, 0, 0, 0, 0, 0, 0, 0, 0, 0, 0, 0, 0, 0
node[2], 2774094101, 1403, 35.638587, 0.100000, 0.000000, 99026740.000000, 54281360.000000, 0.025000, 1.000000, 0, 3, 0, 3, 0, 0, 0, 0, 0, 0, 0, 0, 0, 0, 0, 0, 0, 0, 0, 0, 0, 0, 0, 0, 0, 0, 0, 0, 0, 0, 0, 0
node[0], 2357136044, 1404, 35.645266, 0.100000, -0.024000, 99026730.000000, 54275570.000000, 0.025000, 1.000000, 0, 3, 0, 2, 1, 0, 0, 0, 0, 0, 0, 0, 0, 0, 0, 0, 0, 0, 0, 0, 0, 0, 0, 0, 0, 0, 0, 0, 0, 0, 0, 0
node[3], 1277901399, 1405, 35.700713, 0.100000, -0.013000, 99026740.000000, 54284250.000000, 0.025000, 1.000000, 0, 3, 0, 2, 1, 0, 0, 0, 0, 0, 0, 0, 0, 0, 0, 0, 0, 0, 0, 0, 0, 0, 0, 0, 0, 0, 0, 0, 0, 0, 0, 0
node[1], 2588848963, 1406, 35.724564, 0.100000, -0.001000, 99026730.000000, 54278470.000000, 0.025000, 1.000000, 0, 3, 0, 3, 0, 0, 0, 0, 0, 0, 0, 0, 0, 0, 0, 0, 0, 0, 0, 0, 0, 0, 0, 0, 0, 0, 0, 0, 0, 0, 0, 0
node[2], 2774094101, 1407, 35.738587, 0.100000, -0.018000, 99026740.000000, 54281360.000000, 0.025000, 1.000000, 0, 3, 0, 3, 0, 0, 0, 0, 0, 0, 0, 0, 0, 0, 0, 0, 0, 0, 0, 0, 0, 0, 0, 0, 0, 0, 0, 0, 0, 0, 0, 0
node[0], 2357136044, 1408, 35.745266, 0.100000, 0.000000, 99026730.000000, 54275570.000000, 0.025000, 1.000000, 0, 3, 0, 2, 1, 0, 0, 0, 0, 0, 0, 0, 0, 0, 0, 0, 0, 0, 0, 0, 0, 0, 0, 0, 0, 0, 0, 0, 0, 0, 0, 0
node[3], 1277901399, 1409, 35.800713, 0.100000, 0.000000, 99026740.000000, 54284250.000000, 0.025000, 1.000000, 0, 3, 0, 2, 1, 0, 0, 0, 0, 0, 0, 0, 0, 0, 0, 0, 0, 0, 0, 0, 0, 0, 0, 0, 0, 0, 0, 0, 0, 0, 0, 0
node[1], 2588848963, 1410, 35.824564, 0.100000, 0.000000, 99026730.000000, 54278470.000000, 0.025000, 1.000000, 0, 3, 0, 3, 0, 0, 0, 0, 0, 0, 0, 0, 0, 0, 0, 0, 0, 0, 0, 0, 0, 0, 0, 0, 0, 0, 0, 0, 0, 0, 0, 0
node[2], 2774094101, 1411, 35.838587, 0.100000, -0.008000, 99026740.000000, 54281360.000000, 0.025000, 1.000000, 0, 3, 0, 3, 0, 0, 0, 0, 0, 0, 0, 0, 0, 0, 0, 0, 0, 0, 0, 0, 0, 0, 0, 0, 0, 0, 0, 0, 0, 0, 0, 0
node[0], 2357136044, 1412, 35.845266, 0.100000, -0.011000, 99026730.000000, 54275570.000000, 0.025000, 1.000000, 0, 3, 0, 2, 1, 0, 0, 0, 0, 0, 0, 0, 0, 0, 0, 0, 0, 0, 0, 0, 0, 0, 0, 0, 0, 0, 0, 0, 0, 0, 0, 0
node[3], 1277901399, 1413, 35.900713, 0.100000, 0.000000, 99026740.000000, 54284250.000000, 0.025000, 1.000000, 0, 3, 0, 2, 1, 0, 0, 0, 0, 0, 0, 0, 0, 0, 0, 0, 0, 0, 0, 0, 0, 0, 0, 0, 0, 0, 0, 0, 0, 0, 0, 0
node[1], 2588848963, 1414, 35.924564, 0.100000, -0.019000, 99026730.000000, 54278470.000000, 0.025000, 1.000000, 0, 3, 0, 3, 0, 0, 0, 0, 0, 0, 0, 0, 0, 0, 0, 0, 0, 0, 0, 0, 0, 0, 0, 0, 0, 0, 0, 0, 0, 0, 0, 0
node[2], 2774094101, 1415, 35.938587, 0.100000, -0.013000, 99026740.000000, 54281360.000000, 0.025000, 1.000000, 0, 3, 0, 3, 0, 0, 0, 0, 0, 0, 0, 0, 0, 0, 0, 0, 0, 0, 0, 0, 0, 0, 0, 0, 0, 0, 0, 0, 0, 0, 0, 0
node[0], 2357136044, 1416, 35.945266, 0.100000, 0.000000, 99026730.000000, 54275570.000000, 0.025000, 1.000000, 0, 3, 0, 2, 1, 0, 0, 0, 0, 0, 0, 0, 0, 0, 0, 0, 0, 0, 0, 0, 0, 0, 0, 0, 0, 0, 0, 0, 0, 0, 0, 0
node[3], 1277901399, 1417, 36.000713, 0.100000, -0.021000, 99026740.000000, 54284250.000000, 0.025000, 1.000000, 0, 3, 0, 2, 1, 0, 0, 0, 0, 0, 0, 0, 0, 0, 0, 0, 0, 0, 0, 0, 0, 0, 0, 0, 0, 0, 0, 0, 0, 0, 0, 0
node[1], 2588848963, 1418, 36.024564, 0.100000, -0.011000, 99026730.000000, 54278470.000000, 0.025000, 1.000000, 0, 3, 0, 3, 0, 0, 0, 0, 0, 0, 0, 0, 0, 0, 0, 0, 0, 0, 0, 0, 0, 0, 0, 0, 0, 0, 0, 0, 0, 0, 0, 0
node[2], 2774094101, 1419, 36.038587, 0.100000, 0.000000, 99026740.000000, 54281360.000000, 0.025000, 1.000000, 0, 3, 0, 3, 0, 0, 0, 0, 0, 0, 0, 0, 0, 0, 0, 0, 0, 0, 0, 0, 0, 0, 0, 0, 0, 0, 0, 0, 0, 0, 0, 0
node[0], 2357136044, 1420, 36.045266, 0.100000, 0.000000, 99026730.000000, 54275570.000000, 0.025000, 1.000000, 0, 3, 0, 2, 1, 0, 0, 0, 0, 0, 0, 0, 0, 0, 0, 0, 0, 0, 0, 0, 0, 0, 0, 0, 0, 0, 0, 0, 0, 0, 0, 0
node[3], 1277901399, 1421, 36.100713, 0.100000, 0.000000, 99026740.000000, 54284250.000000, 0.025000, 1.000000, 0, 3, 0, 2, 1, 0, 0, 0, 0, 0, 0, 0, 0, 0, 0, 0, 0, 0, 0, 0, 0, 0, 0, 0, 0, 0, 0, 0, 0, 0, 0, 0
node[1], 2588848963, 1422, 36.124564, 0.100000, 0.000000, 99026730.000000, 54278470.000000, 0.025000, 1.000000, 0, 3, 0, 3, 0, 0, 0, 0, 0, 0, 0, 0, 0, 0, 0, 0, 0, 0, 0, 0, 0, 0, 0, 0, 0, 0, 0, 0, 0, 0, 0, 0
node[2], 2774094101, 1423, 36.138587, 0.100000, 0.000000, 99026740.000000, 54281360.000000, 0.025000, 1.000000, 0, 3, 0, 3, 0, 0, 0, 0, 0, 0, 0, 0, 0, 0, 0, 0, 0, 0, 0, 0, 0, 0, 0, 0, 0, 0, 0, 0, 0, 0, 0, 0
node[0], 2357136044, 1424, 36.145266, 0.100000, 0.000000, 99026730.000000, 54275570.000000, 0.025000, 1.000000, 0, 3, 0, 2, 1, 0, 0, 0, 0, 0, 0, 0, 0, 0, 0, 0, 0, 0, 0, 0, 0, 0, 0, 0, 0, 0, 0, 0, 0, 0, 0, 0
node[3], 1277901399, 1425, 36.200713, 0.100000, 0.000000, 99026740.000000, 54284250.000000, 0.025000, 1.000000, 0, 3, 0, 2, 1, 0, 0, 0, 0, 0, 0, 0, 0, 0, 0, 0, 0, 0, 0, 0, 0, 0, 0, 0, 0, 0, 0, 0, 0, 0, 0, 0
node[1], 2588848963, 1426, 36.224564, 0.100000, 0.000000, 99026730.000000, 54278470.000000, 0.025000, 1.000000, 0, 3, 0, 3, 0, 0, 0, 0, 0, 0, 0, 0, 0, 0, 0, 0, 0, 0, 0, 0, 0, 0, 0, 0, 0, 0, 0, 0, 0, 0, 0, 0
node[2], 2774094101, 1427, 36.238587, 0.100000, 0.000000, 99026740.000000, 54281360.000000, 0.025000, 1.000000, 0, 3, 0, 3, 0, 0, 0, 0, 0, 0, 0, 0, 0, 0, 0, 0, 0, 0, 0, 0, 0, 0, 0, 0, 0, 0, 0, 0, 0, 0, 0, 0
node[0], 2357136044, 1428, 36.245266, 0.100000, 0.000000, 99026730.000000, 54275570.000000, 0.025000, 1.000000, 0, 3, 0, 2, 1, 0, 0, 0, 0, 0, 0, 0, 0, 0, 0, 0, 0, 0, 0, 0, 0, 0, 0, 0, 0, 0, 0, 0, 0, 0, 0, 0
node[3], 1277901399, 1429, 36.300713, 0.100000, -0.020000, 99026740.000000, 54284250.000000, 0.025000, 1.000000, 0, 3, 0, 2, 1, 0, 0, 0, 0, 0, 0, 0, 0, 0, 0, 0, 0, 0, 0, 0, 0, 0, 0, 0, 0, 0, 0, 0, 0, 0, 0, 0
node[1], 2588848963, 1430, 36.324564, 0.100000, 0.000000, 99026730.000000, 54278470.000000, 0.025000, 1.000000, 0, 3, 0, 3, 0, 0, 0, 0, 0, 0, 0, 0, 0, 0, 0, 0, 0, 0, 0, 0, 0, 0, 0, 0, 0, 0, 0, 0, 0, 0, 0, 0
node[2], 2774094101, 1431, 36.338587, 0.100000, 0.000000, 99026740.000000, 54281360.000000, 0.025000, 1.000000, 0, 3, 0, 3, 0, 0, 0, 0, 0, 0, 0, 0, 0, 0, 0, 0, 0, 0, 0, 0, 0, 0, 0, 0, 0, 0, 0, 0, 0, 0, 0, 0
node[0], 2357136044, 1432, 36.345266, 0.100000, -0.023000, 99026730.000000, 54275570.000000, 0.025000, 1.000000, 0, 3, 0, 2, 1, 0, 0, 0, 0, 0, 0, 0, 0, 0, 0, 0, 0, 0, 0, 0, 0, 0, 0, 0, 0, 0, 0, 0, 0, 0, 0, 0
node[3], 1277901399, 1433, 36.400713, 0.100000, -0.003000, 99026740.000000, 54284250.000000, 0.025000, 1.000000, 0, 3, 0, 2, 1, 0, 0, 0, 0, 0, 0, 0, 0, 0, 0, 0, 0, 0, 0, 0, 0, 0, 0, 0, 0, 0, 0, 0, 0, 0, 0, 0
node[1], 2588848963, 1434, 36.424564, 0.100000, 0.000000, 99026730.000000, 54278470.000000, 0.025000, 1.000000, 0, 3, 0, 3, 0, 0, 0, 0, 0, 0, 0, 0, 0, 0, 0, 0, 0, 0, 0, 0, 0, 0, 0, 0, 0, 0, 0, 0, 0, 0, 0, 0
node[2], 2774094101, 1435, 36.438587, 0.100000, 0.000000, 99026740.000000, 54281360.000000, 0.025000, 1.000000, 0, 3, 0, 3, 0, 0, 0, 0, 0, 0, 0, 0, 0, 0, 0, 0, 0, 0, 0, 0, 0, 0, 0, 0, 0, 0, 0, 0, 0, 0, 0, 0
node[0], 2357136044, 1436, 36.445266, 0.100000, -0.023000, 99026730.000000, 54275570.000000, 0.025000, 1.000000, 0, 3, 0, 2, 1, 0, 0, 0, 0, 0, 0, 0, 0, 0, 0, 0, 0, 0, 0, 0, 0, 0, 0, 0, 0, 0, 0, 0, 0, 0, 0, 0
node[3], 1277901399, 1437, 36.500713, 0.100000, 0.000000, 99026740.000000, 54284250.000000, 0.025000, 1.000000, 0, 3, 0, 2, 1, 0, 0, 0, 0, 0, 0, 0, 0, 0, 0, 0, 0, 0, 0, 0, 0, 0, 0, 0, 0, 0, 0, 0, 0, 0, 0, 0
node[1], 2588848963, 1438, 36.524564, 0.100000, 0.000000, 99026730.000000, 54278470.000000, 0.025000, 1.000000, 0, 3, 0, 3, 0, 0, 0, 0, 0, 0, 0, 0, 0, 0, 0, 0, 0, 0, 0, 0, 0, 0, 0, 0, 0, 0, 0, 0, 0, 0, 0, 0
node[2], 2774094101, 1439, 36.538587, 0.100000, 0.000000, 99026740.000000, 54281360.000000, 0.025000, 1.000000, 0, 3, 0, 3, 0, 0, 0, 0, 0, 0, 0, 0, 0, 0, 0, 0, 0, 0, 0, 0, 0, 0, 0, 0, 0, 0, 0, 0, 0, 0, 0, 0
node[0], 2357136044, 1440, 36.545266, 0.100000, 0.000000, 99026730.000000, 54275570.000000, 0.025000, 1.000000, 0, 3, 0, 2, 1, 0, 0, 0, 0, 0, 0, 0, 0, 0, 0, 0, 0, 0, 0, 0, 0, 0, 0, 0, 0, 0, 0, 0, 0, 0, 0, 0
node[3], 1277901399, 1441, 36.600713, 0.100000, 0.000000, 99026740.000000, 54284250.000000, 0.025000, 1.000000, 0, 3, 0, 2, 1, 0, 0, 0, 0, 0, 0, 0, 0, 0, 0, 0, 0, 0, 0, 0, 0, 0, 0, 0, 0, 0, 0, 0, 0, 0, 0, 0
node[1], 2588848963, 1442, 36.624564, 0.100000, 0.000000, 99026730.000000, 54278470.000000, 0.025000, 1.000000, 0, 3, 0, 3, 0, 0, 0, 0, 0, 0, 0, 0, 0, 0, 0, 0, 0, 0, 0, 0, 0, 0, 0, 0, 0, 0, 0, 0, 0, 0, 0, 0
node[2], 2774094101, 1443, 36.638587, 0.100000, 0.000000, 99026740.000000, 54281360.000000, 0.025000, 1.000000, 0, 3, 0, 3, 0, 0, 0, 0, 0, 0, 0, 0, 0, 0, 0, 0, 0, 0, 0, 0, 0, 0, 0, 0, 0, 0, 0, 0, 0, 0, 0, 0
node[0], 2357136044, 1444, 36.645266, 0.100000, 0.000000, 99026730.000000, 54275570.000000, 0.025000, 1.000000, 0, 3, 0, 2, 1, 0, 0, 0, 0, 0, 0, 0, 0, 0, 0, 0, 0, 0, 0, 0, 0, 0, 0, 0, 0, 0, 0, 0, 0, 0, 0, 0
node[3], 1277901399, 1445, 36.700713, 0.100000, 0.000000, 99026740.000000, 54284250.000000, 0.025000, 1.000000, 0, 3, 0, 2, 1, 0, 0, 0, 0, 0, 0, 0, 0, 0, 0, 0, 0, 0, 0, 0, 0, 0, 0, 0, 0, 0, 0, 0, 0, 0, 0, 0
node[1], 2588848963, 1446, 36.724564, 0.100000, 0.000000, 99026730.000000, 54278470.000000, 0.025000, 1.000000, 0, 3, 0, 3, 0, 0, 0, 0, 0, 0, 0, 0, 0, 0, 0, 0, 0, 0, 0, 0, 0, 0, 0, 0, 0, 0, 0, 0, 0, 0, 0, 0
node[2], 2774094101, 1447, 36.738587, 0.100000, 0.000000, 99026740.000000, 54281360.000000, 0.025000, 1.000000, 0, 3, 0, 3, 0, 0, 0, 0, 0, 0, 0, 0, 0, 0, 0, 0, 0, 0, 0, 0, 0, 0, 0, 0, 0, 0, 0, 0, 0, 0, 0, 0
node[0], 2357136044, 1448, 36.745266, 0.100000, 0.000000, 99026730.000000, 54275570.000000, 0.025000, 1.000000, 0, 3, 0, 2, 1, 0, 0, 0, 0, 0, 0, 0, 0, 0, 0, 0, 0, 0, 0, 0, 0, 0, 0, 0, 0, 0, 0, 0, 0, 0, 0, 0
node[3], 1277901399, 1449, 36.800713, 0.100000, -0.012000, 99026740.000000, 54284250.000000, 0.025000, 1.000000, 0, 3, 0, 2, 1, 0, 0, 0, 0, 0, 0, 0, 0, 0, 0, 0, 0, 0, 0, 0, 0, 0, 0, 0, 0, 0, 0, 0, 0, 0, 0, 0
node[1], 2588848963, 1450, 36.824564, 0.100000, -0.023000, 99026730.000000, 54278470.000000, 0.025000, 1.000000, 0, 3, 0, 3, 0, 0, 0, 0, 0, 0, 0, 0, 0, 0, 0, 0, 0, 0, 0, 0, 0, 0, 0, 0, 0, 0, 0, 0, 0, 0, 0, 0
node[2], 2774094101, 1451, 36.838587, 0.100000, 0.000000, 99026740.000000, 54281360.000000, 0.025000, 1.000000, 0, 3, 0, 3, 0, 0, 0, 0, 0, 0, 0, 0, 0, 0, 0, 0, 0, 0, 0, 0, 0, 0, 0, 0, 0, 0, 0, 0, 0, 0, 0, 0
node[0], 2357136044, 1452, 36.845266, 0.100000, 0.000000, 99026730.000000, 54275570.000000, 0.025000, 1.000000, 0, 3, 0, 2, 1, 0, 0, 0, 0, 0, 0, 0, 0, 0, 0, 0, 0, 0, 0, 0, 0, 0, 0, 0, 0, 0, 0, 0, 0, 0, 0, 0
node[3], 1277901399, 1453, 36.900713, 0.100000, 0.000000, 99026740.000000, 54284250.000000, 0.025000, 1.000000, 0, 3, 0, 2, 1, 0, 0, 0, 0, 0, 0, 0, 0, 0, 0, 0, 0, 0, 0, 0, 0, 0, 0, 0, 0, 0, 0, 0, 0, 0, 0, 0
node[1], 2588848963, 1454, 36.924564, 0.100000, -0.007000, 99026730.000000, 54278470.000000, 0.025000, 1.000000, 0, 3, 0, 3, 0, 0, 0, 0, 0, 0, 0, 0, 0, 0, 0, 0, 0, 0, 0, 0, 0, 0, 0, 0, 0, 0, 0, 0, 0, 0, 0, 0
node[2], 2774094101, 1455, 36.938587, 0.100000, -0.015000, 99026740.000000, 54281360.000000, 0.025000, 1.000000, 0, 3, 0, 3, 0, 0, 0, 0, 0, 0, 0, 0, 0, 0, 0, 0, 0, 0, 0, 0, 0, 0, 0, 0, 0, 0, 0, 0, 0, 0, 0, 0
node[0], 2357136044, 1456, 36.945266, 0.100000, 0.000000, 99026730.000000, 54275570.000000, 0.025000, 1.000000, 0, 3, 0, 2, 1, 0, 0, 0, 0, 0, 0, 0, 0, 0, 0, 0, 0, 0, 0, 0, 0, 0, 0, 0, 0, 0, 0, 0, 0, 0, 0, 0
node[3], 1277901399, 1457, 37.000713, 0.100000, 0.000000, 99026740.000000, 54284250.000000, 0.025000, 1.000000, 0, 3, 0, 2, 1, 0, 0, 0, 0, 0, 0, 0, 0, 0, 0, 0, 0, 0, 0, 0, 0, 0, 0, 0, 0, 0, 0, 0, 0, 0, 0, 0
node[1], 2588848963, 1458, 37.024564, 0.100000, 0.000000, 99026730.000000, 54278470.000000, 0.025000, 1.000000, 0, 3, 0, 3, 0, 0, 0, 0, 0, 0, 0, 0, 0, 0, 0, 0, 0, 0, 0, 0, 0, 0, 0, 0, 0, 0, 0, 0, 0, 0, 0, 0
node[2], 2774094101, 1459, 37.038587, 0.100000, 0.000000, 99026740.000000, 54281360.000000, 0.025000, 1.000000, 0, 3, 0, 3, 0, 0, 0, 0, 0, 0, 0, 0, 0, 0, 0, 0, 0, 0, 0, 0, 0, 0, 0, 0, 0, 0, 0, 0, 0, 0, 0, 0
node[0], 2357136044, 1460, 37.045266, 0.100000, 0.000000, 99026730.000000, 54275570.000000, 0.025000, 1.000000, 0, 3, 0, 2, 1, 0, 0, 0, 0, 0, 0, 0, 0, 0, 0, 0, 0, 0, 0, 0, 0, 0, 0, 0, 0, 0, 0, 0, 0, 0, 0, 0
node[3], 1277901399, 1461, 37.100713, 0.100000, 0.000000, 99026740.000000, 54284250.000000, 0.025000, 1.000000, 0, 3, 0, 2, 1, 0, 0, 0, 0, 0, 0, 0, 0, 0, 0, 0, 0, 0, 0, 0, 0, 0, 0, 0, 0, 0, 0, 0, 0, 0, 0, 0
node[1], 2588848963, 1462, 37.124564, 0.100000, 0.000000, 99026730.000000, 54278470.000000, 0.025000, 1.000000, 0, 3, 0, 3, 0, 0, 0, 0, 0, 0, 0, 0, 0, 0, 0, 0, 0, 0, 0, 0, 0, 0, 0, 0, 0, 0, 0, 0, 0, 0, 0, 0
node[2], 2774094101, 1463, 37.138587, 0.100000, 0.000000, 99026740.000000, 54281360.000000, 0.025000, 1.000000, 0, 3, 0, 3, 0, 0, 0, 0, 0, 0, 0, 0, 0, 0, 0, 0, 0, 0, 0, 0, 0, 0, 0, 0, 0, 0, 0, 0, 0, 0, 0, 0
node[0], 2357136044, 1464, 37.145266, 0.100000, -0.023000, 99026730.000000, 54275570.000000, 0.025000, 1.000000, 0, 3, 0, 2, 1, 0, 0, 0, 0, 0, 0, 0, 0, 0, 0, 0, 0, 0, 0, 0, 0, 0, 0, 0, 0, 0, 0, 0, 0, 0, 0, 0
node[3], 1277901399, 1465, 37.200713, 0.100000, -0.016000, 99026740.000000, 54284250.000000, 0.025000, 1.000000, 0, 3, 0, 2, 1, 0, 0, 0, 0, 0, 0, 0, 0, 0, 0, 0, 0, 0, 0, 0, 0, 0, 0, 0, 0, 0, 0, 0, 0, 0, 0, 0
node[1], 2588848963, 1466, 37.224564, 0.100000, 0.000000, 99026730.000000, 54278470.000000, 0.025000, 1.000000, 0, 3, 0, 3, 0, 0, 0, 0, 0, 0, 0, 0, 0, 0, 0, 0, 0, 0, 0, 0, 0, 0, 0, 0, 0, 0, 0, 0, 0, 0, 0, 0
node[2], 2774094101, 1467, 37.238587, 0.100000, -0.001000, 99026740.000000, 54281360.000000, 0.025000, 1.000000, 0, 3, 0, 3, 0, 0, 0, 0, 0, 0, 0, 0, 0, 0, 0, 0, 0, 0, 0, 0, 0, 0, 0, 0, 0, 0, 0, 0, 0, 0, 0, 0
node[0], 2357136044, 1468, 37.245266, 0.100000, -0.004000, 99026730.000000, 54275570.000000, 0.025000, 1.000000, 0, 3, 0, 2, 1, 0, 0, 0, 0, 0, 0, 0, 0, 0, 0, 0, 0, 0, 0, 0, 0, 0, 0, 0, 0, 0, 0, 0, 0, 0, 0, 0
node[3], 1277901399, 1469, 37.300713, 0.100000, 0.000000, 99026740.000000, 54284250.000000, 0.025000, 1.000000, 0, 3, 0, 2, 1, 0, 0, 0, 0, 0, 0, 0, 0, 0, 0, 0, 0, 0, 0, 0, 0, 0, 0, 0, 0, 0, 0, 0, 0, 0, 0, 0
node[1], 2588848963, 1470, 37.324564, 0.100000, 0.000000, 99026730.000000, 54278470.000000, 0.025000, 1.000000, 0, 3, 0, 3, 0, 0, 0, 0, 0, 0, 0, 0, 0, 0, 0, 0, 0, 0, 0, 0, 0, 0, 0, 0, 0, 0, 0, 0, 0, 0, 0, 0
node[2], 2774094101, 1471, 37.338587, 0.100000, 0.000000, 99026740.000000, 54281360.000000, 0.025000, 1.000000, 0, 3, 0, 3, 0, 0, 0, 0, 0, 0, 0, 0, 0, 0, 0, 0, 0, 0, 0, 0, 0, 0, 0, 0, 0, 0, 0, 0, 0, 0, 0, 0
node[0], 2357136044, 1472, 37.345266, 0.100000, -0.015000, 99026730.000000, 54275570.000000, 0.025000, 1.000000, 0, 3, 0, 2, 1, 0, 0, 0, 0, 0, 0, 0, 0, 0, 0, 0, 0, 0, 0, 0, 0, 0, 0, 0, 0, 0, 0, 0, 0, 0, 0, 0
node[3], 1277901399, 1473, 37.400713, 0.100000, -0.004000, 99026740.000000, 54284250.000000, 0.025000, 1.000000, 0, 3, 0, 2, 1, 0, 0, 0, 0, 0, 0, 0, 0, 0, 0, 0, 0, 0, 0, 0, 0, 0, 0, 0, 0, 0, 0, 0, 0, 0, 0, 0
node[1], 2588848963, 1474, 37.424564, 0.100000, -0.020000, 99026730.000000, 54278470.000000, 0.025000, 1.000000, 0, 3, 0, 3, 0, 0, 0, 0, 0, 0, 0, 0, 0, 0, 0, 0, 0, 0, 0, 0, 0, 0, 0, 0, 0, 0, 0, 0, 0, 0, 0, 0
node[2], 2774094101, 1475, 37.438587, 0.100000, 0.000000, 99026740.000000, 54281360.000000, 0.025000, 1.000000, 0, 3, 0, 3, 0, 0, 0, 0, 0, 0, 0, 0, 0, 0, 0, 0, 0, 0, 0, 0, 0, 0, 0, 0, 0, 0, 0, 0, 0, 0, 0, 0
node[0], 2357136044, 1476, 37.445266, 0.100000, 0.000000, 99026730.000000, 54275570.000000, 0.025000, 1.000000, 0, 3, 0, 2, 1, 0, 0, 0, 0, 0, 0, 0, 0, 0, 0, 0, 0, 0, 0, 0, 0, 0, 0, 0, 0, 0, 0, 0, 0, 0, 0, 0
node[3], 1277901399, 1477, 37.500713, 0.100000, -0.003000, 99026740.000000, 54284250.000000, 0.025000, 1.000000, 0, 3, 0, 2, 1, 0, 0, 0, 0, 0, 0, 0, 0, 0, 0, 0, 0, 0, 0, 0, 0, 0, 0, 0, 0, 0, 0, 0, 0, 0, 0, 0
node[1], 2588848963, 1478, 37.524564, 0.100000, -0.010000, 99026730.000000, 54278470.000000, 0.025000, 1.000000, 0, 3, 0, 3, 0, 0, 0, 0, 0, 0, 0, 0, 0, 0, 0, 0, 0, 0, 0, 0, 0, 0, 0, 0, 0, 0, 0, 0, 0, 0, 0, 0
node[2], 2774094101, 1479, 37.538587, 0.100000, -0.018000, 99026740.000000, 54281360.000000, 0.025000, 1.000000, 0, 3, 0, 3, 0, 0, 0, 0, 0, 0, 0, 0, 0, 0, 0, 0, 0, 0, 0, 0, 0, 0, 0, 0, 0, 0, 0, 0, 0, 0, 0, 0
node[0], 2357136044, 1480, 37.545266, 0.100000, 0.000000, 99026730.000000, 54275570.000000, 0.025000, 1.000000, 0, 3, 0, 2, 1, 0, 0, 0, 0, 0, 0, 0, 0, 0, 0, 0, 0, 0, 0, 0, 0, 0, 0, 0, 0, 0, 0, 0, 0, 0, 0, 0
node[3], 1277901399, 1481, 37.600713, 0.100000, 0.000000, 99026740.000000, 54284250.000000, 0.025000, 1.000000, 0, 3, 0, 2, 1, 0, 0, 0, 0, 0, 0, 0, 0, 0, 0, 0, 0, 0, 0, 0, 0, 0, 0, 0, 0, 0, 0, 0, 0, 0, 0, 0
node[1], 2588848963, 1482, 37.624564, 0.100000, 0.000000, 99026730.000000, 54278470.000000, 0.025000, 1.000000, 0, 3, 0, 3, 0, 0, 0, 0, 0, 0, 0, 0, 0, 0, 0, 0, 0, 0, 0, 0, 0, 0, 0, 0, 0, 0, 0, 0, 0, 0, 0, 0
node[2], 2774094101, 1483, 37.638587, 0.100000, 0.000000, 99026740.000000, 54281360.000000, 0.025000, 1.000000, 0, 3, 0, 3, 0, 0, 0, 0, 0, 0, 0, 0, 0, 0, 0, 0, 0, 0, 0, 0, 0, 0, 0, 0, 0, 0, 0, 0, 0, 0, 0, 0
node[0], 2357136044, 1484, 37.645266, 0.100000, 0.000000, 99026730.000000, 54275570.000000, 0.025000, 1.000000, 0, 3, 0, 2, 1, 0, 0, 0, 0, 0, 0, 0, 0, 0, 0, 0, 0, 0, 0, 0, 0, 0, 0, 0, 0, 0, 0, 0, 0, 0, 0, 0
node[3], 1277901399, 1485, 37.700713, 0.100000, 0.000000, 99026740.000000, 54284250.000000, 0.025000, 1.000000, 0, 3, 0, 2, 1, 0, 0, 0, 0, 0, 0, 0, 0, 0, 0, 0, 0, 0, 0, 0, 0, 0, 0, 0, 0, 0, 0, 0, 0, 0, 0, 0
node[1], 2588848963, 1486, 37.724564, 0.100000, 0.000000, 99026730.000000, 54278470.000000, 0.025000, 1.000000, 0, 3, 0, 3, 0, 0, 0, 0, 0, 0, 0, 0, 0, 0, 0, 0, 0, 0, 0, 0, 0, 0, 0, 0, 0, 0, 0, 0, 0, 0, 0, 0
node[2], 2774094101, 1487, 37.738587, 0.100000, 0.000000, 99026740.000000, 54281360.000000, 0.025000, 1.000000, 0, 3, 0, 3, 0, 0, 0, 0, 0, 0, 0, 0, 0, 0, 0, 0, 0, 0, 0, 0, 0, 0, 0, 0, 0, 0, 0, 0, 0, 0, 0, 0
node[0], 2357136044, 1488, 37.745266, 0.100000, 0.000000, 99026730.000000, 54275570.000000, 0.025000, 1.000000, 0, 3, 0, 2, 1, 0, 0, 0, 0, 0, 0, 0, 0, 0, 0, 0, 0, 0, 0, 0, 0, 0, 0, 0, 0, 0, 0, 0, 0, 0, 0, 0
node[3], 1277901399, 1489, 37.800713, 0.100000, 0.000000, 99026740.000000, 54284250.000000, 0.025000, 1.000000, 0, 3, 0, 2, 1, 0, 0, 0, 0, 0, 0, 0, 0, 0, 0, 0, 0, 0, 0, 0, 0, 0, 0, 0, 0, 0, 0, 0, 0, 0, 0, 0
node[1], 2588848963, 1490, 37.824564, 0.100000, 0.000000, 99026730.000000, 54278470.000000, 0.025000, 1.000000, 0, 3, 0, 3, 0, 0, 0, 0, 0, 0, 0, 0, 0, 0, 0, 0, 0, 0, 0, 0, 0, 0, 0, 0, 0, 0, 0, 0, 0, 0, 0, 0
node[2], 2774094101, 1491, 37.838587, 0.100000, -0.007000, 99026740.000000, 54281360.000000, 0.025000, 1.000000, 0, 3, 0, 3, 0, 0, 0, 0, 0, 0, 0, 0, 0, 0, 0, 0, 0, 0, 0, 0, 0, 0, 0, 0, 0, 0, 0, 0, 0, 0, 0, 0
node[0], 2357136044, 1492, 37.845266, 0.100000, 0.000000, 99026730.000000, 54275570.000000, 0.025000, 1.000000, 0, 3, 0, 2, 1, 0, 0, 0, 0, 0, 0, 0, 0, 0, 0, 0, 0, 0, 0, 0, 0, 0, 0, 0, 0, 0, 0, 0, 0, 0, 0, 0
node[3], 1277901399, 1493, 37.900713, 0.100000, 0.000000, 99026740.000000, 54284250.000000, 0.025000, 1.000000, 0, 3, 0, 2, 1, 0, 0, 0, 0, 0, 0, 0, 0, 0, 0, 0, 0, 0, 0, 0, 0, 0, 0, 0, 0, 0, 0, 0, 0, 0, 0, 0
node[1], 2588848963, 1494, 37.924564, 0.100000, 0.000000, 99026730.000000, 54278470.000000, 0.025000, 1.000000, 0, 3, 0, 3, 0, 0, 0, 0, 0, 0, 0, 0, 0, 0, 0, 0, 0, 0, 0, 0, 0, 0, 0, 0, 0, 0, 0, 0, 0, 0, 0, 0
node[2], 2774094101, 1495, 37.938587, 0.100000, -0.005000, 99026740.000000, 54281360.000000, 0.025000, 1.000000, 0, 3, 0, 3, 0, 0, 0, 0, 0, 0, 0, 0, 0, 0, 0, 0, 0, 0, 0, 0, 0, 0, 0, 0, 0, 0, 0, 0, 0, 0, 0, 0
node[0], 2357136044, 1496, 37.945266, 0.100000, -0.024000, 99026730.000000, 54275570.000000, 0.025000, 1.000000, 0, 3, 0, 2, 1, 0, 0, 0, 0, 0, 0, 0, 0, 0, 0, 0, 0, 0, 0, 0, 0, 0, 0, 0, 0, 0, 0, 0, 0, 0, 0, 0
node[3], 1277901399, 1497, 38.000713, 0.100000, -0.018000, 99026740.000000, 54284250.000000, 0.025000, 1.000000, 0, 3, 0, 2, 1, 0, 0, 0, 0, 0, 0, 0, 0, 0, 0, 0, 0, 0, 0, 0, 0, 0, 0, 0, 0, 0, 0, 0, 0, 0, 0, 0
node[1], 2588848963, 1498, 38.024564, 0.100000, -0.001000, 99026730.000000, 54278470.000000, 0.025000, 1.000000, 0, 3, 0, 3, 0, 0, 0, 0, 0, 0, 0, 0, 0, 0, 0, 0, 0, 0, 0, 0, 0, 0, 0, 0, 0, 0, 0, 0, 0, 0, 0, 0
node[2], 2774094101, 1499, 38.038587, 0.100000, 0.000000, 99026740.000000, 54281360.000000, 0.025000, 1.000000, 0, 3, 0, 3, 0, 0, 0, 0, 0, 0, 0, 0, 0, 0, 0, 0, 0, 0, 0, 0, 0, 0, 0, 0, 0, 0, 0, 0, 0, 0, 0, 0
node[0], 2357136044, 1500, 38.045266, 0.100000, -0.024000, 99026730.000000, 54275570.000000, 0.025000, 1.000000, 0, 3, 0, 2, 1, 0, 0, 0, 0, 0, 0, 0, 0, 0, 0, 0, 0, 0, 0, 0, 0, 0, 0, 0, 0, 0, 0, 0, 0, 0, 0, 0
node[3], 1277901399, 1501, 38.100713, 0.100000, -0.003000, 99026740.000000, 54284250.000000, 0.025000, 1.000000, 0, 3, 0, 2, 1, 0, 0, 0, 0, 0, 0, 0, 0, 0, 0, 0, 0, 0, 0, 0, 0, 0, 0, 0, 0, 0, 0, 0, 0, 0, 0, 0
node[1], 2588848963, 1502, 38.124564, 0.100000, 0.000000, 99026730.000000, 54278470.000000, 0.025000, 1.000000, 0, 3, 0, 3, 0, 0, 0, 0, 0, 0, 0, 0, 0, 0, 0, 0, 0, 0, 0, 0, 0, 0, 0, 0, 0, 0, 0, 0, 0, 0, 0, 0
node[2], 2774094101, 1503, 38.138587, 0.100000, 0.000000, 99026740.000000, 54281360.000000, 0.025000, 1.000000, 0, 3, 0, 3, 0, 0, 0, 0, 0, 0, 0, 0, 0, 0, 0, 0, 0, 0, 0, 0, 0, 0, 0, 0, 0, 0, 0, 0, 0, 0, 0, 0
node[0], 2357136044, 1504, 38.145266, 0.100000, 0.000000, 99026730.000000, 54275570.000000, 0.025000, 1.000000, 0, 3, 0, 2, 1, 0, 0, 0, 0, 0, 0, 0, 0, 0, 0, 0, 0, 0, 0, 0, 0, 0, 0, 0, 0, 0, 0, 0, 0, 0, 0, 0
node[3], 1277901399, 1505, 38.200713, 0.100000, 0.000000, 99026740.000000, 54284250.000000, 0.025000, 1.000000, 0, 3, 0, 2, 1, 0, 0, 0, 0, 0, 0, 0, 0, 0, 0, 0, 0, 0, 0, 0, 0, 0, 0, 0, 0, 0, 0, 0, 0, 0, 0, 0
node[1], 2588848963, 1506, 38.224564, 0.100000, 0.000000, 99026730.000000, 54278470.000000, 0.025000, 1.000000, 0, 3, 0, 3, 0, 0, 0, 0, 0, 0, 0, 0, 0, 0, 0, 0, 0, 0, 0, 0, 0, 0, 0, 0, 0, 0, 0, 0, 0, 0, 0, 0
node[2], 2774094101, 1507, 38.238587, 0.100000, 0.000000, 99026740.000000, 54281360.000000, 0.025000, 1.000000, 0, 3, 0, 3, 0, 0, 0, 0, 0, 0, 0, 0, 0, 0, 0, 0, 0, 0, 0, 0, 0, 0, 0, 0, 0, 0, 0, 0, 0, 0, 0, 0
node[0], 2357136044, 1508, 38.245266, 0.100000, 0.000000, 99026730.000000, 54275570.000000, 0.025000, 1.000000, 0, 3, 0, 2, 1, 0, 0, 0, 0, 0, 0, 0, 0, 0, 0, 0, 0, 0, 0, 0, 0, 0, 0, 0, 0, 0, 0, 0, 0, 0, 0, 0
node[3], 1277901399, 1509, 38.300713, 0.100000, 0.000000, 99026740.000000, 54284250.000000, 0.025000, 1.000000, 0, 3, 0, 2, 1, 0, 0, 0, 0, 0, 0, 0, 0, 0, 0, 0, 0, 0, 0, 0, 0, 0, 0, 0, 0, 0, 0, 0, 0, 0, 0, 0
node[1], 2588848963, 1510, 38.324564, 0.100000, 0.000000, 99026730.000000, 54278470.000000, 0.025000, 1.000000, 0, 3, 0, 3, 0, 0, 0, 0, 0, 0, 0, 0, 0, 0, 0, 0, 0, 0, 0, 0, 0, 0, 0, 0, 0, 0, 0, 0, 0, 0, 0, 0
node[2], 2774094101, 1511, 38.338587, 0.100000, 0.000000, 99026740.000000, 54281360.000000, 0.025000, 1.000000, 0, 3, 0, 3, 0, 0, 0, 0, 0, 0, 0, 0, 0, 0, 0, 0, 0, 0, 0, 0, 0, 0, 0, 0, 0, 0, 0, 0, 0, 0, 0, 0
node[0], 2357136044, 1512, 38.345266, 0.100000, 0.000000, 99026730.000000, 54275570.000000, 0.025000, 1.000000, 0, 3, 0, 2, 1, 0, 0, 0, 0, 0, 0, 0, 0, 0, 0, 0, 0, 0, 0, 0, 0, 0, 0, 0, 0, 0, 0, 0, 0, 0, 0, 0
node[3], 1277901399, 1513, 38.400713, 0.100000, 0.000000, 99026740.000000, 54284250.000000, 0.025000, 1.000000, 0, 3, 0, 2, 1, 0, 0, 0, 0, 0, 0, 0, 0, 0, 0, 0, 0, 0, 0, 0, 0, 0, 0, 0, 0, 0, 0, 0, 0, 0, 0, 0
node[1], 2588848963, 1514, 38.424564, 0.100000, -0.018000, 99026730.000000, 54278470.000000, 0.025000, 1.000000, 0, 3, 0, 3, 0, 0, 0, 0, 0, 0, 0, 0, 0, 0, 0, 0, 0, 0, 0, 0, 0, 0, 0, 0, 0, 0, 0, 0, 0, 0, 0, 0
node[2], 2774094101, 1515, 38.438587, 0.100000, -0.007000, 99026740.000000, 54281360.000000, 0.025000, 1.000000, 0, 3, 0, 3, 0, 0, 0, 0, 0, 0, 0, 0, 0, 0, 0, 0, 0, 0, 0, 0, 0, 0, 0, 0, 0, 0, 0, 0, 0, 0, 0, 0
node[0], 2357136044, 1516, 38.445266, 0.100000, 0.000000, 99026730.000000, 54275570.000000, 0.025000, 1.000000, 0, 3, 0, 2, 1, 0, 0, 0, 0, 0, 0, 0, 0, 0, 0, 0, 0, 0, 0, 0, 0, 0, 0, 0, 0, 0, 0, 0, 0, 0, 0, 0
node[3], 1277901399, 1517, 38.500713, 0.100000, 0.000000, 99026740.000000, 54284250.000000, 0.025000, 1.000000, 0, 3, 0, 2, 1, 0, 0, 0, 0, 0, 0, 0, 0, 0, 0, 0, 0, 0, 0, 0, 0, 0, 0, 0, 0, 0, 0, 0, 0, 0, 0, 0
node[1], 2588848963, 1518, 38.524564, 0.100000, -0.012000, 99026730.000000, 54278470.000000, 0.025000, 1.000000, 0, 3, 0, 3, 0, 0, 0, 0, 0, 0, 0, 0, 0, 0, 0, 0, 0, 0, 0, 0, 0, 0, 0, 0, 0, 0, 0, 0, 0, 0, 0, 0
node[2], 2774094101, 1519, 38.538587, 0.100000, 0.000000, 99026740.000000, 54281360.000000, 0.025000, 1.000000, 0, 3, 0, 3, 0, 0, 0, 0, 0, 0, 0, 0, 0, 0, 0, 0, 0, 0, 0, 0, 0, 0, 0, 0, 0, 0, 0, 0, 0, 0, 0, 0
node[0], 2357136044, 1520, 38.545266, 0.100000, 0.000000, 99026730.000000, 54275570.000000, 0.025000, 1.000000, 0, 3, 0, 2, 1, 0, 0, 0, 0, 0, 0, 0, 0, 0, 0, 0, 0, 0, 0, 0, 0, 0, 0, 0, 0, 0, 0, 0, 0, 0, 0, 0
node[3], 1277901399, 1521, 38.600713, 0.100000, 0.000000, 99026740.000000, 54284250.000000, 0.025000, 1.000000, 0, 3, 0, 2, 1, 0, 0, 0, 0, 0, 0, 0, 0, 0, 0, 0, 0, 0, 0, 0, 0, 0, 0, 0, 0, 0, 0, 0, 0, 0, 0, 0
node[1], 2588848963, 1522, 38.624564, 0.100000, -0.022000, 99026730.000000, 54278470.000000, 0.025000, 1.000000, 0, 3, 0, 3, 0, 0, 0, 0, 0, 0, 0, 0, 0, 0, 0, 0, 0, 0, 0, 0, 0, 0, 0, 0, 0, 0, 0, 0, 0, 0, 0, 0
node[2], 2774094101, 1523, 38.638587, 0.100000, 0.000000, 99026740.000000, 54281360.000000, 0.025000, 1.000000, 0, 3, 0, 3, 0, 0, 0, 0, 0, 0, 0, 0, 0, 0, 0, 0, 0, 0, 0, 0, 0, 0, 0, 0, 0, 0, 0, 0, 0, 0, 0, 0
node[0], 2357136044, 1524, 38.645266, 0.100000, -0.014000, 99026730.000000, 54275570.000000, 0.025000, 1.000000, 0, 3, 0, 2, 1, 0, 0, 0, 0, 0, 0, 0, 0, 0, 0, 0, 0, 0, 0, 0, 0, 0, 0, 0, 0, 0, 0, 0, 0, 0, 0, 0
node[3], 1277901399, 1525, 38.700713, 0.100000, 0.000000, 99026740.000000, 54284250.000000, 0.025000, 1.000000, 0, 3, 0, 2, 1, 0, 0, 0, 0, 0, 0, 0, 0, 0, 0, 0, 0, 0, 0, 0, 0, 0, 0, 0, 0, 0, 0, 0, 0, 0, 0, 0
node[1], 2588848963, 1526, 38.724564, 0.100000, 0.000000, 99026730.000000, 54278470.000000, 0.025000, 1.000000, 0, 3, 0, 3, 0, 0, 0, 0, 0, 0, 0, 0, 0, 0, 0, 0, 0, 0, 0, 0, 0, 0, 0, 0, 0, 0, 0, 0, 0, 0, 0, 0
node[2], 2774094101, 1527, 38.738587, 0.100000, 0.000000, 99026740.000000, 54281360.000000, 0.025000, 1.000000, 0, 3, 0, 3, 0, 0, 0, 0, 0, 0, 0, 0, 0, 0, 0, 0, 0, 0, 0, 0, 0, 0, 0, 0, 0, 0, 0, 0, 0, 0, 0, 0
node[0], 2357136044, 1528, 38.745266, 0.100000, -0.016000, 99026730.000000, 54275570.000000, 0.025000, 1.000000, 0, 3, 0, 2, 1, 0, 0, 0, 0, 0, 0, 0, 0, 0, 0, 0, 0, 0, 0, 0, 0, 0, 0, 0, 0, 0, 0, 0, 0, 0, 0, 0
node[3], 1277901399, 1529, 38.800713, 0.100000, 0.000000, 99026740.000000, 54284250.000000, 0.025000, 1.000000, 0, 3, 0, 2, 1, 0, 0, 0, 0, 0, 0, 0, 0, 0, 0, 0, 0, 0, 0, 0, 0, 0, 0, 0, 0, 0, 0, 0, 0, 0, 0, 0
node[1], 2588848963, 1530, 38.824564, 0.100000, 0.000000, 99026730.000000, 54278470.000000, 0.025000, 1.000000, 0, 3, 0, 3, 0, 0, 0, 0, 0, 0, 0, 0, 0, 0, 0, 0, 0, 0, 0, 0, 0, 0, 0, 0, 0, 0, 0, 0, 0, 0, 0, 0
node[2], 2774094101, 1531, 38.838587, 0.100000, 0.000000, 99026740.000000, 54281360.000000, 0.025000, 1.000000, 0, 3, 0, 3, 0, 0, 0, 0, 0, 0, 0, 0, 0, 0, 0, 0, 0, 0, 0, 0, 0, 0, 0, 0, 0, 0, 0, 0, 0, 0, 0, 0
node[0], 2357136044, 1532, 38.845266, 0.100000, -0.006000, 99026730.000000, 54275570.000000, 0.025000, 1.000000, 0, 3, 0, 2, 1, 0, 0, 0, 0, 0, 0, 0, 0, 0, 0, 0, 0, 0, 0, 0, 0, 0, 0, 0, 0, 0, 0, 0, 0, 0, 0, 0
node[3], 1277901399, 1533, 38.900713, 0.100000, -0.006000, 99026740.000000, 54284250.000000, 0.025000, 1.000000, 0, 3, 0, 2, 1, 0, 0, 0, 0, 0, 0, 0, 0, 0, 0, 0, 0, 0, 0, 0, 0, 0, 0, 0, 0, 0, 0, 0, 0, 0, 0, 0
node[1], 2588848963, 1534, 38.924564, 0.100000, -0.014000, 99026730.000000, 54278470.000000, 0.025000, 1.000000, 0, 3, 0, 3, 0, 0, 0, 0, 0, 0, 0, 0, 0, 0, 0, 0, 0, 0, 0, 0, 0, 0, 0, 0, 0, 0, 0, 0, 0, 0, 0, 0
node[2], 2774094101, 1535, 38.938587, 0.100000, 0.000000, 99026740.000000, 54281360.000000, 0.025000, 1.000000, 0, 3, 0, 3, 0, 0, 0, 0, 0, 0, 0, 0, 0, 0, 0, 0, 0, 0, 0, 0, 0, 0, 0, 0, 0, 0, 0, 0, 0, 0, 0, 0
node[0], 2357136044, 1536, 38.945266, 0.100000, 0.000000, 99026730.000000, 54275570.000000, 0.025000, 1.000000, 0, 3, 0, 2, 1, 0, 0, 0, 0, 0, 0, 0, 0, 0, 0, 0, 0, 0, 0, 0, 0, 0, 0, 0, 0, 0, 0, 0, 0, 0, 0, 0
node[3], 1277901399, 1537, 39.000713, 0.100000, -0.008000, 99026740.000000, 54284250.000000, 0.025000, 1.000000, 0, 3, 0, 2, 1, 0, 0, 0, 0, 0, 0, 0, 0, 0, 0, 0, 0, 0, 0, 0, 0, 0, 0, 0, 0, 0, 0, 0, 0, 0, 0, 0
node[1], 2588848963, 1538, 39.024564, 0.100000, 0.000000, 99026730.000000, 54278470.000000, 0.025000, 1.000000, 0, 3, 0, 3, 0, 0, 0, 0, 0, 0, 0, 0, 0, 0, 0, 0, 0, 0, 0, 0, 0, 0, 0, 0, 0, 0, 0, 0, 0, 0, 0, 0
node[2], 2774094101, 1539, 39.038587, 0.100000, 0.000000, 99026740.000000, 54281360.000000, 0.025000, 1.000000, 0, 3, 0, 3, 0, 0, 0, 0, 0, 0, 0, 0, 0, 0, 0, 0, 0, 0, 0, 0, 0, 0, 0, 0, 0, 0, 0, 0, 0, 0, 0, 0
node[0], 2357136044, 1540, 39.045266, 0.100000, -0.018000, 99026730.000000, 54275570.000000, 0.025000, 1.000000, 0, 3, 0, 2, 1, 0, 0, 0, 0, 0, 0, 0, 0, 0, 0, 0, 0, 0, 0, 0, 0, 0, 0, 0, 0, 0, 0, 0, 0, 0, 0, 0
node[3], 1277901399, 1541, 39.100713, 0.100000, -0.020000, 99026740.000000, 54284250.000000, 0.025000, 1.000000, 0, 3, 0, 2, 1, 0, 0, 0, 0, 0, 0, 0, 0, 0, 0, 0, 0, 0, 0, 0, 0, 0, 0, 0, 0, 0, 0, 0, 0, 0, 0, 0
node[1], 2588848963, 1542, 39.124564, 0.100000, -0.017000, 99026730.000000, 54278470.000000, 0.025000, 1.000000, 0, 3, 0, 3, 0, 0, 0, 0, 0, 0, 0, 0, 0, 0, 0, 0, 0, 0, 0, 0, 0, 0, 0, 0, 0, 0, 0, 0, 0, 0, 0, 0
node[2], 2774094101, 1543, 39.138587, 0.100000, 0.000000, 99026740.000000, 54281360.000000, 0.025000, 1.000000, 0, 3, 0, 3, 0, 0, 0, 0, 0, 0, 0, 0, 0, 0, 0, 0, 0, 0, 0, 0, 0, 0, 0, 0, 0, 0, 0, 0, 0, 0, 0, 0
node[0], 2357136044, 1544, 39.145266, 0.100000, 0.000000, 99026730.000000, 54275570.000000, 0.025000, 1.000000, 0, 3, 0, 2, 1, 0, 0, 0, 0, 0, 0, 0, 0, 0, 0, 0, 0, 0, 0, 0, 0, 0, 0, 0, 0, 0, 0, 0, 0, 0, 0, 0
node[3], 1277901399, 1545, 39.200713, 0.100000, 0.000000, 99026740.000000, 54284250.000000, 0.025000, 1.000000, 0, 3, 0, 2, 1, 0, 0, 0, 0, 0, 0, 0, 0, 0, 0, 0, 0, 0, 0, 0, 0, 0, 0, 0, 0, 0, 0, 0, 0, 0, 0, 0
node[1], 2588848963, 1546, 39.224564, 0.100000, 0.000000, 99026730.000000, 54278470.000000, 0.025000, 1.000000, 0, 3, 0, 3, 0, 0, 0, 0, 0, 0, 0, 0, 0, 0, 0, 0, 0, 0, 0, 0, 0, 0, 0, 0, 0, 0, 0, 0, 0, 0, 0, 0
node[2], 2774094101, 1547, 39.238587, 0.100000, -0.010000, 99026740.000000, 54281360.000000, 0.025000, 1.000000, 0, 3, 0, 3, 0, 0, 0, 0, 0, 0, 0, 0, 0, 0, 0, 0, 0, 0, 0, 0, 0, 0, 0, 0, 0, 0, 0, 0, 0, 0, 0, 0
node[0], 2357136044, 1548, 39.245266, 0.100000, -0.024000, 99026730.000000, 54275570.000000, 0.025000, 1.000000, 0, 3, 0, 2, 1, 0, 0, 0, 0, 0, 0, 0, 0, 0, 0, 0, 0, 0, 0, 0, 0, 0, 0, 0, 0, 0, 0, 0, 0, 0, 0, 0
node[3], 1277901399, 1549, 39.300713, 0.100000, 0.000000, 99026740.000000, 54284250.000000, 0.025000, 1.000000, 0, 3, 0, 2, 1, 0, 0, 0, 0, 0, 0, 0, 0, 0, 0, 0, 0, 0, 0, 0, 0, 0, 0, 0, 0, 0, 0, 0, 0, 0, 0, 0
node[1], 2588848963, 1550, 39.324564, 0.100000, 0.000000, 99026730.000000, 54278470.000000, 0.025000, 1.000000, 0, 3, 0, 3, 0, 0, 0, 0, 0, 0, 0, 0, 0, 0, 0, 0, 0, 0, 0, 0, 0, 0, 0, 0, 0, 0, 0, 0, 0, 0, 0, 0
node[2], 2774094101, 1551, 39.338587, 0.100000, -0.004000, 99026740.000000, 54281360.000000, 0.025000, 1.000000, 0, 3, 0, 3, 0, 0, 0, 0, 0, 0, 0, 0, 0, 0, 0, 0, 0, 0, 0, 0, 0, 0, 0, 0, 0, 0, 0, 0, 0, 0, 0, 0
node[0], 2357136044, 1552, 39.345266, 0.100000, 0.000000, 99026730.000000, 54275570.000000, 0.025000, 1.000000, 0, 3, 0, 2, 1, 0, 0, 0, 0, 0, 0, 0, 0, 0, 0, 0, 0, 0, 0, 0, 0, 0, 0, 0, 0, 0, 0, 0, 0, 0, 0, 0
node[3], 1277901399, 1553, 39.400713, 0.100000, 0.000000, 99026740.000000, 54284250.000000, 0.025000, 1.000000, 0, 3, 0, 2, 1, 0, 0, 0, 0, 0, 0, 0, 0, 0, 0, 0, 0, 0, 0, 0, 0, 0, 0, 0, 0, 0, 0, 0, 0, 0, 0, 0
node[1], 2588848963, 1554, 39.424564, 0.100000, -0.015000, 99026730.000000, 54278470.000000, 0.025000, 1.000000, 0, 3, 0, 3, 0, 0, 0, 0, 0, 0, 0, 0, 0, 0, 0, 0, 0, 0, 0, 0, 0, 0, 0, 0, 0, 0, 0, 0, 0, 0, 0, 0
node[2], 2774094101, 1555, 39.438587, 0.100000, 0.000000, 99026740.000000, 54281360.000000, 0.025000, 1.000000, 0, 3, 0, 3, 0, 0, 0, 0, 0, 0, 0, 0, 0, 0, 0, 0, 0, 0, 0, 0, 0, 0, 0, 0, 0, 0, 0, 0, 0, 0, 0, 0
node[0], 2357136044, 1556, 39.445266, 0.100000, 0.000000, 99026730.000000, 54275570.000000, 0.025000, 1.000000, 0, 3, 0, 2, 1, 0, 0, 0, 0, 0, 0, 0, 0, 0, 0, 0, 0, 0, 0, 0, 0, 0, 0, 0, 0, 0, 0, 0, 0, 0, 0, 0
node[3], 1277901399, 1557, 39.500713, 0.100000, -0.005000, 99026740.000000, 54284250.000000, 0.025000, 1.000000, 0, 3, 0, 2, 1, 0, 0, 0, 0, 0, 0, 0, 0, 0, 0, 0, 0, 0, 0, 0, 0, 0, 0, 0, 0, 0, 0, 0, 0, 0, 0, 0
node[1], 2588848963, 1558, 39.524564, 0.100000, 0.000000, 99026730.000000, 54278470.000000, 0.025000, 1.000000, 0, 3, 0, 3, 0, 0, 0, 0, 0, 0, 0, 0, 0, 0, 0, 0, 0, 0, 0, 0, 0, 0, 0, 0, 0, 0, 0, 0, 0, 0, 0, 0
node[2], 2774094101, 1559, 39.538587, 0.100000, 0.000000, 99026740.000000, 54281360.000000, 0.025000, 1.000000, 0, 3, 0, 3, 0, 0, 0, 0, 0, 0, 0, 0, 0, 0, 0, 0, 0, 0, 0, 0, 0, 0, 0, 0, 0, 0, 0, 0, 0, 0, 0, 0
node[0], 2357136044, 1560, 39.545266, 0.100000, 0.000000, 99026730.000000, 54275570.000000, 0.025000, 1.000000, 0, 3, 0, 2, 1, 0, 0, 0, 0, 0, 0, 0, 0, 0, 0, 0, 0, 0, 0, 0, 0, 0, 0, 0, 0, 0, 0, 0, 0, 0, 0, 0
node[3], 1277901399, 1561, 39.600713, 0.100000, 0.000000, 99026740.000000, 54284250.000000, 0.025000, 1.000000, 0, 3, 0, 2, 1, 0, 0, 0, 0, 0, 0, 0, 0, 0, 0, 0, 0, 0, 0, 0, 0, 0, 0, 0, 0, 0, 0, 0, 0, 0, 0, 0
node[1], 2588848963, 1562, 39.624564, 0.100000, 0.000000, 99026730.000000, 54278470.000000, 0.025000, 1.000000, 0, 3, 0, 3, 0, 0, 0, 0, 0, 0, 0, 0, 0, 0, 0, 0, 0, 0, 0, 0, 0, 0, 0, 0, 0, 0, 0, 0, 0, 0, 0, 0
node[2], 2774094101, 1563, 39.638587, 0.100000, -0.008000, 99026740.000000, 54281360.000000, 0.025000, 1.000000, 0, 3, 0, 3, 0, 0, 0, 0, 0, 0, 0, 0, 0, 0, 0, 0, 0, 0, 0, 0, 0, 0, 0, 0, 0, 0, 0, 0, 0, 0, 0, 0
node[0], 2357136044, 1564, 39.645266, 0.100000, -0.001000, 99026730.000000, 54275570.000000, 0.025000, 1.000000, 0, 3, 0, 2, 1, 0, 0, 0, 0, 0, 0, 0, 0, 0, 0, 0, 0, 0, 0, 0, 0, 0, 0, 0, 0, 0, 0, 0, 0, 0, 0, 0
node[3], 1277901399, 1565, 39.700713, 0.100000, -0.016000, 99026740.000000, 54284250.000000, 0.025000, 1.000000, 0, 3, 0, 2, 1, 0, 0, 0, 0, 0, 0, 0, 0, 0, 0, 0, 0, 0, 0, 0, 0, 0, 0, 0, 0, 0, 0, 0, 0, 0, 0, 0
node[1], 2588848963, 1566, 39.724564, 0.100000, -0.004000, 99026730.000000, 54278470.000000, 0.025000, 1.000000, 0, 3, 0, 3, 0, 0, 0, 0, 0, 0, 0, 0, 0, 0, 0, 0, 0, 0, 0, 0, 0, 0, 0, 0, 0, 0, 0, 0, 0, 0, 0, 0
node[2], 2774094101, 1567, 39.738587, 0.100000, 0.000000, 99026740.000000, 54281360.000000, 0.025000, 1.000000, 0, 3, 0, 3, 0, 0, 0, 0, 0, 0, 0, 0, 0, 0, 0, 0, 0, 0, 0, 0, 0, 0, 0, 0, 0, 0, 0, 0, 0, 0, 0, 0
node[0], 2357136044, 1568, 39.745266, 0.100000, -0.019000, 99026730.000000, 54275570.000000, 0.025000, 1.000000, 0, 3, 0, 2, 1, 0, 0, 0, 0, 0, 0, 0, 0, 0, 0, 0, 0, 0, 0, 0, 0, 0, 0, 0, 0, 0, 0, 0, 0, 0, 0, 0
node[3], 1277901399, 1569, 39.800713, 0.100000, 0.000000, 99026740.000000, 54284250.000000, 0.025000, 1.000000, 0, 3, 0, 2, 1, 0, 0, 0, 0, 0, 0, 0, 0, 0, 0, 0, 0, 0, 0, 0, 0, 0, 0, 0, 0, 0, 0, 0, 0, 0, 0, 0
node[1], 2588848963, 1570, 39.824564, 0.100000, 0.000000, 99026730.000000, 54278470.000000, 0.025000, 1.000000, 0, 3, 0, 3, 0, 0, 0, 0, 0, 0, 0, 0, 0, 0, 0, 0, 0, 0, 0, 0, 0, 0, 0, 0, 0, 0, 0, 0, 0, 0, 0, 0
node[2], 2774094101, 1571, 39.838587, 0.100000, 0.000000, 99026740.000000, 54281360.000000, 0.025000, 1.000000, 0, 3, 0, 3, 0, 0, 0, 0, 0, 0, 0, 0, 0, 0, 0, 0, 0, 0, 0, 0, 0, 0, 0, 0, 0, 0, 0, 0, 0, 0, 0, 0
node[0], 2357136044, 1572, 39.845266, 0.100000, -0.023000, 99026730.000000, 54275570.000000, 0.025000, 1.000000, 0, 3, 0, 2, 1, 0, 0, 0, 0, 0, 0, 0, 0, 0, 0, 0, 0, 0, 0, 0, 0, 0, 0, 0, 0, 0, 0, 0, 0, 0, 0, 0
node[3], 1277901399, 1573, 39.900713, 0.100000, 0.000000, 99026740.000000, 54284250.000000, 0.025000, 1.000000, 0, 3, 0, 2, 1, 0, 0, 0, 0, 0, 0, 0, 0, 0, 0, 0, 0, 0, 0, 0, 0, 0, 0, 0, 0, 0, 0, 0, 0, 0, 0, 0
node[1], 2588848963, 1574, 39.924564, 0.100000, -0.020000, 99026730.000000, 54278470.000000, 0.025000, 1.000000, 0, 3, 0, 3, 0, 0, 0, 0, 0, 0, 0, 0, 0, 0, 0, 0, 0, 0, 0, 0, 0, 0, 0, 0, 0, 0, 0, 0, 0, 0, 0, 0
node[2], 2774094101, 1575, 39.938587, 0.100000, -0.016000, 99026740.000000, 54281360.000000, 0.025000, 1.000000, 0, 3, 0, 3, 0, 0, 0, 0, 0, 0, 0, 0, 0, 0, 0, 0, 0, 0, 0, 0, 0, 0, 0, 0, 0, 0, 0, 0, 0, 0, 0, 0
node[0], 2357136044, 1576, 39.945266, 0.100000, 0.000000, 99026730.000000, 54275570.000000, 0.025000, 1.000000, 0, 3, 0, 2, 1, 0, 0, 0, 0, 0, 0, 0, 0, 0, 0, 0, 0, 0, 0, 0, 0, 0, 0, 0, 0, 0, 0, 0, 0, 0, 0, 0
node[3], 1277901399, 1577, 40.000713, 0.100000, 0.000000, 99026740.000000, 54284250.000000, 0.025000, 1.000000, 0, 3, 0, 2, 1, 0, 0, 0, 0, 0, 0, 0, 0, 0, 0, 0, 0, 0, 0, 0, 0, 0, 0, 0, 0, 0, 0, 0, 0, 0, 0, 0
node[1], 2588848963, 1578, 40.024564, 0.100000, 0.000000, 99026730.000000, 54278470.000000, 0.025000, 1.000000, 0, 3, 0, 3, 0, 0, 0, 0, 0, 0, 0, 0, 0, 0, 0, 0, 0, 0, 0, 0, 0, 0, 0, 0, 0, 0, 0, 0, 0, 0, 0, 0
node[2], 2774094101, 1579, 40.038587, 0.100000, 0.000000, 99026740.000000, 54281360.000000, 0.025000, 1.000000, 0, 3, 0, 3, 0, 0, 0, 0, 0, 0, 0, 0, 0, 0, 0, 0, 0, 0, 0, 0, 0, 0, 0, 0, 0, 0, 0, 0, 0, 0, 0, 0
node[0], 2357136044, 1580, 40.045266, 0.100000, -0.013000, 99026730.000000, 54275570.000000, 0.025000, 1.000000, 0, 3, 0, 2, 1, 0, 0, 0, 0, 0, 0, 0, 0, 0, 0, 0, 0, 0, 0, 0, 0, 0, 0, 0, 0, 0, 0, 0, 0, 0, 0, 0
node[3], 1277901399, 1581, 40.100713, 0.100000, -0.021000, 99026740.000000, 54284250.000000, 0.025000, 1.000000, 0, 3, 0, 2, 1, 0, 0, 0, 0, 0, 0, 0, 0, 0, 0, 0, 0, 0, 0, 0, 0, 0, 0, 0, 0, 0, 0, 0, 0, 0, 0, 0
node[1], 2588848963, 1582, 40.124564, 0.100000, 0.000000, 99026730.000000, 54278470.000000, 0.025000, 1.000000, 0, 3, 0, 3, 0, 0, 0, 0, 0, 0, 0, 0, 0, 0, 0, 0, 0, 0, 0, 0, 0, 0, 0, 0, 0, 0, 0, 0, 0, 0, 0, 0
node[2], 2774094101, 1583, 40.138587, 0.100000, -0.018000, 99026740.000000, 54281360.000000, 0.025000, 1.000000, 0, 3, 0, 3, 0, 0, 0, 0, 0, 0, 0, 0, 0, 0, 0, 0, 0, 0, 0, 0, 0, 0, 0, 0, 0, 0, 0, 0, 0, 0, 0, 0
node[0], 2357136044, 1584, 40.145266, 0.100000, 0.000000, 99026730.000000, 54275570.000000, 0.025000, 1.000000, 0, 3, 0, 2, 1, 0, 0, 0, 0, 0, 0, 0, 0, 0, 0, 0, 0, 0, 0, 0, 0, 0, 0, 0, 0, 0, 0, 0, 0, 0, 0, 0
node[3], 1277901399, 1585, 40.200713, 0.100000, -0.001000, 99026740.000000, 54284250.000000, 0.025000, 1.000000, 0, 3, 0, 2, 1, 0, 0, 0, 0, 0, 0, 0, 0, 0, 0, 0, 0, 0, 0, 0, 0, 0, 0, 0, 0, 0, 0, 0, 0, 0, 0, 0
node[1], 2588848963, 1586, 40.224564, 0.100000, 0.000000, 99026730.000000, 54278470.000000, 0.025000, 1.000000, 0, 3, 0, 3, 0, 0, 0, 0, 0, 0, 0, 0, 0, 0, 0, 0, 0, 0, 0, 0, 0, 0, 0, 0, 0, 0, 0, 0, 0, 0, 0, 0
node[2], 2774094101, 1587, 40.238587, 0.100000, -0.023000, 99026740.000000, 54281360.000000, 0.025000, 1.000000, 0, 3, 0, 3, 0, 0, 0, 0, 0, 0, 0, 0, 0, 0, 0, 0, 0, 0, 0, 0, 0, 0, 0, 0, 0, 0, 0, 0, 0, 0, 0, 0
node[0], 2357136044, 1588, 40.245266, 0.100000, 0.000000, 99026730.000000, 54275570.000000, 0.025000, 1.000000, 0, 3, 0, 2, 1, 0, 0, 0, 0, 0, 0, 0, 0, 0, 0, 0, 0, 0, 0, 0, 0, 0, 0, 0, 0, 0, 0, 0, 0, 0, 0, 0
node[3], 1277901399, 1589, 40.300713, 0.100000, 0.000000, 99026740.000000, 54284250.000000, 0.025000, 1.000000, 0, 3, 0, 2, 1, 0, 0, 0, 0, 0, 0, 0, 0, 0, 0, 0, 0, 0, 0, 0, 0, 0, 0, 0, 0, 0, 0, 0, 0, 0, 0, 0
node[1], 2588848963, 1590, 40.324564, 0.100000, 0.000000, 99026730.000000, 54278470.000000, 0.025000, 1.000000, 0, 3, 0, 3, 0, 0, 0, 0, 0, 0, 0, 0, 0, 0, 0, 0, 0, 0, 0, 0, 0, 0, 0, 0, 0, 0, 0, 0, 0, 0, 0, 0
node[2], 2774094101, 1591, 40.338587, 0.100000, 0.000000, 99026740.000000, 54281360.000000, 0.025000, 1.000000, 0, 3, 0, 3, 0, 0, 0, 0, 0, 0, 0, 0, 0, 0, 0, 0, 0, 0, 0, 0, 0, 0, 0, 0, 0, 0, 0, 0, 0, 0, 0, 0
node[0], 2357136044, 1592, 40.345266, 0.100000, 0.000000, 99026730.000000, 54275570.000000, 0.025000, 1.000000, 0, 3, 0, 2, 1, 0, 0, 0, 0, 0, 0, 0, 0, 0, 0, 0, 0, 0, 0, 0, 0, 0, 0, 0, 0, 0, 0, 0, 0, 0, 0, 0
node[3], 1277901399, 1593, 40.400713, 0.100000, -0.008000, 99026740.000000, 54284250.000000, 0.025000, 1.000000, 0, 3, 0, 2, 1, 0, 0, 0, 0, 0, 0, 0, 0, 0, 0, 0, 0, 0, 0, 0, 0, 0, 0, 0, 0, 0, 0, 0, 0, 0, 0, 0
node[1], 2588848963, 1594, 40.424564, 0.100000, 0.000000, 99026730.000000, 54278470.000000, 0.025000, 1.000000, 0, 3, 0, 3, 0, 0, 0, 0, 0, 0, 0, 0, 0, 0, 0, 0, 0, 0, 0, 0, 0, 0, 0, 0, 0, 0, 0, 0, 0, 0, 0, 0
node[2], 2774094101, 1595, 40.438587, 0.100000, 0.000000, 99026740.000000, 54281360.000000, 0.025000, 1.000000, 0, 3, 0, 3, 0, 0, 0, 0, 0, 0, 0, 0, 0, 0, 0, 0, 0, 0, 0, 0, 0, 0, 0, 0, 0, 0, 0, 0, 0, 0, 0, 0
node[0], 2357136044, 1596, 40.445266, 0.100000, 0.000000, 99026730.000000, 54275570.000000, 0.025000, 1.000000, 0, 3, 0, 2, 1, 0, 0, 0, 0, 0, 0, 0, 0, 0, 0, 0, 0, 0, 0, 0, 0, 0, 0, 0, 0, 0, 0, 0, 0, 0, 0, 0
node[3], 1277901399, 1597, 40.500713, 0.100000, -0.024000, 99026740.000000, 54284250.000000, 0.025000, 1.000000, 0, 3, 0, 2, 1, 0, 0, 0, 0, 0, 0, 0, 0, 0, 0, 0, 0, 0, 0, 0, 0, 0, 0, 0, 0, 0, 0, 0, 0, 0, 0, 0
node[1], 2588848963, 1598, 40.524564, 0.100000, 0.000000, 99026730.000000, 54278470.000000, 0.025000, 1.000000, 0, 3, 0, 3, 0, 0, 0, 0, 0, 0, 0, 0, 0, 0, 0, 0, 0, 0, 0, 0, 0, 0, 0, 0, 0, 0, 0, 0, 0, 0, 0, 0
node[2], 2774094101, 1599, 40.538587, 0.100000, -0.016000, 99026740.000000, 54281360.000000, 0.025000, 1.000000, 0, 3, 0, 3, 0, 0, 0, 0, 0, 0, 0, 0, 0, 0, 0, 0, 0, 0, 0, 0, 0, 0, 0, 0, 0, 0, 0, 0, 0, 0, 0, 0
node[0], 2357136044, 1600, 40.545266, 0.100000, 0.000000, 99026730.000000, 54275570.000000, 0.025000, 1.000000, 0, 3, 0, 2, 1, 0, 0, 0, 0, 0, 0, 0, 0, 0, 0, 0, 0, 0, 0, 0, 0, 0, 0, 0, 0, 0, 0, 0, 0, 0, 0, 0
node[3], 1277901399, 1601, 40.600713, 0.100000, -0.021000, 99026740.000000, 54284250.000000, 0.025000, 1.000000, 0, 3, 0, 2, 1, 0, 0, 0, 0, 0, 0, 0, 0, 0, 0, 0, 0, 0, 0, 0, 0, 0, 0, 0, 0, 0, 0, 0, 0, 0, 0, 0
node[1], 2588848963, 1602, 40.624564, 0.100000, -0.019000, 99026730.000000, 54278470.000000, 0.025000, 1.000000, 0, 3, 0, 3, 0, 0, 0, 0, 0, 0, 0, 0, 0, 0, 0, 0, 0, 0, 0, 0, 0, 0, 0, 0, 0, 0, 0, 0, 0, 0, 0, 0
node[2], 2774094101, 1603, 40.638587, 0.100000, 0.000000, 99026740.000000, 54281360.000000, 0.025000, 1.000000, 0, 3, 0, 3, 0, 0, 0, 0, 0, 0, 0, 0, 0, 0, 0, 0, 0, 0, 0, 0, 0, 0, 0, 0, 0, 0, 0, 0, 0, 0, 0, 0
node[0], 2357136044, 1604, 40.645266, 0.100000, 0.000000, 99026730.000000, 54275570.000000, 0.025000, 1.000000, 0, 3, 0, 2, 1, 0, 0, 0, 0, 0, 0, 0, 0, 0, 0, 0, 0, 0, 0, 0, 0, 0, 0, 0, 0, 0, 0, 0, 0, 0, 0, 0
node[3], 1277901399, 1605, 40.700713, 0.100000, 0.000000, 99026740.000000, 54284250.000000, 0.025000, 1.000000, 0, 3, 0, 2, 1, 0, 0, 0, 0, 0, 0, 0, 0, 0, 0, 0, 0, 0, 0, 0, 0, 0, 0, 0, 0, 0, 0, 0, 0, 0, 0, 0
node[1], 2588848963, 1606, 40.724564, 0.100000, 0.000000, 99026730.000000, 54278470.000000, 0.025000, 1.000000, 0, 3, 0, 3, 0, 0, 0, 0, 0, 0, 0, 0, 0, 0, 0, 0, 0, 0, 0, 0, 0, 0, 0, 0, 0, 0, 0, 0, 0, 0, 0, 0
node[2], 2774094101, 1607, 40.738587, 0.100000, 0.000000, 99026740.000000, 54281360.000000, 0.025000, 1.000000, 0, 3, 0, 3, 0, 0, 0, 0, 0, 0, 0, 0, 0, 0, 0, 0, 0, 0, 0, 0, 0, 0, 0, 0, 0, 0, 0, 0, 0, 0, 0, 0
node[0], 2357136044, 1608, 40.745266, 0.100000, 0.000000, 99026730.000000, 54275570.000000, 0.025000, 1.000000, 0, 3, 0, 2, 1, 0, 0, 0, 0, 0, 0, 0, 0, 0, 0, 0, 0, 0, 0, 0, 0, 0, 0, 0, 0, 0, 0, 0, 0, 0, 0, 0
node[3], 1277901399, 1609, 40.800713, 0.100000, 0.000000, 99026740.000000, 54284250.000000, 0.025000, 1.000000, 0, 3, 0, 2, 1, 0, 0, 0, 0, 0, 0, 0, 0, 0, 0, 0, 0, 0, 0, 0, 0, 0, 0, 0, 0, 0, 0, 0, 0, 0, 0, 0
node[1], 2588848963, 1610, 40.824564, 0.100000, 0.000000, 99026730.000000, 54278470.000000, 0.025000, 1.000000, 0, 3, 0, 3, 0, 0, 0, 0, 0, 0, 0, 0, 0, 0, 0, 0, 0, 0, 0, 0, 0, 0, 0, 0, 0, 0, 0, 0, 0, 0, 0, 0
node[2], 2774094101, 1611, 40.838587, 0.100000, 0.000000, 99026740.000000, 54281360.000000, 0.025000, 1.000000, 0, 3, 0, 3, 0, 0, 0, 0, 0, 0, 0, 0, 0, 0, 0, 0, 0, 0, 0, 0, 0, 0, 0, 0, 0, 0, 0, 0, 0, 0, 0, 0
node[0], 2357136044, 1612, 40.845266, 0.100000, -0.017000, 99026730.000000, 54275570.000000, 0.025000, 1.000000, 0, 3, 0, 2, 1, 0, 0, 0, 0, 0, 0, 0, 0, 0, 0, 0, 0, 0, 0, 0, 0, 0, 0, 0, 0, 0, 0, 0, 0, 0, 0, 0
node[3], 1277901399, 1613, 40.900713, 0.100000, -0.005000, 99026740.000000, 54284250.000000, 0.025000, 1.000000, 0, 3, 0, 2, 1, 0, 0, 0, 0, 0, 0, 0, 0, 0, 0, 0, 0, 0, 0, 0, 0, 0, 0, 0, 0, 0, 0, 0, 0, 0, 0, 0
node[1], 2588848963, 1614, 40.924564, 0.100000, 0.000000, 99026730.000000, 54278470.000000, 0.025000, 1.000000, 0, 3, 0, 3, 0, 0, 0, 0, 0, 0, 0, 0, 0, 0, 0, 0, 0, 0, 0, 0, 0, 0, 0, 0, 0, 0, 0, 0, 0, 0, 0, 0
node[2], 2774094101, 1615, 40.938587, 0.100000, -0.007000, 99026740.000000, 54281360.000000, 0.025000, 1.000000, 0, 3, 0, 3, 0, 0, 0, 0, 0, 0, 0, 0, 0, 0, 0, 0, 0, 0, 0, 0, 0, 0, 0, 0, 0, 0, 0, 0, 0, 0, 0, 0
node[0], 2357136044, 1616, 40.945266, 0.100000, -0.002000, 99026730.000000, 54275570.000000, 0.025000, 1.000000, 0, 3, 0, 2, 1, 0, 0, 0, 0, 0, 0, 0, 0, 0, 0, 0, 0, 0, 0, 0, 0, 0, 0, 0, 0, 0, 0, 0, 0, 0, 0, 0
node[3], 1277901399, 1617, 41.000713, 0.100000, 0.000000, 99026740.000000, 54284250.000000, 0.025000, 1.000000, 0, 3, 0, 2, 1, 0, 0, 0, 0, 0, 0, 0, 0, 0, 0, 0, 0, 0, 0, 0, 0, 0, 0, 0, 0, 0, 0, 0, 0, 0, 0, 0
node[1], 2588848963, 1618, 41.024564, 0.100000, -0.013000, 99026730.000000, 54278470.000000, 0.025000, 1.000000, 0, 3, 0, 3, 0, 0, 0, 0, 0, 0, 0, 0, 0, 0, 0, 0, 0, 0, 0, 0, 0, 0, 0, 0, 0, 0, 0, 0, 0, 0, 0, 0
node[2], 2774094101, 1619, 41.038587, 0.100000, -0.013000, 99026740.000000, 54281360.000000, 0.025000, 1.000000, 0, 3, 0, 3, 0, 0, 0, 0, 0, 0, 0, 0, 0, 0, 0, 0, 0, 0, 0, 0, 0, 0, 0, 0, 0, 0, 0, 0, 0, 0, 0, 0
node[0], 2357136044, 1620, 41.045266, 0.100000, 0.000000, 99026730.000000, 54275570.000000, 0.025000, 1.000000, 0, 3, 0, 2, 1, 0, 0, 0, 0, 0, 0, 0, 0, 0, 0, 0, 0, 0, 0, 0, 0, 0, 0, 0, 0, 0, 0, 0, 0, 0, 0, 0
node[3], 1277901399, 1621, 41.100713, 0.100000, 0.000000, 99026740.000000, 54284250.000000, 0.025000, 1.000000, 0, 3, 0, 2, 1, 0, 0, 0, 0, 0, 0, 0, 0, 0, 0, 0, 0, 0, 0, 0, 0, 0, 0, 0, 0, 0, 0, 0, 0, 0, 0, 0
node[1], 2588848963, 1622, 41.124564, 0.100000, 0.000000, 99026730.000000, 54278470.000000, 0.025000, 1.000000, 0, 3, 0, 3, 0, 0, 0, 0, 0, 0, 0, 0, 0, 0, 0, 0, 0, 0, 0, 0, 0, 0, 0, 0, 0, 0, 0, 0, 0, 0, 0, 0
node[2], 2774094101, 1623, 41.138587, 0.100000, 0.000000, 99026740.000000, 54281360.000000, 0.025000, 1.000000, 0, 3, 0, 3, 0, 0, 0, 0, 0, 0, 0, 0, 0, 0, 0, 0, 0, 0, 0, 0, 0, 0, 0, 0, 0, 0, 0, 0, 0, 0, 0, 0
node[0], 2357136044, 1624, 41.145266, 0.100000, -0.013000, 99026730.000000, 54275570.000000, 0.025000, 1.000000, 0, 3, 0, 2, 1, 0, 0, 0, 0, 0, 0, 0, 0, 0, 0, 0, 0, 0, 0, 0, 0, 0, 0, 0, 0, 0, 0, 0, 0, 0, 0, 0
node[3], 1277901399, 1625, 41.200713, 0.100000, -0.013000, 99026740.000000, 54284250.000000, 0.025000, 1.000000, 0, 3, 0, 2, 1, 0, 0, 0, 0, 0, 0, 0, 0, 0, 0, 0, 0, 0, 0, 0, 0, 0, 0, 0, 0, 0, 0, 0, 0, 0, 0, 0
node[1], 2588848963, 1626, 41.224564, 0.100000, 0.000000, 99026730.000000, 54278470.000000, 0.025000, 1.000000, 0, 3, 0, 3, 0, 0, 0, 0, 0, 0, 0, 0, 0, 0, 0, 0, 0, 0, 0, 0, 0, 0, 0, 0, 0, 0, 0, 0, 0, 0, 0, 0
node[2], 2774094101, 1627, 41.238587, 0.100000, -0.021000, 99026740.000000, 54281360.000000, 0.025000, 1.000000, 0, 3, 0, 3, 0, 0, 0, 0, 0, 0, 0, 0, 0, 0, 0, 0, 0, 0, 0, 0, 0, 0, 0, 0, 0, 0, 0, 0, 0, 0, 0, 0
node[0], 2357136044, 1628, 41.245266, 0.100000, 0.000000, 99026730.000000, 54275570.000000, 0.025000, 1.000000, 0, 3, 0, 2, 1, 0, 0, 0, 0, 0, 0, 0, 0, 0, 0, 0, 0, 0, 0, 0, 0, 0, 0, 0, 0, 0, 0, 0, 0, 0, 0, 0
node[3], 1277901399, 1629, 41.300713, 0.100000, 0.000000, 99026740.000000, 54284250.000000, 0.025000, 1.000000, 0, 3, 0, 2, 1, 0, 0, 0, 0, 0, 0, 0, 0, 0, 0, 0, 0, 0, 0, 0, 0, 0, 0, 0, 0, 0, 0, 0, 0, 0, 0, 0
node[1], 2588848963, 1630, 41.324564, 0.100000, 0.000000, 99026730.000000, 54278470.000000, 0.025000, 1.000000, 0, 3, 0, 3, 0, 0, 0, 0, 0, 0, 0, 0, 0, 0, 0, 0, 0, 0, 0, 0, 0, 0, 0, 0, 0, 0, 0, 0, 0, 0, 0, 0
node[2], 2774094101, 1631, 41.338587, 0.100000, 0.000000, 99026740.000000, 54281360.000000, 0.025000, 1.000000, 0, 3, 0, 3, 0, 0, 0, 0, 0, 0, 0, 0, 0, 0, 0, 0, 0, 0, 0, 0, 0, 0, 0, 0, 0, 0, 0, 0, 0, 0, 0, 0
node[0], 2357136044, 1632, 41.345266, 0.100000, 0.000000, 99026730.000000, 54275570.000000, 0.025000, 1.000000, 0, 3, 0, 2, 1, 0, 0, 0, 0, 0, 0, 0, 0, 0, 0, 0, 0, 0, 0, 0, 0, 0, 0, 0, 0, 0, 0, 0, 0, 0, 0, 0
node[3], 1277901399, 1633, 41.400713, 0.100000, 0.000000, 99026740.000000, 54284250.000000, 0.025000, 1.000000, 0, 3, 0, 2, 1, 0, 0, 0, 0, 0, 0, 0, 0, 0, 0, 0, 0, 0, 0, 0, 0, 0, 0, 0, 0, 0, 0, 0, 0, 0, 0, 0
node[1], 2588848963, 1634, 41.424564, 0.100000, -0.012000, 99026730.000000, 54278470.000000, 0.025000, 1.000000, 0, 3, 0, 3, 0, 0, 0, 0, 0, 0, 0, 0, 0, 0, 0, 0, 0, 0, 0, 0, 0, 0, 0, 0, 0, 0, 0, 0, 0, 0, 0, 0
node[2], 2774094101, 1635, 41.438587, 0.100000, -0.015000, 99026740.000000, 54281360.000000, 0.025000, 1.000000, 0, 3, 0, 3, 0, 0, 0, 0, 0, 0, 0, 0, 0, 0, 0, 0, 0, 0, 0, 0, 0, 0, 0, 0, 0, 0, 0, 0, 0, 0, 0, 0
node[0], 2357136044, 1636, 41.445266, 0.100000, 0.000000, 99026730.000000, 54275570.000000, 0.025000, 1.000000, 0, 3, 0, 2, 1, 0, 0, 0, 0, 0, 0, 0, 0, 0, 0, 0, 0, 0, 0, 0, 0, 0, 0, 0, 0, 0, 0, 0, 0, 0, 0, 0
node[3], 1277901399, 1637, 41.500713, 0.100000, 0.000000, 99026740.000000, 54284250.000000, 0.025000, 1.000000, 0, 3, 0, 2, 1, 0, 0, 0, 0, 0, 0, 0, 0, 0, 0, 0, 0, 0, 0, 0, 0, 0, 0, 0, 0, 0, 0, 0, 0, 0, 0, 0
node[1], 2588848963, 1638, 41.524564, 0.100000, -0.007000, 99026730.000000, 54278470.000000, 0.025000, 1.000000, 0, 3, 0, 3, 0, 0, 0, 0, 0, 0, 0, 0, 0, 0, 0, 0, 0, 0, 0, 0, 0, 0, 0, 0, 0, 0, 0, 0, 0, 0, 0, 0
node[2], 2774094101, 1639, 41.538587, 0.100000, -0.024000, 99026740.000000, 54281360.000000, 0.025000, 1.000000, 0, 3, 0, 3, 0, 0, 0, 0, 0, 0, 0, 0, 0, 0, 0, 0, 0, 0, 0, 0, 0, 0, 0, 0, 0, 0, 0, 0, 0, 0, 0, 0
node[0], 2357136044, 1640, 41.545266, 0.100000, 0.000000, 99026730.000000, 54275570.000000, 0.025000, 1.000000, 0, 3, 0, 2, 1, 0, 0, 0, 0, 0, 0, 0, 0, 0, 0, 0, 0, 0, 0, 0, 0, 0, 0, 0, 0, 0, 0, 0, 0, 0, 0, 0
node[3], 1277901399, 1641, 41.600713, 0.100000, -0.021000, 99026740.000000, 54284250.000000, 0.025000, 1.000000, 0, 3, 0, 2, 1, 0, 0, 0, 0, 0, 0, 0, 0, 0, 0, 0, 0, 0, 0, 0, 0, 0, 0, 0, 0, 0, 0, 0, 0, 0, 0, 0
node[1], 2588848963, 1642, 41.624564, 0.100000, 0.000000, 99026730.000000, 54278470.000000, 0.025000, 1.000000, 0, 3, 0, 3, 0, 0, 0, 0, 0, 0, 0, 0, 0, 0, 0, 0, 0, 0, 0, 0, 0, 0, 0, 0, 0, 0, 0, 0, 0, 0, 0, 0
node[2], 2774094101, 1643, 41.638587, 0.100000, 0.000000, 99026740.000000, 54281360.000000, 0.025000, 1.000000, 0, 3, 0, 3, 0, 0, 0, 0, 0, 0, 0, 0, 0, 0, 0, 0, 0, 0, 0, 0, 0, 0, 0, 0, 0, 0, 0, 0, 0, 0, 0, 0
node[0], 2357136044, 1644, 41.645266, 0.100000, 0.000000, 99026730.000000, 54275570.000000, 0.025000, 1.000000, 0, 3, 0, 2, 1, 0, 0, 0, 0, 0, 0, 0, 0, 0, 0, 0, 0, 0, 0, 0, 0, 0, 0, 0, 0, 0, 0, 0, 0, 0, 0, 0
node[3], 1277901399, 1645, 41.700713, 0.100000, -0.009000, 99026740.000000, 54284250.000000, 0.025000, 1.000000, 0, 3, 0, 2, 1, 0, 0, 0, 0, 0, 0, 0, 0, 0, 0, 0, 0, 0, 0, 0, 0, 0, 0, 0, 0, 0, 0, 0, 0, 0, 0, 0
node[1], 2588848963, 1646, 41.724564, 0.100000, -0.025000, 99026730.000000, 54278470.000000, 0.025000, 1.000000, 0, 3, 0, 3, 0, 0, 0, 0, 0, 0, 0, 0, 0, 0, 0, 0, 0, 0, 0, 0, 0, 0, 0, 0, 0, 0, 0, 0, 0, 0, 0, 0
node[2], 2774094101, 1647, 41.738587, 0.100000, -0.013000, 99026740.000000, 54281360.000000, 0.025000, 1.000000, 0, 3, 0, 3, 0, 0, 0, 0, 0, 0, 0, 0, 0, 0, 0, 0, 0, 0, 0, 0, 0, 0, 0, 0, 0, 0, 0, 0, 0, 0, 0, 0
node[0], 2357136044, 1648, 41.745266, 0.100000, 0.000000, 99026730.000000, 54275570.000000, 0.025000, 1.000000, 0, 3, 0, 2, 1, 0, 0, 0, 0, 0, 0, 0, 0, 0, 0, 0, 0, 0, 0, 0, 0, 0, 0, 0, 0, 0, 0, 0, 0, 0, 0, 0
node[3], 1277901399, 1649, 41.800713, 0.100000, 0.000000, 99026740.000000, 54284250.000000, 0.025000, 1.000000, 0, 3, 0, 2, 1, 0, 0, 0, 0, 0, 0, 0, 0, 0, 0, 0, 0, 0, 0, 0, 0, 0, 0, 0, 0, 0, 0, 0, 0, 0, 0, 0
node[1], 2588848963, 1650, 41.824564, 0.100000, 0.000000, 99026730.000000, 54278470.000000, 0.025000, 1.000000, 0, 3, 0, 3, 0, 0, 0, 0, 0, 0, 0, 0, 0, 0, 0, 0, 0, 0, 0, 0, 0, 0, 0, 0, 0, 0, 0, 0, 0, 0, 0, 0
node[2], 2774094101, 1651, 41.838587, 0.100000, -0.005000, 99026740.000000, 54281360.000000, 0.025000, 1.000000, 0, 3, 0, 3, 0, 0, 0, 0, 0, 0, 0, 0, 0, 0, 0, 0, 0, 0, 0, 0, 0, 0, 0, 0, 0, 0, 0, 0, 0, 0, 0, 0
node[0], 2357136044, 1652, 41.845266, 0.100000, -0.011000, 99026730.000000, 54275570.000000, 0.025000, 1.000000, 0, 3, 0, 2, 1, 0, 0, 0, 0, 0, 0, 0, 0, 0, 0, 0, 0, 0, 0, 0, 0, 0, 0, 0, 0, 0, 0, 0, 0, 0, 0, 0
node[3], 1277901399, 1653, 41.900713, 0.100000, 0.000000, 99026740.000000, 54284250.000000, 0.025000, 1.000000, 0, 3, 0, 2, 1, 0, 0, 0, 0, 0, 0, 0, 0, 0, 0, 0, 0, 0, 0, 0, 0, 0, 0, 0, 0, 0, 0, 0, 0, 0, 0, 0
node[1], 2588848963, 1654, 41.924564, 0.100000, 0.000000, 99026730.000000, 54278470.000000, 0.025000, 1.000000, 0, 3, 0, 3, 0, 0, 0, 0, 0, 0, 0, 0, 0, 0, 0, 0, 0, 0, 0, 0, 0, 0, 0, 0, 0, 0, 0, 0, 0, 0, 0, 0
node[2], 2774094101, 1655, 41.938587, 0.100000, 0.000000, 99026740.000000, 54281360.000000, 0.025000, 1.000000, 0, 3, 0, 3, 0, 0, 0, 0, 0, 0, 0, 0, 0, 0, 0, 0, 0, 0, 0, 0, 0, 0, 0, 0, 0, 0, 0, 0, 0, 0, 0, 0
node[0], 2357136044, 1656, 41.945266, 0.100000, -0.020000, 99026730.000000, 54275570.000000, 0.025000, 1.000000, 0, 3, 0, 2, 1, 0, 0, 0, 0, 0, 0, 0, 0, 0, 0, 0, 0, 0, 0, 0, 0, 0, 0, 0, 0, 0, 0, 0, 0, 0, 0, 0
node[3], 1277901399, 1657, 42.000713, 0.100000, -0.008000, 99026740.000000, 54284250.000000, 0.025000, 1.000000, 0, 3, 0, 2, 1, 0, 0, 0, 0, 0, 0, 0, 0, 0, 0, 0, 0, 0, 0, 0, 0, 0, 0, 0, 0, 0, 0, 0, 0, 0, 0, 0
node[1], 2588848963, 1658, 42.024564, 0.100000, 0.000000, 99026730.000000, 54278470.000000, 0.025000, 1.000000, 0, 3, 0, 3, 0, 0, 0, 0, 0, 0, 0, 0, 0, 0, 0, 0, 0, 0, 0, 0, 0, 0, 0, 0, 0, 0, 0, 0, 0, 0, 0, 0
node[2], 2774094101, 1659, 42.038587, 0.100000, 0.000000, 99026740.000000, 54281360.000000, 0.025000, 1.000000, 0, 3, 0, 3, 0, 0, 0, 0, 0, 0, 0, 0, 0, 0, 0, 0, 0, 0, 0, 0, 0, 0, 0, 0, 0, 0, 0, 0, 0, 0, 0, 0
node[0], 2357136044, 1660, 42.045266, 0.100000, 0.000000, 99026730.000000, 54275570.000000, 0.025000, 1.000000, 0, 3, 0, 2, 1, 0, 0, 0, 0, 0, 0, 0, 0, 0, 0, 0, 0, 0, 0, 0, 0, 0, 0, 0, 0, 0, 0, 0, 0, 0, 0, 0
node[3], 1277901399, 1661, 42.100713, 0.100000, -0.007000, 99026740.000000, 54284250.000000, 0.025000, 1.000000, 0, 3, 0, 2, 1, 0, 0, 0, 0, 0, 0, 0, 0, 0, 0, 0, 0, 0, 0, 0, 0, 0, 0, 0, 0, 0, 0, 0, 0, 0, 0, 0
node[1], 2588848963, 1662, 42.124564, 0.100000, 0.000000, 99026730.000000, 54278470.000000, 0.025000, 1.000000, 0, 3, 0, 3, 0, 0, 0, 0, 0, 0, 0, 0, 0, 0, 0, 0, 0, 0, 0, 0, 0, 0, 0, 0, 0, 0, 0, 0, 0, 0, 0, 0
node[2], 2774094101, 1663, 42.138587, 0.100000, 0.000000, 99026740.000000, 54281360.000000, 0.025000, 1.000000, 0, 3, 0, 3, 0, 0, 0, 0, 0, 0, 0, 0, 0, 0, 0, 0, 0, 0, 0, 0, 0, 0, 0, 0, 0, 0, 0, 0, 0, 0, 0, 0
node[0], 2357136044, 1664, 42.145266, 0.100000, -0.020000, 99026730.000000, 54275570.000000, 0.025000, 1.000000, 0, 3, 0, 2, 1, 0, 0, 0, 0, 0, 0, 0, 0, 0, 0, 0, 0, 0, 0, 0, 0, 0, 0, 0, 0, 0, 0, 0, 0, 0, 0, 0
node[3], 1277901399, 1665, 42.200713, 0.100000, 0.000000, 99026740.000000, 54284250.000000, 0.025000, 1.000000, 0, 3, 0, 2, 1, 0, 0, 0, 0, 0, 0, 0, 0, 0, 0, 0, 0, 0, 0, 0, 0, 0, 0, 0, 0, 0, 0, 0, 0, 0, 0, 0
node[1], 2588848963, 1666, 42.224564, 0.100000, 0.000000, 99026730.000000, 54278470.000000, 0.025000, 1.000000, 0, 3, 0, 3, 0, 0, 0, 0, 0, 0, 0, 0, 0, 0, 0, 0, 0, 0, 0, 0, 0, 0, 0, 0, 0, 0, 0, 0, 0, 0, 0, 0
node[2], 2774094101, 1667, 42.238587, 0.100000, -0.025000, 99026740.000000, 54281360.000000, 0.025000, 1.000000, 0, 3, 0, 3, 0, 0, 0, 0, 0, 0, 0, 0, 0, 0, 0, 0, 0, 0, 0, 0, 0, 0, 0, 0, 0, 0, 0, 0, 0, 0, 0, 0
node[0], 2357136044, 1668, 42.245266, 0.100000, -0.004000, 99026730.000000, 54275570.000000, 0.025000, 1.000000, 0, 3, 0, 2, 1, 0, 0, 0, 0, 0, 0, 0, 0, 0, 0, 0, 0, 0, 0, 0, 0, 0, 0, 0, 0, 0, 0, 0, 0, 0, 0, 0
node[3], 1277901399, 1669, 42.300713, 0.100000, -0.018000, 99026740.000000, 54284250.000000, 0.025000, 1.000000, 0, 3, 0, 2, 1, 0, 0, 0, 0, 0, 0, 0, 0, 0, 0, 0, 0, 0, 0, 0, 0, 0, 0, 0, 0, 0, 0, 0, 0, 0, 0, 0
node[1], 2588848963, 1670, 42.324564, 0.100000, -0.016000, 99026730.000000, 54278470.000000, 0.025000, 1.000000, 0, 3, 0, 3, 0, 0, 0, 0, 0, 0, 0, 0, 0, 0, 0, 0, 0, 0, 0, 0, 0, 0, 0, 0, 0, 0, 0, 0, 0, 0, 0, 0
node[2], 2774094101, 1671, 42.338587, 0.100000, 0.000000, 99026740.000000, 54281360.000000, 0.025000, 1.000000, 0, 3, 0, 3, 0, 0, 0, 0, 0, 0, 0, 0, 0, 0, 0, 0, 0, 0, 0, 0, 0, 0, 0, 0, 0, 0, 0, 0, 0, 0, 0, 0
node[0], 2357136044, 1672, 42.345266, 0.100000, -0.008000, 99026730.000000, 54275570.000000, 0.025000, 1.000000, 0, 3, 0, 2, 1, 0, 0, 0, 0, 0, 0, 0, 0, 0, 0, 0, 0, 0, 0, 0, 0, 0, 0, 0, 0, 0, 0, 0, 0, 0, 0, 0
node[3], 1277901399, 1673, 42.400713, 0.100000, 0.000000, 99026740.000000, 54284250.000000, 0.025000, 1.000000, 0, 3, 0, 2, 1, 0, 0, 0, 0, 0, 0, 0, 0, 0, 0, 0, 0, 0, 0, 0, 0, 0, 0, 0, 0, 0, 0, 0, 0, 0, 0, 0
node[1], 2588848963, 1674, 42.424564, 0.100000, 0.000000, 99026730.000000, 54278470.000000, 0.025000, 1.000000, 0, 3, 0, 3, 0, 0, 0, 0, 0, 0, 0, 0, 0, 0, 0, 0, 0, 0, 0, 0, 0, 0, 0, 0, 0, 0, 0, 0, 0, 0, 0, 0
node[2], 2774094101, 1675, 42.438587, 0.100000, 0.000000, 99026740.000000, 54281360.000000, 0.025000, 1.000000, 0, 3, 0, 3, 0, 0, 0, 0, 0, 0, 0, 0, 0, 0, 0, 0, 0, 0, 0, 0, 0, 0, 0, 0, 0, 0, 0, 0, 0, 0, 0, 0
node[0], 2357136044, 1676, 42.445266, 0.100000, -0.015000, 99026730.000000, 54275570.000000, 0.025000, 1.000000, 0, 3, 0, 2, 1, 0, 0, 0, 0, 0, 0, 0, 0, 0, 0, 0, 0, 0, 0, 0, 0, 0, 0, 0, 0, 0, 0, 0, 0, 0, 0, 0
node[3], 1277901399, 1677, 42.500713, 0.100000, 0.000000, 99026740.000000, 54284250.000000, 0.025000, 1.000000, 0, 3, 0, 2, 1, 0, 0, 0, 0, 0, 0, 0, 0, 0, 0, 0, 0, 0, 0, 0, 0, 0, 0, 0, 0, 0, 0, 0, 0, 0, 0, 0
node[1], 2588848963, 1678, 42.524564, 0.100000, 0.000000, 99026730.000000, 54278470.000000, 0.025000, 1.000000, 0, 3, 0, 3, 0, 0, 0, 0, 0, 0, 0, 0, 0, 0, 0, 0, 0, 0, 0, 0, 0, 0, 0, 0, 0, 0, 0, 0, 0, 0, 0, 0
node[2], 2774094101, 1679, 42.538587, 0.100000, -0.023000, 99026740.000000, 54281360.000000, 0.025000, 1.000000, 0, 3, 0, 3, 0, 0, 0, 0, 0, 0, 0, 0, 0, 0, 0, 0, 0, 0, 0, 0, 0, 0, 0, 0, 0, 0, 0, 0, 0, 0, 0, 0
node[0], 2357136044, 1680, 42.545266, 0.100000, 0.000000, 99026730.000000, 54275570.000000, 0.025000, 1.000000, 0, 3, 0, 2, 1, 0, 0, 0, 0, 0, 0, 0, 0, 0, 0, 0, 0, 0, 0, 0, 0, 0, 0, 0, 0, 0, 0, 0, 0, 0, 0, 0
node[3], 1277901399, 1681, 42.600713, 0.100000, 0.000000, 99026740.000000, 54284250.000000, 0.025000, 1.000000, 0, 3, 0, 2, 1, 0, 0, 0, 0, 0, 0, 0, 0, 0, 0, 0, 0, 0, 0, 0, 0, 0, 0, 0, 0, 0, 0, 0, 0, 0, 0, 0
node[1], 2588848963, 1682, 42.624564, 0.100000, 0.000000, 99026730.000000, 54278470.000000, 0.025000, 1.000000, 0, 3, 0, 3, 0, 0, 0, 0, 0, 0, 0, 0, 0, 0, 0, 0, 0, 0, 0, 0, 0, 0, 0, 0, 0, 0, 0, 0, 0, 0, 0, 0
node[2], 2774094101, 1683, 42.638587, 0.100000, -0.025000, 99026740.000000, 54281360.000000, 0.025000, 1.000000, 0, 3, 0, 3, 0, 0, 0, 0, 0, 0, 0, 0, 0, 0, 0, 0, 0, 0, 0, 0, 0, 0, 0, 0, 0, 0, 0, 0, 0, 0, 0, 0
node[0], 2357136044, 1684, 42.645266, 0.100000, 0.000000, 99026730.000000, 54275570.000000, 0.025000, 1.000000, 0, 3, 0, 2, 1, 0, 0, 0, 0, 0, 0, 0, 0, 0, 0, 0, 0, 0, 0, 0, 0, 0, 0, 0, 0, 0, 0, 0, 0, 0, 0, 0
node[3], 1277901399, 1685, 42.700713, 0.100000, -0.007000, 99026740.000000, 54284250.000000, 0.025000, 1.000000, 0, 3, 0, 2, 1, 0, 0, 0, 0, 0, 0, 0, 0, 0, 0, 0, 0, 0, 0, 0, 0, 0, 0, 0, 0, 0, 0, 0, 0, 0, 0, 0
node[1], 2588848963, 1686, 42.724564, 0.100000, 0.000000, 99026730.000000, 54278470.000000, 0.025000, 1.000000, 0, 3, 0, 3, 0, 0, 0, 0, 0, 0, 0, 0, 0, 0, 0, 0, 0, 0, 0, 0, 0, 0, 0, 0, 0, 0, 0, 0, 0, 0, 0, 0
node[2], 2774094101, 1687, 42.738587, 0.100000, -0.021000, 99026740.000000, 54281360.000000, 0.025000, 1.000000, 0, 3, 0, 3, 0, 0, 0, 0, 0, 0, 0, 0, 0, 0, 0, 0, 0, 0, 0, 0, 0, 0, 0, 0, 0, 0, 0, 0, 0, 0, 0, 0
node[0], 2357136044, 1688, 42.745266, 0.100000, -0.010000, 99026730.000000, 54275570.000000, 0.025000, 1.000000, 0, 3, 0, 2, 1, 0, 0, 0, 0, 0, 0, 0, 0, 0, 0, 0, 0, 0, 0, 0, 0, 0, 0, 0, 0, 0, 0, 0, 0, 0, 0, 0
node[3], 1277901399, 1689, 42.800713, 0.100000, 0.000000, 99026740.000000, 54284250.000000, 0.025000, 1.000000, 0, 3, 0, 2, 1, 0, 0, 0, 0, 0, 0, 0, 0, 0, 0, 0, 0, 0, 0, 0, 0, 0, 0, 0, 0, 0, 0, 0, 0, 0, 0, 0
node[1], 2588848963, 1690, 42.824564, 0.100000, 0.000000, 99026730.000000, 54278470.000000, 0.025000, 1.000000, 0, 3, 0, 3, 0, 0, 0, 0, 0, 0, 0, 0, 0, 0, 0, 0, 0, 0, 0, 0, 0, 0, 0, 0, 0, 0, 0, 0, 0, 0, 0, 0
node[2], 2774094101, 1691, 42.838587, 0.100000, 0.000000, 99026740.000000, 54281360.000000, 0.025000, 1.000000, 0, 3, 0, 3, 0, 0, 0, 0, 0, 0, 0, 0, 0, 0, 0, 0, 0, 0, 0, 0, 0, 0, 0, 0, 0, 0, 0, 0, 0, 0, 0, 0
node[0], 2357136044, 1692, 42.845266, 0.100000, 0.000000, 99026730.000000, 54275570.000000, 0.025000, 1.000000, 0, 3, 0, 2, 1, 0, 0, 0, 0, 0, 0, 0, 0, 0, 0, 0, 0, 0, 0, 0, 0, 0, 0, 0, 0, 0, 0, 0, 0, 0, 0, 0
node[3], 1277901399, 1693, 42.900713, 0.100000, -0.023000, 99026740.000000, 54284250.000000, 0.025000, 1.000000, 0, 3, 0, 2, 1, 0, 0, 0, 0, 0, 0, 0, 0, 0, 0, 0, 0, 0, 0, 0, 0, 0, 0, 0, 0, 0, 0, 0, 0, 0, 0, 0
node[1], 2588848963, 1694, 42.924564, 0.100000, -0.004000, 99026730.000000, 54278470.000000, 0.025000, 1.000000, 0, 3, 0, 3, 0, 0, 0, 0, 0, 0, 0, 0, 0, 0, 0, 0, 0, 0, 0, 0, 0, 0, 0, 0, 0, 0, 0, 0, 0, 0, 0, 0
node[2], 2774094101, 1695, 42.938587, 0.100000, 0.000000, 99026740.000000, 54281360.000000, 0.025000, 1.000000, 0, 3, 0, 3, 0, 0, 0, 0, 0, 0, 0, 0, 0, 0, 0, 0, 0, 0, 0, 0, 0, 0, 0, 0, 0, 0, 0, 0, 0, 0, 0, 0
node[0], 2357136044, 1696, 42.945266, 0.100000, 0.000000, 99026730.000000, 54275570.000000, 0.025000, 1.000000, 0, 3, 0, 2, 1, 0, 0, 0, 0, 0, 0, 0, 0, 0, 0, 0, 0, 0, 0, 0, 0, 0, 0, 0, 0, 0, 0, 0, 0, 0, 0, 0
node[3], 1277901399, 1697, 43.000713, 0.100000, 0.000000, 99026740.000000, 54284250.000000, 0.025000, 1.000000, 0, 3, 0, 2, 1, 0, 0, 0, 0, 0, 0, 0, 0, 0, 0, 0, 0, 0, 0, 0, 0, 0, 0, 0, 0, 0, 0, 0, 0, 0, 0, 0
node[1], 2588848963, 1698, 43.024564, 0.100000, 0.000000, 99026730.000000, 54278470.000000, 0.025000, 1.000000, 0, 3, 0, 3, 0, 0, 0, 0, 0, 0, 0, 0, 0, 0, 0, 0, 0, 0, 0, 0, 0, 0, 0, 0, 0, 0, 0, 0, 0, 0, 0, 0
node[2], 2774094101, 1699, 43.038587, 0.100000, -0.016000, 99026740.000000, 54281360.000000, 0.025000, 1.000000, 0, 3, 0, 3, 0, 0, 0, 0, 0, 0, 0, 0, 0, 0, 0, 0, 0, 0, 0, 0, 0, 0, 0, 0, 0, 0, 0, 0, 0, 0, 0, 0
node[0], 2357136044, 1700, 43.045266, 0.100000, -0.020000, 99026730.000000, 54275570.000000, 0.025000, 1.000000, 0, 3, 0, 2, 1, 0, 0, 0, 0, 0, 0, 0, 0, 0, 0, 0, 0, 0, 0, 0, 0, 0, 0, 0, 0, 0, 0, 0, 0, 0, 0, 0
node[3], 1277901399, 1701, 43.100713, 0.100000, 0.000000, 99026740.000000, 54284250.000000, 0.025000, 1.000000, 0, 3, 0, 2, 1, 0, 0, 0, 0, 0, 0, 0, 0, 0, 0, 0, 0, 0, 0, 0, 0, 0, 0, 0, 0, 0, 0, 0, 0, 0, 0, 0
node[1], 2588848963, 1702, 43.124564, 0.100000, -0.003000, 99026730.000000, 54278470.000000, 0.025000, 1.000000, 0, 3, 0, 3, 0, 0, 0, 0, 0, 0, 0, 0, 0, 0, 0, 0, 0, 0, 0, 0, 0, 0, 0, 0, 0, 0, 0, 0, 0, 0, 0, 0
node[2], 2774094101, 1703, 43.138587, 0.100000, 0.000000, 99026740.000000, 54281360.000000, 0.025000, 1.000000, 0, 3, 0, 3, 0, 0, 0, 0, 0, 0, 0, 0, 0, 0, 0, 0, 0, 0, 0, 0, 0, 0, 0, 0, 0, 0, 0, 0, 0, 0, 0, 0
node[0], 2357136044, 1704, 43.145266, 0.100000, 0.000000, 99026730.000000, 54275570.000000, 0.025000, 1.000000, 0, 3, 0, 2, 1, 0, 0, 0, 0, 0, 0, 0, 0, 0, 0, 0, 0, 0, 0, 0, 0, 0, 0, 0, 0, 0, 0, 0, 0, 0, 0, 0
node[3], 1277901399, 1705, 43.200713, 0.100000, 0.000000, 99026740.000000, 54284250.000000, 0.025000, 1.000000, 0, 3, 0, 2, 1, 0, 0, 0, 0, 0, 0, 0, 0, 0, 0, 0, 0, 0, 0, 0, 0, 0, 0, 0, 0, 0, 0, 0, 0, 0, 0, 0
node[1], 2588848963, 1706, 43.224564, 0.100000, 0.000000, 99026730.000000, 54278470.000000, 0.025000, 1.000000, 0, 3, 0, 3, 0, 0, 0, 0, 0, 0, 0, 0, 0, 0, 0, 0, 0, 0, 0, 0, 0, 0, 0, 0, 0, 0, 0, 0, 0, 0, 0, 0
node[2], 2774094101, 1707, 43.238587, 0.100000, -0.011000, 99026740.000000, 54281360.000000, 0.025000, 1.000000, 0, 3, 0, 3, 0, 0, 0, 0, 0, 0, 0, 0, 0, 0, 0, 0, 0, 0, 0, 0, 0, 0, 0, 0, 0, 0, 0, 0, 0, 0, 0, 0
node[0], 2357136044, 1708, 43.245266, 0.100000, -0.017000, 99026730.000000, 54275570.000000, 0.025000, 1.000000, 0, 3, 0, 2, 1, 0, 0, 0, 0, 0, 0, 0, 0, 0, 0, 0, 0, 0, 0, 0, 0, 0, 0, 0, 0, 0, 0, 0, 0, 0, 0, 0
node[3], 1277901399, 1709, 43.300713, 0.100000, 0.000000, 99026740.000000, 54284250.000000, 0.025000, 1.000000, 0, 3, 0, 2, 1, 0, 0, 0, 0, 0, 0, 0, 0, 0, 0, 0, 0, 0, 0, 0, 0, 0, 0, 0, 0, 0, 0, 0, 0, 0, 0, 0
node[1], 2588848963, 1710, 43.324564, 0.100000, 0.000000, 99026730.000000, 54278470.000000, 0.025000, 1.000000, 0, 3, 0, 3, 0, 0, 0, 0, 0, 0, 0, 0, 0, 0, 0, 0, 0, 0, 0, 0, 0, 0, 0, 0, 0, 0, 0, 0, 0, 0, 0, 0
node[2], 2774094101, 1711, 43.338587, 0.100000, 0.000000, 99026740.000000, 54281360.000000, 0.025000, 1.000000, 0, 3, 0, 3, 0, 0, 0, 0, 0, 0, 0, 0, 0, 0, 0, 0, 0, 0, 0, 0, 0, 0, 0, 0, 0, 0, 0, 0, 0, 0, 0, 0
node[0], 2357136044, 1712, 43.345266, 0.100000, 0.000000, 99026730.000000, 54275570.000000, 0.025000, 1.000000, 0, 3, 0, 2, 1, 0, 0, 0, 0, 0, 0, 0, 0, 0, 0, 0, 0, 0, 0, 0, 0, 0, 0, 0, 0, 0, 0, 0, 0, 0, 0, 0
node[3], 1277901399, 1713, 43.400713, 0.100000, -0.008000, 99026740.000000, 54284250.000000, 0.025000, 1.000000, 0, 3, 0, 2, 1, 0, 0, 0, 0, 0, 0, 0, 0, 0, 0, 0, 0, 0, 0, 0, 0, 0, 0, 0, 0, 0, 0, 0, 0, 0, 0, 0
node[1], 2588848963, 1714, 43.424564, 0.100000, -0.007000, 99026730.000000, 54278470.000000, 0.025000, 1.000000, 0, 3, 0, 3, 0, 0, 0, 0, 0, 0, 0, 0, 0, 0, 0, 0, 0, 0, 0, 0, 0, 0, 0, 0, 0, 0, 0, 0, 0, 0, 0, 0
node[2], 2774094101, 1715, 43.438587, 0.100000, 0.000000, 99026740.000000, 54281360.000000, 0.025000, 1.000000, 0, 3, 0, 3, 0, 0, 0, 0, 0, 0, 0, 0, 0, 0, 0, 0, 0, 0, 0, 0, 0, 0, 0, 0, 0, 0, 0, 0, 0, 0, 0, 0
node[0], 2357136044, 1716, 43.445266, 0.100000, 0.000000, 99026730.000000, 54275570.000000, 0.025000, 1.000000, 0, 3, 0, 2, 1, 0, 0, 0, 0, 0, 0, 0, 0, 0, 0, 0, 0, 0, 0, 0, 0, 0, 0, 0, 0, 0, 0, 0, 0, 0, 0, 0
node[3], 1277901399, 1717, 43.500713, 0.100000, 0.000000, 99026740.000000, 54284250.000000, 0.025000, 1.000000, 0, 3, 0, 2, 1, 0, 0, 0, 0, 0, 0, 0, 0, 0, 0, 0, 0, 0, 0, 0, 0, 0, 0, 0, 0, 0, 0, 0, 0, 0, 0, 0
node[1], 2588848963, 1718, 43.524564, 0.100000, 0.000000, 99026730.000000, 54278470.000000, 0.025000, 1.000000, 0, 3, 0, 3, 0, 0, 0, 0, 0, 0, 0, 0, 0, 0, 0, 0, 0, 0, 0, 0, 0, 0, 0, 0, 0, 0, 0, 0, 0, 0, 0, 0
node[2], 2774094101, 1719, 43.538587, 0.100000, -0.001000, 99026740.000000, 54281360.000000, 0.025000, 1.000000, 0, 3, 0, 3, 0, 0, 0, 0, 0, 0, 0, 0, 0, 0, 0, 0, 0, 0, 0, 0, 0, 0, 0, 0, 0, 0, 0, 0, 0, 0, 0, 0
node[0], 2357136044, 1720, 43.545266, 0.100000, 0.000000, 99026730.000000, 54275570.000000, 0.025000, 1.000000, 0, 3, 0, 2, 1, 0, 0, 0, 0, 0, 0, 0, 0, 0, 0, 0, 0, 0, 0, 0, 0, 0, 0, 0, 0, 0, 0, 0, 0, 0, 0, 0
node[3], 1277901399, 1721, 43.600713, 0.100000, -0.015000, 99026740.000000, 54284250.000000, 0.025000, 1.000000, 0, 3, 0, 2, 1, 0, 0, 0, 0, 0, 0, 0, 0, 0, 0, 0, 0, 0, 0, 0, 0, 0, 0, 0, 0, 0, 0, 0, 0, 0, 0, 0
node[1], 2588848963, 1722, 43.624564, 0.100000, 0.000000, 99026730.000000, 54278470.000000, 0.025000, 1.000000, 0, 3, 0, 3, 0, 0, 0, 0, 0, 0, 0, 0, 0, 0, 0, 0, 0, 0, 0, 0, 0, 0, 0, 0, 0, 0, 0, 0, 0, 0, 0, 0
node[2], 2774094101, 1723, 43.638587, 0.100000, 0.000000, 99026740.000000, 54281360.000000, 0.025000, 1.000000, 0, 3, 0, 3, 0, 0, 0, 0, 0, 0, 0, 0, 0, 0, 0, 0, 0, 0, 0, 0, 0, 0, 0, 0, 0, 0, 0, 0, 0, 0, 0, 0
node[0], 2357136044, 1724, 43.645266, 0.100000, -0.006000, 99026730.000000, 54275570.000000, 0.025000, 1.000000, 0, 3, 0, 2, 1, 0, 0, 0, 0, 0, 0, 0, 0, 0, 0, 0, 0, 0, 0, 0, 0, 0, 0, 0, 0, 0, 0, 0, 0, 0, 0, 0
node[3], 1277901399, 1725, 43.700713, 0.100000, 0.000000, 99026740.000000, 54284250.000000, 0.025000, 1.000000, 0, 3, 0, 2, 1, 0, 0, 0, 0, 0, 0, 0, 0, 0, 0, 0, 0, 0, 0, 0, 0, 0, 0, 0, 0, 0, 0, 0, 0, 0, 0, 0
node[1], 2588848963, 1726, 43.724564, 0.100000, 0.000000, 99026730.000000, 54278470.000000, 0.025000, 1.000000, 0, 3, 0, 3, 0, 0, 0, 0, 0, 0, 0, 0, 0, 0, 0, 0, 0, 0, 0, 0, 0, 0, 0, 0, 0, 0, 0, 0, 0, 0, 0, 0
node[2], 2774094101, 1727, 43.738587, 0.100000, 0.000000, 99026740.000000, 54281360.000000, 0.025000, 1.000000, 0, 3, 0, 3, 0, 0, 0, 0, 0, 0, 0, 0, 0, 0, 0, 0, 0, 0, 0, 0, 0, 0, 0, 0, 0, 0, 0, 0, 0, 0, 0, 0
node[0], 2357136044, 1728, 43.745266, 0.100000, 0.000000, 99026730.000000, 54275570.000000, 0.025000, 1.000000, 0, 3, 0, 2, 1, 0, 0, 0, 0, 0, 0, 0, 0, 0, 0, 0, 0, 0, 0, 0, 0, 0, 0, 0, 0, 0, 0, 0, 0, 0, 0, 0
node[3], 1277901399, 1729, 43.800713, 0.100000, 0.000000, 99026740.000000, 54284250.000000, 0.025000, 1.000000, 0, 3, 0, 2, 1, 0, 0, 0, 0, 0, 0, 0, 0, 0, 0, 0, 0, 0, 0, 0, 0, 0, 0, 0, 0, 0, 0, 0, 0, 0, 0, 0
node[1], 2588848963, 1730, 43.824564, 0.100000, 0.000000, 99026730.000000, 54278470.000000, 0.025000, 1.000000, 0, 3, 0, 3, 0, 0, 0, 0, 0, 0, 0, 0, 0, 0, 0, 0, 0, 0, 0, 0, 0, 0, 0, 0, 0, 0, 0, 0, 0, 0, 0, 0
node[2], 2774094101, 1731, 43.838587, 0.100000, 0.000000, 99026740.000000, 54281360.000000, 0.025000, 1.000000, 0, 3, 0, 3, 0, 0, 0, 0, 0, 0, 0, 0, 0, 0, 0, 0, 0, 0, 0, 0, 0, 0, 0, 0, 0, 0, 0, 0, 0, 0, 0, 0
node[0], 2357136044, 1732, 43.845266, 0.100000, 0.000000, 99026730.000000, 54275570.000000, 0.025000, 1.000000, 0, 3, 0, 2, 1, 0, 0, 0, 0, 0, 0, 0, 0, 0, 0, 0, 0, 0, 0, 0, 0, 0, 0, 0, 0, 0, 0, 0, 0, 0, 0, 0
node[3], 1277901399, 1733, 43.900713, 0.100000, 0.000000, 99026740.000000, 54284250.000000, 0.025000, 1.000000, 0, 3, 0, 2, 1, 0, 0, 0, 0, 0, 0, 0, 0, 0, 0, 0, 0, 0, 0, 0, 0, 0, 0, 0, 0, 0, 0, 0, 0, 0, 0, 0
node[1], 2588848963, 1734, 43.924564, 0.100000, 0.000000, 99026730.000000, 54278470.000000, 0.025000, 1.000000, 0, 3, 0, 3, 0, 0, 0, 0, 0, 0, 0, 0, 0, 0, 0, 0, 0, 0, 0, 0, 0, 0, 0, 0, 0, 0, 0, 0, 0, 0, 0, 0
node[2], 2774094101, 1735, 43.938587, 0.100000, -0.022000, 99026740.000000, 54281360.000000, 0.025000, 1.000000, 0, 3, 0, 3, 0, 0, 0, 0, 0, 0, 0, 0, 0, 0, 0, 0, 0, 0, 0, 0, 0, 0, 0, 0, 0, 0, 0, 0, 0, 0, 0, 0
node[0], 2357136044, 1736, 43.945266, 0.100000, -0.011000, 99026730.000000, 54275570.000000, 0.025000, 1.000000, 0, 3, 0, 2, 1, 0, 0, 0, 0, 0, 0, 0, 0, 0, 0, 0, 0, 0, 0, 0, 0, 0, 0, 0, 0, 0, 0, 0, 0, 0, 0, 0
node[3], 1277901399, 1737, 44.000713, 0.100000, 0.000000, 99026740.000000, 54284250.000000, 0.025000, 1.000000, 0, 3, 0, 2, 1, 0, 0, 0, 0, 0, 0, 0, 0, 0, 0, 0, 0, 0, 0, 0, 0, 0, 0, 0, 0, 0, 0, 0, 0, 0, 0, 0
node[1], 2588848963, 1738, 44.024564, 0.100000, -0.013000, 99026730.000000, 54278470.000000, 0.025000, 1.000000, 0, 3, 0, 3, 0, 0, 0, 0, 0, 0, 0, 0, 0, 0, 0, 0, 0, 0, 0, 0, 0, 0, 0, 0, 0, 0, 0, 0, 0, 0, 0, 0
node[2], 2774094101, 1739, 44.038587, 0.100000, 0.000000, 99026740.000000, 54281360.000000, 0.025000, 1.000000, 0, 3, 0, 3, 0, 0, 0, 0, 0, 0, 0, 0, 0, 0, 0, 0, 0, 0, 0, 0, 0, 0, 0, 0, 0, 0, 0, 0, 0, 0, 0, 0
node[0], 2357136044, 1740, 44.045266, 0.100000, 0.000000, 99026730.000000, 54275570.000000, 0.025000, 1.000000, 0, 3, 0, 2, 1, 0, 0, 0, 0, 0, 0, 0, 0, 0, 0, 0, 0, 0, 0, 0, 0, 0, 0, 0, 0, 0, 0, 0, 0, 0, 0, 0
node[3], 1277901399, 1741, 44.100713, 0.100000, 0.000000, 99026740.000000, 54284250.000000, 0.025000, 1.000000, 0, 3, 0, 2, 1, 0, 0, 0, 0, 0, 0, 0, 0, 0, 0, 0, 0, 0, 0, 0, 0, 0, 0, 0, 0, 0, 0, 0, 0, 0, 0, 0
node[1], 2588848963, 1742, 44.124564, 0.100000, 0.000000, 99026730.000000, 54278470.000000, 0.025000, 1.000000, 0, 3, 0, 3, 0, 0, 0, 0, 0, 0, 0, 0, 0, 0, 0, 0, 0, 0, 0, 0, 0, 0, 0, 0, 0, 0, 0, 0, 0, 0, 0, 0
node[2], 2774094101, 1743, 44.138587, 0.100000, 0.000000, 99026740.000000, 54281360.000000, 0.025000, 1.000000, 0, 3, 0, 3, 0, 0, 0, 0, 0, 0, 0, 0, 0, 0, 0, 0, 0, 0, 0, 0, 0, 0, 0, 0, 0, 0, 0, 0, 0, 0, 0, 0
node[0], 2357136044, 1744, 44.145266, 0.100000, -0.004000, 99026730.000000, 54275570.000000, 0.025000, 1.000000, 0, 3, 0, 2, 1, 0, 0, 0, 0, 0, 0, 0, 0, 0, 0, 0, 0, 0, 0, 0, 0, 0, 0, 0, 0, 0, 0, 0, 0, 0, 0, 0
node[3], 1277901399, 1745, 44.200713, 0.100000, 0.000000, 99026740.000000, 54284250.000000, 0.025000, 1.000000, 0, 3, 0, 2, 1, 0, 0, 0, 0, 0, 0, 0, 0, 0, 0, 0, 0, 0, 0, 0, 0, 0, 0, 0, 0, 0, 0, 0, 0, 0, 0, 0
node[1], 2588848963, 1746, 44.224564, 0.100000, 0.000000, 99026730.000000, 54278470.000000, 0.025000, 1.000000, 0, 3, 0, 3, 0, 0, 0, 0, 0, 0, 0, 0, 0, 0, 0, 0, 0, 0, 0, 0, 0, 0, 0, 0, 0, 0, 0, 0, 0, 0, 0, 0
node[2], 2774094101, 1747, 44.238587, 0.100000, 0.000000, 99026740.000000, 54281360.000000, 0.025000, 1.000000, 0, 3, 0, 3, 0, 0, 0, 0, 0, 0, 0, 0, 0, 0, 0, 0, 0, 0, 0, 0, 0, 0, 0, 0, 0, 0, 0, 0, 0, 0, 0, 0
node[0], 2357136044, 1748, 44.245266, 0.100000, -0.001000, 99026730.000000, 54275570.000000, 0.025000, 1.000000, 0, 3, 0, 2, 1, 0, 0, 0, 0, 0, 0, 0, 0, 0, 0, 0, 0, 0, 0, 0, 0, 0, 0, 0, 0, 0, 0, 0, 0, 0, 0, 0
node[3], 1277901399, 1749, 44.300713, 0.100000, 0.000000, 99026740.000000, 54284250.000000, 0.025000, 1.000000, 0, 3, 0, 2, 1, 0, 0, 0, 0, 0, 0, 0, 0, 0, 0, 0, 0, 0, 0, 0, 0, 0, 0, 0, 0, 0, 0, 0, 0, 0, 0, 0
node[1], 2588848963, 1750, 44.324564, 0.100000, 0.000000, 99026730.000000, 54278470.000000, 0.025000, 1.000000, 0, 3, 0, 3, 0, 0, 0, 0, 0, 0, 0, 0, 0, 0, 0, 0, 0, 0, 0, 0, 0, 0, 0, 0, 0, 0, 0, 0, 0, 0, 0, 0
node[2], 2774094101, 1751, 44.338587, 0.100000, 0.000000, 99026740.000000, 54281360.000000, 0.025000, 1.000000, 0, 3, 0, 3, 0, 0, 0, 0, 0, 0, 0, 0, 0, 0, 0, 0, 0, 0, 0, 0, 0, 0, 0, 0, 0, 0, 0, 0, 0, 0, 0, 0
node[0], 2357136044, 1752, 44.345266, 0.100000, 0.000000, 99026730.000000, 54275570.000000, 0.025000, 1.000000, 0, 3, 0, 2, 1, 0, 0, 0, 0, 0, 0, 0, 0, 0, 0, 0, 0, 0, 0, 0, 0, 0, 0, 0, 0, 0, 0, 0, 0, 0, 0, 0
node[3], 1277901399, 1753, 44.400713, 0.100000, 0.000000, 99026740.000000, 54284250.000000, 0.025000, 1.000000, 0, 3, 0, 2, 1, 0, 0, 0, 0, 0, 0, 0, 0, 0, 0, 0, 0, 0, 0, 0, 0, 0, 0, 0, 0, 0, 0, 0, 0, 0, 0, 0
node[1], 2588848963, 1754, 44.424564, 0.100000, -0.010000, 99026730.000000, 54278470.000000, 0.025000, 1.000000, 0, 3, 0, 3, 0, 0, 0, 0, 0, 0, 0, 0, 0, 0, 0, 0, 0, 0, 0, 0, 0, 0, 0, 0, 0, 0, 0, 0, 0, 0, 0, 0
node[2], 2774094101, 1755, 44.438587, 0.100000, 0.000000, 99026740.000000, 54281360.000000, 0.025000, 1.000000, 0, 3, 0, 3, 0, 0, 0, 0, 0, 0, 0, 0, 0, 0, 0, 0, 0, 0, 0, 0, 0, 0, 0, 0, 0, 0, 0, 0, 0, 0, 0, 0
node[0], 2357136044, 1756, 44.445266, 0.100000, 0.000000, 99026730.000000, 54275570.000000, 0.025000, 1.000000, 0, 3, 0, 2, 1, 0, 0, 0, 0, 0, 0, 0, 0, 0, 0, 0, 0, 0, 0, 0, 0, 0, 0, 0, 0, 0, 0, 0, 0, 0, 0, 0
node[3], 1277901399, 1757, 44.500713, 0.100000, 0.000000, 99026740.000000, 54284250.000000, 0.025000, 1.000000, 0, 3, 0, 2, 1, 0, 0, 0, 0, 0, 0, 0, 0, 0, 0, 0, 0, 0, 0, 0, 0, 0, 0, 0, 0, 0, 0, 0, 0, 0, 0, 0
node[1], 2588848963, 1758, 44.524564, 0.100000, 0.000000, 99026730.000000, 54278470.000000, 0.025000, 1.000000, 0, 3, 0, 3, 0, 0, 0, 0, 0, 0, 0, 0, 0, 0, 0, 0, 0, 0, 0, 0, 0, 0, 0, 0, 0, 0, 0, 0, 0, 0, 0, 0
node[2], 2774094101, 1759, 44.538587, 0.100000, 0.000000, 99026740.000000, 54281360.000000, 0.025000, 1.000000, 0, 3, 0, 3, 0, 0, 0, 0, 0, 0, 0, 0, 0, 0, 0, 0, 0, 0, 0, 0, 0, 0, 0, 0, 0, 0, 0, 0, 0, 0, 0, 0
node[0], 2357136044, 1760, 44.545266, 0.100000, 0.000000, 99026730.000000, 54275570.000000, 0.025000, 1.000000, 0, 3, 0, 2, 1, 0, 0, 0, 0, 0, 0, 0, 0, 0, 0, 0, 0, 0, 0, 0, 0, 0, 0, 0, 0, 0, 0, 0, 0, 0, 0, 0
node[3], 1277901399, 1761, 44.600713, 0.100000, -0.004000, 99026740.000000, 54284250.000000, 0.025000, 1.000000, 0, 3, 0, 2, 1, 0, 0, 0, 0, 0, 0, 0, 0, 0, 0, 0, 0, 0, 0, 0, 0, 0, 0, 0, 0, 0, 0, 0, 0, 0, 0, 0
node[1], 2588848963, 1762, 44.624564, 0.100000, 0.000000, 99026730.000000, 54278470.000000, 0.025000, 1.000000, 0, 3, 0, 3, 0, 0, 0, 0, 0, 0, 0, 0, 0, 0, 0, 0, 0, 0, 0, 0, 0, 0, 0, 0, 0, 0, 0, 0, 0, 0, 0, 0
node[2], 2774094101, 1763, 44.638587, 0.100000, 0.000000, 99026740.000000, 54281360.000000, 0.025000, 1.000000, 0, 3, 0, 3, 0, 0, 0, 0, 0, 0, 0, 0, 0, 0, 0, 0, 0, 0, 0, 0, 0, 0, 0, 0, 0, 0, 0, 0, 0, 0, 0, 0
node[0], 2357136044, 1764, 44.645266, 0.100000, -0.015000, 99026730.000000, 54275570.000000, 0.025000, 1.000000, 0, 3, 0, 2, 1, 0, 0, 0, 0, 0, 0, 0, 0, 0, 0, 0, 0, 0, 0, 0, 0, 0, 0, 0, 0, 0, 0, 0, 0, 0, 0, 0
node[3], 1277901399, 1765, 44.700713, 0.100000, 0.000000, 99026740.000000, 54284250.000000, 0.025000, 1.000000, 0, 3, 0, 2, 1, 0, 0, 0, 0, 0, 0, 0, 0, 0, 0, 0, 0, 0, 0, 0, 0, 0, 0, 0, 0, 0, 0, 0, 0, 0, 0, 0
node[1], 2588848963, 1766, 44.724564, 0.100000, 0.000000, 99026730.000000, 54278470.000000, 0.025000, 1.000000, 0, 3, 0, 3, 0, 0, 0, 0, 0, 0, 0, 0, 0, 0, 0, 0, 0, 0, 0, 0, 0, 0, 0, 0, 0, 0, 0, 0, 0, 0, 0, 0
node[2], 2774094101, 1767, 44.738587, 0.100000, 0.000000, 99026740.000000, 54281360.000000, 0.025000, 1.000000, 0, 3, 0, 3, 0, 0, 0, 0, 0, 0, 0, 0, 0, 0, 0, 0, 0, 0, 0, 0, 0, 0, 0, 0, 0, 0, 0, 0, 0, 0, 0, 0
node[0], 2357136044, 1768, 44.745266, 0.100000, -0.010000, 99026730.000000, 54275570.000000, 0.025000, 1.000000, 0, 3, 0, 2, 1, 0, 0, 0, 0, 0, 0, 0, 0, 0, 0, 0, 0, 0, 0, 0, 0, 0, 0, 0, 0, 0, 0, 0, 0, 0, 0, 0
node[3], 1277901399, 1769, 44.800713, 0.100000, 0.000000, 99026740.000000, 54284250.000000, 0.025000, 1.000000, 0, 3, 0, 2, 1, 0, 0, 0, 0, 0, 0, 0, 0, 0, 0, 0, 0, 0, 0, 0, 0, 0, 0, 0, 0, 0, 0, 0, 0, 0, 0, 0
node[1], 2588848963, 1770, 44.824564, 0.100000, 0.000000, 99026730.000000, 54278470.000000, 0.025000, 1.000000, 0, 3, 0, 3, 0, 0, 0, 0, 0, 0, 0, 0, 0, 0, 0, 0, 0, 0, 0, 0, 0, 0, 0, 0, 0, 0, 0, 0, 0, 0, 0, 0
node[2], 2774094101, 1771, 44.838587, 0.100000, -0.005000, 99026740.000000, 54281360.000000, 0.025000, 1.000000, 0, 3, 0, 3, 0, 0, 0, 0, 0, 0, 0, 0, 0, 0, 0, 0, 0, 0, 0, 0, 0, 0, 0, 0, 0, 0, 0, 0, 0, 0, 0, 0
node[0], 2357136044, 1772, 44.845266, 0.100000, 0.000000, 99026730.000000, 54275570.000000, 0.025000, 1.000000, 0, 3, 0, 2, 1, 0, 0, 0, 0, 0, 0, 0, 0, 0, 0, 0, 0, 0, 0, 0, 0, 0, 0, 0, 0, 0, 0, 0, 0, 0, 0, 0
node[3], 1277901399, 1773, 44.900713, 0.100000, 0.000000, 99026740.000000, 54284250.000000, 0.025000, 1.000000, 0, 3, 0, 2, 1, 0, 0, 0, 0, 0, 0, 0, 0, 0, 0, 0, 0, 0, 0, 0, 0, 0, 0, 0, 0, 0, 0, 0, 0, 0, 0, 0
node[1], 2588848963, 1774, 44.924564, 0.100000, -0.013000, 99026730.000000, 54278470.000000, 0.025000, 1.000000, 0, 3, 0, 3, 0, 0, 0, 0, 0, 0, 0, 0, 0, 0, 0, 0, 0, 0, 0, 0, 0, 0, 0, 0, 0, 0, 0, 0, 0, 0, 0, 0
node[2], 2774094101, 1775, 44.938587, 0.100000, -0.012000, 99026740.000000, 54281360.000000, 0.025000, 1.000000, 0, 3, 0, 3, 0, 0, 0, 0, 0, 0, 0, 0, 0, 0, 0, 0, 0, 0, 0, 0, 0, 0, 0, 0, 0, 0, 0, 0, 0, 0, 0, 0
node[0], 2357136044, 1776, 44.945266, 0.100000, -0.004000, 99026730.000000, 54275570.000000, 0.025000, 1.000000, 0, 3, 0, 2, 1, 0, 0, 0, 0, 0, 0, 0, 0, 0, 0, 0, 0, 0, 0, 0, 0, 0, 0, 0, 0, 0, 0, 0, 0, 0, 0, 0
node[3], 1277901399, 1777, 45.000713, 0.100000, 0.000000, 99026740.000000, 54284250.000000, 0.025000, 1.000000, 0, 3, 0, 2, 1, 0, 0, 0, 0, 0, 0, 0, 0, 0, 0, 0, 0, 0, 0, 0, 0, 0, 0, 0, 0, 0, 0, 0, 0, 0, 0, 0
node[1], 2588848963, 1778, 45.024564, 0.100000, 0.000000, 99026730.000000, 54278470.000000, 0.025000, 1.000000, 0, 3, 0, 3, 0, 0, 0, 0, 0, 0, 0, 0, 0, 0, 0, 0, 0, 0, 0, 0, 0, 0, 0, 0, 0, 0, 0, 0, 0, 0, 0, 0
node[2], 2774094101, 1779, 45.038587, 0.100000, 0.000000, 99026740.000000, 54281360.000000, 0.025000, 1.000000, 0, 3, 0, 3, 0, 0, 0, 0, 0, 0, 0, 0, 0, 0, 0, 0, 0, 0, 0, 0, 0, 0, 0, 0, 0, 0, 0, 0, 0, 0, 0, 0
node[0], 2357136044, 1780, 45.045266, 0.100000, 0.000000, 99026730.000000, 54275570.000000, 0.025000, 1.000000, 0, 3, 0, 2, 1, 0, 0, 0, 0, 0, 0, 0, 0, 0, 0, 0, 0, 0, 0, 0, 0, 0, 0, 0, 0, 0, 0, 0, 0, 0, 0, 0
node[3], 1277901399, 1781, 45.100713, 0.100000, 0.000000, 99026740.000000, 54284250.000000, 0.025000, 1.000000, 0, 3, 0, 2, 1, 0, 0, 0, 0, 0, 0, 0, 0, 0, 0, 0, 0, 0, 0, 0, 0, 0, 0, 0, 0, 0, 0, 0, 0, 0, 0, 0
node[1], 2588848963, 1782, 45.124564, 0.100000, -0.024000, 99026730.000000, 54278470.000000, 0.025000, 1.000000, 0, 3, 0, 3, 0, 0, 0, 0, 0, 0, 0, 0, 0, 0, 0, 0, 0, 0, 0, 0, 0, 0, 0, 0, 0, 0, 0, 0, 0, 0, 0, 0
node[2], 2774094101, 1783, 45.138587, 0.100000, -0.016000, 99026740.000000, 54281360.000000, 0.025000, 1.000000, 0, 3, 0, 3, 0, 0, 0, 0, 0, 0, 0, 0, 0, 0, 0, 0, 0, 0, 0, 0, 0, 0, 0, 0, 0, 0, 0, 0, 0, 0, 0, 0
node[0], 2357136044, 1784, 45.145266, 0.100000, -0.013000, 99026730.000000, 54275570.000000, 0.025000, 1.000000, 0, 3, 0, 2, 1, 0, 0, 0, 0, 0, 0, 0, 0, 0, 0, 0, 0, 0, 0, 0, 0, 0, 0, 0, 0, 0, 0, 0, 0, 0, 0, 0
node[3], 1277901399, 1785, 45.200713, 0.100000, -0.012000, 99026740.000000, 54284250.000000, 0.025000, 1.000000, 0, 3, 0, 2, 1, 0, 0, 0, 0, 0, 0, 0, 0, 0, 0, 0, 0, 0, 0, 0, 0, 0, 0, 0, 0, 0, 0, 0, 0, 0, 0, 0
node[1], 2588848963, 1786, 45.224564, 0.100000, 0.000000, 99026730.000000, 54278470.000000, 0.025000, 1.000000, 0, 3, 0, 3, 0, 0, 0, 0, 0, 0, 0, 0, 0, 0, 0, 0, 0, 0, 0, 0, 0, 0, 0, 0, 0, 0, 0, 0, 0, 0, 0, 0
node[2], 2774094101, 1787, 45.238587, 0.100000, 0.000000, 99026740.000000, 54281360.000000, 0.025000, 1.000000, 0, 3, 0, 3, 0, 0, 0, 0, 0, 0, 0, 0, 0, 0, 0, 0, 0, 0, 0, 0, 0, 0, 0, 0, 0, 0, 0, 0, 0, 0, 0, 0
node[0], 2357136044, 1788, 45.245266, 0.100000, 0.000000, 99026730.000000, 54275570.000000, 0.025000, 1.000000, 0, 3, 0, 2, 1, 0, 0, 0, 0, 0, 0, 0, 0, 0, 0, 0, 0, 0, 0, 0, 0, 0, 0, 0, 0, 0, 0, 0, 0, 0, 0, 0
node[3], 1277901399, 1789, 45.300713, 0.100000, 0.000000, 99026740.000000, 54284250.000000, 0.025000, 1.000000, 0, 3, 0, 2, 1, 0, 0, 0, 0, 0, 0, 0, 0, 0, 0, 0, 0, 0, 0, 0, 0, 0, 0, 0, 0, 0, 0, 0, 0, 0, 0, 0
node[1], 2588848963, 1790, 45.324564, 0.100000, -0.020000, 99026730.000000, 54278470.000000, 0.025000, 1.000000, 0, 3, 0, 3, 0, 0, 0, 0, 0, 0, 0, 0, 0, 0, 0, 0, 0, 0, 0, 0, 0, 0, 0, 0, 0, 0, 0, 0, 0, 0, 0, 0
node[2], 2774094101, 1791, 45.338587, 0.100000, 0.000000, 99026740.000000, 54281360.000000, 0.025000, 1.000000, 0, 3, 0, 3, 0, 0, 0, 0, 0, 0, 0, 0, 0, 0, 0, 0, 0, 0, 0, 0, 0, 0, 0, 0, 0, 0, 0, 0, 0, 0, 0, 0
node[0], 2357136044, 1792, 45.345266, 0.100000, 0.000000, 99026730.000000, 54275570.000000, 0.025000, 1.000000, 0, 3, 0, 2, 1, 0, 0, 0, 0, 0, 0, 0, 0, 0, 0, 0, 0, 0, 0, 0, 0, 0, 0, 0, 0, 0, 0, 0, 0, 0, 0, 0
node[3], 1277901399, 1793, 45.400713, 0.100000, -0.003000, 99026740.000000, 54284260.000000, 0.025000, 1.000000, 0, 3, 0, 2, 1, 0, 0, 0, 0, 0, 0, 0, 0, 0, 0, 0, 0, 0, 0, 0, 0, 0, 0, 0, 0, 0, 0, 0, 0, 0, 0, 0
node[1], 2588848963, 1794, 45.424564, 0.100000, 0.000000, 99026730.000000, 54278470.000000, 0.025000, 1.000000, 0, 3, 0, 3, 0, 0, 0, 0, 0, 0, 0, 0, 0, 0, 0, 0, 0, 0, 0, 0, 0, 0, 0, 0, 0, 0, 0, 0, 0, 0, 0, 0
node[2], 2774094101, 1795, 45.438587, 0.100000, 0.000000, 99026740.000000, 54281360.000000, 0.025000, 1.000000, 0, 3, 0, 3, 0, 0, 0, 0, 0, 0, 0, 0, 0, 0, 0, 0, 0, 0, 0, 0, 0, 0, 0, 0, 0, 0, 0, 0, 0, 0, 0, 0
node[0], 2357136044, 1796, 45.445266, 0.100000, 0.000000, 99026730.000000, 54275570.000000, 0.025000, 1.000000, 0, 3, 0, 2, 1, 0, 0, 0, 0, 0, 0, 0, 0, 0, 0, 0, 0, 0, 0, 0, 0, 0, 0, 0, 0, 0, 0, 0, 0, 0, 0, 0
node[3], 1277901399, 1797, 45.500713, 0.100000, 0.000000, 99026740.000000, 54284260.000000, 0.025000, 1.000000, 0, 3, 0, 2, 1, 0, 0, 0, 0, 0, 0, 0, 0, 0, 0, 0, 0, 0, 0, 0, 0, 0, 0, 0, 0, 0, 0, 0, 0, 0, 0, 0
node[1], 2588848963, 1798, 45.524564, 0.100000, -0.002000, 99026730.000000, 54278470.000000, 0.025000, 1.000000, 0, 3, 0, 3, 0, 0, 0, 0, 0, 0, 0, 0, 0, 0, 0, 0, 0, 0, 0, 0, 0, 0, 0, 0, 0, 0, 0, 0, 0, 0, 0, 0
node[2], 2774094101, 1799, 45.538587, 0.100000, -0.022000, 99026740.000000, 54281360.000000, 0.025000, 1.000000, 0, 3, 0, 3, 0, 0, 0, 0, 0, 0, 0, 0, 0, 0, 0, 0, 0, 0, 0, 0, 0, 0, 0, 0, 0, 0, 0, 0, 0, 0, 0, 0
node[0], 2357136044, 1800, 45.545266, 0.100000, 0.000000, 99026730.000000, 54275570.000000, 0.025000, 1.000000, 0, 3, 0, 2, 1, 0, 0, 0, 0, 0, 0, 0, 0, 0, 0, 0, 0, 0, 0, 0, 0, 0, 0, 0, 0, 0, 0, 0, 0, 0, 0, 0
node[3], 1277901399, 1801, 45.600713, 0.100000, 0.000000, 99026740.000000, 54284260.000000, 0.025000, 1.000000, 0, 3, 0, 2, 1, 0, 0, 0, 0, 0, 0, 0, 0, 0, 0, 0, 0, 0, 0, 0, 0, 0, 0, 0, 0, 0, 0, 0, 0, 0, 0, 0
node[1], 2588848963, 1802, 45.624564, 0.100000, 0.000000, 99026730.000000, 54278470.000000, 0.025000, 1.000000, 0, 3, 0, 3, 0, 0, 0, 0, 0, 0, 0, 0, 0, 0, 0, 0, 0, 0, 0, 0, 0, 0, 0, 0, 0, 0, 0, 0, 0, 0, 0, 0
node[2], 2774094101, 1803, 45.638587, 0.100000, -0.004000, 99026740.000000, 54281360.000000, 0.025000, 1.000000, 0, 3, 0, 3, 0, 0, 0, 0, 0, 0, 0, 0, 0, 0, 0, 0, 0, 0, 0, 0, 0, 0, 0, 0, 0, 0, 0, 0, 0, 0, 0, 0
node[0], 2357136044, 1804, 45.645266, 0.100000, 0.000000, 99026730.000000, 54275570.000000, 0.025000, 1.000000, 0, 3, 0, 2, 1, 0, 0, 0, 0, 0, 0, 0, 0, 0, 0, 0, 0, 0, 0, 0, 0, 0, 0, 0, 0, 0, 0, 0, 0, 0, 0, 0
node[3], 1277901399, 1805, 45.700713, 0.100000, -0.014000, 99026740.000000, 54284260.000000, 0.025000, 1.000000, 0, 3, 0, 2, 1, 0, 0, 0, 0, 0, 0, 0, 0, 0, 0, 0, 0, 0, 0, 0, 0, 0, 0, 0, 0, 0, 0, 0, 0, 0, 0, 0
node[1], 2588848963, 1806, 45.724564, 0.100000, 0.000000, 99026730.000000, 54278470.000000, 0.025000, 1.000000, 0, 3, 0, 3, 0, 0, 0, 0, 0, 0, 0, 0, 0, 0, 0, 0, 0, 0, 0, 0, 0, 0, 0, 0, 0, 0, 0, 0, 0, 0, 0, 0
node[2], 2774094101, 1807, 45.738587, 0.100000, 0.000000, 99026740.000000, 54281360.000000, 0.025000, 1.000000, 0, 3, 0, 3, 0, 0, 0, 0, 0, 0, 0, 0, 0, 0, 0, 0, 0, 0, 0, 0, 0, 0, 0, 0, 0, 0, 0, 0, 0, 0, 0, 0
node[0], 2357136044, 1808, 45.745266, 0.100000, -0.010000, 99026730.000000, 54275570.000000, 0.025000, 1.000000, 0, 3, 0, 2, 1, 0, 0, 0, 0, 0, 0, 0, 0, 0, 0, 0, 0, 0, 0, 0, 0, 0, 0, 0, 0, 0, 0, 0, 0, 0, 0, 0
node[3], 1277901399, 1809, 45.800713, 0.100000, -0.010000, 99026740.000000, 54284260.000000, 0.025000, 1.000000, 0, 3, 0, 2, 1, 0, 0, 0, 0, 0, 0, 0, 0, 0, 0, 0, 0, 0, 0, 0, 0, 0, 0, 0, 0, 0, 0, 0, 0, 0, 0, 0
node[1], 2588848963, 1810, 45.824564, 0.100000, 0.000000, 99026730.000000, 54278470.000000, 0.025000, 1.000000, 0, 3, 0, 3, 0, 0, 0, 0, 0, 0, 0, 0, 0, 0, 0, 0, 0, 0, 0, 0, 0, 0, 0, 0, 0, 0, 0, 0, 0, 0, 0, 0
node[2], 2774094101, 1811, 45.838587, 0.100000, 0.000000, 99026740.000000, 54281360.000000, 0.025000, 1.000000, 0, 3, 0, 3, 0, 0, 0, 0, 0, 0, 0, 0, 0, 0, 0, 0, 0, 0, 0, 0, 0, 0, 0, 0, 0, 0, 0, 0, 0, 0, 0, 0
node[0], 2357136044, 1812, 45.845266, 0.100000, 0.000000, 99026730.000000, 54275570.000000, 0.025000, 1.000000, 0, 3, 0, 2, 1, 0, 0, 0, 0, 0, 0, 0, 0, 0, 0, 0, 0, 0, 0, 0, 0, 0, 0, 0, 0, 0, 0, 0, 0, 0, 0, 0
node[3], 1277901399, 1813, 45.900713, 0.100000, 0.000000, 99026740.000000, 54284260.000000, 0.025000, 1.000000, 0, 3, 0, 2, 1, 0, 0, 0, 0, 0, 0, 0, 0, 0, 0, 0, 0, 0, 0, 0, 0, 0, 0, 0, 0, 0, 0, 0, 0, 0, 0, 0
node[1], 2588848963, 1814, 45.924564, 0.100000, 0.000000, 99026730.000000, 54278470.000000, 0.025000, 1.000000, 0, 3, 0, 3, 0, 0, 0, 0, 0, 0, 0, 0, 0, 0, 0, 0, 0, 0, 0, 0, 0, 0, 0, 0, 0, 0, 0, 0, 0, 0, 0, 0
node[2], 2774094101, 1815, 45.938587, 0.100000, 0.000000, 99026740.000000, 54281360.000000, 0.025000, 1.000000, 0, 3, 0, 3, 0, 0, 0, 0, 0, 0, 0, 0, 0, 0, 0, 0, 0, 0, 0, 0, 0, 0, 0, 0, 0, 0, 0, 0, 0, 0, 0, 0
node[0], 2357136044, 1816, 45.945266, 0.100000, 0.000000, 99026730.000000, 54275570.000000, 0.025000, 1.000000, 0, 3, 0, 2, 1, 0, 0, 0, 0, 0, 0, 0, 0, 0, 0, 0, 0, 0, 0, 0, 0, 0, 0, 0, 0, 0, 0, 0, 0, 0, 0, 0
node[3], 1277901399, 1817, 46.000713, 0.100000, 0.000000, 99026740.000000, 54284260.000000, 0.025000, 1.000000, 0, 3, 0, 2, 1, 0, 0, 0, 0, 0, 0, 0, 0, 0, 0, 0, 0, 0, 0, 0, 0, 0, 0, 0, 0, 0, 0, 0, 0, 0, 0, 0
node[1], 2588848963, 1818, 46.024564, 0.100000, -0.006000, 99026730.000000, 54278470.000000, 0.025000, 1.000000, 0, 3, 0, 3, 0, 0, 0, 0, 0, 0, 0, 0, 0, 0, 0, 0, 0, 0, 0, 0, 0, 0, 0, 0, 0, 0, 0, 0, 0, 0, 0, 0
node[2], 2774094101, 1819, 46.038587, 0.100000, 0.000000, 99026740.000000, 54281360.000000, 0.025000, 1.000000, 0, 3, 0, 3, 0, 0, 0, 0, 0, 0, 0, 0, 0, 0, 0, 0, 0, 0, 0, 0, 0, 0, 0, 0, 0, 0, 0, 0, 0, 0, 0, 0
node[0], 2357136044, 1820, 46.045266, 0.100000, 0.000000, 99026730.000000, 54275570.000000, 0.025000, 1.000000, 0, 3, 0, 2, 1, 0, 0, 0, 0, 0, 0, 0, 0, 0, 0, 0, 0, 0, 0, 0, 0, 0, 0, 0, 0, 0, 0, 0, 0, 0, 0, 0
node[3], 1277901399, 1821, 46.100713, 0.100000, -0.001000, 99026740.000000, 54284260.000000, 0.025000, 1.000000, 0, 3, 0, 2, 1, 0, 0, 0, 0, 0, 0, 0, 0, 0, 0, 0, 0, 0, 0, 0, 0, 0, 0, 0, 0, 0, 0, 0, 0, 0, 0, 0
node[1], 2588848963, 1822, 46.124564, 0.100000, 0.000000, 99026730.000000, 54278470.000000, 0.025000, 1.000000, 0, 3, 0, 3, 0, 0, 0, 0, 0, 0, 0, 0, 0, 0, 0, 0, 0, 0, 0, 0, 0, 0, 0, 0, 0, 0, 0, 0, 0, 0, 0, 0
node[2], 2774094101, 1823, 46.138587, 0.100000, 0.000000, 99026740.000000, 54281360.000000, 0.025000, 1.000000, 0, 3, 0, 3, 0, 0, 0, 0, 0, 0, 0, 0, 0, 0, 0, 0, 0, 0, 0, 0, 0, 0, 0, 0, 0, 0, 0, 0, 0, 0, 0, 0
node[0], 2357136044, 1824, 46.145266, 0.100000, 0.000000, 99026730.000000, 54275570.000000, 0.025000, 1.000000, 0, 3, 0, 2, 1, 0, 0, 0, 0, 0, 0, 0, 0, 0, 0, 0, 0, 0, 0, 0, 0, 0, 0, 0, 0, 0, 0, 0, 0, 0, 0, 0
node[3], 1277901399, 1825, 46.200713, 0.100000, -0.002000, 99026740.000000, 54284260.000000, 0.025000, 1.000000, 0, 3, 0, 2, 1, 0, 0, 0, 0, 0, 0, 0, 0, 0, 0, 0, 0, 0, 0, 0, 0, 0, 0, 0, 0, 0, 0, 0, 0, 0, 0, 0
node[1], 2588848963, 1826, 46.224564, 0.100000, 0.000000, 99026730.000000, 54278470.000000, 0.025000, 1.000000, 0, 3, 0, 3, 0, 0, 0, 0, 0, 0, 0, 0, 0, 0, 0, 0, 0, 0, 0, 0, 0, 0, 0, 0, 0, 0, 0, 0, 0, 0, 0, 0
node[2], 2774094101, 1827, 46.238587, 0.100000, -0.017000, 99026740.000000, 54281360.000000, 0.025000, 1.000000, 0, 3, 0, 3, 0, 0, 0, 0, 0, 0, 0, 0, 0, 0, 0, 0, 0, 0, 0, 0, 0, 0, 0, 0, 0, 0, 0, 0, 0, 0, 0, 0
node[0], 2357136044, 1828, 46.245266, 0.100000, -0.023000, 99026730.000000, 54275570.000000, 0.025000, 1.000000, 0, 3, 0, 2, 1, 0, 0, 0, 0, 0, 0, 0, 0, 0, 0, 0, 0, 0, 0, 0, 0, 0, 0, 0, 0, 0, 0, 0, 0, 0, 0, 0
node[3], 1277901399, 1829, 46.300713, 0.100000, -0.018000, 99026740.000000, 54284260.000000, 0.025000, 1.000000, 0, 3, 0, 2, 1, 0, 0, 0, 0, 0, 0, 0, 0, 0, 0, 0, 0, 0, 0, 0, 0, 0, 0, 0, 0, 0, 0, 0, 0, 0, 0, 0
node[1], 2588848963, 1830, 46.324564, 0.100000, 0.000000, 99026730.000000, 54278470.000000, 0.025000, 1.000000, 0, 3, 0, 3, 0, 0, 0, 0, 0, 0, 0, 0, 0, 0, 0, 0, 0, 0, 0, 0, 0, 0, 0, 0, 0, 0, 0, 0, 0, 0, 0, 0
node[2], 2774094101, 1831, 46.338587, 0.100000, 0.000000, 99026740.000000, 54281360.000000, 0.025000, 1.000000, 0, 3, 0, 3, 0, 0, 0, 0, 0, 0, 0, 0, 0, 0, 0, 0, 0, 0, 0, 0, 0, 0, 0, 0, 0, 0, 0, 0, 0, 0, 0, 0
node[0], 2357136044, 1832, 46.345266, 0.100000, -0.011000, 99026730.000000, 54275570.000000, 0.025000, 1.000000, 0, 3, 0, 2, 1, 0, 0, 0, 0, 0, 0, 0, 0, 0, 0, 0, 0, 0, 0, 0, 0, 0, 0, 0, 0, 0, 0, 0, 0, 0, 0, 0
node[3], 1277901399, 1833, 46.400713, 0.100000, 0.000000, 99026740.000000, 54284260.000000, 0.025000, 1.000000, 0, 3, 0, 2, 1, 0, 0, 0, 0, 0, 0, 0, 0, 0, 0, 0, 0, 0, 0, 0, 0, 0, 0, 0, 0, 0, 0, 0, 0, 0, 0, 0
node[1], 2588848963, 1834, 46.424564, 0.100000, 0.000000, 99026730.000000, 54278470.000000, 0.025000, 1.000000, 0, 3, 0, 3, 0, 0, 0, 0, 0, 0, 0, 0, 0, 0, 0, 0, 0, 0, 0, 0, 0, 0, 0, 0, 0, 0, 0, 0, 0, 0, 0, 0
node[2], 2774094101, 1835, 46.438587, 0.100000, -0.006000, 99026740.000000, 54281360.000000, 0.025000, 1.000000, 0, 3, 0, 3, 0, 0, 0, 0, 0, 0, 0, 0, 0, 0, 0, 0, 0, 0, 0, 0, 0, 0, 0, 0, 0, 0, 0, 0, 0, 0, 0, 0
node[0], 2357136044, 1836, 46.445266, 0.100000, 0.000000, 99026730.000000, 54275570.000000, 0.025000, 1.000000, 0, 3, 0, 2, 1, 0, 0, 0, 0, 0, 0, 0, 0, 0, 0, 0, 0, 0, 0, 0, 0, 0, 0, 0, 0, 0, 0, 0, 0, 0, 0, 0
node[3], 1277901399, 1837, 46.500713, 0.100000, 0.000000, 99026740.000000, 54284260.000000, 0.025000, 1.000000, 0, 3, 0, 2, 1, 0, 0, 0, 0, 0, 0, 0, 0, 0, 0, 0, 0, 0, 0, 0, 0, 0, 0, 0, 0, 0, 0, 0, 0, 0, 0, 0
node[1], 2588848963, 1838, 46.524564, 0.100000, 0.000000, 99026730.000000, 54278470.000000, 0.025000, 1.000000, 0, 3, 0, 3, 0, 0, 0, 0, 0, 0, 0, 0, 0, 0, 0, 0, 0, 0, 0, 0, 0, 0, 0, 0, 0, 0, 0, 0, 0, 0, 0, 0
node[2], 2774094101, 1839, 46.538587, 0.100000, 0.000000, 99026740.000000, 54281360.000000, 0.025000, 1.000000, 0, 3, 0, 3, 0, 0, 0, 0, 0, 0, 0, 0, 0, 0, 0, 0, 0, 0, 0, 0, 0, 0, 0, 0, 0, 0, 0, 0, 0, 0, 0, 0
node[0], 2357136044, 1840, 46.545266, 0.100000, -0.005000, 99026730.000000, 54275570.000000, 0.025000, 1.000000, 0, 3, 0, 2, 1, 0, 0, 0, 0, 0, 0, 0, 0, 0, 0, 0, 0, 0, 0, 0, 0, 0, 0, 0, 0, 0, 0, 0, 0, 0, 0, 0
node[3], 1277901399, 1841, 46.600713, 0.100000, -0.004000, 99026740.000000, 54284260.000000, 0.025000, 1.000000, 0, 3, 0, 2, 1, 0, 0, 0, 0, 0, 0, 0, 0, 0, 0, 0, 0, 0, 0, 0, 0, 0, 0, 0, 0, 0, 0, 0, 0, 0, 0, 0
node[1], 2588848963, 1842, 46.624564, 0.100000, -0.022000, 99026730.000000, 54278470.000000, 0.025000, 1.000000, 0, 3, 0, 3, 0, 0, 0, 0, 0, 0, 0, 0, 0, 0, 0, 0, 0, 0, 0, 0, 0, 0, 0, 0, 0, 0, 0, 0, 0, 0, 0, 0
node[2], 2774094101, 1843, 46.638587, 0.100000, 0.000000, 99026740.000000, 54281360.000000, 0.025000, 1.000000, 0, 3, 0, 3, 0, 0, 0, 0, 0, 0, 0, 0, 0, 0, 0, 0, 0, 0, 0, 0, 0, 0, 0, 0, 0, 0, 0, 0, 0, 0, 0, 0
node[0], 2357136044, 1844, 46.645266, 0.100000, 0.000000, 99026730.000000, 54275570.000000, 0.025000, 1.000000, 0, 3, 0, 2, 1, 0, 0, 0, 0, 0, 0, 0, 0, 0, 0, 0, 0, 0, 0, 0, 0, 0, 0, 0, 0, 0, 0, 0, 0, 0, 0, 0
node[3], 1277901399, 1845, 46.700713, 0.100000, -0.005000, 99026740.000000, 54284260.000000, 0.025000, 1.000000, 0, 3, 0, 2, 1, 0, 0, 0, 0, 0, 0, 0, 0, 0, 0, 0, 0, 0, 0, 0, 0, 0, 0, 0, 0, 0, 0, 0, 0, 0, 0, 0
node[1], 2588848963, 1846, 46.724564, 0.100000, -0.009000, 99026730.000000, 54278470.000000, 0.025000, 1.000000, 0, 3, 0, 3, 0, 0, 0, 0, 0, 0, 0, 0, 0, 0, 0, 0, 0, 0, 0, 0, 0, 0, 0, 0, 0, 0, 0, 0, 0, 0, 0, 0
node[2], 2774094101, 1847, 46.738587, 0.100000, 0.000000, 99026740.000000, 54281360.000000, 0.025000, 1.000000, 0, 3, 0, 3, 0, 0, 0, 0, 0, 0, 0, 0, 0, 0, 0, 0, 0, 0, 0, 0, 0, 0, 0, 0, 0, 0, 0, 0, 0, 0, 0, 0
node[0], 2357136044, 1848, 46.745266, 0.100000, 0.000000, 99026730.000000, 54275570.000000, 0.025000, 1.000000, 0, 3, 0, 2, 1, 0, 0, 0, 0, 0, 0, 0, 0, 0, 0, 0, 0, 0, 0, 0, 0, 0, 0, 0, 0, 0, 0, 0, 0, 0, 0, 0
node[3], 1277901399, 1849, 46.800713, 0.100000, 0.000000, 99026740.000000, 54284260.000000, 0.025000, 1.000000, 0, 3, 0, 2, 1, 0, 0, 0, 0, 0, 0, 0, 0, 0, 0, 0, 0, 0, 0, 0, 0, 0, 0, 0, 0, 0, 0, 0, 0, 0, 0, 0
node[1], 2588848963, 1850, 46.824564, 0.100000, 0.000000, 99026730.000000, 54278470.000000, 0.025000, 1.000000, 0, 3, 0, 3, 0, 0, 0, 0, 0, 0, 0, 0, 0, 0, 0, 0, 0, 0, 0, 0, 0, 0, 0, 0, 0, 0, 0, 0, 0, 0, 0, 0
node[2], 2774094101, 1851, 46.838587, 0.100000, 0.000000, 99026740.000000, 54281360.000000, 0.025000, 1.000000, 0, 3, 0, 3, 0, 0, 0, 0, 0, 0, 0, 0, 0, 0, 0, 0, 0, 0, 0, 0, 0, 0, 0, 0, 0, 0, 0, 0, 0, 0, 0, 0
node[0], 2357136044, 1852, 46.845266, 0.100000, 0.000000, 99026730.000000, 54275570.000000, 0.025000, 1.000000, 0, 3, 0, 2, 1, 0, 0, 0, 0, 0, 0, 0, 0, 0, 0, 0, 0, 0, 0, 0, 0, 0, 0, 0, 0, 0, 0, 0, 0, 0, 0, 0
node[3], 1277901399, 1853, 46.900713, 0.100000, 0.000000, 99026740.000000, 54284260.000000, 0.025000, 1.000000, 0, 3, 0, 2, 1, 0, 0, 0, 0, 0, 0, 0, 0, 0, 0, 0, 0, 0, 0, 0, 0, 0, 0, 0, 0, 0, 0, 0, 0, 0, 0, 0
node[1], 2588848963, 1854, 46.924564, 0.100000, 0.000000, 99026730.000000, 54278470.000000, 0.025000, 1.000000, 0, 3, 0, 3, 0, 0, 0, 0, 0, 0, 0, 0, 0, 0, 0, 0, 0, 0, 0, 0, 0, 0, 0, 0, 0, 0, 0, 0, 0, 0, 0, 0
node[2], 2774094101, 1855, 46.938587, 0.100000, 0.000000, 99026740.000000, 54281360.000000, 0.025000, 1.000000, 0, 3, 0, 3, 0, 0, 0, 0, 0, 0, 0, 0, 0, 0, 0, 0, 0, 0, 0, 0, 0, 0, 0, 0, 0, 0, 0, 0, 0, 0, 0, 0
node[0], 2357136044, 1856, 46.945266, 0.100000, 0.000000, 99026730.000000, 54275570.000000, 0.025000, 1.000000, 0, 3, 0, 2, 1, 0, 0, 0, 0, 0, 0, 0, 0, 0, 0, 0, 0, 0, 0, 0, 0, 0, 0, 0, 0, 0, 0, 0, 0, 0, 0, 0
node[3], 1277901399, 1857, 47.000713, 0.100000, -0.016000, 99026740.000000, 54284260.000000, 0.025000, 1.000000, 0, 3, 0, 2, 1, 0, 0, 0, 0, 0, 0, 0, 0, 0, 0, 0, 0, 0, 0, 0, 0, 0, 0, 0, 0, 0, 0, 0, 0, 0, 0, 0
node[1], 2588848963, 1858, 47.024564, 0.100000, -0.001000, 99026730.000000, 54278470.000000, 0.025000, 1.000000, 0, 3, 0, 3, 0, 0, 0, 0, 0, 0, 0, 0, 0, 0, 0, 0, 0, 0, 0, 0, 0, 0, 0, 0, 0, 0, 0, 0, 0, 0, 0, 0
node[2], 2774094101, 1859, 47.038587, 0.100000, 0.000000, 99026740.000000, 54281360.000000, 0.025000, 1.000000, 0, 3, 0, 3, 0, 0, 0, 0, 0, 0, 0, 0, 0, 0, 0, 0, 0, 0, 0, 0, 0, 0, 0, 0, 0, 0, 0, 0, 0, 0, 0, 0
node[0], 2357136044, 1860, 47.045266, 0.100000, 0.000000, 99026730.000000, 54275570.000000, 0.025000, 1.000000, 0, 3, 0, 2, 1, 0, 0, 0, 0, 0, 0, 0, 0, 0, 0, 0, 0, 0, 0, 0, 0, 0, 0, 0, 0, 0, 0, 0, 0, 0, 0, 0
node[3], 1277901399, 1861, 47.100713, 0.100000, 0.000000, 99026740.000000, 54284260.000000, 0.025000, 1.000000, 0, 3, 0, 2, 1, 0, 0, 0, 0, 0, 0, 0, 0, 0, 0, 0, 0, 0, 0, 0, 0, 0, 0, 0, 0, 0, 0, 0, 0, 0, 0, 0
node[1], 2588848963, 1862, 47.124564, 0.100000, 0.000000, 99026730.000000, 54278470.000000, 0.025000, 1.000000, 0, 3, 0, 3, 0, 0, 0, 0, 0, 0, 0, 0, 0, 0, 0, 0, 0, 0, 0, 0, 0, 0, 0, 0, 0, 0, 0, 0, 0, 0, 0, 0
node[2], 2774094101, 1863, 47.138587, 0.100000, 0.000000, 99026740.000000, 54281360.000000, 0.025000, 1.000000, 0, 3, 0, 3, 0, 0, 0, 0, 0, 0, 0, 0, 0, 0, 0, 0, 0, 0, 0, 0, 0, 0, 0, 0, 0, 0, 0, 0, 0, 0, 0, 0
node[0], 2357136044, 1864, 47.145266, 0.100000, 0.000000, 99026730.000000, 54275570.000000, 0.025000, 1.000000, 0, 3, 0, 2, 1, 0, 0, 0, 0, 0, 0, 0, 0, 0, 0, 0, 0, 0, 0, 0, 0, 0, 0, 0, 0, 0, 0, 0, 0, 0, 0, 0
node[3], 1277901399, 1865, 47.200713, 0.100000, -0.019000, 99026740.000000, 54284260.000000, 0.025000, 1.000000, 0, 3, 0, 2, 1, 0, 0, 0, 0, 0, 0, 0, 0, 0, 0, 0, 0, 0, 0, 0, 0, 0, 0, 0, 0, 0, 0, 0, 0, 0, 0, 0
node[1], 2588848963, 1866, 47.224564, 0.100000, -0.012000, 99026730.000000, 54278470.000000, 0.025000, 1.000000, 0, 3, 0, 3, 0, 0, 0, 0, 0, 0, 0, 0, 0, 0, 0, 0, 0, 0, 0, 0, 0, 0, 0, 0, 0, 0, 0, 0, 0, 0, 0, 0
node[2], 2774094101, 1867, 47.238587, 0.100000, -0.017000, 99026740.000000, 54281360.000000, 0.025000, 1.000000, 0, 3, 0, 3, 0, 0, 0, 0, 0, 0, 0, 0, 0, 0, 0, 0, 0, 0, 0, 0, 0, 0, 0, 0, 0, 0, 0, 0, 0, 0, 0, 0
node[0], 2357136044, 1868, 47.245266, 0.100000, -0.024000, 99026730.000000, 54275570.000000, 0.025000, 1.000000, 0, 3, 0, 2, 1, 0, 0, 0, 0, 0, 0, 0, 0, 0, 0, 0, 0, 0, 0, 0, 0, 0, 0, 0, 0, 0, 0, 0, 0, 0, 0, 0
node[3], 1277901399, 1869, 47.300713, 0.100000, 0.000000, 99026740.000000, 54284260.000000, 0.025000, 1.000000, 0, 3, 0, 2, 1, 0, 0, 0, 0, 0, 0, 0, 0, 0, 0, 0, 0, 0, 0, 0, 0, 0, 0, 0, 0, 0, 0, 0, 0, 0, 0, 0
node[1], 2588848963, 1870, 47.324564, 0.100000, -0.016000, 99026730.000000, 54278470.000000, 0.025000, 1.000000, 0, 3, 0, 3, 0, 0, 0, 0, 0, 0, 0, 0, 0, 0, 0, 0, 0, 0, 0, 0, 0, 0, 0, 0, 0, 0, 0, 0, 0, 0, 0, 0
node[2], 2774094101, 1871, 47.338587, 0.100000, 0.000000, 99026740.000000, 54281360.000000, 0.025000, 1.000000, 0, 3, 0, 3, 0, 0, 0, 0, 0, 0, 0, 0, 0, 0, 0, 0, 0, 0, 0, 0, 0, 0, 0, 0, 0, 0, 0, 0, 0, 0, 0, 0
node[0], 2357136044, 1872, 47.345266, 0.100000, 0.000000, 99026730.000000, 54275570.000000, 0.025000, 1.000000, 0, 3, 0, 2, 1, 0, 0, 0, 0, 0, 0, 0, 0, 0, 0, 0, 0, 0, 0, 0, 0, 0, 0, 0, 0, 0, 0, 0, 0, 0, 0, 0
node[3], 1277901399, 1873, 47.400713, 0.100000, 0.000000, 99026740.000000, 54284260.000000, 0.025000, 1.000000, 0, 3, 0, 2, 1, 0, 0, 0, 0, 0, 0, 0, 0, 0, 0, 0, 0, 0, 0, 0, 0, 0, 0, 0, 0, 0, 0, 0, 0, 0, 0, 0
node[1], 2588848963, 1874, 47.424564, 0.100000, 0.000000, 99026730.000000, 54278470.000000, 0.025000, 1.000000, 0, 3, 0, 3, 0, 0, 0, 0, 0, 0, 0, 0, 0, 0, 0, 0, 0, 0, 0, 0, 0, 0, 0, 0, 0, 0, 0, 0, 0, 0, 0, 0
node[2], 2774094101, 1875, 47.438587, 0.100000, 0.000000, 99026740.000000, 54281360.000000, 0.025000, 1.000000, 0, 3, 0, 3, 0, 0, 0, 0, 0, 0, 0, 0, 0, 0, 0, 0, 0, 0, 0, 0, 0, 0, 0, 0, 0, 0, 0, 0, 0, 0, 0, 0
node[0], 2357136044, 1876, 47.445266, 0.100000, -0.016000, 99026730.000000, 54275570.000000, 0.025000, 1.000000, 0, 3, 0, 2, 1, 0, 0, 0, 0, 0, 0, 0, 0, 0, 0, 0, 0, 0, 0, 0, 0, 0, 0, 0, 0, 0, 0, 0, 0, 0, 0, 0
node[3], 1277901399, 1877, 47.500713, 0.100000, 0.000000, 99026740.000000, 54284260.000000, 0.025000, 1.000000, 0, 3, 0, 2, 1, 0, 0, 0, 0, 0, 0, 0, 0, 0, 0, 0, 0, 0, 0, 0, 0, 0, 0, 0, 0, 0, 0, 0, 0, 0, 0, 0
node[1], 2588848963, 1878, 47.524564, 0.100000, 0.000000, 99026730.000000, 54278470.000000, 0.025000, 1.000000, 0, 3, 0, 3, 0, 0, 0, 0, 0, 0, 0, 0, 0, 0, 0, 0, 0, 0, 0, 0, 0, 0, 0, 0, 0, 0, 0, 0, 0, 0, 0, 0
node[2], 2774094101, 1879, 47.538587, 0.100000, -0.025000, 99026740.000000, 54281360.000000, 0.025000, 1.000000, 0, 3, 0, 3, 0, 0, 0, 0, 0, 0, 0, 0, 0, 0, 0, 0, 0, 0, 0, 0, 0, 0, 0, 0, 0, 0, 0, 0, 0, 0, 0, 0
node[0], 2357136044, 1880, 47.545266, 0.100000, 0.000000, 99026730.000000, 54275570.000000, 0.025000, 1.000000, 0, 3, 0, 2, 1, 0, 0, 0, 0, 0, 0, 0, 0, 0, 0, 0, 0, 0, 0, 0, 0, 0, 0, 0, 0, 0, 0, 0, 0, 0, 0, 0
node[3], 1277901399, 1881, 47.600713, 0.100000, 0.000000, 99026740.000000, 54284260.000000, 0.025000, 1.000000, 0, 3, 0, 2, 1, 0, 0, 0, 0, 0, 0, 0, 0, 0, 0, 0, 0, 0, 0, 0, 0, 0, 0, 0, 0, 0, 0, 0, 0, 0, 0, 0
node[1], 2588848963, 1882, 47.624564, 0.100000, -0.002000, 99026730.000000, 54278470.000000, 0.025000, 1.000000, 0, 3, 0, 3, 0, 0, 0, 0, 0, 0, 0, 0, 0, 0, 0, 0, 0, 0, 0, 0, 0, 0, 0, 0, 0, 0, 0, 0, 0, 0, 0, 0
node[2], 2774094101, 1883, 47.638587, 0.100000, 0.000000, 99026740.000000, 54281360.000000, 0.025000, 1.000000, 0, 3, 0, 3, 0, 0, 0, 0, 0, 0, 0, 0, 0, 0, 0, 0, 0, 0, 0, 0, 0, 0, 0, 0, 0, 0, 0, 0, 0, 0, 0, 0
node[0], 2357136044, 1884, 47.645266, 0.100000, 0.000000, 99026730.000000, 54275570.000000, 0.025000, 1.000000, 0, 3, 0, 2, 1, 0, 0, 0, 0, 0, 0, 0, 0, 0, 0, 0, 0, 0, 0, 0, 0, 0, 0, 0, 0, 0, 0, 0, 0, 0, 0, 0
node[3], 1277901399, 1885, 47.700713, 0.100000, -0.019000, 99026740.000000, 54284260.000000, 0.025000, 1.000000, 0, 3, 0, 2, 1, 0, 0, 0, 0, 0, 0, 0, 0, 0, 0, 0, 0, 0, 0, 0, 0, 0, 0, 0, 0, 0, 0, 0, 0, 0, 0, 0
node[1], 2588848963, 1886, 47.724564, 0.100000, 0.000000, 99026730.000000, 54278470.000000, 0.025000, 1.000000, 0, 3, 0, 3, 0, 0, 0, 0, 0, 0, 0, 0, 0, 0, 0, 0, 0, 0, 0, 0, 0, 0, 0, 0, 0, 0, 0, 0, 0, 0, 0, 0
node[2], 2774094101, 1887, 47.738587, 0.100000, 0.000000, 99026740.000000, 54281360.000000, 0.025000, 1.000000, 0, 3, 0, 3, 0, 0, 0, 0, 0, 0, 0, 0, 0, 0, 0, 0, 0, 0, 0, 0, 0, 0, 0, 0, 0, 0, 0, 0, 0, 0, 0, 0
node[0], 2357136044, 1888, 47.745266, 0.100000, 0.000000, 99026730.000000, 54275570.000000, 0.025000, 1.000000, 0, 3, 0, 2, 1, 0, 0, 0, 0, 0, 0, 0, 0, 0, 0, 0, 0, 0, 0, 0, 0, 0, 0, 0, 0, 0, 0, 0, 0, 0, 0, 0
node[3], 1277901399, 1889, 47.800713, 0.100000, -0.001000, 99026740.000000, 54284260.000000, 0.025000, 1.000000, 0, 3, 0, 2, 1, 0, 0, 0, 0, 0, 0, 0, 0, 0, 0, 0, 0, 0, 0, 0, 0, 0, 0, 0, 0, 0, 0, 0, 0, 0, 0, 0
node[1], 2588848963, 1890, 47.824564, 0.100000, -0.022000, 99026730.000000, 54278470.000000, 0.025000, 1.000000, 0, 3, 0, 3, 0, 0, 0, 0, 0, 0, 0, 0, 0, 0, 0, 0, 0, 0, 0, 0, 0, 0, 0, 0, 0, 0, 0, 0, 0, 0, 0, 0
node[2], 2774094101, 1891, 47.838587, 0.100000, -0.023000, 99026740.000000, 54281360.000000, 0.025000, 1.000000, 0, 3, 0, 3, 0, 0, 0, 0, 0, 0, 0, 0, 0, 0, 0, 0, 0, 0, 0, 0, 0, 0, 0, 0, 0, 0, 0, 0, 0, 0, 0, 0
node[0], 2357136044, 1892, 47.845266, 0.100000, -0.004000, 99026730.000000, 54275570.000000, 0.025000, 1.000000, 0, 3, 0, 2, 1, 0, 0, 0, 0, 0, 0, 0, 0, 0, 0, 0, 0, 0, 0, 0, 0, 0, 0, 0, 0, 0, 0, 0, 0, 0, 0, 0
node[3], 1277901399, 1893, 47.900713, 0.100000, -0.012000, 99026740.000000, 54284260.000000, 0.025000, 1.000000, 0, 3, 0, 2, 1, 0, 0, 0, 0, 0, 0, 0, 0, 0, 0, 0, 0, 0, 0, 0, 0, 0, 0, 0, 0, 0, 0, 0, 0, 0, 0, 0
node[1], 2588848963, 1894, 47.924564, 0.100000, -0.010000, 99026730.000000, 54278470.000000, 0.025000, 1.000000, 0, 3, 0, 3, 0, 0, 0, 0, 0, 0, 0, 0, 0, 0, 0, 0, 0, 0, 0, 0, 0, 0, 0, 0, 0, 0, 0, 0, 0, 0, 0, 0
node[2], 2774094101, 1895, 47.938587, 0.100000, 0.000000, 99026740.000000, 54281360.000000, 0.025000, 1.000000, 0, 3, 0, 3, 0, 0, 0, 0, 0, 0, 0, 0, 0, 0, 0, 0, 0, 0, 0, 0, 0, 0, 0, 0, 0, 0, 0, 0, 0, 0, 0, 0
node[0], 2357136044, 1896, 47.945266, 0.100000, 0.000000, 99026730.000000, 54275570.000000, 0.025000, 1.000000, 0, 3, 0, 2, 1, 0, 0, 0, 0, 0, 0, 0, 0, 0, 0, 0, 0, 0, 0, 0, 0, 0, 0, 0, 0, 0, 0, 0, 0, 0, 0, 0
node[3], 1277901399, 1897, 48.000713, 0.100000, -0.010000, 99026740.000000, 54284260.000000, 0.025000, 1.000000, 0, 3, 0, 2, 1, 0, 0, 0, 0, 0, 0, 0, 0, 0, 0, 0, 0, 0, 0, 0, 0, 0, 0, 0, 0, 0, 0, 0, 0, 0, 0, 0
node[1], 2588848963, 1898, 48.024564, 0.100000, -0.007000, 99026730.000000, 54278470.000000, 0.025000, 1.000000, 0, 3, 0, 3, 0, 0, 0, 0, 0, 0, 0, 0, 0, 0, 0, 0, 0, 0, 0, 0, 0, 0, 0, 0, 0, 0, 0, 0, 0, 0, 0, 0
node[2], 2774094101, 1899, 48.038587, 0.100000, 0.000000, 99026740.000000, 54281360.000000, 0.025000, 1.000000, 0, 3, 0, 3, 0, 0, 0, 0, 0, 0, 0, 0, 0, 0, 0, 0, 0, 0, 0, 0, 0, 0, 0, 0, 0, 0, 0, 0, 0, 0, 0, 0
node[0], 2357136044, 1900, 48.045266, 0.100000, -0.009000, 99026730.000000, 54275570.000000, 0.025000, 1.000000, 0, 3, 0, 2, 1, 0, 0, 0, 0, 0, 0, 0, 0, 0, 0, 0, 0, 0, 0, 0, 0, 0, 0, 0, 0, 0, 0, 0, 0, 0, 0, 0
node[3], 1277901399, 1901, 48.100713, 0.100000, 0.000000, 99026740.000000, 54284260.000000, 0.025000, 1.000000, 0, 3, 0, 2, 1, 0, 0, 0, 0, 0, 0, 0, 0, 0, 0, 0, 0, 0, 0, 0, 0, 0, 0, 0, 0, 0, 0, 0, 0, 0, 0, 0
node[1], 2588848963, 1902, 48.124564, 0.100000, 0.000000, 99026730.000000, 54278470.000000, 0.025000, 1.000000, 0, 3, 0, 3, 0, 0, 0, 0, 0, 0, 0, 0, 0, 0, 0, 0, 0, 0, 0, 0, 0, 0, 0, 0, 0, 0, 0, 0, 0, 0, 0, 0
node[2], 2774094101, 1903, 48.138587, 0.100000, 0.000000, 99026740.000000, 54281360.000000, 0.025000, 1.000000, 0, 3, 0, 3, 0, 0, 0, 0, 0, 0, 0, 0, 0, 0, 0, 0, 0, 0, 0, 0, 0, 0, 0, 0, 0, 0, 0, 0, 0, 0, 0, 0
node[0], 2357136044, 1904, 48.145266, 0.100000, 0.000000, 99026730.000000, 54275570.000000, 0.025000, 1.000000, 0, 3, 0, 2, 1, 0, 0, 0, 0, 0, 0, 0, 0, 0, 0, 0, 0, 0, 0, 0, 0, 0, 0, 0, 0, 0, 0, 0, 0, 0, 0, 0
node[3], 1277901399, 1905, 48.200713, 0.100000, -0.019000, 99026740.000000, 54284260.000000, 0.025000, 1.000000, 0, 3, 0, 2, 1, 0, 0, 0, 0, 0, 0, 0, 0, 0, 0, 0, 0, 0, 0, 0, 0, 0, 0, 0, 0, 0, 0, 0, 0, 0, 0, 0
node[1], 2588848963, 1906, 48.224564, 0.100000, -0.020000, 99026730.000000, 54278470.000000, 0.025000, 1.000000, 0, 3, 0, 3, 0, 0, 0, 0, 0, 0, 0, 0, 0, 0, 0, 0, 0, 0, 0, 0, 0, 0, 0, 0, 0, 0, 0, 0, 0, 0, 0, 0
node[2], 2774094101, 1907, 48.238587, 0.100000, -0.008000, 99026740.000000, 54281360.000000, 0.025000, 1.000000, 0, 3, 0, 3, 0, 0, 0, 0, 0, 0, 0, 0, 0, 0, 0, 0, 0, 0, 0, 0, 0, 0, 0, 0, 0, 0, 0, 0, 0, 0, 0, 0
node[0], 2357136044, 1908, 48.245266, 0.100000, 0.000000, 99026730.000000, 54275570.000000, 0.025000, 1.000000, 0, 3, 0, 2, 1, 0, 0, 0, 0, 0, 0, 0, 0, 0, 0, 0, 0, 0, 0, 0, 0, 0, 0, 0, 0, 0, 0, 0, 0, 0, 0, 0
node[3], 1277901399, 1909, 48.300713, 0.100000, 0.000000, 99026740.000000, 54284260.000000, 0.025000, 1.000000, 0, 3, 0, 2, 1, 0, 0, 0, 0, 0, 0, 0, 0, 0, 0, 0, 0, 0, 0, 0, 0, 0, 0, 0, 0, 0, 0, 0, 0, 0, 0, 0
node[1], 2588848963, 1910, 48.324564, 0.100000, 0.000000, 99026730.000000, 54278470.000000, 0.025000, 1.000000, 0, 3, 0, 3, 0, 0, 0, 0, 0, 0, 0, 0, 0, 0, 0, 0, 0, 0, 0, 0, 0, 0, 0, 0, 0, 0, 0, 0, 0, 0, 0, 0
node[2], 2774094101, 1911, 48.338587, 0.100000, 0.000000, 99026740.000000, 54281360.000000, 0.025000, 1.000000, 0, 3, 0, 3, 0, 0, 0, 0, 0, 0, 0, 0, 0, 0, 0, 0, 0, 0, 0, 0, 0, 0, 0, 0, 0, 0, 0, 0, 0, 0, 0, 0
node[0], 2357136044, 1912, 48.345266, 0.100000, 0.000000, 99026730.000000, 54275570.000000, 0.025000, 1.000000, 0, 3, 0, 2, 1, 0, 0, 0, 0, 0, 0, 0, 0, 0, 0, 0, 0, 0, 0, 0, 0, 0, 0, 0, 0, 0, 0, 0, 0, 0, 0, 0
node[3], 1277901399, 1913, 48.400713, 0.100000, -0.001000, 99026740.000000, 54284260.000000, 0.025000, 1.000000, 0, 3, 0, 2, 1, 0, 0, 0, 0, 0, 0, 0, 0, 0, 0, 0, 0, 0, 0, 0, 0, 0, 0, 0, 0, 0, 0, 0, 0, 0, 0, 0
node[1], 2588848963, 1914, 48.424564, 0.100000, -0.023000, 99026730.000000, 54278470.000000, 0.025000, 1.000000, 0, 3, 0, 3, 0, 0, 0, 0, 0, 0, 0, 0, 0, 0, 0, 0, 0, 0, 0, 0, 0, 0, 0, 0, 0, 0, 0, 0, 0, 0, 0, 0
node[2], 2774094101, 1915, 48.438587, 0.100000, 0.000000, 99026740.000000, 54281360.000000, 0.025000, 1.000000, 0, 3, 0, 3, 0, 0, 0, 0, 0, 0, 0, 0, 0, 0, 0, 0, 0, 0, 0, 0, 0, 0, 0, 0, 0, 0, 0, 0, 0, 0, 0, 0
node[0], 2357136044, 1916, 48.445266, 0.100000, 0.000000, 99026730.000000, 54275570.000000, 0.025000, 1.000000, 0, 3, 0, 2, 1, 0, 0, 0, 0, 0, 0, 0, 0, 0, 0, 0, 0, 0, 0, 0, 0, 0, 0, 0, 0, 0, 0, 0, 0, 0, 0, 0
node[3], 1277901399, 1917, 48.500713, 0.100000, 0.000000, 99026740.000000, 54284260.000000, 0.025000, 1.000000, 0, 3, 0, 2, 1, 0, 0, 0, 0, 0, 0, 0, 0, 0, 0, 0, 0, 0, 0, 0, 0, 0, 0, 0, 0, 0, 0, 0, 0, 0, 0, 0
node[1], 2588848963, 1918, 48.524564, 0.100000, 0.000000, 99026730.000000, 54278470.000000, 0.025000, 1.000000, 0, 3, 0, 3, 0, 0, 0, 0, 0, 0, 0, 0, 0, 0, 0, 0, 0, 0, 0, 0, 0, 0, 0, 0, 0, 0, 0, 0, 0, 0, 0, 0
node[2], 2774094101, 1919, 48.538587, 0.100000, 0.000000, 99026740.000000, 54281360.000000, 0.025000, 1.000000, 0, 3, 0, 3, 0, 0, 0, 0, 0, 0, 0, 0, 0, 0, 0, 0, 0, 0, 0, 0, 0, 0, 0, 0, 0, 0, 0, 0, 0, 0, 0, 0
node[0], 2357136044, 1920, 48.545266, 0.100000, -0.014000, 99026730.000000, 54275570.000000, 0.025000, 1.000000, 0, 3, 0, 2, 1, 0, 0, 0, 0, 0, 0, 0, 0, 0, 0, 0, 0, 0, 0, 0, 0, 0, 0, 0, 0, 0, 0, 0, 0, 0, 0, 0
node[3], 1277901399, 1921, 48.600713, 0.100000, 0.000000, 99026740.000000, 54284260.000000, 0.025000, 1.000000, 0, 3, 0, 2, 1, 0, 0, 0, 0, 0, 0, 0, 0, 0, 0, 0, 0, 0, 0, 0, 0, 0, 0, 0, 0, 0, 0, 0, 0, 0, 0, 0
node[1], 2588848963, 1922, 48.624564, 0.100000, -0.024000, 99026730.000000, 54278470.000000, 0.025000, 1.000000, 0, 3, 0, 3, 0, 0, 0, 0, 0, 0, 0, 0, 0, 0, 0, 0, 0, 0, 0, 0, 0, 0, 0, 0, 0, 0, 0, 0, 0, 0, 0, 0
node[2], 2774094101, 1923, 48.638587, 0.100000, 0.000000, 99026740.000000, 54281360.000000, 0.025000, 1.000000, 0, 3, 0, 3, 0, 0, 0, 0, 0, 0, 0, 0, 0, 0, 0, 0, 0, 0, 0, 0, 0, 0, 0, 0, 0, 0, 0, 0, 0, 0, 0, 0
node[0], 2357136044, 1924, 48.645266, 0.100000, 0.000000, 99026730.000000, 54275570.000000, 0.025000, 1.000000, 0, 3, 0, 2, 1, 0, 0, 0, 0, 0, 0, 0, 0, 0, 0, 0, 0, 0, 0, 0, 0, 0, 0, 0, 0, 0, 0, 0, 0, 0, 0, 0
node[3], 1277901399, 1925, 48.700713, 0.100000, -0.016000, 99026740.000000, 54284260.000000, 0.025000, 1.000000, 0, 3, 0, 2, 1, 0, 0, 0, 0, 0, 0, 0, 0, 0, 0, 0, 0, 0, 0, 0, 0, 0, 0, 0, 0, 0, 0, 0, 0, 0, 0, 0
node[1], 2588848963, 1926, 48.724564, 0.100000, 0.000000, 99026730.000000, 54278470.000000, 0.025000, 1.000000, 0, 3, 0, 3, 0, 0, 0, 0, 0, 0, 0, 0, 0, 0, 0, 0, 0, 0, 0, 0, 0, 0, 0, 0, 0, 0, 0, 0, 0, 0, 0, 0
node[2], 2774094101, 1927, 48.738587, 0.100000, 0.000000, 99026740.000000, 54281360.000000, 0.025000, 1.000000, 0, 3, 0, 3, 0, 0, 0, 0, 0, 0, 0, 0, 0, 0, 0, 0, 0, 0, 0, 0, 0, 0, 0, 0, 0, 0, 0, 0, 0, 0, 0, 0
node[0], 2357136044, 1928, 48.745266, 0.100000, -0.021000, 99026730.000000, 54275570.000000, 0.025000, 1.000000, 0, 3, 0, 2, 1, 0, 0, 0, 0, 0, 0, 0, 0, 0, 0, 0, 0, 0, 0, 0, 0, 0, 0, 0, 0, 0, 0, 0, 0, 0, 0, 0
node[3], 1277901399, 1929, 48.800713, 0.100000, 0.000000, 99026740.000000, 54284260.000000, 0.025000, 1.000000, 0, 3, 0, 2, 1, 0, 0, 0, 0, 0, 0, 0, 0, 0, 0, 0, 0, 0, 0, 0, 0, 0, 0, 0, 0, 0, 0, 0, 0, 0, 0, 0
node[1], 2588848963, 1930, 48.824564, 0.100000, -0.013000, 99026730.000000, 54278470.000000, 0.025000, 1.000000, 0, 3, 0, 3, 0, 0, 0, 0, 0, 0, 0, 0, 0, 0, 0, 0, 0, 0, 0, 0, 0, 0, 0, 0, 0, 0, 0, 0, 0, 0, 0, 0
node[2], 2774094101, 1931, 48.838587, 0.100000, 0.000000, 99026740.000000, 54281360.000000, 0.025000, 1.000000, 0, 3, 0, 3, 0, 0, 0, 0, 0, 0, 0, 0, 0, 0, 0, 0, 0, 0, 0, 0, 0, 0, 0, 0, 0, 0, 0, 0, 0, 0, 0, 0
node[0], 2357136044, 1932, 48.845266, 0.100000, 0.000000, 99026730.000000, 54275570.000000, 0.025000, 1.000000, 0, 3, 0, 2, 1, 0, 0, 0, 0, 0, 0, 0, 0, 0, 0, 0, 0, 0, 0, 0, 0, 0, 0, 0, 0, 0, 0, 0, 0, 0, 0, 0
node[3], 1277901399, 1933, 48.900713, 0.100000, -0.005000, 99026740.000000, 54284260.000000, 0.025000, 1.000000, 0, 3, 0, 2, 1, 0, 0, 0, 0, 0, 0, 0, 0, 0, 0, 0, 0, 0, 0, 0, 0, 0, 0, 0, 0, 0, 0, 0, 0, 0, 0, 0
node[1], 2588848963, 1934, 48.924564, 0.100000, 0.000000, 99026730.000000, 54278470.000000, 0.025000, 1.000000, 0, 3, 0, 3, 0, 0, 0, 0, 0, 0, 0, 0, 0, 0, 0, 0, 0, 0, 0, 0, 0, 0, 0, 0, 0, 0, 0, 0, 0, 0, 0, 0
node[2], 2774094101, 1935, 48.938587, 0.100000, 0.000000, 99026740.000000, 54281360.000000, 0.025000, 1.000000, 0, 3, 0, 3, 0, 0, 0, 0, 0, 0, 0, 0, 0, 0, 0, 0, 0, 0, 0, 0, 0, 0, 0, 0, 0, 0, 0, 0, 0, 0, 0, 0
node[0], 2357136044, 1936, 48.945266, 0.100000, 0.000000, 99026730.000000, 54275570.000000, 0.025000, 1.000000, 0, 3, 0, 2, 1, 0, 0, 0, 0, 0, 0, 0, 0, 0, 0, 0, 0, 0, 0, 0, 0, 0, 0, 0, 0, 0, 0, 0, 0, 0, 0, 0
node[3], 1277901399, 1937, 49.000713, 0.100000, 0.000000, 99026740.000000, 54284260.000000, 0.025000, 1.000000, 0, 3, 0, 2, 1, 0, 0, 0, 0, 0, 0, 0, 0, 0, 0, 0, 0, 0, 0, 0, 0, 0, 0, 0, 0, 0, 0, 0, 0, 0, 0, 0
node[1], 2588848963, 1938, 49.024564, 0.100000, 0.000000, 99026730.000000, 54278470.000000, 0.025000, 1.000000, 0, 3, 0, 3, 0, 0, 0, 0, 0, 0, 0, 0, 0, 0, 0, 0, 0, 0, 0, 0, 0, 0, 0, 0, 0, 0, 0, 0, 0, 0, 0, 0
node[2], 2774094101, 1939, 49.038587, 0.100000, 0.000000, 99026740.000000, 54281360.000000, 0.025000, 1.000000, 0, 3, 0, 3, 0, 0, 0, 0, 0, 0, 0, 0, 0, 0, 0, 0, 0, 0, 0, 0, 0, 0, 0, 0, 0, 0, 0, 0, 0, 0, 0, 0
node[0], 2357136044, 1940, 49.045266, 0.100000, -0.017000, 99026730.000000, 54275570.000000, 0.025000, 1.000000, 0, 3, 0, 2, 1, 0, 0, 0, 0, 0, 0, 0, 0, 0, 0, 0, 0, 0, 0, 0, 0, 0, 0, 0, 0, 0, 0, 0, 0, 0, 0, 0
node[3], 1277901399, 1941, 49.100713, 0.100000, 0.000000, 99026740.000000, 54284260.000000, 0.025000, 1.000000, 0, 3, 0, 2, 1, 0, 0, 0, 0, 0, 0, 0, 0, 0, 0, 0, 0, 0, 0, 0, 0, 0, 0, 0, 0, 0, 0, 0, 0, 0, 0, 0
node[1], 2588848963, 1942, 49.124564, 0.100000, -0.018000, 99026730.000000, 54278470.000000, 0.025000, 1.000000, 0, 3, 0, 3, 0, 0, 0, 0, 0, 0, 0, 0, 0, 0, 0, 0, 0, 0, 0, 0, 0, 0, 0, 0, 0, 0, 0, 0, 0, 0, 0, 0
node[2], 2774094101, 1943, 49.138587, 0.100000, 0.000000, 99026740.000000, 54281360.000000, 0.025000, 1.000000, 0, 3, 0, 3, 0, 0, 0, 0, 0, 0, 0, 0, 0, 0, 0, 0, 0, 0, 0, 0, 0, 0, 0, 0, 0, 0, 0, 0, 0, 0, 0, 0
node[0], 2357136044, 1944, 49.145266, 0.100000, 0.000000, 99026730.000000, 54275570.000000, 0.025000, 1.000000, 0, 3, 0, 2, 1, 0, 0, 0, 0, 0, 0, 0, 0, 0, 0, 0, 0, 0, 0, 0, 0, 0, 0, 0, 0, 0, 0, 0, 0, 0, 0, 0
node[3], 1277901399, 1945, 49.200713, 0.100000, 0.000000, 99026740.000000, 54284260.000000, 0.025000, 1.000000, 0, 3, 0, 2, 1, 0, 0, 0, 0, 0, 0, 0, 0, 0, 0, 0, 0, 0, 0, 0, 0, 0, 0, 0, 0, 0, 0, 0, 0, 0, 0, 0
node[1], 2588848963, 1946, 49.224564, 0.100000, 0.000000, 99026730.000000, 54278470.000000, 0.025000, 1.000000, 0, 3, 0, 3, 0, 0, 0, 0, 0, 0, 0, 0, 0, 0, 0, 0, 0, 0, 0, 0, 0, 0, 0, 0, 0, 0, 0, 0, 0, 0, 0, 0
node[2], 2774094101, 1947, 49.238587, 0.100000, 0.000000, 99026740.000000, 54281360.000000, 0.025000, 1.000000, 0, 3, 0, 3, 0, 0, 0, 0, 0, 0, 0, 0, 0, 0, 0, 0, 0, 0, 0, 0, 0, 0, 0, 0, 0, 0, 0, 0, 0, 0, 0, 0
node[0], 2357136044, 1948, 49.245266, 0.100000, -0.023000, 99026730.000000, 54275570.000000, 0.025000, 1.000000, 0, 3, 0, 2, 1, 0, 0, 0, 0, 0, 0, 0, 0, 0, 0, 0, 0, 0, 0, 0, 0, 0, 0, 0, 0, 0, 0, 0, 0, 0, 0, 0
node[3], 1277901399, 1949, 49.300713, 0.100000, -0.025000, 99026740.000000, 54284260.000000, 0.025000, 1.000000, 0, 3, 0, 2, 1, 0, 0, 0, 0, 0, 0, 0, 0, 0, 0, 0, 0, 0, 0, 0, 0, 0, 0, 0, 0, 0, 0, 0, 0, 0, 0, 0
node[1], 2588848963, 1950, 49.324564, 0.100000, 0.000000, 99026730.000000, 54278470.000000, 0.025000, 1.000000, 0, 3, 0, 3, 0, 0, 0, 0, 0, 0, 0, 0, 0, 0, 0, 0, 0, 0, 0, 0, 0, 0, 0, 0, 0, 0, 0, 0, 0, 0, 0, 0
node[2], 2774094101, 1951, 49.338587, 0.100000, 0.000000, 99026740.000000, 54281360.000000, 0.025000, 1.000000, 0, 3, 0, 3, 0, 0, 0, 0, 0, 0, 0, 0, 0, 0, 0, 0, 0, 0, 0, 0, 0, 0, 0, 0, 0, 0, 0, 0, 0, 0, 0, 0
node[0], 2357136044, 1952, 49.345266, 0.100000, 0.000000, 99026730.000000, 54275570.000000, 0.025000, 1.000000, 0, 3, 0, 2, 1, 0, 0, 0, 0, 0, 0, 0, 0, 0, 0, 0, 0, 0, 0, 0, 0, 0, 0, 0, 0, 0, 0, 0, 0, 0, 0, 0
node[3], 1277901399, 1953, 49.400713, 0.100000, -0.018000, 99026740.000000, 54284260.000000, 0.025000, 1.000000, 0, 3, 0, 2, 1, 0, 0, 0, 0, 0, 0, 0, 0, 0, 0, 0, 0, 0, 0, 0, 0, 0, 0, 0, 0, 0, 0, 0, 0, 0, 0, 0
node[1], 2588848963, 1954, 49.424564, 0.100000, -0.015000, 99026730.000000, 54278470.000000, 0.025000, 1.000000, 0, 3, 0, 3, 0, 0, 0, 0, 0, 0, 0, 0, 0, 0, 0, 0, 0, 0, 0, 0, 0, 0, 0, 0, 0, 0, 0, 0, 0, 0, 0, 0
node[2], 2774094101, 1955, 49.438587, 0.100000, 0.000000, 99026740.000000, 54281360.000000, 0.025000, 1.000000, 0, 3, 0, 3, 0, 0, 0, 0, 0, 0, 0, 0, 0, 0, 0, 0, 0, 0, 0, 0, 0, 0, 0, 0, 0, 0, 0, 0, 0, 0, 0, 0
node[0], 2357136044, 1956, 49.445266, 0.100000, -0.012000, 99026730.000000, 54275570.000000, 0.025000, 1.000000, 0, 3, 0, 2, 1, 0, 0, 0, 0, 0, 0, 0, 0, 0, 0, 0, 0, 0, 0, 0, 0, 0, 0, 0, 0, 0, 0, 0, 0, 0, 0, 0
node[3], 1277901399, 1957, 49.500713, 0.100000, 0.000000, 99026740.000000, 54284260.000000, 0.025000, 1.000000, 0, 3, 0, 2, 1, 0, 0, 0, 0, 0, 0, 0, 0, 0, 0, 0, 0, 0, 0, 0, 0, 0, 0, 0, 0, 0, 0, 0, 0, 0, 0, 0
node[1], 2588848963, 1958, 49.524564, 0.100000, 0.000000, 99026730.000000, 54278470.000000, 0.025000, 1.000000, 0, 3, 0, 3, 0, 0, 0, 0, 0, 0, 0, 0, 0, 0, 0, 0, 0, 0, 0, 0, 0, 0, 0, 0, 0, 0, 0, 0, 0, 0, 0, 0
node[2], 2774094101, 1959, 49.538587, 0.100000, 0.000000, 99026740.000000, 54281360.000000, 0.025000, 1.000000, 0, 3, 0, 3, 0, 0, 0, 0, 0, 0, 0, 0, 0, 0, 0, 0, 0, 0, 0, 0, 0, 0, 0, 0, 0, 0, 0, 0, 0, 0, 0, 0
node[0], 2357136044, 1960, 49.545266, 0.100000, 0.000000, 99026730.000000, 54275570.000000, 0.025000, 1.000000, 0, 3, 0, 2, 1, 0, 0, 0, 0, 0, 0, 0, 0, 0, 0, 0, 0, 0, 0, 0, 0, 0, 0, 0, 0, 0, 0, 0, 0, 0, 0, 0
node[3], 1277901399, 1961, 49.600713, 0.100000, 0.000000, 99026740.000000, 54284260.000000, 0.025000, 1.000000, 0, 3, 0, 2, 1, 0, 0, 0, 0, 0, 0, 0, 0, 0, 0, 0, 0, 0, 0, 0, 0, 0, 0, 0, 0, 0, 0, 0, 0, 0, 0, 0
node[1], 2588848963, 1962, 49.624564, 0.100000, 0.000000, 99026730.000000, 54278470.000000, 0.025000, 1.000000, 0, 3, 0, 3, 0, 0, 0, 0, 0, 0, 0, 0, 0, 0, 0, 0, 0, 0, 0, 0, 0, 0, 0, 0, 0, 0, 0, 0, 0, 0, 0, 0
node[2], 2774094101, 1963, 49.638587, 0.100000, 0.000000, 99026740.000000, 54281360.000000, 0.025000, 1.000000, 0, 3, 0, 3, 0, 0, 0, 0, 0, 0, 0, 0, 0, 0, 0, 0, 0, 0, 0, 0, 0, 0, 0, 0, 0, 0, 0, 0, 0, 0, 0, 0
node[0], 2357136044, 1964, 49.645266, 0.100000, 0.000000, 99026730.000000, 54275570.000000, 0.025000, 1.000000, 0, 3, 0, 2, 1, 0, 0, 0, 0, 0, 0, 0, 0, 0, 0, 0, 0, 0, 0, 0, 0, 0, 0, 0, 0, 0, 0, 0, 0, 0, 0, 0
node[3], 1277901399, 1965, 49.700713, 0.100000, -0.010000, 99026740.000000, 54284260.000000, 0.025000, 1.000000, 0, 3, 0, 2, 1, 0, 0, 0, 0, 0, 0, 0, 0, 0, 0, 0, 0, 0, 0, 0, 0, 0, 0, 0, 0, 0, 0, 0, 0, 0, 0, 0
node[1], 2588848963, 1966, 49.724564, 0.100000, -0.016000, 99026730.000000, 54278470.000000, 0.025000, 1.000000, 0, 3, 0, 3, 0, 0, 0, 0, 0, 0, 0, 0, 0, 0, 0, 0, 0, 0, 0, 0, 0, 0, 0, 0, 0, 0, 0, 0, 0, 0, 0, 0
node[2], 2774094101, 1967, 49.738587, 0.100000, 0.000000, 99026740.000000, 54281360.000000, 0.025000, 1.000000, 0, 3, 0, 3, 0, 0, 0, 0, 0, 0, 0, 0, 0, 0, 0, 0, 0, 0, 0, 0, 0, 0, 0, 0, 0, 0, 0, 0, 0, 0, 0, 0
node[0], 2357136044, 1968, 49.745266, 0.100000, 0.000000, 99026730.000000, 54275570.000000, 0.025000, 1.000000, 0, 3, 0, 2, 1, 0, 0, 0, 0, 0, 0, 0, 0, 0, 0, 0, 0, 0, 0, 0, 0, 0, 0, 0, 0, 0, 0, 0, 0, 0, 0, 0
node[3], 1277901399, 1969, 49.800713, 0.100000, -0.002000, 99026740.000000, 54284260.000000, 0.025000, 1.000000, 0, 3, 0, 2, 1, 0, 0, 0, 0, 0, 0, 0, 0, 0, 0, 0, 0, 0, 0, 0, 0, 0, 0, 0, 0, 0, 0, 0, 0, 0, 0, 0
node[1], 2588848963, 1970, 49.824564, 0.100000, 0.000000, 99026730.000000, 54278470.000000, 0.025000, 1.000000, 0, 3, 0, 3, 0, 0, 0, 0, 0, 0, 0, 0, 0, 0, 0, 0, 0, 0, 0, 0, 0, 0, 0, 0, 0, 0, 0, 0, 0, 0, 0, 0
node[2], 2774094101, 1971, 49.838587, 0.100000, -0.025000, 99026740.000000, 54281360.000000, 0.025000, 1.000000, 0, 3, 0, 3, 0, 0, 0, 0, 0, 0, 0, 0, 0, 0, 0, 0, 0, 0, 0, 0, 0, 0, 0, 0, 0, 0, 0, 0, 0, 0, 0, 0
node[0], 2357136044, 1972, 49.845266, 0.100000, -0.011000, 99026730.000000, 54275570.000000, 0.025000, 1.000000, 0, 3, 0, 2, 1, 0, 0, 0, 0, 0, 0, 0, 0, 0, 0, 0, 0, 0, 0, 0, 0, 0, 0, 0, 0, 0, 0, 0, 0, 0, 0, 0
node[3], 1277901399, 1973, 49.900713, 0.100000, 0.000000, 99026740.000000, 54284260.000000, 0.025000, 1.000000, 0, 3, 0, 2, 1, 0, 0, 0, 0, 0, 0, 0, 0, 0, 0, 0, 0, 0, 0, 0, 0, 0, 0, 0, 0, 0, 0, 0, 0, 0, 0, 0
node[1], 2588848963, 1974, 49.924564, 0.100000, 0.000000, 99026730.000000, 54278470.000000, 0.025000, 1.000000, 0, 3, 0, 3, 0, 0, 0, 0, 0, 0, 0, 0, 0, 0, 0, 0, 0, 0, 0, 0, 0, 0, 0, 0, 0, 0, 0, 0, 0, 0, 0, 0
node[2], 2774094101, 1975, 49.938587, 0.100000, 0.000000, 99026740.000000, 54281360.000000, 0.025000, 1.000000, 0, 3, 0, 3, 0, 0, 0, 0, 0, 0, 0, 0, 0, 0, 0, 0, 0, 0, 0, 0, 0, 0, 0, 0, 0, 0, 0, 0, 0, 0, 0, 0
node[0], 2357136044, 1976, 49.945266, 0.100000, 0.000000, 99026730.000000, 54275570.000000, 0.025000, 1.000000, 0, 3, 0, 2, 1, 0, 0, 0, 0, 0, 0, 0, 0, 0, 0, 0, 0, 0, 0, 0, 0, 0, 0, 0, 0, 0, 0, 0, 0, 0, 0, 0
node[3], 1277901399, 1977, 50.000713, 0.100000, 0.000000, 99026740.000000, 54284260.000000, 0.025000, 1.000000, 0, 3, 0, 2, 1, 0, 0, 0, 0, 0, 0, 0, 0, 0, 0, 0, 0, 0, 0, 0, 0, 0, 0, 0, 0, 0, 0, 0, 0, 0, 0, 0
node[1], 2588848963, 1978, 50.024564, 0.100000, 0.000000, 99026730.000000, 54278470.000000, 0.025000, 1.000000, 0, 3, 0, 3, 0, 0, 0, 0, 0, 0, 0, 0, 0, 0, 0, 0, 0, 0, 0, 0, 0, 0, 0, 0, 0, 0, 0, 0, 0, 0, 0, 0
node[2], 2774094101, 1979, 50.038587, 0.100000, 0.000000, 99026740.000000, 54281360.000000, 0.025000, 1.000000, 0, 3, 0, 3, 0, 0, 0, 0, 0, 0, 0, 0, 0, 0, 0, 0, 0, 0, 0, 0, 0, 0, 0, 0, 0, 0, 0, 0, 0, 0, 0, 0
node[0], 2357136044, 1980, 50.045266, 0.100000, 0.000000, 99026730.000000, 54275570.000000, 0.025000, 1.000000, 0, 3, 0, 2, 1, 0, 0, 0, 0, 0, 0, 0, 0, 0, 0, 0, 0, 0, 0, 0, 0, 0, 0, 0, 0, 0, 0, 0, 0, 0, 0, 0
node[3], 1277901399, 1981, 50.100713, 0.100000, -0.006000, 99026740.000000, 54284260.000000, 0.025000, 1.000000, 0, 3, 0, 2, 1, 0, 0, 0, 0, 0, 0, 0, 0, 0, 0, 0, 0, 0, 0, 0, 0, 0, 0, 0, 0, 0, 0, 0, 0, 0, 0, 0
node[1], 2588848963, 1982, 50.124564, 0.100000, 0.000000, 99026730.000000, 54278470.000000, 0.025000, 1.000000, 0, 3, 0, 3, 0, 0, 0, 0, 0, 0, 0, 0, 0, 0, 0, 0, 0, 0, 0, 0, 0, 0, 0, 0, 0, 0, 0, 0, 0, 0, 0, 0
node[2], 2774094101, 1983, 50.138587, 0.100000, 0.000000, 99026740.000000, 54281360.000000, 0.025000, 1.000000, 0, 3, 0, 3, 0, 0, 0, 0, 0, 0, 0, 0, 0, 0, 0, 0, 0, 0, 0, 0, 0, 0, 0, 0, 0, 0, 0, 0, 0, 0, 0, 0
node[0], 2357136044, 1984, 50.145266, 0.100000, 0.000000, 99026730.000000, 54275570.000000, 0.025000, 1.000000, 0, 3, 0, 2, 1, 0, 0, 0, 0, 0, 0, 0, 0, 0, 0, 0, 0, 0, 0, 0, 0, 0, 0, 0, 0, 0, 0, 0, 0, 0, 0, 0
node[3], 1277901399, 1985, 50.200713, 0.100000, 0.000000, 99026740.000000, 54284260.000000, 0.025000, 1.000000, 0, 3, 0, 2, 1, 0, 0, 0, 0, 0, 0, 0, 0, 0, 0, 0, 0, 0, 0, 0, 0, 0, 0, 0, 0, 0, 0, 0, 0, 0, 0, 0
node[1], 2588848963, 1986, 50.224564, 0.100000, 0.000000, 99026730.000000, 54278470.000000, 0.025000, 1.000000, 0, 3, 0, 3, 0, 0, 0, 0, 0, 0, 0, 0, 0, 0, 0, 0, 0, 0, 0, 0, 0, 0, 0, 0, 0, 0, 0, 0, 0, 0, 0, 0
node[2], 2774094101, 1987, 50.238587, 0.100000, 0.000000, 99026740.000000, 54281360.000000, 0.025000, 1.000000, 0, 3, 0, 3, 0, 0, 0, 0, 0, 0, 0, 0, 0, 0, 0, 0, 0, 0, 0, 0, 0, 0, 0, 0, 0, 0, 0, 0, 0, 0, 0, 0
node[0], 2357136044, 1988, 50.245266, 0.100000, 0.000000, 99026730.000000, 54275570.000000, 0.025000, 1.000000, 0, 3, 0, 2, 1, 0, 0, 0, 0, 0, 0, 0, 0, 0, 0, 0, 0, 0, 0, 0, 0, 0, 0, 0, 0, 0, 0, 0, 0, 0, 0, 0
node[3], 1277901399, 1989, 50.300713, 0.100000, -0.021000, 99026740.000000, 54284260.000000, 0.025000, 1.000000, 0, 3, 0, 2, 1, 0, 0, 0, 0, 0, 0, 0, 0, 0, 0, 0, 0, 0, 0, 0, 0, 0, 0, 0, 0, 0, 0, 0, 0, 0, 0, 0
node[1], 2588848963, 1990, 50.324564, 0.100000, 0.000000, 99026730.000000, 54278470.000000, 0.025000, 1.000000, 0, 3, 0, 3, 0, 0, 0, 0, 0, 0, 0, 0, 0, 0, 0, 0, 0, 0, 0, 0, 0, 0, 0, 0, 0, 0, 0, 0, 0, 0, 0, 0
node[2], 2774094101, 1991, 50.338587, 0.100000, 0.000000, 99026740.000000, 54281360.000000, 0.025000, 1.000000, 0, 3, 0, 3, 0, 0, 0, 0, 0, 0, 0, 0, 0, 0, 0, 0, 0, 0, 0, 0, 0, 0, 0, 0, 0, 0, 0, 0, 0, 0, 0, 0
node[0], 2357136044, 1992, 50.345266, 0.100000, 0.000000, 99026730.000000, 54275570.000000, 0.025000, 1.000000, 0, 3, 0, 2, 1, 0, 0, 0, 0, 0, 0, 0, 0, 0, 0, 0, 0, 0, 0, 0, 0, 0, 0, 0, 0, 0, 0, 0, 0, 0, 0, 0
node[3], 1277901399, 1993, 50.400713, 0.100000, 0.000000, 99026740.000000, 54284260.000000, 0.025000, 1.000000, 0, 3, 0, 2, 1, 0, 0, 0, 0, 0, 0, 0, 0, 0, 0, 0, 0, 0, 0, 0, 0, 0, 0, 0, 0, 0, 0, 0, 0, 0, 0, 0
node[1], 2588848963, 1994, 50.424564, 0.100000, 0.000000, 99026730.000000, 54278470.000000, 0.025000, 1.000000, 0, 3, 0, 3, 0, 0, 0, 0, 0, 0, 0, 0, 0, 0, 0, 0, 0, 0, 0, 0, 0, 0, 0, 0, 0, 0, 0, 0, 0, 0, 0, 0
node[2], 2774094101, 1995, 50.438587, 0.100000, 0.000000, 99026740.000000, 54281360.000000, 0.025000, 1.000000, 0, 3, 0, 3, 0, 0, 0, 0, 0, 0, 0, 0, 0, 0, 0, 0, 0, 0, 0, 0, 0, 0, 0, 0, 0, 0, 0, 0, 0, 0, 0, 0
node[0], 2357136044, 1996, 50.445266, 0.100000, 0.000000, 99026730.000000, 54275570.000000, 0.025000, 1.000000, 0, 3, 0, 2, 1, 0, 0, 0, 0, 0, 0, 0, 0, 0, 0, 0, 0, 0, 0, 0, 0, 0, 0, 0, 0, 0, 0, 0, 0, 0, 0, 0
node[3], 1277901399, 1997, 50.500713, 0.100000, 0.000000, 99026740.000000, 54284260.000000, 0.025000, 1.000000, 0, 3, 0, 2, 1, 0, 0, 0, 0, 0, 0, 0, 0, 0, 0, 0, 0, 0, 0, 0, 0, 0, 0, 0, 0, 0, 0, 0, 0, 0, 0, 0
node[1], 2588848963, 1998, 50.524564, 0.100000, 0.000000, 99026730.000000, 54278470.000000, 0.025000, 1.000000, 0, 3, 0, 3, 0, 0, 0, 0, 0, 0, 0, 0, 0, 0, 0, 0, 0, 0, 0, 0, 0, 0, 0, 0, 0, 0, 0, 0, 0, 0, 0, 0
node[2], 2774094101, 1999, 50.538587, 0.100000, 0.000000, 99026740.000000, 54281360.000000, 0.025000, 1.000000, 0, 3, 0, 3, 0, 0, 0, 0, 0, 0, 0, 0, 0, 0, 0, 0, 0, 0, 0, 0, 0, 0, 0, 0, 0, 0, 0, 0, 0, 0, 0, 0
node[0], 2357136044, 2000, 50.545266, 0.100000, -0.018000, 99026730.000000, 54275570.000000, 0.025000, 1.000000, 0, 3, 0, 2, 1, 0, 0, 0, 0, 0, 0, 0, 0, 0, 0, 0, 0, 0, 0, 0, 0, 0, 0, 0, 0, 0, 0, 0, 0, 0, 0, 0
node[3], 1277901399, 2001, 50.600713, 0.100000, 0.000000, 99026740.000000, 54284260.000000, 0.025000, 1.000000, 0, 3, 0, 2, 1, 0, 0, 0, 0, 0, 0, 0, 0, 0, 0, 0, 0, 0, 0, 0, 0, 0, 0, 0, 0, 0, 0, 0, 0, 0, 0, 0
node[1], 2588848963, 2002, 50.624564, 0.100000, -0.015000, 99026730.000000, 54278470.000000, 0.025000, 1.000000, 0, 3, 0, 3, 0, 0, 0, 0, 0, 0, 0, 0, 0, 0, 0, 0, 0, 0, 0, 0, 0, 0, 0, 0, 0, 0, 0, 0, 0, 0, 0, 0
node[2], 2774094101, 2003, 50.638587, 0.100000, 0.000000, 99026740.000000, 54281360.000000, 0.025000, 1.000000, 0, 3, 0, 3, 0, 0, 0, 0, 0, 0, 0, 0, 0, 0, 0, 0, 0, 0, 0, 0, 0, 0, 0, 0, 0, 0, 0, 0, 0, 0, 0, 0
node[0], 2357136044, 2004, 50.645266, 0.100000, -0.008000, 99026730.000000, 54275570.000000, 0.025000, 1.000000, 0, 3, 0, 2, 1, 0, 0, 0, 0, 0, 0, 0, 0, 0, 0, 0, 0, 0, 0, 0, 0, 0, 0, 0, 0, 0, 0, 0, 0, 0, 0, 0
node[3], 1277901399, 2005, 50.700713, 0.100000, 0.000000, 99026740.000000, 54284260.000000, 0.025000, 1.000000, 0, 3, 0, 2, 1, 0, 0, 0, 0, 0, 0, 0, 0, 0, 0, 0, 0, 0, 0, 0, 0, 0, 0, 0, 0, 0, 0, 0, 0, 0, 0, 0
node[1], 2588848963, 2006, 50.724564, 0.100000, 0.000000, 99026730.000000, 54278470.000000, 0.025000, 1.000000, 0, 3, 0, 3, 0, 0, 0, 0, 0, 0, 0, 0, 0, 0, 0, 0, 0, 0, 0, 0, 0, 0, 0, 0, 0, 0, 0, 0, 0, 0, 0, 0
node[2], 2774094101, 2007, 50.738587, 0.100000, 0.000000, 99026740.000000, 54281360.000000, 0.025000, 1.000000, 0, 3, 0, 3, 0, 0, 0, 0, 0, 0, 0, 0, 0, 0, 0, 0, 0, 0, 0, 0, 0, 0, 0, 0, 0, 0, 0, 0, 0, 0, 0, 0
node[0], 2357136044, 2008, 50.745266, 0.100000, 0.000000, 99026730.000000, 54275570.000000, 0.025000, 1.000000, 0, 3, 0, 2, 1, 0, 0, 0, 0, 0, 0, 0, 0, 0, 0, 0, 0, 0, 0, 0, 0, 0, 0, 0, 0, 0, 0, 0, 0, 0, 0, 0
node[3], 1277901399, 2009, 50.800713, 0.100000, 0.000000, 99026740.000000, 54284260.000000, 0.025000, 1.000000, 0, 3, 0, 2, 1, 0, 0, 0, 0, 0, 0, 0, 0, 0, 0, 0, 0, 0, 0, 0, 0, 0, 0, 0, 0, 0, 0, 0, 0, 0, 0, 0
node[1], 2588848963, 2010, 50.824564, 0.100000, 0.000000, 99026730.000000, 54278470.000000, 0.025000, 1.000000, 0, 3, 0, 3, 0, 0, 0, 0, 0, 0, 0, 0, 0, 0, 0, 0, 0, 0, 0, 0, 0, 0, 0, 0, 0, 0, 0, 0, 0, 0, 0, 0
node[2], 2774094101, 2011, 50.838587, 0.100000, -0.020000, 99026740.000000, 54281360.000000, 0.025000, 1.000000, 0, 3, 0, 3, 0, 0, 0, 0, 0, 0, 0, 0, 0, 0, 0, 0, 0, 0, 0, 0, 0, 0, 0, 0, 0, 0, 0, 0, 0, 0, 0, 0
node[0], 2357136044, 2012, 50.845266, 0.100000, -0.012000, 99026730.000000, 54275570.000000, 0.025000, 1.000000, 0, 3, 0, 2, 1, 0, 0, 0, 0, 0, 0, 0, 0, 0, 0, 0, 0, 0, 0, 0, 0, 0, 0, 0, 0, 0, 0, 0, 0, 0, 0, 0
node[3], 1277901399, 2013, 50.900713, 0.100000, -0.023000, 99026740.000000, 54284260.000000, 0.025000, 1.000000, 0, 3, 0, 2, 1, 0, 0, 0, 0, 0, 0, 0, 0, 0, 0, 0, 0, 0, 0, 0, 0, 0, 0, 0, 0, 0, 0, 0, 0, 0, 0, 0
node[1], 2588848963, 2014, 50.924564, 0.100000, 0.000000, 99026730.000000, 54278470.000000, 0.025000, 1.000000, 0, 3, 0, 3, 0, 0, 0, 0, 0, 0, 0, 0, 0, 0, 0, 0, 0, 0, 0, 0, 0, 0, 0, 0, 0, 0, 0, 0, 0, 0, 0, 0
node[2], 2774094101, 2015, 50.938587, 0.100000, 0.000000, 99026740.000000, 54281360.000000, 0.025000, 1.000000, 0, 3, 0, 3, 0, 0, 0, 0, 0, 0, 0, 0, 0, 0, 0, 0, 0, 0, 0, 0, 0, 0, 0, 0, 0, 0, 0, 0, 0, 0, 0, 0
node[0], 2357136044, 2016, 50.945266, 0.100000, -0.012000, 99026730.000000, 54275570.000000, 0.025000, 1.000000, 0, 3, 0, 2, 1, 0, 0, 0, 0, 0, 0, 0, 0, 0, 0, 0, 0, 0, 0, 0, 0, 0, 0, 0, 0, 0, 0, 0, 0, 0, 0, 0
node[3], 1277901399, 2017, 51.000713, 0.100000, 0.000000, 99026740.000000, 54284260.000000, 0.025000, 1.000000, 0, 3, 0, 2, 1, 0, 0, 0, 0, 0, 0, 0, 0, 0, 0, 0, 0, 0, 0, 0, 0, 0, 0, 0, 0, 0, 0, 0, 0, 0, 0, 0
node[1], 2588848963, 2018, 51.024564, 0.100000, 0.000000, 99026730.000000, 54278470.000000, 0.025000, 1.000000, 0, 3, 0, 3, 0, 0, 0, 0, 0, 0, 0, 0, 0, 0, 0, 0, 0, 0, 0, 0, 0, 0, 0, 0, 0, 0, 0, 0, 0, 0, 0, 0
node[2], 2774094101, 2019, 51.038587, 0.100000, -0.007000, 99026740.000000, 54281360.000000, 0.025000, 1.000000, 0, 3, 0, 3, 0, 0, 0, 0, 0, 0, 0, 0, 0, 0, 0, 0, 0, 0, 0, 0, 0, 0, 0, 0, 0, 0, 0, 0, 0, 0, 0, 0
node[0], 2357136044, 2020, 51.045266, 0.100000, 0.000000, 99026730.000000, 54275570.000000, 0.025000, 1.000000, 0, 3, 0, 2, 1, 0, 0, 0, 0, 0, 0, 0, 0, 0, 0, 0, 0, 0, 0, 0, 0, 0, 0, 0, 0, 0, 0, 0, 0, 0, 0, 0
node[3], 1277901399, 2021, 51.100713, 0.100000, 0.000000, 99026740.000000, 54284260.000000, 0.025000, 1.000000, 0, 3, 0, 2, 1, 0, 0, 0, 0, 0, 0, 0, 0, 0, 0, 0, 0, 0, 0, 0, 0, 0, 0, 0, 0, 0, 0, 0, 0, 0, 0, 0
node[1], 2588848963, 2022, 51.124564, 0.100000, -0.019000, 99026730.000000, 54278470.000000, 0.025000, 1.000000, 0, 3, 0, 3, 0, 0, 0, 0, 0, 0, 0, 0, 0, 0, 0, 0, 0, 0, 0, 0, 0, 0, 0, 0, 0, 0, 0, 0, 0, 0, 0, 0
node[2], 2774094101, 2023, 51.138587, 0.100000, -0.019000, 99026740.000000, 54281360.000000, 0.025000, 1.000000, 0, 3, 0, 3, 0, 0, 0, 0, 0, 0, 0, 0, 0, 0, 0, 0, 0, 0, 0, 0, 0, 0, 0, 0, 0, 0, 0, 0, 0, 0, 0, 0
node[0], 2357136044, 2024, 51.145266, 0.100000, 0.000000, 99026730.000000, 54275570.000000, 0.025000, 1.000000, 0, 3, 0, 2, 1, 0, 0, 0, 0, 0, 0, 0, 0, 0, 0, 0, 0, 0, 0, 0, 0, 0, 0, 0, 0, 0, 0, 0, 0, 0, 0, 0
node[3], 1277901399, 2025, 51.200713, 0.100000, 0.000000, 99026740.000000, 54284260.000000, 0.025000, 1.000000, 0, 3, 0, 2, 1, 0, 0, 0, 0, 0, 0, 0, 0, 0, 0, 0, 0, 0, 0, 0, 0, 0, 0, 0, 0, 0, 0, 0, 0, 0, 0, 0
node[1], 2588848963, 2026, 51.224564, 0.100000, 0.000000, 99026730.000000, 54278470.000000, 0.025000, 1.000000, 0, 3, 0, 3, 0, 0, 0, 0, 0, 0, 0, 0, 0, 0, 0, 0, 0, 0, 0, 0, 0, 0, 0, 0, 0, 0, 0, 0, 0, 0, 0, 0
node[2], 2774094101, 2027, 51.238587, 0.100000, -0.021000, 99026740.000000, 54281360.000000, 0.025000, 1.000000, 0, 3, 0, 3, 0, 0, 0, 0, 0, 0, 0, 0, 0, 0, 0, 0, 0, 0, 0, 0, 0, 0, 0, 0, 0, 0, 0, 0, 0, 0, 0, 0
node[0], 2357136044, 2028, 51.245266, 0.100000, -0.013000, 99026730.000000, 54275570.000000, 0.025000, 1.000000, 0, 3, 0, 2, 1, 0, 0, 0, 0, 0, 0, 0, 0, 0, 0, 0, 0, 0, 0, 0, 0, 0, 0, 0, 0, 0, 0, 0, 0, 0, 0, 0
node[3], 1277901399, 2029, 51.300713, 0.100000, 0.000000, 99026740.000000, 54284260.000000, 0.025000, 1.000000, 0, 3, 0, 2, 1, 0, 0, 0, 0, 0, 0, 0, 0, 0, 0, 0, 0, 0, 0, 0, 0, 0, 0, 0, 0, 0, 0, 0, 0, 0, 0, 0
node[1], 2588848963, 2030, 51.324564, 0.100000, 0.000000, 99026730.000000, 54278470.000000, 0.025000, 1.000000, 0, 3, 0, 3, 0, 0, 0, 0, 0, 0, 0, 0, 0, 0, 0, 0, 0, 0, 0, 0, 0, 0, 0, 0, 0, 0, 0, 0, 0, 0, 0, 0
node[2], 2774094101, 2031, 51.338587, 0.100000, -0.014000, 99026740.000000, 54281360.000000, 0.025000, 1.000000, 0, 3, 0, 3, 0, 0, 0, 0, 0, 0, 0, 0, 0, 0, 0, 0, 0, 0, 0, 0, 0, 0, 0, 0, 0, 0, 0, 0, 0, 0, 0, 0
node[0], 2357136044, 2032, 51.345266, 0.100000, 0.000000, 99026730.000000, 54275570.000000, 0.025000, 1.000000, 0, 3, 0, 2, 1, 0, 0, 0, 0, 0, 0, 0, 0, 0, 0, 0, 0, 0, 0, 0, 0, 0, 0, 0, 0, 0, 0, 0, 0, 0, 0, 0
node[3], 1277901399, 2033, 51.400713, 0.100000, -0.005000, 99026740.000000, 54284260.000000, 0.025000, 1.000000, 0, 3, 0, 2, 1, 0, 0, 0, 0, 0, 0, 0, 0, 0, 0, 0, 0, 0, 0, 0, 0, 0, 0, 0, 0, 0, 0, 0, 0, 0, 0, 0
node[1], 2588848963, 2034, 51.424564, 0.100000, 0.000000, 99026730.000000, 54278470.000000, 0.025000, 1.000000, 0, 3, 0, 3, 0, 0, 0, 0, 0, 0, 0, 0, 0, 0, 0, 0, 0, 0, 0, 0, 0, 0, 0, 0, 0, 0, 0, 0, 0, 0, 0, 0
node[2], 2774094101, 2035, 51.438587, 0.100000, 0.000000, 99026740.000000, 54281360.000000, 0.025000, 1.000000, 0, 3, 0, 3, 0, 0, 0, 0, 0, 0, 0, 0, 0, 0, 0, 0, 0, 0, 0, 0, 0, 0, 0, 0, 0, 0, 0, 0, 0, 0, 0, 0
node[0], 2357136044, 2036, 51.445266, 0.100000, -0.006000, 99026730.000000, 54275570.000000, 0.025000, 1.000000, 0, 3, 0, 2, 1, 0, 0, 0, 0, 0, 0, 0, 0, 0, 0, 0, 0, 0, 0, 0, 0, 0, 0, 0, 0, 0, 0, 0, 0, 0, 0, 0
node[3], 1277901399, 2037, 51.500713, 0.100000, -0.009000, 99026740.000000, 54284260.000000, 0.025000, 1.000000, 0, 3, 0, 2, 1, 0, 0, 0, 0, 0, 0, 0, 0, 0, 0, 0, 0, 0, 0, 0, 0, 0, 0, 0, 0, 0, 0, 0, 0, 0, 0, 0
node[1], 2588848963, 2038, 51.524564, 0.100000, 0.000000, 99026730.000000, 54278470.000000, 0.025000, 1.000000, 0, 3, 0, 3, 0, 0, 0, 0, 0, 0, 0, 0, 0, 0, 0, 0, 0, 0, 0, 0, 0, 0, 0, 0, 0, 0, 0, 0, 0, 0, 0, 0
node[2], 2774094101, 2039, 51.538587, 0.100000, -0.009000, 99026740.000000, 54281360.000000, 0.025000, 1.000000, 0, 3, 0, 3, 0, 0, 0, 0, 0, 0, 0, 0, 0, 0, 0, 0, 0, 0, 0, 0, 0, 0, 0, 0, 0, 0, 0, 0, 0, 0, 0, 0
node[0], 2357136044, 2040, 51.545266, 0.100000, 0.000000, 99026730.000000, 54275570.000000, 0.025000, 1.000000, 0, 3, 0, 2, 1, 0, 0, 0, 0, 0, 0, 0, 0, 0, 0, 0, 0, 0, 0, 0, 0, 0, 0, 0, 0, 0, 0, 0, 0, 0, 0, 0
node[3], 1277901399, 2041, 51.600713, 0.100000, -0.019000, 99026740.000000, 54284260.000000, 0.025000, 1.000000, 0, 3, 0, 2, 1, 0, 0, 0, 0, 0, 0, 0, 0, 0, 0, 0, 0, 0, 0, 0, 0, 0, 0, 0, 0, 0, 0, 0, 0, 0, 0, 0
node[1], 2588848963, 2042, 51.624564, 0.100000, 0.000000, 99026730.000000, 54278470.000000, 0.025000, 1.000000, 0, 3, 0, 3, 0, 0, 0, 0, 0, 0, 0, 0, 0, 0, 0, 0, 0, 0, 0, 0, 0, 0, 0, 0, 0, 0, 0, 0, 0, 0, 0, 0
node[2], 2774094101, 2043, 51.638587, 0.100000, 0.000000, 99026740.000000, 54281360.000000, 0.025000, 1.000000, 0, 3, 0, 3, 0, 0, 0, 0, 0, 0, 0, 0, 0, 0, 0, 0, 0, 0, 0, 0, 0, 0, 0, 0, 0, 0, 0, 0, 0, 0, 0, 0
node[0], 2357136044, 2044, 51.645266, 0.100000, 0.000000, 99026730.000000, 54275570.000000, 0.025000, 1.000000, 0, 3, 0, 2, 1, 0, 0, 0, 0, 0, 0, 0, 0, 0, 0, 0, 0, 0, 0, 0, 0, 0, 0, 0, 0, 0, 0, 0, 0, 0, 0, 0
node[3], 1277901399, 2045, 51.700713, 0.100000, 0.000000, 99026740.000000, 54284260.000000, 0.025000, 1.000000, 0, 3, 0, 2, 1, 0, 0, 0, 0, 0, 0, 0, 0, 0, 0, 0, 0, 0, 0, 0, 0, 0, 0, 0, 0, 0, 0, 0, 0, 0, 0, 0
node[1], 2588848963, 2046, 51.724564, 0.100000, 0.000000, 99026730.000000, 54278470.000000, 0.025000, 1.000000, 0, 3, 0, 3, 0, 0, 0, 0, 0, 0, 0, 0, 0, 0, 0, 0, 0, 0, 0, 0, 0, 0, 0, 0, 0, 0, 0, 0, 0, 0, 0, 0
node[2], 2774094101, 2047, 51.738587, 0.100000, -0.002000, 99026740.000000, 54281360.000000, 0.025000, 1.000000, 0, 3, 0, 3, 0, 0, 0, 0, 0, 0, 0, 0, 0, 0, 0, 0, 0, 0, 0, 0, 0, 0, 0, 0, 0, 0, 0, 0, 0, 0, 0, 0
node[0], 2357136044, 2048, 51.745266, 0.100000, 0.000000, 99026730.000000, 54275570.000000, 0.025000, 1.000000, 0, 3, 0, 2, 1, 0, 0, 0, 0, 0, 0, 0, 0, 0, 0, 0, 0, 0, 0, 0, 0, 0, 0, 0, 0, 0, 0, 0, 0, 0, 0, 0
node[3], 1277901399, 2049, 51.800713, 0.100000, 0.000000, 99026740.000000, 54284260.000000, 0.025000, 1.000000, 0, 3, 0, 2, 1, 0, 0, 0, 0, 0, 0, 0, 0, 0, 0, 0, 0, 0, 0, 0, 0, 0, 0, 0, 0, 0, 0, 0, 0, 0, 0, 0
node[1], 2588848963, 2050, 51.824564, 0.100000, -0.011000, 99026730.000000, 54278470.000000, 0.025000, 1.000000, 0, 3, 0, 3, 0, 0, 0, 0, 0, 0, 0, 0, 0, 0, 0, 0, 0, 0, 0, 0, 0, 0, 0, 0, 0, 0, 0, 0, 0, 0, 0, 0
node[2], 2774094101, 2051, 51.838587, 0.100000, 0.000000, 99026740.000000, 54281360.000000, 0.025000, 1.000000, 0, 3, 0, 3, 0, 0, 0, 0, 0, 0, 0, 0, 0, 0, 0, 0, 0, 0, 0, 0, 0, 0, 0, 0, 0, 0, 0, 0, 0, 0, 0, 0
node[0], 2357136044, 2052, 51.845266, 0.100000, 0.000000, 99026730.000000, 54275570.000000, 0.025000, 1.000000, 0, 3, 0, 2, 1, 0, 0, 0, 0, 0, 0, 0, 0, 0, 0, 0, 0, 0, 0, 0, 0, 0, 0, 0, 0, 0, 0, 0, 0, 0, 0, 0
node[3], 1277901399, 2053, 51.900713, 0.100000, 0.000000, 99026740.000000, 54284260.000000, 0.025000, 1.000000, 0, 3, 0, 2, 1, 0, 0, 0, 0, 0, 0, 0, 0, 0, 0, 0, 0, 0, 0, 0, 0, 0, 0, 0, 0, 0, 0, 0, 0, 0, 0, 0
node[1], 2588848963, 2054, 51.924564, 0.100000, 0.000000, 99026730.000000, 54278470.000000, 0.025000, 1.000000, 0, 3, 0, 3, 0, 0, 0, 0, 0, 0, 0, 0, 0, 0, 0, 0, 0, 0, 0, 0, 0, 0, 0, 0, 0, 0, 0, 0, 0, 0, 0, 0
node[2], 2774094101, 2055, 51.938587, 0.100000, 0.000000, 99026740.000000, 54281360.000000, 0.025000, 1.000000, 0, 3, 0, 3, 0, 0, 0, 0, 0, 0, 0, 0, 0, 0, 0, 0, 0, 0, 0, 0, 0, 0, 0, 0, 0, 0, 0, 0, 0, 0, 0, 0
node[0], 2357136044, 2056, 51.945266, 0.100000, -0.014000, 99026730.000000, 54275570.000000, 0.025000, 1.000000, 0, 3, 0, 2, 1, 0, 0, 0, 0, 0, 0, 0, 0, 0, 0, 0, 0, 0, 0, 0, 0, 0, 0, 0, 0, 0, 0, 0, 0, 0, 0, 0
node[3], 1277901399, 2057, 52.000713, 0.100000, 0.000000, 99026740.000000, 54284260.000000, 0.025000, 1.000000, 0, 3, 0, 2, 1, 0, 0, 0, 0, 0, 0, 0, 0, 0, 0, 0, 0, 0, 0, 0, 0, 0, 0, 0, 0, 0, 0, 0, 0, 0, 0, 0
node[1], 2588848963, 2058, 52.024564, 0.100000, 0.000000, 99026730.000000, 54278470.000000, 0.025000, 1.000000, 0, 3, 0, 3, 0, 0, 0, 0, 0, 0, 0, 0, 0, 0, 0, 0, 0, 0, 0, 0, 0, 0, 0, 0, 0, 0, 0, 0, 0, 0, 0, 0
node[2], 2774094101, 2059, 52.038587, 0.100000, -0.012000, 99026740.000000, 54281360.000000, 0.025000, 1.000000, 0, 3, 0, 3, 0, 0, 0, 0, 0, 0, 0, 0, 0, 0, 0, 0, 0, 0, 0, 0, 0, 0, 0, 0, 0, 0, 0, 0, 0, 0, 0, 0
node[0], 2357136044, 2060, 52.045266, 0.100000, -0.020000, 99026730.000000, 54275570.000000, 0.025000, 1.000000, 0, 3, 0, 2, 1, 0, 0, 0, 0, 0, 0, 0, 0, 0, 0, 0, 0, 0, 0, 0, 0, 0, 0, 0, 0, 0, 0, 0, 0, 0, 0, 0
node[3], 1277901399, 2061, 52.100713, 0.100000, -0.019000, 99026740.000000, 54284260.000000, 0.025000, 1.000000, 0, 3, 0, 2, 1, 0, 0, 0, 0, 0, 0, 0, 0, 0, 0, 0, 0, 0, 0, 0, 0, 0, 0, 0, 0, 0, 0, 0, 0, 0, 0, 0
node[1], 2588848963, 2062, 52.124564, 0.100000, 0.000000, 99026730.000000, 54278470.000000, 0.025000, 1.000000, 0, 3, 0, 3, 0, 0, 0, 0, 0, 0, 0, 0, 0, 0, 0, 0, 0, 0, 0, 0, 0, 0, 0, 0, 0, 0, 0, 0, 0, 0, 0, 0
node[2], 2774094101, 2063, 52.138587, 0.100000, 0.000000, 99026740.000000, 54281360.000000, 0.025000, 1.000000, 0, 3, 0, 3, 0, 0, 0, 0, 0, 0, 0, 0, 0, 0, 0, 0, 0, 0, 0, 0, 0, 0, 0, 0, 0, 0, 0, 0, 0, 0, 0, 0
node[0], 2357136044, 2064, 52.145266, 0.100000, 0.000000, 99026730.000000, 54275570.000000, 0.025000, 1.000000, 0, 3, 0, 2, 1, 0, 0, 0, 0, 0, 0, 0, 0, 0, 0, 0, 0, 0, 0, 0, 0, 0, 0, 0, 0, 0, 0, 0, 0, 0, 0, 0
node[3], 1277901399, 2065, 52.200713, 0.100000, -0.013000, 99026740.000000, 54284260.000000, 0.025000, 1.000000, 0, 3, 0, 2, 1, 0, 0, 0, 0, 0, 0, 0, 0, 0, 0, 0, 0, 0, 0, 0, 0, 0, 0, 0, 0, 0, 0, 0, 0, 0, 0, 0
node[1], 2588848963, 2066, 52.224564, 0.100000, 0.000000, 99026730.000000, 54278470.000000, 0.025000, 1.000000, 0, 3, 0, 3, 0, 0, 0, 0, 0, 0, 0, 0, 0, 0, 0, 0, 0, 0, 0, 0, 0, 0, 0, 0, 0, 0, 0, 0, 0, 0, 0, 0
node[2], 2774094101, 2067, 52.238587, 0.100000, 0.000000, 99026740.000000, 54281360.000000, 0.025000, 1.000000, 0, 3, 0, 3, 0, 0, 0, 0, 0, 0, 0, 0, 0, 0, 0, 0, 0, 0, 0, 0, 0, 0, 0, 0, 0, 0, 0, 0, 0, 0, 0, 0
node[0], 2357136044, 2068, 52.245266, 0.100000, -0.017000, 99026730.000000, 54275570.000000, 0.025000, 1.000000, 0, 3, 0, 2, 1, 0, 0, 0, 0, 0, 0, 0, 0, 0, 0, 0, 0, 0, 0, 0, 0, 0, 0, 0, 0, 0, 0, 0, 0, 0, 0, 0
node[3], 1277901399, 2069, 52.300713, 0.100000, 0.000000, 99026740.000000, 54284260.000000, 0.025000, 1.000000, 0, 3, 0, 2, 1, 0, 0, 0, 0, 0, 0, 0, 0, 0, 0, 0, 0, 0, 0, 0, 0, 0, 0, 0, 0, 0, 0, 0, 0, 0, 0, 0
node[1], 2588848963, 2070, 52.324564, 0.100000, -0.013000, 99026730.000000, 54278470.000000, 0.025000, 1.000000, 0, 3, 0, 3, 0, 0, 0, 0, 0, 0, 0, 0, 0, 0, 0, 0, 0, 0, 0, 0, 0, 0, 0, 0, 0, 0, 0, 0, 0, 0, 0, 0
node[2], 2774094101, 2071, 52.338587, 0.100000, 0.000000, 99026740.000000, 54281360.000000, 0.025000, 1.000000, 0, 3, 0, 3, 0, 0, 0, 0, 0, 0, 0, 0, 0, 0, 0, 0, 0, 0, 0, 0, 0, 0, 0, 0, 0, 0, 0, 0, 0, 0, 0, 0
node[0], 2357136044, 2072, 52.345266, 0.100000, 0.000000, 99026730.000000, 54275570.000000, 0.025000, 1.000000, 0, 3, 0, 2, 1, 0, 0, 0, 0, 0, 0, 0, 0, 0, 0, 0, 0, 0, 0, 0, 0, 0, 0, 0, 0, 0, 0, 0, 0, 0, 0, 0
node[3], 1277901399, 2073, 52.400713, 0.100000, 0.000000, 99026740.000000, 54284260.000000, 0.025000, 1.000000, 0, 3, 0, 2, 1, 0, 0, 0, 0, 0, 0, 0, 0, 0, 0, 0, 0, 0, 0, 0, 0, 0, 0, 0, 0, 0, 0, 0, 0, 0, 0, 0
node[1], 2588848963, 2074, 52.424564, 0.100000, -0.013000, 99026730.000000, 54278470.000000, 0.025000, 1.000000, 0, 3, 0, 3, 0, 0, 0, 0, 0, 0, 0, 0, 0, 0, 0, 0, 0, 0, 0, 0, 0, 0, 0, 0, 0, 0, 0, 0, 0, 0, 0, 0
node[2], 2774094101, 2075, 52.438587, 0.100000, -0.006000, 99026740.000000, 54281360.000000, 0.025000, 1.000000, 0, 3, 0, 3, 0, 0, 0, 0, 0, 0, 0, 0, 0, 0, 0, 0, 0, 0, 0, 0, 0, 0, 0, 0, 0, 0, 0, 0, 0, 0, 0, 0
node[0], 2357136044, 2076, 52.445266, 0.100000, -0.021000, 99026730.000000, 54275570.000000, 0.025000, 1.000000, 0, 3, 0, 2, 1, 0, 0, 0, 0, 0, 0, 0, 0, 0, 0, 0, 0, 0, 0, 0, 0, 0, 0, 0, 0, 0, 0, 0, 0, 0, 0, 0
node[3], 1277901399, 2077, 52.500713, 0.100000, 0.000000, 99026740.000000, 54284260.000000, 0.025000, 1.000000, 0, 3, 0, 2, 1, 0, 0, 0, 0, 0, 0, 0, 0, 0, 0, 0, 0, 0, 0, 0, 0, 0, 0, 0, 0, 0, 0, 0, 0, 0, 0, 0
node[1], 2588848963, 2078, 52.524564, 0.100000, 0.000000, 99026730.000000, 54278470.000000, 0.025000, 1.000000, 0, 3, 0, 3, 0, 0, 0, 0, 0, 0, 0, 0, 0, 0, 0, 0, 0, 0, 0, 0, 0, 0, 0, 0, 0, 0, 0, 0, 0, 0, 0, 0
node[2], 2774094101, 2079, 52.538587, 0.100000, 0.000000, 99026740.000000, 54281360.000000, 0.025000, 1.000000, 0, 3, 0, 3, 0, 0, 0, 0, 0, 0, 0, 0, 0, 0, 0, 0, 0, 0, 0, 0, 0, 0, 0, 0, 0, 0, 0, 0, 0, 0, 0, 0
node[0], 2357136044, 2080, 52.545266, 0.100000, 0.000000, 99026730.000000, 54275570.000000, 0.025000, 1.000000, 0, 3, 0, 2, 1, 0, 0, 0, 0, 0, 0, 0, 0, 0, 0, 0, 0, 0, 0, 0, 0, 0, 0, 0, 0, 0, 0, 0, 0, 0, 0, 0
node[3], 1277901399, 2081, 52.600713, 0.100000, -0.015000, 99026740.000000, 54284260.000000, 0.025000, 1.000000, 0, 3, 0, 2, 1, 0, 0, 0, 0, 0, 0, 0, 0, 0, 0, 0, 0, 0, 0, 0, 0, 0, 0, 0, 0, 0, 0, 0, 0, 0, 0, 0
node[1], 2588848963, 2082, 52.624564, 0.100000, 0.000000, 99026730.000000, 54278470.000000, 0.025000, 1.000000, 0, 3, 0, 3, 0, 0, 0, 0, 0, 0, 0, 0, 0, 0, 0, 0, 0, 0, 0, 0, 0, 0, 0, 0, 0, 0, 0, 0, 0, 0, 0, 0
node[2], 2774094101, 2083, 52.638587, 0.100000, -0.012000, 99026740.000000, 54281360.000000, 0.025000, 1.000000, 0, 3, 0, 3, 0, 0, 0, 0, 0, 0, 0, 0, 0, 0, 0, 0, 0, 0, 0, 0, 0, 0, 0, 0, 0, 0, 0, 0, 0, 0, 0, 0
node[0], 2357136044, 2084, 52.645266, 0.100000, 0.000000, 99026730.000000, 54275570.000000, 0.025000, 1.000000, 0, 3, 0, 2, 1, 0, 0, 0, 0, 0, 0, 0, 0, 0, 0, 0, 0, 0, 0, 0, 0, 0, 0, 0, 0, 0, 0, 0, 0, 0, 0, 0
node[3], 1277901399, 2085, 52.700713, 0.100000, 0.000000, 99026740.000000, 54284260.000000, 0.025000, 1.000000, 0, 3, 0, 2, 1, 0, 0, 0, 0, 0, 0, 0, 0, 0, 0, 0, 0, 0, 0, 0, 0, 0, 0, 0, 0, 0, 0, 0, 0, 0, 0, 0
node[1], 2588848963, 2086, 52.724564, 0.100000, 0.000000, 99026730.000000, 54278470.000000, 0.025000, 1.000000, 0, 3, 0, 3, 0, 0, 0, 0, 0, 0, 0, 0, 0, 0, 0, 0, 0, 0, 0, 0, 0, 0, 0, 0, 0, 0, 0, 0, 0, 0, 0, 0
node[2], 2774094101, 2087, 52.738587, 0.100000, 0.000000, 99026740.000000, 54281360.000000, 0.025000, 1.000000, 0, 3, 0, 3, 0, 0, 0, 0, 0, 0, 0, 0, 0, 0, 0, 0, 0, 0, 0, 0, 0, 0, 0, 0, 0, 0, 0, 0, 0, 0, 0, 0
node[0], 2357136044, 2088, 52.745266, 0.100000, 0.000000, 99026730.000000, 54275570.000000, 0.025000, 1.000000, 0, 3, 0, 2, 1, 0, 0, 0, 0, 0, 0, 0, 0, 0, 0, 0, 0, 0, 0, 0, 0, 0, 0, 0, 0, 0, 0, 0, 0, 0, 0, 0
node[3], 1277901399, 2089, 52.800713, 0.100000, -0.014000, 99026740.000000, 54284260.000000, 0.025000, 1.000000, 0, 3, 0, 2, 1, 0, 0, 0, 0, 0, 0, 0, 0, 0, 0, 0, 0, 0, 0, 0, 0, 0, 0, 0, 0, 0, 0, 0, 0, 0, 0, 0
node[1], 2588848963, 2090, 52.824564, 0.100000, -0.022000, 99026730.000000, 54278470.000000, 0.025000, 1.000000, 0, 3, 0, 3, 0, 0, 0, 0, 0, 0, 0, 0, 0, 0, 0, 0, 0, 0, 0, 0, 0, 0, 0, 0, 0, 0, 0, 0, 0, 0, 0, 0
node[2], 2774094101, 2091, 52.838587, 0.100000, -0.020000, 99026740.000000, 54281360.000000, 0.025000, 1.000000, 0, 3, 0, 3, 0, 0, 0, 0, 0, 0, 0, 0, 0, 0, 0, 0, 0, 0, 0, 0, 0, 0, 0, 0, 0, 0, 0, 0, 0, 0, 0, 0
node[0], 2357136044, 2092, 52.845266, 0.100000, 0.000000, 99026730.000000, 54275570.000000, 0.025000, 1.000000, 0, 3, 0, 2, 1, 0, 0, 0, 0, 0, 0, 0, 0, 0, 0, 0, 0, 0, 0, 0, 0, 0, 0, 0, 0, 0, 0, 0, 0, 0, 0, 0
node[3], 1277901399, 2093, 52.900713, 0.100000, -0.021000, 99026740.000000, 54284260.000000, 0.025000, 1.000000, 0, 3, 0, 2, 1, 0, 0, 0, 0, 0, 0, 0, 0, 0, 0, 0, 0, 0, 0, 0, 0, 0, 0, 0, 0, 0, 0, 0, 0, 0, 0, 0
node[1], 2588848963, 2094, 52.924564, 0.100000, 0.000000, 99026730.000000, 54278470.000000, 0.025000, 1.000000, 0, 3, 0, 3, 0, 0, 0, 0, 0, 0, 0, 0, 0, 0, 0, 0, 0, 0, 0, 0, 0, 0, 0, 0, 0, 0, 0, 0, 0, 0, 0, 0
node[2], 2774094101, 2095, 52.938587, 0.100000, 0.000000, 99026740.000000, 54281360.000000, 0.025000, 1.000000, 0, 3, 0, 3, 0, 0, 0, 0, 0, 0, 0, 0, 0, 0, 0, 0, 0, 0, 0, 0, 0, 0, 0, 0, 0, 0, 0, 0, 0, 0, 0, 0
node[0], 2357136044, 2096, 52.945266, 0.100000, -0.011000, 99026730.000000, 54275570.000000, 0.025000, 1.000000, 0, 3, 0, 2, 1, 0, 0, 0, 0, 0, 0, 0, 0, 0, 0, 0, 0, 0, 0, 0, 0, 0, 0, 0, 0, 0, 0, 0, 0, 0, 0, 0
node[3], 1277901399, 2097, 53.000713, 0.100000, -0.025000, 99026740.000000, 54284260.000000, 0.025000, 1.000000, 0, 3, 0, 2, 1, 0, 0, 0, 0, 0, 0, 0, 0, 0, 0, 0, 0, 0, 0, 0, 0, 0, 0, 0, 0, 0, 0, 0, 0, 0, 0, 0
node[1], 2588848963, 2098, 53.024564, 0.100000, 0.000000, 99026730.000000, 54278470.000000, 0.025000, 1.000000, 0, 3, 0, 3, 0, 0, 0, 0, 0, 0, 0, 0, 0, 0, 0, 0, 0, 0, 0, 0, 0, 0, 0, 0, 0, 0, 0, 0, 0, 0, 0, 0
node[2], 2774094101, 2099, 53.038587, 0.100000, 0.000000, 99026740.000000, 54281360.000000, 0.025000, 1.000000, 0, 3, 0, 3, 0, 0, 0, 0, 0, 0, 0, 0, 0, 0, 0, 0, 0, 0, 0, 0, 0, 0, 0, 0, 0, 0, 0, 0, 0, 0, 0, 0
node[0], 2357136044, 2100, 53.045266, 0.100000, 0.000000, 99026730.000000, 54275570.000000, 0.025000, 1.000000, 0, 3, 0, 2, 1, 0, 0, 0, 0, 0, 0, 0, 0, 0, 0, 0, 0, 0, 0, 0, 0, 0, 0, 0, 0, 0, 0, 0, 0, 0, 0, 0
node[3], 1277901399, 2101, 53.100713, 0.100000, 0.000000, 99026740.000000, 54284260.000000, 0.025000, 1.000000, 0, 3, 0, 2, 1, 0, 0, 0, 0, 0, 0, 0, 0, 0, 0, 0, 0, 0, 0, 0, 0, 0, 0, 0, 0, 0, 0, 0, 0, 0, 0, 0
node[1], 2588848963, 2102, 53.124564, 0.100000, -0.005000, 99026730.000000, 54278470.000000, 0.025000, 1.000000, 0, 3, 0, 3, 0, 0, 0, 0, 0, 0, 0, 0, 0, 0, 0, 0, 0, 0, 0, 0, 0, 0, 0, 0, 0, 0, 0, 0, 0, 0, 0, 0
node[2], 2774094101, 2103, 53.138587, 0.100000, -0.002000, 99026740.000000, 54281360.000000, 0.025000, 1.000000, 0, 3, 0, 3, 0, 0, 0, 0, 0, 0, 0, 0, 0, 0, 0, 0, 0, 0, 0, 0, 0, 0, 0, 0, 0, 0, 0, 0, 0, 0, 0, 0
node[0], 2357136044, 2104, 53.145266, 0.100000, 0.000000, 99026730.000000, 54275570.000000, 0.025000, 1.000000, 0, 3, 0, 2, 1, 0, 0, 0, 0, 0, 0, 0, 0, 0, 0, 0, 0, 0, 0, 0, 0, 0, 0, 0, 0, 0, 0, 0, 0, 0, 0, 0
node[3], 1277901399, 2105, 53.200713, 0.100000, 0.000000, 99026740.000000, 54284260.000000, 0.025000, 1.000000, 0, 3, 0, 2, 1, 0, 0, 0, 0, 0, 0, 0, 0, 0, 0, 0, 0, 0, 0, 0, 0, 0, 0, 0, 0, 0, 0, 0, 0, 0, 0, 0
node[1], 2588848963, 2106, 53.224564, 0.100000, 0.000000, 99026730.000000, 54278470.000000, 0.025000, 1.000000, 0, 3, 0, 3, 0, 0, 0, 0, 0, 0, 0, 0, 0, 0, 0, 0, 0, 0, 0, 0, 0, 0, 0, 0, 0, 0, 0, 0, 0, 0, 0, 0
node[2], 2774094101, 2107, 53.238587, 0.100000, 0.000000, 99026740.000000, 54281360.000000, 0.025000, 1.000000, 0, 3, 0, 3, 0, 0, 0, 0, 0, 0, 0, 0, 0, 0, 0, 0, 0, 0, 0, 0, 0, 0, 0, 0, 0, 0, 0, 0, 0, 0, 0, 0
node[0], 2357136044, 2108, 53.245266, 0.100000, 0.000000, 99026730.000000, 54275570.000000, 0.025000, 1.000000, 0, 3, 0, 2, 1, 0, 0, 0, 0, 0, 0, 0, 0, 0, 0, 0, 0, 0, 0, 0, 0, 0, 0, 0, 0, 0, 0, 0, 0, 0, 0, 0
node[3], 1277901399, 2109, 53.300713, 0.100000, -0.018000, 99026740.000000, 54284260.000000, 0.025000, 1.000000, 0, 3, 0, 2, 1, 0, 0, 0, 0, 0, 0, 0, 0, 0, 0, 0, 0, 0, 0, 0, 0, 0, 0, 0, 0, 0, 0, 0, 0, 0, 0, 0
node[1], 2588848963, 2110, 53.324564, 0.100000, -0.013000, 99026730.000000, 54278470.000000, 0.025000, 1.000000, 0, 3, 0, 3, 0, 0, 0, 0, 0, 0, 0, 0, 0, 0, 0, 0, 0, 0, 0, 0, 0, 0, 0, 0, 0, 0, 0, 0, 0, 0, 0, 0
node[2], 2774094101, 2111, 53.338587, 0.100000, 0.000000, 99026740.000000, 54281360.000000, 0.025000, 1.000000, 0, 3, 0, 3, 0, 0, 0, 0, 0, 0, 0, 0, 0, 0, 0, 0, 0, 0, 0, 0, 0, 0, 0, 0, 0, 0, 0, 0, 0, 0, 0, 0
node[0], 2357136044, 2112, 53.345266, 0.100000, 0.000000, 99026730.000000, 54275570.000000, 0.025000, 1.000000, 0, 3, 0, 2, 1, 0, 0, 0, 0, 0, 0, 0, 0, 0, 0, 0, 0, 0, 0, 0, 0, 0, 0, 0, 0, 0, 0, 0, 0, 0, 0, 0
node[3], 1277901399, 2113, 53.400713, 0.100000, -0.012000, 99026740.000000, 54284260.000000, 0.025000, 1.000000, 0, 3, 0, 2, 1, 0, 0, 0, 0, 0, 0, 0, 0, 0, 0, 0, 0, 0, 0, 0, 0, 0, 0, 0, 0, 0, 0, 0, 0, 0, 0, 0
node[1], 2588848963, 2114, 53.424564, 0.100000, 0.000000, 99026730.000000, 54278470.000000, 0.025000, 1.000000, 0, 3, 0, 3, 0, 0, 0, 0, 0, 0, 0, 0, 0, 0, 0, 0, 0, 0, 0, 0, 0, 0, 0, 0, 0, 0, 0, 0, 0, 0, 0, 0
node[2], 2774094101, 2115, 53.438587, 0.100000, 0.000000, 99026740.000000, 54281360.000000, 0.025000, 1.000000, 0, 3, 0, 3, 0, 0, 0, 0, 0, 0, 0, 0, 0, 0, 0, 0, 0, 0, 0, 0, 0, 0, 0, 0, 0, 0, 0, 0, 0, 0, 0, 0
node[0], 2357136044, 2116, 53.445266, 0.100000, 0.000000, 99026730.000000, 54275570.000000, 0.025000, 1.000000, 0, 3, 0, 2, 1, 0, 0, 0, 0, 0, 0, 0, 0, 0, 0, 0, 0, 0, 0, 0, 0, 0, 0, 0, 0, 0, 0, 0, 0, 0, 0, 0
node[3], 1277901399, 2117, 53.500713, 0.100000, -0.017000, 99026740.000000, 54284260.000000, 0.025000, 1.000000, 0, 3, 0, 2, 1, 0, 0, 0, 0, 0, 0, 0, 0, 0, 0, 0, 0, 0, 0, 0, 0, 0, 0, 0, 0, 0, 0, 0, 0, 0, 0, 0
node[1], 2588848963, 2118, 53.524564, 0.100000, 0.000000, 99026730.000000, 54278470.000000, 0.025000, 1.000000, 0, 3, 0, 3, 0, 0, 0, 0, 0, 0, 0, 0, 0, 0, 0, 0, 0, 0, 0, 0, 0, 0, 0, 0, 0, 0, 0, 0, 0, 0, 0, 0
node[2], 2774094101, 2119, 53.538587, 0.100000, 0.000000, 99026740.000000, 54281360.000000, 0.025000, 1.000000, 0, 3, 0, 3, 0, 0, 0, 0, 0, 0, 0, 0, 0, 0, 0, 0, 0, 0, 0, 0, 0, 0, 0, 0, 0, 0, 0, 0, 0, 0, 0, 0
node[0], 2357136044, 2120, 53.545266, 0.100000, -0.004000, 99026730.000000, 54275570.000000, 0.025000, 1.000000, 0, 3, 0, 2, 1, 0, 0, 0, 0, 0, 0, 0, 0, 0, 0, 0, 0, 0, 0, 0, 0, 0, 0, 0, 0, 0, 0, 0, 0, 0, 0, 0
node[3], 1277901399, 2121, 53.600713, 0.100000, 0.000000, 99026740.000000, 54284260.000000, 0.025000, 1.000000, 0, 3, 0, 2, 1, 0, 0, 0, 0, 0, 0, 0, 0, 0, 0, 0, 0, 0, 0, 0, 0, 0, 0, 0, 0, 0, 0, 0, 0, 0, 0, 0
node[1], 2588848963, 2122, 53.624564, 0.100000, 0.000000, 99026730.000000, 54278470.000000, 0.025000, 1.000000, 0, 3, 0, 3, 0, 0, 0, 0, 0, 0, 0, 0, 0, 0, 0, 0, 0, 0, 0, 0, 0, 0, 0, 0, 0, 0, 0, 0, 0, 0, 0, 0
node[2], 2774094101, 2123, 53.638587, 0.100000, -0.017000, 99026740.000000, 54281360.000000, 0.025000, 1.000000, 0, 3, 0, 3, 0, 0, 0, 0, 0, 0, 0, 0, 0, 0, 0, 0, 0, 0, 0, 0, 0, 0, 0, 0, 0, 0, 0, 0, 0, 0, 0, 0
node[0], 2357136044, 2124, 53.645266, 0.100000, 0.000000, 99026730.000000, 54275570.000000, 0.025000, 1.000000, 0, 3, 0, 2, 1, 0, 0, 0, 0, 0, 0, 0, 0, 0, 0, 0, 0, 0, 0, 0, 0, 0, 0, 0, 0, 0, 0, 0, 0, 0, 0, 0
node[3], 1277901399, 2125, 53.700713, 0.100000, 0.000000, 99026740.000000, 54284260.000000, 0.025000, 1.000000, 0, 3, 0, 2, 1, 0, 0, 0, 0, 0, 0, 0, 0, 0, 0, 0, 0, 0, 0, 0, 0, 0, 0, 0, 0, 0, 0, 0, 0, 0, 0, 0
node[1], 2588848963, 2126, 53.724564, 0.100000, -0.003000, 99026730.000000, 54278470.000000, 0.025000, 1.000000, 0, 3, 0, 3, 0, 0, 0, 0, 0, 0, 0, 0, 0, 0, 0, 0, 0, 0, 0, 0, 0, 0, 0, 0, 0, 0, 0, 0, 0, 0, 0, 0
node[2], 2774094101, 2127, 53.738587, 0.100000, 0.000000, 99026740.000000, 54281360.000000, 0.025000, 1.000000, 0, 3, 0, 3, 0, 0, 0, 0, 0, 0, 0, 0, 0, 0, 0, 0, 0, 0, 0, 0, 0, 0, 0, 0, 0, 0, 0, 0, 0, 0, 0, 0
node[0], 2357136044, 2128, 53.745266, 0.100000, 0.000000, 99026730.000000, 54275570.000000, 0.025000, 1.000000, 0, 3, 0, 2, 1, 0, 0, 0, 0, 0, 0, 0, 0, 0, 0, 0, 0, 0, 0, 0, 0, 0, 0, 0, 0, 0, 0, 0, 0, 0, 0, 0
node[3], 1277901399, 2129, 53.800713, 0.100000, -0.023000, 99026740.000000, 54284260.000000, 0.025000, 1.000000, 0, 3, 0, 2, 1, 0, 0, 0, 0, 0, 0, 0, 0, 0, 0, 0, 0, 0, 0, 0, 0, 0, 0, 0, 0, 0, 0, 0, 0, 0, 0, 0
node[1], 2588848963, 2130, 53.824564, 0.100000, -0.016000, 99026730.000000, 54278470.000000, 0.025000, 1.000000, 0, 3, 0, 3, 0, 0, 0, 0, 0, 0, 0, 0, 0, 0, 0, 0, 0, 0, 0, 0, 0, 0, 0, 0, 0, 0, 0, 0, 0, 0, 0, 0
node[2], 2774094101, 2131, 53.838587, 0.100000, -0.015000, 99026740.000000, 54281360.000000, 0.025000, 1.000000, 0, 3, 0, 3, 0, 0, 0, 0, 0, 0, 0, 0, 0, 0, 0, 0, 0, 0, 0, 0, 0, 0, 0, 0, 0, 0, 0, 0, 0, 0, 0, 0
node[0], 2357136044, 2132, 53.845266, 0.100000, -0.015000, 99026730.000000, 54275570.000000, 0.025000, 1.000000, 0, 3, 0, 2, 1, 0, 0, 0, 0, 0, 0, 0, 0, 0, 0, 0, 0, 0, 0, 0, 0, 0, 0, 0, 0, 0, 0, 0, 0, 0, 0, 0
node[3], 1277901399, 2133, 53.900713, 0.100000, -0.002000, 99026740.000000, 54284260.000000, 0.025000, 1.000000, 0, 3, 0, 2, 1, 0, 0, 0, 0, 0, 0, 0, 0, 0, 0, 0, 0, 0, 0, 0, 0, 0, 0, 0, 0, 0, 0, 0, 0, 0, 0, 0
node[1], 2588848963, 2134, 53.924564, 0.100000, 0.000000, 99026730.000000, 54278470.000000, 0.025000, 1.000000, 0, 3, 0, 3, 0, 0, 0, 0, 0, 0, 0, 0, 0, 0, 0, 0, 0, 0, 0, 0, 0, 0, 0, 0, 0, 0, 0, 0, 0, 0, 0, 0
node[2], 2774094101, 2135, 53.938587, 0.100000, -0.001000, 99026740.000000, 54281360.000000, 0.025000, 1.000000, 0, 3, 0, 3, 0, 0, 0, 0, 0, 0, 0, 0, 0, 0, 0, 0, 0, 0, 0, 0, 0, 0, 0, 0, 0, 0, 0, 0, 0, 0, 0, 0
node[0], 2357136044, 2136, 53.945266, 0.100000, 0.000000, 99026730.000000, 54275570.000000, 0.025000, 1.000000, 0, 3, 0, 2, 1, 0, 0, 0, 0, 0, 0, 0, 0, 0, 0, 0, 0, 0, 0, 0, 0, 0, 0, 0, 0, 0, 0, 0, 0, 0, 0, 0
node[3], 1277901399, 2137, 54.000713, 0.100000, 0.000000, 99026740.000000, 54284260.000000, 0.025000, 1.000000, 0, 3, 0, 2, 1, 0, 0, 0, 0, 0, 0, 0, 0, 0, 0, 0, 0, 0, 0, 0, 0, 0, 0, 0, 0, 0, 0, 0, 0, 0, 0, 0
node[1], 2588848963, 2138, 54.024564, 0.100000, -0.008000, 99026730.000000, 54278470.000000, 0.025000, 1.000000, 0, 3, 0, 3, 0, 0, 0, 0, 0, 0, 0, 0, 0, 0, 0, 0, 0, 0, 0, 0, 0, 0, 0, 0, 0, 0, 0, 0, 0, 0, 0, 0
node[2], 2774094101, 2139, 54.038587, 0.100000, 0.000000, 99026740.000000, 54281360.000000, 0.025000, 1.000000, 0, 3, 0, 3, 0, 0, 0, 0, 0, 0, 0, 0, 0, 0, 0, 0, 0, 0, 0, 0, 0, 0, 0, 0, 0, 0, 0, 0, 0, 0, 0, 0
node[0], 2357136044, 2140, 54.045266, 0.100000, 0.000000, 99026730.000000, 54275570.000000, 0.025000, 1.000000, 0, 3, 0, 2, 1, 0, 0, 0, 0, 0, 0, 0, 0, 0, 0, 0, 0, 0, 0, 0, 0, 0, 0, 0, 0, 0, 0, 0, 0, 0, 0, 0
node[3], 1277901399, 2141, 54.100713, 0.100000, -0.007000, 99026740.000000, 54284260.000000, 0.025000, 1.000000, 0, 3, 0, 2, 1, 0, 0, 0, 0, 0, 0, 0, 0, 0, 0, 0, 0, 0, 0, 0, 0, 0, 0, 0, 0, 0, 0, 0, 0, 0, 0, 0
node[1], 2588848963, 2142, 54.124564, 0.100000, -0.001000, 99026730.000000, 54278470.000000, 0.025000, 1.000000, 0, 3, 0, 3, 0, 0, 0, 0, 0, 0, 0, 0, 0, 0, 0, 0, 0, 0, 0, 0, 0, 0, 0, 0, 0, 0, 0, 0, 0, 0, 0, 0
node[2], 2774094101, 2143, 54.138587, 0.100000, 0.000000, 99026740.000000, 54281360.000000, 0.025000, 1.000000, 0, 3, 0, 3, 0, 0, 0, 0, 0, 0, 0, 0, 0, 0, 0, 0, 0, 0, 0, 0, 0, 0, 0, 0, 0, 0, 0, 0, 0, 0, 0, 0
node[0], 2357136044, 2144, 54.145266, 0.100000, -0.018000, 99026730.000000, 54275570.000000, 0.025000, 1.000000, 0, 3, 0, 2, 1, 0, 0, 0, 0, 0, 0, 0, 0, 0, 0, 0, 0, 0, 0, 0, 0, 0, 0, 0, 0, 0, 0, 0, 0, 0, 0, 0
node[3], 1277901399, 2145, 54.200713, 0.100000, 0.000000, 99026740.000000, 54284260.000000, 0.025000, 1.000000, 0, 3, 0, 2, 1, 0, 0, 0, 0, 0, 0, 0, 0, 0, 0, 0, 0, 0, 0, 0, 0, 0, 0, 0, 0, 0, 0, 0, 0, 0, 0, 0
node[1], 2588848963, 2146, 54.224564, 0.100000, 0.000000, 99026730.000000, 54278470.000000, 0.025000, 1.000000, 0, 3, 0, 3, 0, 0, 0, 0, 0, 0, 0, 0, 0, 0, 0, 0, 0, 0, 0, 0, 0, 0, 0, 0, 0, 0, 0, 0, 0, 0, 0, 0
node[2], 2774094101, 2147, 54.238587, 0.100000, 0.000000, 99026740.000000, 54281360.000000, 0.025000, 1.000000, 0, 3, 0, 3, 0, 0, 0, 0, 0, 0, 0, 0, 0, 0, 0, 0, 0, 0, 0, 0, 0, 0, 0, 0, 0, 0, 0, 0, 0, 0, 0, 0
node[0], 2357136044, 2148, 54.245266, 0.100000, 0.000000, 99026730.000000, 54275570.000000, 0.025000, 1.000000, 0, 3, 0, 2, 1, 0, 0, 0, 0, 0, 0, 0, 0, 0, 0, 0, 0, 0, 0, 0, 0, 0, 0, 0, 0, 0, 0, 0, 0, 0, 0, 0
node[3], 1277901399, 2149, 54.300713, 0.100000, 0.000000, 99026740.000000, 54284260.000000, 0.025000, 1.000000, 0, 3, 0, 2, 1, 0, 0, 0, 0, 0, 0, 0, 0, 0, 0, 0, 0, 0, 0, 0, 0, 0, 0, 0, 0, 0, 0, 0, 0, 0, 0, 0
node[1], 2588848963, 2150, 54.324564, 0.100000, 0.000000, 99026730.000000, 54278470.000000, 0.025000, 1.000000, 0, 3, 0, 3, 0, 0, 0, 0, 0, 0, 0, 0, 0, 0, 0, 0, 0, 0, 0, 0, 0, 0, 0, 0, 0, 0, 0, 0, 0, 0, 0, 0
node[2], 2774094101, 2151, 54.338587, 0.100000, 0.000000, 99026740.000000, 54281360.000000, 0.025000, 1.000000, 0, 3, 0, 3, 0, 0, 0, 0, 0, 0, 0, 0, 0, 0, 0, 0, 0, 0, 0, 0, 0, 0, 0, 0, 0, 0, 0, 0, 0, 0, 0, 0
node[0], 2357136044, 2152, 54.345266, 0.100000, -0.003000, 99026730.000000, 54275570.000000, 0.025000, 1.000000, 0, 3, 0, 2, 1, 0, 0, 0, 0, 0, 0, 0, 0, 0, 0, 0, 0, 0, 0, 0, 0, 0, 0, 0, 0, 0, 0, 0, 0, 0, 0, 0
node[3], 1277901399, 2153, 54.400713, 0.100000, -0.008000, 99026740.000000, 54284260.000000, 0.025000, 1.000000, 0, 3, 0, 2, 1, 0, 0, 0, 0, 0, 0, 0, 0, 0, 0, 0, 0, 0, 0, 0, 0, 0, 0, 0, 0, 0, 0, 0, 0, 0, 0, 0
node[1], 2588848963, 2154, 54.424564, 0.100000, -0.015000, 99026730.000000, 54278470.000000, 0.025000, 1.000000, 0, 3, 0, 3, 0, 0, 0, 0, 0, 0, 0, 0, 0, 0, 0, 0, 0, 0, 0, 0, 0, 0, 0, 0, 0, 0, 0, 0, 0, 0, 0, 0
node[2], 2774094101, 2155, 54.438587, 0.100000, 0.000000, 99026740.000000, 54281360.000000, 0.025000, 1.000000, 0, 3, 0, 3, 0, 0, 0, 0, 0, 0, 0, 0, 0, 0, 0, 0, 0, 0, 0, 0, 0, 0, 0, 0, 0, 0, 0, 0, 0, 0, 0, 0
node[0], 2357136044, 2156, 54.445266, 0.100000, 0.000000, 99026730.000000, 54275570.000000, 0.025000, 1.000000, 0, 3, 0, 2, 1, 0, 0, 0, 0, 0, 0, 0, 0, 0, 0, 0, 0, 0, 0, 0, 0, 0, 0, 0, 0, 0, 0, 0, 0, 0, 0, 0
node[3], 1277901399, 2157, 54.500713, 0.100000, 0.000000, 99026740.000000, 54284260.000000, 0.025000, 1.000000, 0, 3, 0, 2, 1, 0, 0, 0, 0, 0, 0, 0, 0, 0, 0, 0, 0, 0, 0, 0, 0, 0, 0, 0, 0, 0, 0, 0, 0, 0, 0, 0
node[1], 2588848963, 2158, 54.524564, 0.100000, 0.000000, 99026730.000000, 54278470.000000, 0.025000, 1.000000, 0, 3, 0, 3, 0, 0, 0, 0, 0, 0, 0, 0, 0, 0, 0, 0, 0, 0, 0, 0, 0, 0, 0, 0, 0, 0, 0, 0, 0, 0, 0, 0
node[2], 2774094101, 2159, 54.538587, 0.100000, 0.000000, 99026740.000000, 54281360.000000, 0.025000, 1.000000, 0, 3, 0, 3, 0, 0, 0, 0, 0, 0, 0, 0, 0, 0, 0, 0, 0, 0, 0, 0, 0, 0, 0, 0, 0, 0, 0, 0, 0, 0, 0, 0
node[0], 2357136044, 2160, 54.545266, 0.100000, -0.014000, 99026730.000000, 54275570.000000, 0.025000, 1.000000, 0, 3, 0, 2, 1, 0, 0, 0, 0, 0, 0, 0, 0, 0, 0, 0, 0, 0, 0, 0, 0, 0, 0, 0, 0, 0, 0, 0, 0, 0, 0, 0
node[3], 1277901399, 2161, 54.600713, 0.100000, 0.000000, 99026740.000000, 54284260.000000, 0.025000, 1.000000, 0, 3, 0, 2, 1, 0, 0, 0, 0, 0, 0, 0, 0, 0, 0, 0, 0, 0, 0, 0, 0, 0, 0, 0, 0, 0, 0, 0, 0, 0, 0, 0
node[1], 2588848963, 2162, 54.624564, 0.100000, -0.001000, 99026730.000000, 54278470.000000, 0.025000, 1.000000, 0, 3, 0, 3, 0, 0, 0, 0, 0, 0, 0, 0, 0, 0, 0, 0, 0, 0, 0, 0, 0, 0, 0, 0, 0, 0, 0, 0, 0, 0, 0, 0
node[2], 2774094101, 2163, 54.638587, 0.100000, 0.000000, 99026740.000000, 54281360.000000, 0.025000, 1.000000, 0, 3, 0, 3, 0, 0, 0, 0, 0, 0, 0, 0, 0, 0, 0, 0, 0, 0, 0, 0, 0, 0, 0, 0, 0, 0, 0, 0, 0, 0, 0, 0
node[0], 2357136044, 2164, 54.645266, 0.100000, 0.000000, 99026730.000000, 54275570.000000, 0.025000, 1.000000, 0, 3, 0, 2, 1, 0, 0, 0, 0, 0, 0, 0, 0, 0, 0, 0, 0, 0, 0, 0, 0, 0, 0, 0, 0, 0, 0, 0, 0, 0, 0, 0
node[3], 1277901399, 2165, 54.700713, 0.100000, 0.000000, 99026740.000000, 54284260.000000, 0.025000, 1.000000, 0, 3, 0, 2, 1, 0, 0, 0, 0, 0, 0, 0, 0, 0, 0, 0, 0, 0, 0, 0, 0, 0, 0, 0, 0, 0, 0, 0, 0, 0, 0, 0
node[1], 2588848963, 2166, 54.724564, 0.100000, -0.003000, 99026730.000000, 54278470.000000, 0.025000, 1.000000, 0, 3, 0, 3, 0, 0, 0, 0, 0, 0, 0, 0, 0, 0, 0, 0, 0, 0, 0, 0, 0, 0, 0, 0, 0, 0, 0, 0, 0, 0, 0, 0
node[2], 2774094101, 2167, 54.738587, 0.100000, 0.000000, 99026740.000000, 54281360.000000, 0.025000, 1.000000, 0, 3, 0, 3, 0, 0, 0, 0, 0, 0, 0, 0, 0, 0, 0, 0, 0, 0, 0, 0, 0, 0, 0, 0, 0, 0, 0, 0, 0, 0, 0, 0
node[0], 2357136044, 2168, 54.745266, 0.100000, -0.024000, 99026730.000000, 54275570.000000, 0.025000, 1.000000, 0, 3, 0, 2, 1, 0, 0, 0, 0, 0, 0, 0, 0, 0, 0, 0, 0, 0, 0, 0, 0, 0, 0, 0, 0, 0, 0, 0, 0, 0, 0, 0
node[3], 1277901399, 2169, 54.800713, 0.100000, -0.001000, 99026740.000000, 54284260.000000, 0.025000, 1.000000, 0, 3, 0, 2, 1, 0, 0, 0, 0, 0, 0, 0, 0, 0, 0, 0, 0, 0, 0, 0, 0, 0, 0, 0, 0, 0, 0, 0, 0, 0, 0, 0
node[1], 2588848963, 2170, 54.824564, 0.100000, -0.002000, 99026730.000000, 54278470.000000, 0.025000, 1.000000, 0, 3, 0, 3, 0, 0, 0, 0, 0, 0, 0, 0, 0, 0, 0, 0, 0, 0, 0, 0, 0, 0, 0, 0, 0, 0, 0, 0, 0, 0, 0, 0
node[2], 2774094101, 2171, 54.838587, 0.100000, 0.000000, 99026740.000000, 54281360.000000, 0.025000, 1.000000, 0, 3, 0, 3, 0, 0, 0, 0, 0, 0, 0, 0, 0, 0, 0, 0, 0, 0, 0, 0, 0, 0, 0, 0, 0, 0, 0, 0, 0, 0, 0, 0
node[0], 2357136044, 2172, 54.845266, 0.100000, 0.000000, 99026730.000000, 54275570.000000, 0.025000, 1.000000, 0, 3, 0, 2, 1, 0, 0, 0, 0, 0, 0, 0, 0, 0, 0, 0, 0, 0, 0, 0, 0, 0, 0, 0, 0, 0, 0, 0, 0, 0, 0, 0
node[3], 1277901399, 2173, 54.900713, 0.100000, 0.000000, 99026740.000000, 54284260.000000, 0.025000, 1.000000, 0, 3, 0, 2, 1, 0, 0, 0, 0, 0, 0, 0, 0, 0, 0, 0, 0, 0, 0, 0, 0, 0, 0, 0, 0, 0, 0, 0, 0, 0, 0, 0
node[1], 2588848963, 2174, 54.924564, 0.100000, -0.018000, 99026730.000000, 54278470.000000, 0.025000, 1.000000, 0, 3, 0, 3, 0, 0, 0, 0, 0, 0, 0, 0, 0, 0, 0, 0, 0, 0, 0, 0, 0, 0, 0, 0, 0, 0, 0, 0, 0, 0, 0, 0
node[2], 2774094101, 2175, 54.938587, 0.100000, -0.022000, 99026740.000000, 54281360.000000, 0.025000, 1.000000, 0, 3, 0, 3, 0, 0, 0, 0, 0, 0, 0, 0, 0, 0, 0, 0, 0, 0, 0, 0, 0, 0, 0, 0, 0, 0, 0, 0, 0, 0, 0, 0
node[0], 2357136044, 2176, 54.945266, 0.100000, 0.000000, 99026730.000000, 54275570.000000, 0.025000, 1.000000, 0, 3, 0, 2, 1, 0, 0, 0, 0, 0, 0, 0, 0, 0, 0, 0, 0, 0, 0, 0, 0, 0, 0, 0, 0, 0, 0, 0, 0, 0, 0, 0
node[3], 1277901399, 2177, 55.000713, 0.100000, -0.014000, 99026740.000000, 54284260.000000, 0.025000, 1.000000, 0, 3, 0, 2, 1, 0, 0, 0, 0, 0, 0, 0, 0, 0, 0, 0, 0, 0, 0, 0, 0, 0, 0, 0, 0, 0, 0, 0, 0, 0, 0, 0
node[1], 2588848963, 2178, 55.024564, 0.100000, -0.013000, 99026730.000000, 54278470.000000, 0.025000, 1.000000, 0, 3, 0, 3, 0, 0, 0, 0, 0, 0, 0, 0, 0, 0, 0, 0, 0, 0, 0, 0, 0, 0, 0, 0, 0, 0, 0, 0, 0, 0, 0, 0
node[2], 2774094101, 2179, 55.038587, 0.100000, -0.017000, 99026740.000000, 54281360.000000, 0.025000, 1.000000, 0, 3, 0, 3, 0, 0, 0, 0, 0, 0, 0, 0, 0, 0, 0, 0, 0, 0, 0, 0, 0, 0, 0, 0, 0, 0, 0, 0, 0, 0, 0, 0
node[0], 2357136044, 2180, 55.045266, 0.100000, -0.015000, 99026730.000000, 54275570.000000, 0.025000, 1.000000, 0, 3, 0, 2, 1, 0, 0, 0, 0, 0, 0, 0, 0, 0, 0, 0, 0, 0, 0, 0, 0, 0, 0, 0, 0, 0, 0, 0, 0, 0, 0, 0
node[3], 1277901399, 2181, 55.100713, 0.100000, 0.000000, 99026740.000000, 54284260.000000, 0.025000, 1.000000, 0, 3, 0, 2, 1, 0, 0, 0, 0, 0, 0, 0, 0, 0, 0, 0, 0, 0, 0, 0, 0, 0, 0, 0, 0, 0, 0, 0, 0, 0, 0, 0
node[1], 2588848963, 2182, 55.124564, 0.100000, -0.016000, 99026730.000000, 54278470.000000, 0.025000, 1.000000, 0, 3, 0, 3, 0, 0, 0, 0, 0, 0, 0, 0, 0, 0, 0, 0, 0, 0, 0, 0, 0, 0, 0, 0, 0, 0, 0, 0, 0, 0, 0, 0
node[2], 2774094101, 2183, 55.138587, 0.100000, 0.000000, 99026740.000000, 54281360.000000, 0.025000, 1.000000, 0, 3, 0, 3, 0, 0, 0, 0, 0, 0, 0, 0, 0, 0, 0, 0, 0, 0, 0, 0, 0, 0, 0, 0, 0, 0, 0, 0, 0, 0, 0, 0
node[0], 2357136044, 2184, 55.145266, 0.100000, 0.000000, 99026730.000000, 54275570.000000, 0.025000, 1.000000, 0, 3, 0, 2, 1, 0, 0, 0, 0, 0, 0, 0, 0, 0, 0, 0, 0, 0, 0, 0, 0, 0, 0, 0, 0, 0, 0, 0, 0, 0, 0, 0
node[3], 1277901399, 2185, 55.200713, 0.100000, 0.000000, 99026740.000000, 54284260.000000, 0.025000, 1.000000, 0, 3, 0, 2, 1, 0, 0, 0, 0, 0, 0, 0, 0, 0, 0, 0, 0, 0, 0, 0, 0, 0, 0, 0, 0, 0, 0, 0, 0, 0, 0, 0
node[1], 2588848963, 2186, 55.224564, 0.100000, 0.000000, 99026730.000000, 54278470.000000, 0.025000, 1.000000, 0, 3, 0, 3, 0, 0, 0, 0, 0, 0, 0, 0, 0, 0, 0, 0, 0, 0, 0, 0, 0, 0, 0, 0, 0, 0, 0, 0, 0, 0, 0, 0
node[2], 2774094101, 2187, 55.238587, 0.100000, -0.015000, 99026740.000000, 54281360.000000, 0.025000, 1.000000, 0, 3, 0, 3, 0, 0, 0, 0, 0, 0, 0, 0, 0, 0, 0, 0, 0, 0, 0, 0, 0, 0, 0, 0, 0, 0, 0, 0, 0, 0, 0, 0
node[0], 2357136044, 2188, 55.245266, 0.100000, -0.021000, 99026730.000000, 54275570.000000, 0.025000, 1.000000, 0, 3, 0, 2, 1, 0, 0, 0, 0, 0, 0, 0, 0, 0, 0, 0, 0, 0, 0, 0, 0, 0, 0, 0, 0, 0, 0, 0, 0, 0, 0, 0
node[3], 1277901399, 2189, 55.300713, 0.100000, -0.012000, 99026740.000000, 54284260.000000, 0.025000, 1.000000, 0, 3, 0, 2, 1, 0, 0, 0, 0, 0, 0, 0, 0, 0, 0, 0, 0, 0, 0, 0, 0, 0, 0, 0, 0, 0, 0, 0, 0, 0, 0, 0
node[1], 2588848963, 2190, 55.324564, 0.100000, 0.000000, 99026730.000000, 54278470.000000, 0.025000, 1.000000, 0, 3, 0, 3, 0, 0, 0, 0, 0, 0, 0, 0, 0, 0, 0, 0, 0, 0, 0, 0, 0, 0, 0, 0, 0, 0, 0, 0, 0, 0, 0, 0
node[2], 2774094101, 2191, 55.338587, 0.100000, 0.000000, 99026740.000000, 54281360.000000, 0.025000, 1.000000, 0, 3, 0, 3, 0, 0, 0, 0, 0, 0, 0, 0, 0, 0, 0, 0, 0, 0, 0, 0, 0, 0, 0, 0, 0, 0, 0, 0, 0, 0, 0, 0
node[0], 2357136044, 2192, 55.345266, 0.100000, 0.000000, 99026730.000000, 54275570.000000, 0.025000, 1.000000, 0, 3, 0, 2, 1, 0, 0, 0, 0, 0, 0, 0, 0, 0, 0, 0, 0, 0, 0, 0, 0, 0, 0, 0, 0, 0, 0, 0, 0, 0, 0, 0
node[3], 1277901399, 2193, 55.400713, 0.100000, -0.004000, 99026740.000000, 54284260.000000, 0.025000, 1.000000, 0, 3, 0, 2, 1, 0, 0, 0, 0, 0, 0, 0, 0, 0, 0, 0, 0, 0, 0, 0, 0, 0, 0, 0, 0, 0, 0, 0, 0, 0, 0, 0
node[1], 2588848963, 2194, 55.424564, 0.100000, -0.023000, 99026730.000000, 54278470.000000, 0.025000, 1.000000, 0, 3, 0, 3, 0, 0, 0, 0, 0, 0, 0, 0, 0, 0, 0, 0, 0, 0, 0, 0, 0, 0, 0, 0, 0, 0, 0, 0, 0, 0, 0, 0
node[2], 2774094101, 2195, 55.438587, 0.100000, 0.000000, 99026740.000000, 54281360.000000, 0.025000, 1.000000, 0, 3, 0, 3, 0, 0, 0, 0, 0, 0, 0, 0, 0, 0, 0, 0, 0, 0, 0, 0, 0, 0, 0, 0, 0, 0, 0, 0, 0, 0, 0, 0
node[0], 2357136044, 2196, 55.445266, 0.100000, 0.000000, 99026730.000000, 54275570.000000, 0.025000, 1.000000, 0, 3, 0, 2, 1, 0, 0, 0, 0, 0, 0, 0, 0, 0, 0, 0, 0, 0, 0, 0, 0, 0, 0, 0, 0, 0, 0, 0, 0, 0, 0, 0
node[3], 1277901399, 2197, 55.500713, 0.100000, 0.000000, 99026740.000000, 54284260.000000, 0.025000, 1.000000, 0, 3, 0, 2, 1, 0, 0, 0, 0, 0, 0, 0, 0, 0, 0, 0, 0, 0, 0, 0, 0, 0, 0, 0, 0, 0, 0, 0, 0, 0, 0, 0
node[1], 2588848963, 2198, 55.524564, 0.100000, -0.021000, 99026730.000000, 54278470.000000, 0.025000, 1.000000, 0, 3, 0, 3, 0, 0, 0, 0, 0, 0, 0, 0, 0, 0, 0, 0, 0, 0, 0, 0, 0, 0, 0, 0, 0, 0, 0, 0, 0, 0, 0, 0
node[2], 2774094101, 2199, 55.538587, 0.100000, 0.000000, 99026740.000000, 54281360.000000, 0.025000, 1.000000, 0, 3, 0, 3, 0, 0, 0, 0, 0, 0, 0, 0, 0, 0, 0, 0, 0, 0, 0, 0, 0, 0, 0, 0, 0, 0, 0, 0, 0, 0, 0, 0
node[0], 2357136044, 2200, 55.545266, 0.100000, 0.000000, 99026730.000000, 54275570.000000, 0.025000, 1.000000, 0, 3, 0, 2, 1, 0, 0, 0, 0, 0, 0, 0, 0, 0, 0, 0, 0, 0, 0, 0, 0, 0, 0, 0, 0, 0, 0, 0, 0, 0, 0, 0
node[3], 1277901399, 2201, 55.600713, 0.100000, -0.010000, 99026740.000000, 54284260.000000, 0.025000, 1.000000, 0, 3, 0, 2, 1, 0, 0, 0, 0, 0, 0, 0, 0, 0, 0, 0, 0, 0, 0, 0, 0, 0, 0, 0, 0, 0, 0, 0, 0, 0, 0, 0
node[1], 2588848963, 2202, 55.624564, 0.100000, 0.000000, 99026730.000000, 54278470.000000, 0.025000, 1.000000, 0, 3, 0, 3, 0, 0, 0, 0, 0, 0, 0, 0, 0, 0, 0, 0, 0, 0, 0, 0, 0, 0, 0, 0, 0, 0, 0, 0, 0, 0, 0, 0
node[2], 2774094101, 2203, 55.638587, 0.100000, 0.000000, 99026740.000000, 54281360.000000, 0.025000, 1.000000, 0, 3, 0, 3, 0, 0, 0, 0, 0, 0, 0, 0, 0, 0, 0, 0, 0, 0, 0, 0, 0, 0, 0, 0, 0, 0, 0, 0, 0, 0, 0, 0
node[0], 2357136044, 2204, 55.645266, 0.100000, -0.009000, 99026730.000000, 54275570.000000, 0.025000, 1.000000, 0, 3, 0, 2, 1, 0, 0, 0, 0, 0, 0, 0, 0, 0, 0, 0, 0, 0, 0, 0, 0, 0, 0, 0, 0, 0, 0, 0, 0, 0, 0, 0
node[3], 1277901399, 2205, 55.700713, 0.100000, -0.024000, 99026740.000000, 54284260.000000, 0.025000, 1.000000, 0, 3, 0, 2, 1, 0, 0, 0, 0, 0, 0, 0, 0, 0, 0, 0, 0, 0, 0, 0, 0, 0, 0, 0, 0, 0, 0, 0, 0, 0, 0, 0
node[1], 2588848963, 2206, 55.724564, 0.100000, -0.017000, 99026730.000000, 54278470.000000, 0.025000, 1.000000, 0, 3, 0, 3, 0, 0, 0, 0, 0, 0, 0, 0, 0, 0, 0, 0, 0, 0, 0, 0, 0, 0, 0, 0, 0, 0, 0, 0, 0, 0, 0, 0
node[2], 2774094101, 2207, 55.738587, 0.100000, 0.000000, 99026740.000000, 54281360.000000, 0.025000, 1.000000, 0, 3, 0, 3, 0, 0, 0, 0, 0, 0, 0, 0, 0, 0, 0, 0, 0, 0, 0, 0, 0, 0, 0, 0, 0, 0, 0, 0, 0, 0, 0, 0
node[0], 2357136044, 2208, 55.745266, 0.100000, -0.002000, 99026730.000000, 54275570.000000, 0.025000, 1.000000, 0, 3, 0, 2, 1, 0, 0, 0, 0, 0, 0, 0, 0, 0, 0, 0, 0, 0, 0, 0, 0, 0, 0, 0, 0, 0, 0, 0, 0, 0, 0, 0
node[3], 1277901399, 2209, 55.800713, 0.100000, 0.000000, 99026740.000000, 54284260.000000, 0.025000, 1.000000, 0, 3, 0, 2, 1, 0, 0, 0, 0, 0, 0, 0, 0, 0, 0, 0, 0, 0, 0, 0, 0, 0, 0, 0, 0, 0, 0, 0, 0, 0, 0, 0
node[1], 2588848963, 2210, 55.824564, 0.100000, 0.000000, 99026730.000000, 54278470.000000, 0.025000, 1.000000, 0, 3, 0, 3, 0, 0, 0, 0, 0, 0, 0, 0, 0, 0, 0, 0, 0, 0, 0, 0, 0, 0, 0, 0, 0, 0, 0, 0, 0, 0, 0, 0
node[2], 2774094101, 2211, 55.838587, 0.100000, 0.000000, 99026740.000000, 54281360.000000, 0.025000, 1.000000, 0, 3, 0, 3, 0, 0, 0, 0, 0, 0, 0, 0, 0, 0, 0, 0, 0, 0, 0, 0, 0, 0, 0, 0, 0, 0, 0, 0, 0, 0, 0, 0
node[0], 2357136044, 2212, 55.845266, 0.100000, -0.009000, 99026730.000000, 54275570.000000, 0.025000, 1.000000, 0, 3, 0, 2, 1, 0, 0, 0, 0, 0, 0, 0, 0, 0, 0, 0, 0, 0, 0, 0, 0, 0, 0, 0, 0, 0, 0, 0, 0, 0, 0, 0
node[3], 1277901399, 2213, 55.900713, 0.100000, 0.000000, 99026740.000000, 54284260.000000, 0.025000, 1.000000, 0, 3, 0, 2, 1, 0, 0, 0, 0, 0, 0, 0, 0, 0, 0, 0, 0, 0, 0, 0, 0, 0, 0, 0, 0, 0, 0, 0, 0, 0, 0, 0
node[1], 2588848963, 2214, 55.924564, 0.100000, 0.000000, 99026730.000000, 54278470.000000, 0.025000, 1.000000, 0, 3, 0, 3, 0, 0, 0, 0, 0, 0, 0, 0, 0, 0, 0, 0, 0, 0, 0, 0, 0, 0, 0, 0, 0, 0, 0, 0, 0, 0, 0, 0
node[2], 2774094101, 2215, 55.938587, 0.100000, 0.000000, 99026740.000000, 54281360.000000, 0.025000, 1.000000, 0, 3, 0, 3, 0, 0, 0, 0, 0, 0, 0, 0, 0, 0, 0, 0, 0, 0, 0, 0, 0, 0, 0, 0, 0, 0, 0, 0, 0, 0, 0, 0
node[0], 2357136044, 2216, 55.945266, 0.100000, -0.020000, 99026730.000000, 54275570.000000, 0.025000, 1.000000, 0, 3, 0, 2, 1, 0, 0, 0, 0, 0, 0, 0, 0, 0, 0, 0, 0, 0, 0, 0, 0, 0, 0, 0, 0, 0, 0, 0, 0, 0, 0, 0
node[3], 1277901399, 2217, 56.000713, 0.100000, 0.000000, 99026740.000000, 54284260.000000, 0.025000, 1.000000, 0, 3, 0, 2, 1, 0, 0, 0, 0, 0, 0, 0, 0, 0, 0, 0, 0, 0, 0, 0, 0, 0, 0, 0, 0, 0, 0, 0, 0, 0, 0, 0
node[1], 2588848963, 2218, 56.024564, 0.100000, -0.006000, 99026730.000000, 54278470.000000, 0.025000, 1.000000, 0, 3, 0, 3, 0, 0, 0, 0, 0, 0, 0, 0, 0, 0, 0, 0, 0, 0, 0, 0, 0, 0, 0, 0, 0, 0, 0, 0, 0, 0, 0, 0
node[2], 2774094101, 2219, 56.038587, 0.100000, 0.000000, 99026740.000000, 54281360.000000, 0.025000, 1.000000, 0, 3, 0, 3, 0, 0, 0, 0, 0, 0, 0, 0, 0, 0, 0, 0, 0, 0, 0, 0, 0, 0, 0, 0, 0, 0, 0, 0, 0, 0, 0, 0
node[0], 2357136044, 2220, 56.045266, 0.100000, -0.007000, 99026730.000000, 54275570.000000, 0.025000, 1.000000, 0, 3, 0, 2, 1, 0, 0, 0, 0, 0, 0, 0, 0, 0, 0, 0, 0, 0, 0, 0, 0, 0, 0, 0, 0, 0, 0, 0, 0, 0, 0, 0
node[3], 1277901399, 2221, 56.100713, 0.100000, 0.000000, 99026740.000000, 54284260.000000, 0.025000, 1.000000, 0, 3, 0, 2, 1, 0, 0, 0, 0, 0, 0, 0, 0, 0, 0, 0, 0, 0, 0, 0, 0, 0, 0, 0, 0, 0, 0, 0, 0, 0, 0, 0
node[1], 2588848963, 2222, 56.124564, 0.100000, 0.000000, 99026730.000000, 54278470.000000, 0.025000, 1.000000, 0, 3, 0, 3, 0, 0, 0, 0, 0, 0, 0, 0, 0, 0, 0, 0, 0, 0, 0, 0, 0, 0, 0, 0, 0, 0, 0, 0, 0, 0, 0, 0
node[2], 2774094101, 2223, 56.138587, 0.100000, 0.000000, 99026740.000000, 54281360.000000, 0.025000, 1.000000, 0, 3, 0, 3, 0, 0, 0, 0, 0, 0, 0, 0, 0, 0, 0, 0, 0, 0, 0, 0, 0, 0, 0, 0, 0, 0, 0, 0, 0, 0, 0, 0
node[0], 2357136044, 2224, 56.145266, 0.100000, -0.007000, 99026730.000000, 54275570.000000, 0.025000, 1.000000, 0, 3, 0, 2, 1, 0, 0, 0, 0, 0, 0, 0, 0, 0, 0, 0, 0, 0, 0, 0, 0, 0, 0, 0, 0, 0, 0, 0, 0, 0, 0, 0
node[3], 1277901399, 2225, 56.200713, 0.100000, -0.012000, 99026740.000000, 54284260.000000, 0.025000, 1.000000, 0, 3, 0, 2, 1, 0, 0, 0, 0, 0, 0, 0, 0, 0, 0, 0, 0, 0, 0, 0, 0, 0, 0, 0, 0, 0, 0, 0, 0, 0, 0, 0
node[1], 2588848963, 2226, 56.224564, 0.100000, 0.000000, 99026730.000000, 54278470.000000, 0.025000, 1.000000, 0, 3, 0, 3, 0, 0, 0, 0, 0, 0, 0, 0, 0, 0, 0, 0, 0, 0, 0, 0, 0, 0, 0, 0, 0, 0, 0, 0, 0, 0, 0, 0
node[2], 2774094101, 2227, 56.238587, 0.100000, 0.000000, 99026740.000000, 54281360.000000, 0.025000, 1.000000, 0, 3, 0, 3, 0, 0, 0, 0, 0, 0, 0, 0, 0, 0, 0, 0, 0, 0, 0, 0, 0, 0, 0, 0, 0, 0, 0, 0, 0, 0, 0, 0
node[0], 2357136044, 2228, 56.245266, 0.100000, 0.000000, 99026730.000000, 54275570.000000, 0.025000, 1.000000, 0, 3, 0, 2, 1, 0, 0, 0, 0, 0, 0, 0, 0, 0, 0, 0, 0, 0, 0, 0, 0, 0, 0, 0, 0, 0, 0, 0, 0, 0, 0, 0
node[3], 1277901399, 2229, 56.300713, 0.100000, 0.000000, 99026740.000000, 54284260.000000, 0.025000, 1.000000, 0, 3, 0, 2, 1, 0, 0, 0, 0, 0, 0, 0, 0, 0, 0, 0, 0, 0, 0, 0, 0, 0, 0, 0, 0, 0, 0, 0, 0, 0, 0, 0
node[1], 2588848963, 2230, 56.324564, 0.100000, 0.000000, 99026730.000000, 54278470.000000, 0.025000, 1.000000, 0, 3, 0, 3, 0, 0, 0, 0, 0, 0, 0, 0, 0, 0, 0, 0, 0, 0, 0, 0, 0, 0, 0, 0, 0, 0, 0, 0, 0, 0, 0, 0
node[2], 2774094101, 2231, 56.338587, 0.100000, 0.000000, 99026740.000000, 54281360.000000, 0.025000, 1.000000, 0, 3, 0, 3, 0, 0, 0, 0, 0, 0, 0, 0, 0, 0, 0, 0, 0, 0, 0, 0, 0, 0, 0, 0, 0, 0, 0, 0, 0, 0, 0, 0
node[0], 2357136044, 2232, 56.345266, 0.100000, 0.000000, 99026730.000000, 54275570.000000, 0.025000, 1.000000, 0, 3, 0, 2, 1, 0, 0, 0, 0, 0, 0, 0, 0, 0, 0, 0, 0, 0, 0, 0, 0, 0, 0, 0, 0, 0, 0, 0, 0, 0, 0, 0
node[3], 1277901399, 2233, 56.400713, 0.100000, -0.021000, 99026740.000000, 54284260.000000, 0.025000, 1.000000, 0, 3, 0, 2, 1, 0, 0, 0, 0, 0, 0, 0, 0, 0, 0, 0, 0, 0, 0, 0, 0, 0, 0, 0, 0, 0, 0, 0, 0, 0, 0, 0
node[1], 2588848963, 2234, 56.424564, 0.100000, 0.000000, 99026730.000000, 54278470.000000, 0.025000, 1.000000, 0, 3, 0, 3, 0, 0, 0, 0, 0, 0, 0, 0, 0, 0, 0, 0, 0, 0, 0, 0, 0, 0, 0, 0, 0, 0, 0, 0, 0, 0, 0, 0
node[2], 2774094101, 2235, 56.438587, 0.100000, -0.006000, 99026740.000000, 54281360.000000, 0.025000, 1.000000, 0, 3, 0, 3, 0, 0, 0, 0, 0, 0, 0, 0, 0, 0, 0, 0, 0, 0, 0, 0, 0, 0, 0, 0, 0, 0, 0, 0, 0, 0, 0, 0
node[0], 2357136044, 2236, 56.445266, 0.100000, 0.000000, 99026730.000000, 54275570.000000, 0.025000, 1.000000, 0, 3, 0, 2, 1, 0, 0, 0, 0, 0, 0, 0, 0, 0, 0, 0, 0, 0, 0, 0, 0, 0, 0, 0, 0, 0, 0, 0, 0, 0, 0, 0
node[3], 1277901399, 2237, 56.500713, 0.100000, 0.000000, 99026740.000000, 54284260.000000, 0.025000, 1.000000, 0, 3, 0, 2, 1, 0, 0, 0, 0, 0, 0, 0, 0, 0, 0, 0, 0, 0, 0, 0, 0, 0, 0, 0, 0, 0, 0, 0, 0, 0, 0, 0
node[1], 2588848963, 2238, 56.524564, 0.100000, 0.000000, 99026730.000000, 54278470.000000, 0.025000, 1.000000, 0, 3, 0, 3, 0, 0, 0, 0, 0, 0, 0, 0, 0, 0, 0, 0, 0, 0, 0, 0, 0, 0, 0, 0, 0, 0, 0, 0, 0, 0, 0, 0
node[2], 2774094101, 2239, 56.538587, 0.100000, 0.000000, 99026740.000000, 54281360.000000, 0.025000, 1.000000, 0, 3, 0, 3, 0, 0, 0, 0, 0, 0, 0, 0, 0, 0, 0, 0, 0, 0, 0, 0, 0, 0, 0, 0, 0, 0, 0, 0, 0, 0, 0, 0
node[0], 2357136044, 2240, 56.545266, 0.100000, 0.000000, 99026730.000000, 54275570.000000, 0.025000, 1.000000, 0, 3, 0, 2, 1, 0, 0, 0, 0, 0, 0, 0, 0, 0, 0, 0, 0, 0, 0, 0, 0, 0, 0, 0, 0, 0, 0, 0, 0, 0, 0, 0
node[3], 1277901399, 2241, 56.600713, 0.100000, -0.024000, 99026740.000000, 54284260.000000, 0.025000, 1.000000, 0, 3, 0, 2, 1, 0, 0, 0, 0, 0, 0, 0, 0, 0, 0, 0, 0, 0, 0, 0, 0, 0, 0, 0, 0, 0, 0, 0, 0, 0, 0, 0
node[1], 2588848963, 2242, 56.624564, 0.100000, 0.000000, 99026730.000000, 54278470.000000, 0.025000, 1.000000, 0, 3, 0, 3, 0, 0, 0, 0, 0, 0, 0, 0, 0, 0, 0, 0, 0, 0, 0, 0, 0, 0, 0, 0, 0, 0, 0, 0, 0, 0, 0, 0
node[2], 2774094101, 2243, 56.638587, 0.100000, 0.000000, 99026740.000000, 54281360.000000, 0.025000, 1.000000, 0, 3, 0, 3, 0, 0, 0, 0, 0, 0, 0, 0, 0, 0, 0, 0, 0, 0, 0, 0, 0, 0, 0, 0, 0, 0, 0, 0, 0, 0, 0, 0
node[0], 2357136044, 2244, 56.645266, 0.100000, -0.010000, 99026730.000000, 54275570.000000, 0.025000, 1.000000, 0, 3, 0, 2, 1, 0, 0, 0, 0, 0, 0, 0, 0, 0, 0, 0, 0, 0, 0, 0, 0, 0, 0, 0, 0, 0, 0, 0, 0, 0, 0, 0
node[3], 1277901399, 2245, 56.700713, 0.100000, 0.000000, 99026740.000000, 54284260.000000, 0.025000, 1.000000, 0, 3, 0, 2, 1, 0, 0, 0, 0, 0, 0, 0, 0, 0, 0, 0, 0, 0, 0, 0, 0, 0, 0, 0, 0, 0, 0, 0, 0, 0, 0, 0
node[1], 2588848963, 2246, 56.724564, 0.100000, -0.016000, 99026730.000000, 54278470.000000, 0.025000, 1.000000, 0, 3, 0, 3, 0, 0, 0, 0, 0, 0, 0, 0, 0, 0, 0, 0, 0, 0, 0, 0, 0, 0, 0, 0, 0, 0, 0, 0, 0, 0, 0, 0
node[2], 2774094101, 2247, 56.738587, 0.100000, 0.000000, 99026740.000000, 54281360.000000, 0.025000, 1.000000, 0, 3, 0, 3, 0, 0, 0, 0, 0, 0, 0, 0, 0, 0, 0, 0, 0, 0, 0, 0, 0, 0, 0, 0, 0, 0, 0, 0, 0, 0, 0, 0
node[0], 2357136044, 2248, 56.745266, 0.100000, -0.005000, 99026730.000000, 54275570.000000, 0.025000, 1.000000, 0, 3, 0, 2, 1, 0, 0, 0, 0, 0, 0, 0, 0, 0, 0, 0, 0, 0, 0, 0, 0, 0, 0, 0, 0, 0, 0, 0, 0, 0, 0, 0
node[3], 1277901399, 2249, 56.800713, 0.100000, -0.021000, 99026740.000000, 54284260.000000, 0.025000, 1.000000, 0, 3, 0, 2, 1, 0, 0, 0, 0, 0, 0, 0, 0, 0, 0, 0, 0, 0, 0, 0, 0, 0, 0, 0, 0, 0, 0, 0, 0, 0, 0, 0
node[1], 2588848963, 2250, 56.824564, 0.100000, -0.008000, 99026730.000000, 54278470.000000, 0.025000, 1.000000, 0, 3, 0, 3, 0, 0, 0, 0, 0, 0, 0, 0, 0, 0, 0, 0, 0, 0, 0, 0, 0, 0, 0, 0, 0, 0, 0, 0, 0, 0, 0, 0
node[2], 2774094101, 2251, 56.838587, 0.100000, 0.000000, 99026740.000000, 54281360.000000, 0.025000, 1.000000, 0, 3, 0, 3, 0, 0, 0, 0, 0, 0, 0, 0, 0, 0, 0, 0, 0, 0, 0, 0, 0, 0, 0, 0, 0, 0, 0, 0, 0, 0, 0, 0
node[0], 2357136044, 2252, 56.845266, 0.100000, 0.000000, 99026730.000000, 54275570.000000, 0.025000, 1.000000, 0, 3, 0, 2, 1, 0, 0, 0, 0, 0, 0, 0, 0, 0, 0, 0, 0, 0, 0, 0, 0, 0, 0, 0, 0, 0, 0, 0, 0, 0, 0, 0
node[3], 1277901399, 2253, 56.900713, 0.100000, 0.000000, 99026740.000000, 54284260.000000, 0.025000, 1.000000, 0, 3, 0, 2, 1, 0, 0, 0, 0, 0, 0, 0, 0, 0, 0, 0, 0, 0, 0, 0, 0, 0, 0, 0, 0, 0, 0, 0, 0, 0, 0, 0
node[1], 2588848963, 2254, 56.924564, 0.100000, 0.000000, 99026730.000000, 54278470.000000, 0.025000, 1.000000, 0, 3, 0, 3, 0, 0, 0, 0, 0, 0, 0, 0, 0, 0, 0, 0, 0, 0, 0, 0, 0, 0, 0, 0, 0, 0, 0, 0, 0, 0, 0, 0
node[2], 2774094101, 2255, 56.938587, 0.100000, 0.000000, 99026740.000000, 54281360.000000, 0.025000, 1.000000, 0, 3, 0, 3, 0, 0, 0, 0, 0, 0, 0, 0, 0, 0, 0, 0, 0, 0, 0, 0, 0, 0, 0, 0, 0, 0, 0, 0, 0, 0, 0, 0
node[0], 2357136044, 2256, 56.945266, 0.100000, -0.023000, 99026730.000000, 54275570.000000, 0.025000, 1.000000, 0, 3, 0, 2, 1, 0, 0, 0, 0, 0, 0, 0, 0, 0, 0, 0, 0, 0, 0, 0, 0, 0, 0, 0, 0, 0, 0, 0, 0, 0, 0, 0
node[3], 1277901399, 2257, 57.000713, 0.100000, -0.010000, 99026740.000000, 54284260.000000, 0.025000, 1.000000, 0, 3, 0, 2, 1, 0, 0, 0, 0, 0, 0, 0, 0, 0, 0, 0, 0, 0, 0, 0, 0, 0, 0, 0, 0, 0, 0, 0, 0, 0, 0, 0
node[1], 2588848963, 2258, 57.024564, 0.100000, 0.000000, 99026730.000000, 54278470.000000, 0.025000, 1.000000, 0, 3, 0, 3, 0, 0, 0, 0, 0, 0, 0, 0, 0, 0, 0, 0, 0, 0, 0, 0, 0, 0, 0, 0, 0, 0, 0, 0, 0, 0, 0, 0
node[2], 2774094101, 2259, 57.038587, 0.100000, 0.000000, 99026740.000000, 54281360.000000, 0.025000, 1.000000, 0, 3, 0, 3, 0, 0, 0, 0, 0, 0, 0, 0, 0, 0, 0, 0, 0, 0, 0, 0, 0, 0, 0, 0, 0, 0, 0, 0, 0, 0, 0, 0
node[0], 2357136044, 2260, 57.045266, 0.100000, -0.015000, 99026730.000000, 54275570.000000, 0.025000, 1.000000, 0, 3, 0, 2, 1, 0, 0, 0, 0, 0, 0, 0, 0, 0, 0, 0, 0, 0, 0, 0, 0, 0, 0, 0, 0, 0, 0, 0, 0, 0, 0, 0
node[3], 1277901399, 2261, 57.100713, 0.100000, -0.010000, 99026740.000000, 54284260.000000, 0.025000, 1.000000, 0, 3, 0, 2, 1, 0, 0, 0, 0, 0, 0, 0, 0, 0, 0, 0, 0, 0, 0, 0, 0, 0, 0, 0, 0, 0, 0, 0, 0, 0, 0, 0
node[1], 2588848963, 2262, 57.124564, 0.100000, -0.005000, 99026730.000000, 54278470.000000, 0.025000, 1.000000, 0, 3, 0, 3, 0, 0, 0, 0, 0, 0, 0, 0, 0, 0, 0, 0, 0, 0, 0, 0, 0, 0, 0, 0, 0, 0, 0, 0, 0, 0, 0, 0
node[2], 2774094101, 2263, 57.138587, 0.100000, 0.000000, 99026740.000000, 54281360.000000, 0.025000, 1.000000, 0, 3, 0, 3, 0, 0, 0, 0, 0, 0, 0, 0, 0, 0, 0, 0, 0, 0, 0, 0, 0, 0, 0, 0, 0, 0, 0, 0, 0, 0, 0, 0
node[0], 2357136044, 2264, 57.145266, 0.100000, -0.008000, 99026730.000000, 54275570.000000, 0.025000, 1.000000, 0, 3, 0, 2, 1, 0, 0, 0, 0, 0, 0, 0, 0, 0, 0, 0, 0, 0, 0, 0, 0, 0, 0, 0, 0, 0, 0, 0, 0, 0, 0, 0
node[3], 1277901399, 2265, 57.200713, 0.100000, 0.000000, 99026740.000000, 54284260.000000, 0.025000, 1.000000, 0, 3, 0, 2, 1, 0, 0, 0, 0, 0, 0, 0, 0, 0, 0, 0, 0, 0, 0, 0, 0, 0, 0, 0, 0, 0, 0, 0, 0, 0, 0, 0
node[1], 2588848963, 2266, 57.224564, 0.100000, 0.000000, 99026730.000000, 54278470.000000, 0.025000, 1.000000, 0, 3, 0, 3, 0, 0, 0, 0, 0, 0, 0, 0, 0, 0, 0, 0, 0, 0, 0, 0, 0, 0, 0, 0, 0, 0, 0, 0, 0, 0, 0, 0
node[2], 2774094101, 2267, 57.238587, 0.100000, 0.000000, 99026740.000000, 54281360.000000, 0.025000, 1.000000, 0, 3, 0, 3, 0, 0, 0, 0, 0, 0, 0, 0, 0, 0, 0, 0, 0, 0, 0, 0, 0, 0, 0, 0, 0, 0, 0, 0, 0, 0, 0, 0
node[0], 2357136044, 2268, 57.245266, 0.100000, 0.000000, 99026730.000000, 54275570.000000, 0.025000, 1.000000, 0, 3, 0, 2, 1, 0, 0, 0, 0, 0, 0, 0, 0, 0, 0, 0, 0, 0, 0, 0, 0, 0, 0, 0, 0, 0, 0, 0, 0, 0, 0, 0
node[3], 1277901399, 2269, 57.300713, 0.100000, -0.005000, 99026740.000000, 54284260.000000, 0.025000, 1.000000, 0, 3, 0, 2, 1, 0, 0, 0, 0, 0, 0, 0, 0, 0, 0, 0, 0, 0, 0, 0, 0, 0, 0, 0, 0, 0, 0, 0, 0, 0, 0, 0
node[1], 2588848963, 2270, 57.324564, 0.100000, 0.000000, 99026730.000000, 54278470.000000, 0.025000, 1.000000, 0, 3, 0, 3, 0, 0, 0, 0, 0, 0, 0, 0, 0, 0, 0, 0, 0, 0, 0, 0, 0, 0, 0, 0, 0, 0, 0, 0, 0, 0, 0, 0
node[2], 2774094101, 2271, 57.338587, 0.100000, 0.000000, 99026740.000000, 54281360.000000, 0.025000, 1.000000, 0, 3, 0, 3, 0, 0, 0, 0, 0, 0, 0, 0, 0, 0, 0, 0, 0, 0, 0, 0, 0, 0, 0, 0, 0, 0, 0, 0, 0, 0, 0, 0
node[0], 2357136044, 2272, 57.345266, 0.100000, 0.000000, 99026730.000000, 54275570.000000, 0.025000, 1.000000, 0, 3, 0, 2, 1, 0, 0, 0, 0, 0, 0, 0, 0, 0, 0, 0, 0, 0, 0, 0, 0, 0, 0, 0, 0, 0, 0, 0, 0, 0, 0, 0
node[3], 1277901399, 2273, 57.400713, 0.100000, 0.000000, 99026740.000000, 54284260.000000, 0.025000, 1.000000, 0, 3, 0, 2, 1, 0, 0, 0, 0, 0, 0, 0, 0, 0, 0, 0, 0, 0, 0, 0, 0, 0, 0, 0, 0, 0, 0, 0, 0, 0, 0, 0
node[1], 2588848963, 2274, 57.424564, 0.100000, 0.000000, 99026730.000000, 54278470.000000, 0.025000, 1.000000, 0, 3, 0, 3, 0, 0, 0, 0, 0, 0, 0, 0, 0, 0, 0, 0, 0, 0, 0, 0, 0, 0, 0, 0, 0, 0, 0, 0, 0, 0, 0, 0
node[2], 2774094101, 2275, 57.438587, 0.100000, -0.007000, 99026740.000000, 54281360.000000, 0.025000, 1.000000, 0, 3, 0, 3, 0, 0, 0, 0, 0, 0, 0, 0, 0, 0, 0, 0, 0, 0, 0, 0, 0, 0, 0, 0, 0, 0, 0, 0, 0, 0, 0, 0
node[0], 2357136044, 2276, 57.445266, 0.100000, -0.017000, 99026730.000000, 54275570.000000, 0.025000, 1.000000, 0, 3, 0, 2, 1, 0, 0, 0, 0, 0, 0, 0, 0, 0, 0, 0, 0, 0, 0, 0, 0, 0, 0, 0, 0, 0, 0, 0, 0, 0, 0, 0
node[3], 1277901399, 2277, 57.500713, 0.100000, 0.000000, 99026740.000000, 54284260.000000, 0.025000, 1.000000, 0, 3, 0, 2, 1, 0, 0, 0, 0, 0, 0, 0, 0, 0, 0, 0, 0, 0, 0, 0, 0, 0, 0, 0, 0, 0, 0, 0, 0, 0, 0, 0
node[1], 2588848963, 2278, 57.524564, 0.100000, 0.000000, 99026730.000000, 54278470.000000, 0.025000, 1.000000, 0, 3, 0, 3, 0, 0, 0, 0, 0, 0, 0, 0, 0, 0, 0, 0, 0, 0, 0, 0, 0, 0, 0, 0, 0, 0, 0, 0, 0, 0, 0, 0
node[2], 2774094101, 2279, 57.538587, 0.100000, 0.000000, 99026740.000000, 54281360.000000, 0.025000, 1.000000, 0, 3, 0, 3, 0, 0, 0, 0, 0, 0, 0, 0, 0, 0, 0, 0, 0, 0, 0, 0, 0, 0, 0, 0, 0, 0, 0, 0, 0, 0, 0, 0
node[0], 2357136044, 2280, 57.545266, 0.100000, 0.000000, 99026730.000000, 54275570.000000, 0.025000, 1.000000, 0, 3, 0, 2, 1, 0, 0, 0, 0, 0, 0, 0, 0, 0, 0, 0, 0, 0, 0, 0, 0, 0, 0, 0, 0, 0, 0, 0, 0, 0, 0, 0
node[3], 1277901399, 2281, 57.600713, 0.100000, 0.000000, 99026740.000000, 54284260.000000, 0.025000, 1.000000, 0, 3, 0, 2, 1, 0, 0, 0, 0, 0, 0, 0, 0, 0, 0, 0, 0, 0, 0, 0, 0, 0, 0, 0, 0, 0, 0, 0, 0, 0, 0, 0
node[1], 2588848963, 2282, 57.624564, 0.100000, -0.008000, 99026730.000000, 54278470.000000, 0.025000, 1.000000, 0, 3, 0, 3, 0, 0, 0, 0, 0, 0, 0, 0, 0, 0, 0, 0, 0, 0, 0, 0, 0, 0, 0, 0, 0, 0, 0, 0, 0, 0, 0, 0
node[2], 2774094101, 2283, 57.638587, 0.100000, -0.005000, 99026740.000000, 54281360.000000, 0.025000, 1.000000, 0, 3, 0, 3, 0, 0, 0, 0, 0, 0, 0, 0, 0, 0, 0, 0, 0, 0, 0, 0, 0, 0, 0, 0, 0, 0, 0, 0, 0, 0, 0, 0
node[0], 2357136044, 2284, 57.645266, 0.100000, -0.023000, 99026730.000000, 54275570.000000, 0.025000, 1.000000, 0, 3, 0, 2, 1, 0, 0, 0, 0, 0, 0, 0, 0, 0, 0, 0, 0, 0, 0, 0, 0, 0, 0, 0, 0, 0, 0, 0, 0, 0, 0, 0
node[3], 1277901399, 2285, 57.700713, 0.100000, -0.022000, 99026740.000000, 54284260.000000, 0.025000, 1.000000, 0, 3, 0, 2, 1, 0, 0, 0, 0, 0, 0, 0, 0, 0, 0, 0, 0, 0, 0, 0, 0, 0, 0, 0, 0, 0, 0, 0, 0, 0, 0, 0
node[1], 2588848963, 2286, 57.724564, 0.100000, 0.000000, 99026730.000000, 54278470.000000, 0.025000, 1.000000, 0, 3, 0, 3, 0, 0, 0, 0, 0, 0, 0, 0, 0, 0, 0, 0, 0, 0, 0, 0, 0, 0, 0, 0, 0, 0, 0, 0, 0, 0, 0, 0
node[2], 2774094101, 2287, 57.738587, 0.100000, 0.000000, 99026740.000000, 54281360.000000, 0.025000, 1.000000, 0, 3, 0, 3, 0, 0, 0, 0, 0, 0, 0, 0, 0, 0, 0, 0, 0, 0, 0, 0, 0, 0, 0, 0, 0, 0, 0, 0, 0, 0, 0, 0
node[0], 2357136044, 2288, 57.745266, 0.100000, -0.021000, 99026730.000000, 54275570.000000, 0.025000, 1.000000, 0, 3, 0, 2, 1, 0, 0, 0, 0, 0, 0, 0, 0, 0, 0, 0, 0, 0, 0, 0, 0, 0, 0, 0, 0, 0, 0, 0, 0, 0, 0, 0
node[3], 1277901399, 2289, 57.800713, 0.100000, 0.000000, 99026740.000000, 54284260.000000, 0.025000, 1.000000, 0, 3, 0, 2, 1, 0, 0, 0, 0, 0, 0, 0, 0, 0, 0, 0, 0, 0, 0, 0, 0, 0, 0, 0, 0, 0, 0, 0, 0, 0, 0, 0
node[1], 2588848963, 2290, 57.824564, 0.100000, 0.000000, 99026730.000000, 54278470.000000, 0.025000, 1.000000, 0, 3, 0, 3, 0, 0, 0, 0, 0, 0, 0, 0, 0, 0, 0, 0, 0, 0, 0, 0, 0, 0, 0, 0, 0, 0, 0, 0, 0, 0, 0, 0
node[2], 2774094101, 2291, 57.838587, 0.100000, 0.000000, 99026740.000000, 54281360.000000, 0.025000, 1.000000, 0, 3, 0, 3, 0, 0, 0, 0, 0, 0, 0, 0, 0, 0, 0, 0, 0, 0, 0, 0, 0, 0, 0, 0, 0, 0, 0, 0, 0, 0, 0, 0
node[0], 2357136044, 2292, 57.845266, 0.100000, 0.000000, 99026730.000000, 54275570.000000, 0.025000, 1.000000, 0, 3, 0, 2, 1, 0, 0, 0, 0, 0, 0, 0, 0, 0, 0, 0, 0, 0, 0, 0, 0, 0, 0, 0, 0, 0, 0, 0, 0, 0, 0, 0
node[3], 1277901399, 2293, 57.900713, 0.100000, -0.022000, 99026740.000000, 54284260.000000, 0.025000, 1.000000, 0, 3, 0, 2, 1, 0, 0, 0, 0, 0, 0, 0, 0, 0, 0, 0, 0, 0, 0, 0, 0, 0, 0, 0, 0, 0, 0, 0, 0, 0, 0, 0
node[1], 2588848963, 2294, 57.924564, 0.100000, 0.000000, 99026730.000000, 54278470.000000, 0.025000, 1.000000, 0, 3, 0, 3, 0, 0, 0, 0, 0, 0, 0, 0, 0, 0, 0, 0, 0, 0, 0, 0, 0, 0, 0, 0, 0, 0, 0, 0, 0, 0, 0, 0
node[2], 2774094101, 2295, 57.938587, 0.100000, 0.000000, 99026740.000000, 54281360.000000, 0.025000, 1.000000, 0, 3, 0, 3, 0, 0, 0, 0, 0, 0, 0, 0, 0, 0, 0, 0, 0, 0, 0, 0, 0, 0, 0, 0, 0, 0, 0, 0, 0, 0, 0, 0
node[0], 2357136044, 2296, 57.945266, 0.100000, 0.000000, 99026730.000000, 54275570.000000, 0.025000, 1.000000, 0, 3, 0, 2, 1, 0, 0, 0, 0, 0, 0, 0, 0, 0, 0, 0, 0, 0, 0, 0, 0, 0, 0, 0, 0, 0, 0, 0, 0, 0, 0, 0
node[3], 1277901399, 2297, 58.000713, 0.100000, -0.010000, 99026740.000000, 54284260.000000, 0.025000, 1.000000, 0, 3, 0, 2, 1, 0, 0, 0, 0, 0, 0, 0, 0, 0, 0, 0, 0, 0, 0, 0, 0, 0, 0, 0, 0, 0, 0, 0, 0, 0, 0, 0
node[1], 2588848963, 2298, 58.024564, 0.100000, 0.000000, 99026730.000000, 54278470.000000, 0.025000, 1.000000, 0, 3, 0, 3, 0, 0, 0, 0, 0, 0, 0, 0, 0, 0, 0, 0, 0, 0, 0, 0, 0, 0, 0, 0, 0, 0, 0, 0, 0, 0, 0, 0
node[2], 2774094101, 2299, 58.038587, 0.100000, -0.010000, 99026740.000000, 54281360.000000, 0.025000, 1.000000, 0, 3, 0, 3, 0, 0, 0, 0, 0, 0, 0, 0, 0, 0, 0, 0, 0, 0, 0, 0, 0, 0, 0, 0, 0, 0, 0, 0, 0, 0, 0, 0
node[0], 2357136044, 2300, 58.045266, 0.100000, 0.000000, 99026730.000000, 54275570.000000, 0.025000, 1.000000, 0, 3, 0, 2, 1, 0, 0, 0, 0, 0, 0, 0, 0, 0, 0, 0, 0, 0, 0, 0, 0, 0, 0, 0, 0, 0, 0, 0, 0, 0, 0, 0
node[3], 1277901399, 2301, 58.100713, 0.100000, 0.000000, 99026740.000000, 54284260.000000, 0.025000, 1.000000, 0, 3, 0, 2, 1, 0, 0, 0, 0, 0, 0, 0, 0, 0, 0, 0, 0, 0, 0, 0, 0, 0, 0, 0, 0, 0, 0, 0, 0, 0, 0, 0
node[1], 2588848963, 2302, 58.124564, 0.100000, 0.000000, 99026730.000000, 54278470.000000, 0.025000, 1.000000, 0, 3, 0, 3, 0, 0, 0, 0, 0, 0, 0, 0, 0, 0, 0, 0, 0, 0, 0, 0, 0, 0, 0, 0, 0, 0, 0, 0, 0, 0, 0, 0
node[2], 2774094101, 2303, 58.138587, 0.100000, 0.000000, 99026740.000000, 54281360.000000, 0.025000, 1.000000, 0, 3, 0, 3, 0, 0, 0, 0, 0, 0, 0, 0, 0, 0, 0, 0, 0, 0, 0, 0, 0, 0, 0, 0, 0, 0, 0, 0, 0, 0, 0, 0
node[0], 2357136044, 2304, 58.145266, 0.100000, 0.000000, 99026730.000000, 54275570.000000, 0.025000, 1.000000, 0, 3, 0, 2, 1, 0, 0, 0, 0, 0, 0, 0, 0, 0, 0, 0, 0, 0, 0, 0, 0, 0, 0, 0, 0, 0, 0, 0, 0, 0, 0, 0
node[3], 1277901399, 2305, 58.200713, 0.100000, 0.000000, 99026740.000000, 54284260.000000, 0.025000, 1.000000, 0, 3, 0, 2, 1, 0, 0, 0, 0, 0, 0, 0, 0, 0, 0, 0, 0, 0, 0, 0, 0, 0, 0, 0, 0, 0, 0, 0, 0, 0, 0, 0
node[1], 2588848963, 2306, 58.224564, 0.100000, 0.000000, 99026730.000000, 54278470.000000, 0.025000, 1.000000, 0, 3, 0, 3, 0, 0, 0, 0, 0, 0, 0, 0, 0, 0, 0, 0, 0, 0, 0, 0, 0, 0, 0, 0, 0, 0, 0, 0, 0, 0, 0, 0
node[2], 2774094101, 2307, 58.238587, 0.100000, 0.000000, 99026740.000000, 54281360.000000, 0.025000, 1.000000, 0, 3, 0, 3, 0, 0, 0, 0, 0, 0, 0, 0, 0, 0, 0, 0, 0, 0, 0, 0, 0, 0, 0, 0, 0, 0, 0, 0, 0, 0, 0, 0
node[0], 2357136044, 2308, 58.245266, 0.100000, 0.000000, 99026730.000000, 54275570.000000, 0.025000, 1.000000, 0, 3, 0, 2, 1, 0, 0, 0, 0, 0, 0, 0, 0, 0, 0, 0, 0, 0, 0, 0, 0, 0, 0, 0, 0, 0, 0, 0, 0, 0, 0, 0
node[3], 1277901399, 2309, 58.300713, 0.100000, -0.008000, 99026740.000000, 54284260.000000, 0.025000, 1.000000, 0, 3, 0, 2, 1, 0, 0, 0, 0, 0, 0, 0, 0, 0, 0, 0, 0, 0, 0, 0, 0, 0, 0, 0, 0, 0, 0, 0, 0, 0, 0, 0
node[1], 2588848963, 2310, 58.324564, 0.100000, 0.000000, 99026730.000000, 54278470.000000, 0.025000, 1.000000, 0, 3, 0, 3, 0, 0, 0, 0, 0, 0, 0, 0, 0, 0, 0, 0, 0, 0, 0, 0, 0, 0, 0, 0, 0, 0, 0, 0, 0, 0, 0, 0
node[2], 2774094101, 2311, 58.338587, 0.100000, 0.000000, 99026740.000000, 54281360.000000, 0.025000, 1.000000, 0, 3, 0, 3, 0, 0, 0, 0, 0, 0, 0, 0, 0, 0, 0, 0, 0, 0, 0, 0, 0, 0, 0, 0, 0, 0, 0, 0, 0, 0, 0, 0
node[0], 2357136044, 2312, 58.345266, 0.100000, -0.003000, 99026730.000000, 54275570.000000, 0.025000, 1.000000, 0, 3, 0, 2, 1, 0, 0, 0, 0, 0, 0, 0, 0, 0, 0, 0, 0, 0, 0, 0, 0, 0, 0, 0, 0, 0, 0, 0, 0, 0, 0, 0
node[3], 1277901399, 2313, 58.400713, 0.100000, 0.000000, 99026740.000000, 54284260.000000, 0.025000, 1.000000, 0, 3, 0, 2, 1, 0, 0, 0, 0, 0, 0, 0, 0, 0, 0, 0, 0, 0, 0, 0, 0, 0, 0, 0, 0, 0, 0, 0, 0, 0, 0, 0
node[1], 2588848963, 2314, 58.424564, 0.100000, -0.011000, 99026730.000000, 54278470.000000, 0.025000, 1.000000, 0, 3, 0, 3, 0, 0, 0, 0, 0, 0, 0, 0, 0, 0, 0, 0, 0, 0, 0, 0, 0, 0, 0, 0, 0, 0, 0, 0, 0, 0, 0, 0
node[2], 2774094101, 2315, 58.438587, 0.100000, 0.000000, 99026740.000000, 54281360.000000, 0.025000, 1.000000, 0, 3, 0, 3, 0, 0, 0, 0, 0, 0, 0, 0, 0, 0, 0, 0, 0, 0, 0, 0, 0, 0, 0, 0, 0, 0, 0, 0, 0, 0, 0, 0
node[0], 2357136044, 2316, 58.445266, 0.100000, 0.000000, 99026730.000000, 54275570.000000, 0.025000, 1.000000, 0, 3, 0, 2, 1, 0, 0, 0, 0, 0, 0, 0, 0, 0, 0, 0, 0, 0, 0, 0, 0, 0, 0, 0, 0, 0, 0, 0, 0, 0, 0, 0
node[3], 1277901399, 2317, 58.500713, 0.100000, 0.000000, 99026740.000000, 54284260.000000, 0.025000, 1.000000, 0, 3, 0, 2, 1, 0, 0, 0, 0, 0, 0, 0, 0, 0, 0, 0, 0, 0, 0, 0, 0, 0, 0, 0, 0, 0, 0, 0, 0, 0, 0, 0
node[1], 2588848963, 2318, 58.524564, 0.100000, 0.000000, 99026730.000000, 54278470.000000, 0.025000, 1.000000, 0, 3, 0, 3, 0, 0, 0, 0, 0, 0, 0, 0, 0, 0, 0, 0, 0, 0, 0, 0, 0, 0, 0, 0, 0, 0, 0, 0, 0, 0, 0, 0
node[2], 2774094101, 2319, 58.538587, 0.100000, 0.000000, 99026740.000000, 54281360.000000, 0.025000, 1.000000, 0, 3, 0, 3, 0, 0, 0, 0, 0, 0, 0, 0, 0, 0, 0, 0, 0, 0, 0, 0, 0, 0, 0, 0, 0, 0, 0, 0, 0, 0, 0, 0
node[0], 2357136044, 2320, 58.545266, 0.100000, 0.000000, 99026730.000000, 54275570.000000, 0.025000, 1.000000, 0, 3, 0, 2, 1, 0, 0, 0, 0, 0, 0, 0, 0, 0, 0, 0, 0, 0, 0, 0, 0, 0, 0, 0, 0, 0, 0, 0, 0, 0, 0, 0
node[3], 1277901399, 2321, 58.600713, 0.100000, 0.000000, 99026740.000000, 54284260.000000, 0.025000, 1.000000, 0, 3, 0, 2, 1, 0, 0, 0, 0, 0, 0, 0, 0, 0, 0, 0, 0, 0, 0, 0, 0, 0, 0, 0, 0, 0, 0, 0, 0, 0, 0, 0
node[1], 2588848963, 2322, 58.624564, 0.100000, 0.000000, 99026730.000000, 54278470.000000, 0.025000, 1.000000, 0, 3, 0, 3, 0, 0, 0, 0, 0, 0, 0, 0, 0, 0, 0, 0, 0, 0, 0, 0, 0, 0, 0, 0, 0, 0, 0, 0, 0, 0, 0, 0
node[2], 2774094101, 2323, 58.638587, 0.100000, 0.000000, 99026740.000000, 54281360.000000, 0.025000, 1.000000, 0, 3, 0, 3, 0, 0, 0, 0, 0, 0, 0, 0, 0, 0, 0, 0, 0, 0, 0, 0, 0, 0, 0, 0, 0, 0, 0, 0, 0, 0, 0, 0
node[0], 2357136044, 2324, 58.645266, 0.100000, 0.000000, 99026730.000000, 54275570.000000, 0.025000, 1.000000, 0, 3, 0, 2, 1, 0, 0, 0, 0, 0, 0, 0, 0, 0, 0, 0, 0, 0, 0, 0, 0, 0, 0, 0, 0, 0, 0, 0, 0, 0, 0, 0
node[3], 1277901399, 2325, 58.700713, 0.100000, 0.000000, 99026740.000000, 54284260.000000, 0.025000, 1.000000, 0, 3, 0, 2, 1, 0, 0, 0, 0, 0, 0, 0, 0, 0, 0, 0, 0, 0, 0, 0, 0, 0, 0, 0, 0, 0, 0, 0, 0, 0, 0, 0
node[1], 2588848963, 2326, 58.724564, 0.100000, 0.000000, 99026730.000000, 54278470.000000, 0.025000, 1.000000, 0, 3, 0, 3, 0, 0, 0, 0, 0, 0, 0, 0, 0, 0, 0, 0, 0, 0, 0, 0, 0, 0, 0, 0, 0, 0, 0, 0, 0, 0, 0, 0
node[2], 2774094101, 2327, 58.738587, 0.100000, 0.000000, 99026740.000000, 54281360.000000, 0.025000, 1.000000, 0, 3, 0, 3, 0, 0, 0, 0, 0, 0, 0, 0, 0, 0, 0, 0, 0, 0, 0, 0, 0, 0, 0, 0, 0, 0, 0, 0, 0, 0, 0, 0
node[0], 2357136044, 2328, 58.745266, 0.100000, 0.000000, 99026730.000000, 54275570.000000, 0.025000, 1.000000, 0, 3, 0, 2, 1, 0, 0, 0, 0, 0, 0, 0, 0, 0, 0, 0, 0, 0, 0, 0, 0, 0, 0, 0, 0, 0, 0, 0, 0, 0, 0, 0
node[3], 1277901399, 2329, 58.800713, 0.100000, -0.012000, 99026740.000000, 54284260.000000, 0.025000, 1.000000, 0, 3, 0, 2, 1, 0, 0, 0, 0, 0, 0, 0, 0, 0, 0, 0, 0, 0, 0, 0, 0, 0, 0, 0, 0, 0, 0, 0, 0, 0, 0, 0
node[1], 2588848963, 2330, 58.824564, 0.100000, -0.002000, 99026730.000000, 54278470.000000, 0.025000, 1.000000, 0, 3, 0, 3, 0, 0, 0, 0, 0, 0, 0, 0, 0, 0, 0, 0, 0, 0, 0, 0, 0, 0, 0, 0, 0, 0, 0, 0, 0, 0, 0, 0
node[2], 2774094101, 2331, 58.838587, 0.100000, 0.000000, 99026740.000000, 54281360.000000, 0.025000, 1.000000, 0, 3, 0, 3, 0, 0, 0, 0, 0, 0, 0, 0, 0, 0, 0, 0, 0, 0, 0, 0, 0, 0, 0, 0, 0, 0, 0, 0, 0, 0, 0, 0
node[0], 2357136044, 2332, 58.845266, 0.100000, 0.000000, 99026730.000000, 54275570.000000, 0.025000, 1.000000, 0, 3, 0, 2, 1, 0, 0, 0, 0, 0, 0, 0, 0, 0, 0, 0, 0, 0, 0, 0, 0, 0, 0, 0, 0, 0, 0, 0, 0, 0, 0, 0
node[3], 1277901399, 2333, 58.900713, 0.100000, 0.000000, 99026740.000000, 54284260.000000, 0.025000, 1.000000, 0, 3, 0, 2, 1, 0, 0, 0, 0, 0, 0, 0, 0, 0, 0, 0, 0, 0, 0, 0, 0, 0, 0, 0, 0, 0, 0, 0, 0, 0, 0, 0
node[1], 2588848963, 2334, 58.924564, 0.100000, 0.000000, 99026730.000000, 54278470.000000, 0.025000, 1.000000, 0, 3, 0, 3, 0, 0, 0, 0, 0, 0, 0, 0, 0, 0, 0, 0, 0, 0, 0, 0, 0, 0, 0, 0, 0, 0, 0, 0, 0, 0, 0, 0
node[2], 2774094101, 2335, 58.938587, 0.100000, 0.000000, 99026740.000000, 54281360.000000, 0.025000, 1.000000, 0, 3, 0, 3, 0, 0, 0, 0, 0, 0, 0, 0, 0, 0, 0, 0, 0, 0, 0, 0, 0, 0, 0, 0, 0, 0, 0, 0, 0, 0, 0, 0
node[0], 2357136044, 2336, 58.945266, 0.100000, 0.000000, 99026730.000000, 54275570.000000, 0.025000, 1.000000, 0, 3, 0, 2, 1, 0, 0, 0, 0, 0, 0, 0, 0, 0, 0, 0, 0, 0, 0, 0, 0, 0, 0, 0, 0, 0, 0, 0, 0, 0, 0, 0
node[3], 1277901399, 2337, 59.000713, 0.100000, -0.010000, 99026740.000000, 54284260.000000, 0.025000, 1.000000, 0, 3, 0, 2, 1, 0, 0, 0, 0, 0, 0, 0, 0, 0, 0, 0, 0, 0, 0, 0, 0, 0, 0, 0, 0, 0, 0, 0, 0, 0, 0, 0
node[1], 2588848963, 2338, 59.024564, 0.100000, -0.001000, 99026730.000000, 54278470.000000, 0.025000, 1.000000, 0, 3, 0, 3, 0, 0, 0, 0, 0, 0, 0, 0, 0, 0, 0, 0, 0, 0, 0, 0, 0, 0, 0, 0, 0, 0, 0, 0, 0, 0, 0, 0
node[2], 2774094101, 2339, 59.038587, 0.100000, 0.000000, 99026740.000000, 54281360.000000, 0.025000, 1.000000, 0, 3, 0, 3, 0, 0, 0, 0, 0, 0, 0, 0, 0, 0, 0, 0, 0, 0, 0, 0, 0, 0, 0, 0, 0, 0, 0, 0, 0, 0, 0, 0
node[0], 2357136044, 2340, 59.045266, 0.100000, 0.000000, 99026730.000000, 54275570.000000, 0.025000, 1.000000, 0, 3, 0, 2, 1, 0, 0, 0, 0, 0, 0, 0, 0, 0, 0, 0, 0, 0, 0, 0, 0, 0, 0, 0, 0, 0, 0, 0, 0, 0, 0, 0
node[3], 1277901399, 2341, 59.100713, 0.100000, -0.022000, 99026740.000000, 54284260.000000, 0.025000, 1.000000, 0, 3, 0, 2, 1, 0, 0, 0, 0, 0, 0, 0, 0, 0, 0, 0, 0, 0, 0, 0, 0, 0, 0, 0, 0, 0, 0, 0, 0, 0, 0, 0
node[1], 2588848963, 2342, 59.124564, 0.100000, -0.020000, 99026730.000000, 54278470.000000, 0.025000, 1.000000, 0, 3, 0, 3, 0, 0, 0, 0, 0, 0, 0, 0, 0, 0, 0, 0, 0, 0, 0, 0, 0, 0, 0, 0, 0, 0, 0, 0, 0, 0, 0, 0
node[2], 2774094101, 2343, 59.138587, 0.100000, -0.006000, 99026740.000000, 54281360.000000, 0.025000, 1.000000, 0, 3, 0, 3, 0, 0, 0, 0, 0, 0, 0, 0, 0, 0, 0, 0, 0, 0, 0, 0, 0, 0, 0, 0, 0, 0, 0, 0, 0, 0, 0, 0
node[0], 2357136044, 2344, 59.145266, 0.100000, 0.000000, 99026730.000000, 54275570.000000, 0.025000, 1.000000, 0, 3, 0, 2, 1, 0, 0, 0, 0, 0, 0, 0, 0, 0, 0, 0, 0, 0, 0, 0, 0, 0, 0, 0, 0, 0, 0, 0, 0, 0, 0, 0
node[3], 1277901399, 2345, 59.200713, 0.100000, -0.009000, 99026740.000000, 54284260.000000, 0.025000, 1.000000, 0, 3, 0, 2, 1, 0, 0, 0, 0, 0, 0, 0, 0, 0, 0, 0, 0, 0, 0, 0, 0, 0, 0, 0, 0, 0, 0, 0, 0, 0, 0, 0
node[1], 2588848963, 2346, 59.224564, 0.100000, 0.000000, 99026730.000000, 54278470.000000, 0.025000, 1.000000, 0, 3, 0, 3, 0, 0, 0, 0, 0, 0, 0, 0, 0, 0, 0, 0, 0, 0, 0, 0, 0, 0, 0, 0, 0, 0, 0, 0, 0, 0, 0, 0
node[2], 2774094101, 2347, 59.238587, 0.100000, 0.000000, 99026740.000000, 54281360.000000, 0.025000, 1.000000, 0, 3, 0, 3, 0, 0, 0, 0, 0, 0, 0, 0, 0, 0, 0, 0, 0, 0, 0, 0, 0, 0, 0, 0, 0, 0, 0, 0, 0, 0, 0, 0
node[0], 2357136044, 2348, 59.245266, 0.100000, 0.000000, 99026730.000000, 54275570.000000, 0.025000, 1.000000, 0, 3, 0, 2, 1, 0, 0, 0, 0, 0, 0, 0, 0, 0, 0, 0, 0, 0, 0, 0, 0, 0, 0, 0, 0, 0, 0, 0, 0, 0, 0, 0
node[3], 1277901399, 2349, 59.300713, 0.100000, -0.003000, 99026740.000000, 54284260.000000, 0.025000, 1.000000, 0, 3, 0, 2, 1, 0, 0, 0, 0, 0, 0, 0, 0, 0, 0, 0, 0, 0, 0, 0, 0, 0, 0, 0, 0, 0, 0, 0, 0, 0, 0, 0
node[1], 2588848963, 2350, 59.324564, 0.100000, 0.000000, 99026730.000000, 54278470.000000, 0.025000, 1.000000, 0, 3, 0, 3, 0, 0, 0, 0, 0, 0, 0, 0, 0, 0, 0, 0, 0, 0, 0, 0, 0, 0, 0, 0, 0, 0, 0, 0, 0, 0, 0, 0
node[2], 2774094101, 2351, 59.338587, 0.100000, 0.000000, 99026740.000000, 54281360.000000, 0.025000, 1.000000, 0, 3, 0, 3, 0, 0, 0, 0, 0, 0, 0, 0, 0, 0, 0, 0, 0, 0, 0, 0, 0, 0, 0, 0, 0, 0, 0, 0, 0, 0, 0, 0
node[0], 2357136044, 2352, 59.345266, 0.100000, -0.004000, 99026730.000000, 54275570.000000, 0.025000, 1.000000, 0, 3, 0, 2, 1, 0, 0, 0, 0, 0, 0, 0, 0, 0, 0, 0, 0, 0, 0, 0, 0, 0, 0, 0, 0, 0, 0, 0, 0, 0, 0, 0
node[3], 1277901399, 2353, 59.400713, 0.100000, 0.000000, 99026740.000000, 54284260.000000, 0.025000, 1.000000, 0, 3, 0, 2, 1, 0, 0, 0, 0, 0, 0, 0, 0, 0, 0, 0, 0, 0, 0, 0, 0, 0, 0, 0, 0, 0, 0, 0, 0, 0, 0, 0
node[1], 2588848963, 2354, 59.424564, 0.100000, -0.014000, 99026730.000000, 54278470.000000, 0.025000, 1.000000, 0, 3, 0, 3, 0, 0, 0, 0, 0, 0, 0, 0, 0, 0, 0, 0, 0, 0, 0, 0, 0, 0, 0, 0, 0, 0, 0, 0, 0, 0, 0, 0
node[2], 2774094101, 2355, 59.438587, 0.100000, 0.000000, 99026740.000000, 54281360.000000, 0.025000, 1.000000, 0, 3, 0, 3, 0, 0, 0, 0, 0, 0, 0, 0, 0, 0, 0, 0, 0, 0, 0, 0, 0, 0, 0, 0, 0, 0, 0, 0, 0, 0, 0, 0
node[0], 2357136044, 2356, 59.445266, 0.100000, 0.000000, 99026730.000000, 54275570.000000, 0.025000, 1.000000, 0, 3, 0, 2, 1, 0, 0, 0, 0, 0, 0, 0, 0, 0, 0, 0, 0, 0, 0, 0, 0, 0, 0, 0, 0, 0, 0, 0, 0, 0, 0, 0
node[3], 1277901399, 2357, 59.500713, 0.100000, 0.000000, 99026740.000000, 54284260.000000, 0.025000, 1.000000, 0, 3, 0, 2, 1, 0, 0, 0, 0, 0, 0, 0, 0, 0, 0, 0, 0, 0, 0, 0, 0, 0, 0, 0, 0, 0, 0, 0, 0, 0, 0, 0
node[1], 2588848963, 2358, 59.524564, 0.100000, -0.010000, 99026730.000000, 54278470.000000, 0.025000, 1.000000, 0, 3, 0, 3, 0, 0, 0, 0, 0, 0, 0, 0, 0, 0, 0, 0, 0, 0, 0, 0, 0, 0, 0, 0, 0, 0, 0, 0, 0, 0, 0, 0
node[2], 2774094101, 2359, 59.538587, 0.100000, -0.021000, 99026740.000000, 54281360.000000, 0.025000, 1.000000, 0, 3, 0, 3, 0, 0, 0, 0, 0, 0, 0, 0, 0, 0, 0, 0, 0, 0, 0, 0, 0, 0, 0, 0, 0, 0, 0, 0, 0, 0, 0, 0
node[0], 2357136044, 2360, 59.545266, 0.100000, 0.000000, 99026730.000000, 54275570.000000, 0.025000, 1.000000, 0, 3, 0, 2, 1, 0, 0, 0, 0, 0, 0, 0, 0, 0, 0, 0, 0, 0, 0, 0, 0, 0, 0, 0, 0, 0, 0, 0, 0, 0, 0, 0
node[3], 1277901399, 2361, 59.600713, 0.100000, 0.000000, 99026740.000000, 54284260.000000, 0.025000, 1.000000, 0, 3, 0, 2, 1, 0, 0, 0, 0, 0, 0, 0, 0, 0, 0, 0, 0, 0, 0, 0, 0, 0, 0, 0, 0, 0, 0, 0, 0, 0, 0, 0
node[1], 2588848963, 2362, 59.624564, 0.100000, 0.000000, 99026730.000000, 54278470.000000, 0.025000, 1.000000, 0, 3, 0, 3, 0, 0, 0, 0, 0, 0, 0, 0, 0, 0, 0, 0, 0, 0, 0, 0, 0, 0, 0, 0, 0, 0, 0, 0, 0, 0, 0, 0
node[2], 2774094101, 2363, 59.638587, 0.100000, 0.000000, 99026740.000000, 54281360.000000, 0.025000, 1.000000, 0, 3, 0, 3, 0, 0, 0, 0, 0, 0, 0, 0, 0, 0, 0, 0, 0, 0, 0, 0, 0, 0, 0, 0, 0, 0, 0, 0, 0, 0, 0, 0
node[0], 2357136044, 2364, 59.645266, 0.100000, 0.000000, 99026730.000000, 54275570.000000, 0.025000, 1.000000, 0, 3, 0, 2, 1, 0, 0, 0, 0, 0, 0, 0, 0, 0, 0, 0, 0, 0, 0, 0, 0, 0, 0, 0, 0, 0, 0, 0, 0, 0, 0, 0
node[3], 1277901399, 2365, 59.700713, 0.100000, -0.002000, 99026740.000000, 54284260.000000, 0.025000, 1.000000, 0, 3, 0, 2, 1, 0, 0, 0, 0, 0, 0, 0, 0, 0, 0, 0, 0, 0, 0, 0, 0, 0, 0, 0, 0, 0, 0, 0, 0, 0, 0, 0
node[1], 2588848963, 2366, 59.724564, 0.100000, 0.000000, 99026730.000000, 54278470.000000, 0.025000, 1.000000, 0, 3, 0, 3, 0, 0, 0, 0, 0, 0, 0, 0, 0, 0, 0, 0, 0, 0, 0, 0, 0, 0, 0, 0, 0, 0, 0, 0, 0, 0, 0, 0
node[2], 2774094101, 2367, 59.738587, 0.100000, 0.000000, 99026740.000000, 54281360.000000, 0.025000, 1.000000, 0, 3, 0, 3, 0, 0, 0, 0, 0, 0, 0, 0, 0, 0, 0, 0, 0, 0, 0, 0, 0, 0, 0, 0, 0, 0, 0, 0, 0, 0, 0, 0
node[0], 2357136044, 2368, 59.745266, 0.100000, 0.000000, 99026730.000000, 54275570.000000, 0.025000, 1.000000, 0, 3, 0, 2, 1, 0, 0, 0, 0, 0, 0, 0, 0, 0, 0, 0, 0, 0, 0, 0, 0, 0, 0, 0, 0, 0, 0, 0, 0, 0, 0, 0
node[3], 1277901399, 2369, 59.800713, 0.100000, 0.000000, 99026740.000000, 54284260.000000, 0.025000, 1.000000, 0, 3, 0, 2, 1, 0, 0, 0, 0, 0, 0, 0, 0, 0, 0, 0, 0, 0, 0, 0, 0, 0, 0, 0, 0, 0, 0, 0, 0, 0, 0, 0
node[1], 2588848963, 2370, 59.824564, 0.100000, 0.000000, 99026730.000000, 54278470.000000, 0.025000, 1.000000, 0, 3, 0, 3, 0, 0, 0, 0, 0, 0, 0, 0, 0, 0, 0, 0, 0, 0, 0, 0, 0, 0, 0, 0, 0, 0, 0, 0, 0, 0, 0, 0
node[2], 2774094101, 2371, 59.838587, 0.100000, 0.000000, 99026740.000000, 54281360.000000, 0.025000, 1.000000, 0, 3, 0, 3, 0, 0, 0, 0, 0, 0, 0, 0, 0, 0, 0, 0, 0, 0, 0, 0, 0, 0, 0, 0, 0, 0, 0, 0, 0, 0, 0, 0
node[0], 2357136044, 2372, 59.845266, 0.100000, 0.000000, 99026730.000000, 54275570.000000, 0.025000, 1.000000, 0, 3, 0, 2, 1, 0, 0, 0, 0, 0, 0, 0, 0, 0, 0, 0, 0, 0, 0, 0, 0, 0, 0, 0, 0, 0, 0, 0, 0, 0, 0, 0
node[3], 1277901399, 2373, 59.900713, 0.100000, 0.000000, 99026740.000000, 54284260.000000, 0.025000, 1.000000, 0, 3, 0, 2, 1, 0, 0, 0, 0, 0, 0, 0, 0, 0, 0, 0, 0, 0, 0, 0, 0, 0, 0, 0, 0, 0, 0, 0, 0, 0, 0, 0
node[1], 2588848963, 2374, 59.924564, 0.100000, 0.000000, 99026730.000000, 54278470.000000, 0.025000, 1.000000, 0, 3, 0, 3, 0, 0, 0, 0, 0, 0, 0, 0, 0, 0, 0, 0, 0, 0, 0, 0, 0, 0, 0, 0, 0, 0, 0, 0, 0, 0, 0, 0
node[2], 2774094101, 2375, 59.938587, 0.100000, 0.000000, 99026740.000000, 54281360.000000, 0.025000, 1.000000, 0, 3, 0, 3, 0, 0, 0, 0, 0, 0, 0, 0, 0, 0, 0, 0, 0, 0, 0, 0, 0, 0, 0, 0, 0, 0, 0, 0, 0, 0, 0, 0
node[0], 2357136044, 2376, 59.945266, 0.100000, 0.000000, 99026730.000000, 54275570.000000, 0.025000, 1.000000, 0, 3, 0, 2, 1, 0, 0, 0, 0, 0, 0, 0, 0, 0, 0, 0, 0, 0, 0, 0, 0, 0, 0, 0, 0, 0, 0, 0, 0, 0, 0, 0
